id,专业类别,亚专科,疾病/场景,中文名称,英文名称,输入,输出,量表/方程,评分解读,用途,来源类型,来源/指南,来源链接,获取渠道,真实性层级,常用程度,覆盖说明,临床使用说明,版本/年份,条目来源,来源分组,备注
CALC-0001,急诊与重症医学,,GLASGOW昏迷评分,GLASGOW昏迷评分,Glasgow Coma Scale,量表条目；临床表现；体征或检查结果,GLASGOW昏迷评分总分或风险分层,"睁眼
自发 (4 分)
对口头命令 (3 分)
对疼痛 (2 分)
无 (1 分)
最佳活动反应
遵从口头命令 (6 分)
定位疼痛刺激 (5 分)
对疼痛刺激的弯曲收缩 (4 分)
对疼痛刺激的去皮质反应 (3 分)
对疼痛刺激的去大脑反应 (2 分)
无 (1 分)
最佳语言反应
交谈正常 (5 分)
交谈异常 (4 分)
用词不当 (3 分)
用词无法理解 (3 分)
声音无法理解 (2 分)
无 (1 分)","15 分数:	正常
3 - 14 分数:	异常",症状/功能量表,医学计算器平台,MDCalc calculator library,https://www.mdcalc.com/,医学计算器平台汇总,B：临床计算器平台收录，需回源核公式,中高：临床常见或教学/决策支持常用,平台级覆盖；适合候选清单，公式需逐项回源验证,多为真实使用的临床决策支持工具，但不能替代原始指南,,外部来源验证,,
CALC-0002,急诊与重症医学,,Na排泄分数,Na排泄分数,Fractional Excretion of Sodium,"尿钠,血清钠,尿肌酐,血清钠酐",钠排泄分数,FENa(钠排泄分数) = (尿钠 / 血清钠) / (尿肌酐 / 血清肌酐) * 100,输出为连续数值或生理指标；具体单位、正常范围和临床阈值按外部来源执行,临床评分/决策支持,医学计算器平台,MDCalc calculator library,https://www.mdcalc.com/,医学计算器平台汇总,B：临床计算器平台收录，需回源核公式,中高：临床常见或教学/决策支持常用,平台级覆盖；适合候选清单，公式需逐项回源验证,多为真实使用的临床决策支持工具，但不能替代原始指南,,外部来源验证,,
CALC-0003,急诊与重症医学,,PaO2 / FIO2 比值（MODS计算）,PaO2 / FIO2 比值（MODS计算）,PaO2/FiO2 Ratio,"动脉氧分压,吸入氧浓度",动脉氧分压吸入氧浓度比率,动脉氧分压吸入氧浓度比率 = 动脉氧分压 / 吸入氧浓度,输出为连续数值或生理指标；具体单位、正常范围和临床阈值按外部来源执行,公式计算/生理指标,医学计算器平台,Merck Manual clinical calculators,https://www.merckmanuals.com/professional/pages-with-widgets/clinical-calculators,医学计算器平台汇总,B：临床计算器平台收录，需回源核公式,中高：临床常见或教学/决策支持常用,平台级覆盖；适合候选清单，公式需逐项回源验证,多为真实使用的临床决策支持工具，但不能替代原始指南,,外部来源验证,,
CALC-0004,急诊与重症医学,,SOFA评分,SOFA评分,SOFA Score,"氧合指数(PaO₂/FiO₂), 血小板计数(×10³/µL), 格拉斯哥昏迷指数(GCS), 总胆红素(mg/dL), 平均动脉压(MAP)/血管加压药, 肌酐(mg/dL)/尿量(mL/day)",总SOFA评分,1. PaO₂/FiO₂(mm Hg): ≥400=0;300-399=1;200-299=2;100-199(呼吸支持)=3;<100(呼吸支持)=4; 2. 血小板(×10³/µL): ≥150=0;100-149=1;50-99=2;20-49=3;<20=4; 3. GCS:15=0;13-14=1;10-12=2;6-9=3;<6=4; 4. 胆红素(mg/dL):<1.2=0;1.2-1.9=1;2.0-5.9=2;6.0-11.9=3;≥12=4; 5. MAP/血管加压药: 无低血压=0;MAP<70=1;多巴胺≤5或多巴酚丁胺=2;多巴胺>5或肾上腺素≤0.1或去甲≤0.1=3;多巴胺>15或肾上腺素>0.1或去甲>0.1=4; 6. 肌酐/尿量:<1.2=0;1.2-1.9=1;2.0-3.4=2;3.5-4.9或尿量<500=3;≥5或尿量<200=4,总分0-24分，分值越高提示器官功能障碍越严重,临床评分/决策支持,医学计算器平台,MDCalc calculator library,https://www.mdcalc.com/,医学计算器平台汇总,B：临床计算器平台收录，需回源核公式,中高：临床常见或教学/决策支持常用,平台级覆盖；适合候选清单，公式需逐项回源验证,多为真实使用的临床决策支持工具，但不能替代原始指南,,外部来源验证,,呼吸支持包括机械通气或高流量吸氧
CALC-0005,急诊与重症医学,,体表面积（Du Bois 法）,体表面积（Du Bois 法）,Body Surface Area by Du Bois Formula,"身高,体重",体表面积,体表面积(BSA) = 0.007184 * 身高^0.725 * 体重^0.425,输出为连续数值或生理指标；具体单位、正常范围和临床阈值按外部来源执行,临床评分/决策支持,医学计算器平台,MDCalc calculator library,https://www.mdcalc.com/,医学计算器平台汇总,B：临床计算器平台收录，需回源核公式,中高：临床常见或教学/决策支持常用,平台级覆盖；适合候选清单，公式需逐项回源验证,多为真实使用的临床决策支持工具，但不能替代原始指南,,外部来源验证,,
CALC-0006,急诊与重症医学,,儿童气管导管大小（1 到 8 周岁）,儿童气管导管大小（1 到 8 周岁）,Pediatric Endotracheal Tube Size,年龄,无囊气管导管大小,无囊气管导管大小= 4 +（年龄/4）,输出为连续数值或生理指标；具体单位、正常范围和临床阈值按外部来源执行,临床评分/决策支持,医学计算器平台,MDCalc calculator library,https://www.mdcalc.com/,医学计算器平台汇总,B：临床计算器平台收录，需回源核公式,中高：临床常见或教学/决策支持常用,平台级覆盖；适合候选清单，公式需逐项回源验证,多为真实使用的临床决策支持工具，但不能替代原始指南,,外部来源验证,,
CALC-0007,急诊与重症医学,,儿童气管导管大小（1 到 8 周岁）,儿童气管导管大小（1 到 8 周岁）,Pediatric Endotracheal Tube Size,年龄,有囊气管导管大小,有囊气管导管大小= 3.5 +（年龄/4）,输出为连续数值或生理指标；具体单位、正常范围和临床阈值按外部来源执行,临床评分/决策支持,医学计算器平台,MDCalc calculator library,https://www.mdcalc.com/,医学计算器平台汇总,B：临床计算器平台收录，需回源核公式,中高：临床常见或教学/决策支持常用,平台级覆盖；适合候选清单，公式需逐项回源验证,多为真实使用的临床决策支持工具，但不能替代原始指南,,外部来源验证,,
CALC-0008,急诊与重症医学,,平均血管压力（体循环或肺循环）,平均血管压力（体循环或肺循环）,Mean Arterial or Vascular Pressure,"收缩压,舒张压",平均血管压力,平均血管压力 = 舒张压 + ((收缩压 - 舒张压) / 3),输出为连续数值或生理指标；具体单位、正常范围和临床阈值按外部来源执行,临床评分/决策支持,医学计算器平台,MDCalc calculator library,https://www.mdcalc.com/,医学计算器平台汇总,B：临床计算器平台收录，需回源核公式,中高：临床常见或教学/决策支持常用,平台级覆盖；适合候选清单，公式需逐项回源验证,多为真实使用的临床决策支持工具，但不能替代原始指南,,外部来源验证,,
CALC-0009,急诊与重症医学,,序贯器官衰竭评估（快速）：qSOFA 评分,序贯器官衰竭评估（快速）：qSOFA 评分,Quick Sequential Organ Failure Assessment,"Glasgow 昏迷评分,收缩压,呼吸频率",qSOFA评分,qSOFA评分 = gcsp + rrp + sysbpp,"2 - 3 分值:	高风险
0 - 1 分值:	非高风险",临床评分/决策支持,医学计算器平台,MDCalc calculator library,https://www.mdcalc.com/,医学计算器平台汇总,B：临床计算器平台收录，需回源核公式,中高：临床常见或教学/决策支持常用,平台级覆盖；适合候选清单，公式需逐项回源验证,多为真实使用的临床决策支持工具，但不能替代原始指南,,外部来源验证,,"Glasgow 昏迷量表评分 15 需要满足以下所有条件：自动睁眼；对人物 定向准确；可依指令动作。如果此评分低于 15，gcsp 设为 1。
对于此计算，当呼吸频率为 ≥22 次/分时，rrp = 1 , 当呼吸频率低于此时为 0 。当收缩压为 ≤100 mmHg时， sysbpp 设为 1 ，收缩压高于此值时设为 0。"
CALC-0010,急诊与重症医学,,心输出量,心输出量,Cardiac Output,"Hgb,O2Sat,PaO2",CaO2,CaO2 = ( Hgb * 13.4 * O2Sat / 100 ) + ( PaO2 * 0.031 ),输出为连续数值或生理指标；具体单位、正常范围和临床阈值按外部来源执行,临床评分/决策支持,医学计算器平台,MDCalc calculator library,https://www.mdcalc.com/,医学计算器平台汇总,B：临床计算器平台收录，需回源核公式,中高：临床常见或教学/决策支持常用,平台级覆盖；适合候选清单，公式需逐项回源验证,多为真实使用的临床决策支持工具，但不能替代原始指南,,外部来源验证,,
CALC-0011,急诊与重症医学,,心输出量,心输出量,Cardiac Output,"Hgb,O2vSat,PaO2",CvO2,CvO2 = ( Hgb * 13.4 * O2vSat / 100 ) + ( PvO2 * 0.031 ),输出为连续数值或生理指标；具体单位、正常范围和临床阈值按外部来源执行,临床评分/决策支持,医学计算器平台,MDCalc calculator library,https://www.mdcalc.com/,医学计算器平台汇总,B：临床计算器平台收录，需回源核公式,中高：临床常见或教学/决策支持常用,平台级覆盖；适合候选清单，公式需逐项回源验证,多为真实使用的临床决策支持工具，但不能替代原始指南,,外部来源验证,,
CALC-0012,急诊与重症医学,,心输出量,心输出量,Cardiac Output,"O2消耗量,CaO2,CvO2",CO,CO = O2消耗量 / (CaO2 - CvO2),输出为连续数值或生理指标；具体单位、正常范围和临床阈值按外部来源执行,临床评分/决策支持,医学计算器平台,MDCalc calculator library,https://www.mdcalc.com/,医学计算器平台汇总,B：临床计算器平台收录，需回源核公式,中高：临床常见或教学/决策支持常用,平台级覆盖；适合候选清单，公式需逐项回源验证,多为真实使用的临床决策支持工具，但不能替代原始指南,,外部来源验证,,
CALC-0013,急诊与重症医学,,心输出量Multicalc,心输出量Multicalc,Cardiac Output Multicalc,"心输出量,体表面积",心脏指数,心脏指数 = 心输出量 / 体表面积,输出为连续数值或生理指标；具体单位、正常范围和临床阈值按外部来源执行,公式计算/生理指标,医学计算器平台,MDCalc calculator library,https://www.mdcalc.com/,医学计算器平台汇总,B：临床计算器平台收录，需回源核公式,中高：临床常见或教学/决策支持常用,平台级覆盖；适合候选清单，公式需逐项回源验证,多为真实使用的临床决策支持工具，但不能替代原始指南,,外部来源验证,,
CALC-0014,急诊与重症医学,,心输出量Multicalc,心输出量Multicalc,Cardiac Output Multicalc,"心输出量,心率",每搏输出量,每搏输出量 = 1000 * 心输出量 / 心率,输出为连续数值或生理指标；具体单位、正常范围和临床阈值按外部来源执行,临床评分/决策支持,医学计算器平台,MDCalc calculator library,https://www.mdcalc.com/,医学计算器平台汇总,B：临床计算器平台收录，需回源核公式,中高：临床常见或教学/决策支持常用,平台级覆盖；适合候选清单，公式需逐项回源验证,多为真实使用的临床决策支持工具，但不能替代原始指南,,外部来源验证,,
CALC-0015,急诊与重症医学,,心输出量Multicalc,心输出量Multicalc,Cardiac Output Multicalc,"每搏输出量,体表面积",每搏输出量指数,每搏输出量指数 = 每搏输出量 / 体表面积,输出为连续数值或生理指标；具体单位、正常范围和临床阈值按外部来源执行,公式计算/生理指标,医学计算器平台,MDCalc calculator library,https://www.mdcalc.com/,医学计算器平台汇总,B：临床计算器平台收录，需回源核公式,中高：临床常见或教学/决策支持常用,平台级覆盖；适合候选清单，公式需逐项回源验证,多为真实使用的临床决策支持工具，但不能替代原始指南,,外部来源验证,,
CALC-0016,急诊与重症医学,,心输出量Multicalc,心输出量Multicalc,Cardiac Output Multicalc,"耗氧量,动脉氧含量,静脉氧含量",心输出量,心输出量 = 耗氧量 / (动脉氧含量 - 静脉氧含量),输出为连续数值或生理指标；具体单位、正常范围和临床阈值按外部来源执行,临床评分/决策支持,医学计算器平台,MDCalc calculator library,https://www.mdcalc.com/,医学计算器平台汇总,B：临床计算器平台收录，需回源核公式,中高：临床常见或教学/决策支持常用,平台级覆盖；适合候选清单，公式需逐项回源验证,多为真实使用的临床决策支持工具，但不能替代原始指南,,外部来源验证,,
CALC-0017,急诊与重症医学,,心输出量Multicalc,心输出量Multicalc,Cardiac Output Multicalc,"身高,体重",体表面积,体表面积 = 0.007184 * 身高^0.725 * 体重^0.425,输出为连续数值或生理指标；具体单位、正常范围和临床阈值按外部来源执行,临床评分/决策支持,医学计算器平台,MDCalc calculator library,https://www.mdcalc.com/,医学计算器平台汇总,B：临床计算器平台收录，需回源核公式,中高：临床常见或教学/决策支持常用,平台级覆盖；适合候选清单，公式需逐项回源验证,多为真实使用的临床决策支持工具，但不能替代原始指南,,外部来源验证,,
CALC-0018,急诊与重症医学,,理想体重,理想体重,Ideal Body Weight,"身高,性别",理想体重,理想体重=身高^2*性别,输出为连续数值或生理指标；具体单位、正常范围和临床阈值按外部来源执行,临床评分/决策支持,官方指南/专业协会,CDC BMI calculators,https://www.cdc.gov/bmi/,官方指南/专业协会/监管或分期体系,A：官方或专业协会来源,高：对应专科真实临床常用或指南推荐,指南级覆盖；适合做正式模块，但需锁定版本,真实临床使用；实现时需核对最新指南、适用人群和授权,,外部来源验证,,"男性理想体重以 23 的身体质量指数为准，
女性理想体重以 21.5 的身体质量指数为准。"
CALC-0019,急诊与重症医学,,APACHE II评分,APACHE II评分,Acute Physiology and Chronic Health Evaluation II,年龄；体温、平均动脉压、心率、呼吸频率、氧合、pH/HCO3、钠、钾、肌酐、血细胞比容、白细胞、GCS；慢性健康状态,APACHE II总分；预测院内死亡风险,急性生理评分 + 年龄评分 + 慢性健康评分,分值越高，死亡风险越高；常用于ICU病情严重度分层,风险预测/预后评估,网络补充,MDCalc calculator library,https://www.mdcalc.com/,外部来源公式级核对并接入Python实现,B：临床计算器平台收录，需回源核公式,中高：临床常见或教学/决策支持常用,已完成公式/规则级外部来源核对并接入Python实现,用于临床决策支持、教学或质量评估；不能替代完整指南和临床判断,,v1网络补充,,[MDCalc calculator library](https://www.mdcalc.com/)；Python实现采用预编码或预评分输入，未复刻受版权保护的完整问卷题干。
CALC-0020,急诊与重症医学,,HEART胸痛评分,HEART胸痛评分,HEART Score,病史、心电图、年龄、危险因素、肌钙蛋白,主要心脏不良事件风险分层,History + ECG + Age + Risk factors + Troponin,0-3低危；4-6中危；7-10高危,风险预测/预后评估,网络补充,MDCalc calculator library,https://www.mdcalc.com/,医学计算器平台汇总,B：临床计算器平台收录，需回源核公式,中高：临床常见或教学/决策支持常用,平台级覆盖；适合候选清单，公式需逐项回源验证,多为真实使用的临床决策支持工具，但不能替代原始指南,,v1网络补充,,[MDCalc calculator library](https://www.mdcalc.com/)
CALC-0021,急诊与重症医学,,NEWS2早期预警评分,NEWS2早期预警评分,National Early Warning Score 2,呼吸频率、SpO2、吸氧、收缩压、脉搏、意识/新发意识混乱、体温,NEWS2总分,各参数0-3分加总；高危单项3分需升级处理,0-4低风险；5-6中风险；>=7高风险,临床评分/决策支持,网络补充,Royal College of Physicians NEWS2,https://www.rcp.ac.uk/improving-care/resources/national-early-warning-score-news-2/,官方指南/专业协会/监管或分期体系,A：官方或专业协会来源,高：对应专科真实临床常用或指南推荐,指南级覆盖；适合做正式模块，但需锁定版本,真实临床使用；实现时需核对最新指南、适用人群和授权,,v1网络补充,,[Royal College of Physicians NEWS2](https://www.rcp.ac.uk/improving-care/resources/national-early-warning-score-news-2/)
CALC-0022,急诊与重症医学,,NEXUS颈椎影像规则,NEXUS颈椎影像规则,NEXUS C-Spine Criteria,中线压痛、意识、醉酒、中枢神经缺损、分散性损伤,是否可不做颈椎影像,5项均阴性提示低风险,用于钝性创伤颈椎影像决策辅助,风险预测/预后评估,网络补充,MDCalc calculator library,https://www.mdcalc.com/,医学计算器平台汇总,B：临床计算器平台收录，需回源核公式,中高：临床常见或教学/决策支持常用,平台级覆盖；适合候选清单，公式需逐项回源验证,多为真实使用的临床决策支持工具，但不能替代原始指南,,v1网络补充,,[MDCalc calculator library](https://www.mdcalc.com/)
CALC-0023,急诊与重症医学,,PERC肺栓塞排除规则,PERC肺栓塞排除规则,Pulmonary Embolism Rule-out Criteria,年龄、心率、SpO2、咯血、雌激素、既往VTE、近期手术/外伤、单侧腿肿,是否满足PERC阴性,低临床概率患者8项均阴性可考虑排除PE,仅适用于低预检概率患者,诊断/分类辅助,网络补充,MDCalc calculator library,https://www.mdcalc.com/,医学计算器平台汇总,B：临床计算器平台收录，需回源核公式,中高：临床常见或教学/决策支持常用,平台级覆盖；适合候选清单，公式需逐项回源验证,多为真实使用的临床决策支持工具，但不能替代原始指南,,v1网络补充,,[MDCalc calculator library](https://www.mdcalc.com/)
CALC-0024,急诊与重症医学,,SIRS标准,SIRS标准,Systemic Inflammatory Response Syndrome Criteria,体温、心率、呼吸频率或PaCO2、白细胞计数/幼稚细胞比例,SIRS阳性条目数,满足4项中>=2项为SIRS,提示全身炎症反应，不能单独诊断感染或脓毒症,临床评分/决策支持,网络补充,MDCalc calculator library,https://www.mdcalc.com/,医学计算器平台汇总,B：临床计算器平台收录，需回源核公式,中高：临床常见或教学/决策支持常用,平台级覆盖；适合候选清单，公式需逐项回源验证,多为真实使用的临床决策支持工具，但不能替代原始指南,,v1网络补充,,[MDCalc calculator library](https://www.mdcalc.com/)
CALC-0025,急诊与重症医学,,休克指数,休克指数,Shock Index,心率、收缩压,心率/收缩压,Shock Index = HR / SBP,约0.5-0.7常见；升高提示循环风险，需要结合场景判断,公式计算/生理指标,网络补充,Merck Manual clinical calculators,https://www.merckmanuals.com/professional/pages-with-widgets/clinical-calculators,医学计算器平台汇总,B：临床计算器平台收录，需回源核公式,中高：临床常见或教学/决策支持常用,平台级覆盖；适合候选清单，公式需逐项回源验证,多为真实使用的临床决策支持工具，但不能替代原始指南,,v1网络补充,,[Merck Manual clinical calculators](https://www.merckmanuals.com/professional/pages-with-widgets/clinical-calculators)
CALC-0026,急诊与重症医学,,加拿大头颅CT规则,加拿大头颅CT规则,Canadian CT Head Rule,GCS、疑似颅骨骨折、呕吐、年龄、遗忘、危险机制等,头部CT指征,高危/中危条目判断,用于轻型头外伤成人；不适用抗凝等排除人群,临床评分/决策支持,网络补充,MDCalc calculator library,https://www.mdcalc.com/,医学计算器平台汇总,B：临床计算器平台收录，需回源核公式,中高：临床常见或教学/决策支持常用,平台级覆盖；适合候选清单，公式需逐项回源验证,多为真实使用的临床决策支持工具，但不能替代原始指南,,v1网络补充,,[MDCalc calculator library](https://www.mdcalc.com/)
CALC-0027,心血管医学,,EuroSCORE评分心脏手术风险评估（附加版）,EuroSCORE评分心脏手术风险评估（附加版）,Additive EuroSCORE for Cardiac Operative Risk,量表条目；临床表现；体征或检查结果,EuroSCORE评分心脏手术风险评估（附加版）总分或风险分层,"年龄
<60 (0 分)
60-64（1 分）
65-69（2 分）
70-74（3 分）
75-79（4 分）
80-84（5 分）
85-89（6 分）
90-94（7 分）
95-100（8 分）
性别
女性 (1 分)
男性 (0 分)
射血分数
30-50% (1 分)
<30% (3 分)
肾功能不全 (2 分)
外周血管病 (2 分)
呼吸系统病变 (1 分)
脑血管疾病 (2 分)
先前的心脏手术 (3 分)
活动性心内膜炎 (3 分)
关键的术前状态 (3 分)
不稳定型心绞痛 (2 分)
最近的心肌梗死 (2 分)
肺动脉高压 (2 分)
紧急手术 (2 分)
除了孤立的冠状动脉搭桥术 (2 分)
室间隔破裂 (4 分)
胸主动脉手术 (3 分)","0 - 2 分值:	低风险
3 - 5 分值:	中风险
6 - 45 分值:	高风险",风险预测/预后评估,医学计算器平台,MDCalc calculator library,https://www.mdcalc.com/,外部来源公式级核对并接入Python实现,B：临床计算器平台收录，需回源核公式,中高：临床常见或教学/决策支持常用,已完成公式/规则级外部来源核对并接入Python实现,用于临床决策支持、教学或质量评估；不能替代完整指南和临床判断,,外部来源验证,,Python实现采用预编码或预评分输入，未复刻受版权保护的完整问卷题干。
CALC-0028,心血管医学,,MILBBB胸痛鉴别,MILBBB胸痛鉴别,Modified Sgarbossa Criteria for MI in LBBB,量表条目；临床表现；体征或检查结果,评分、分级或临床决策结果,"ST 段抬高 ≥1 mm，与 QRS 轴一致 (5 分)
在 V1、V2 或 V3 中，ST 段压低 ≥1 mm (3 分)
ST 段抬高 ≥5 mm，与 QRS 轴不一致 (2 分)","10 分值:	100% MI
8 分值:	92% MI
7 分值:	93% MI
5 分值:	88% MI
3 分值:	66% MI
2 分值:	50% MI
0 分值:	16% MI",临床评分/决策支持,医学计算器平台,MDCalc calculator library,https://www.mdcalc.com/,医学计算器平台汇总,B：临床计算器平台收录，需回源核公式,中高：临床常见或教学/决策支持常用,平台级覆盖；适合候选清单，公式需逐项回源验证,多为真实使用的临床决策支持工具，但不能替代原始指南,,外部来源验证,,
CALC-0029,心血管医学,,MI溶栓治疗颅内出血风险,MI溶栓治疗颅内出血风险,Intracranial Hemorrhage Risk with Thrombolytic Therapy for MI,age_years; race_black; sex; prior_stroke; systolic_bp; weight_kg; inr; prothrombin_time_seconds; tpa_instead_other_thrombolytic,颅内出血风险评分和风险百分比,年龄>=75、黑人、女性、既往卒中、SBP>=160、低体重、INR>4或PT>24秒、使用tPA各1分。,0-1分0.69%；2分1.02%；3分1.63%；4分2.49%；5-8分4.11%。,风险预测/预后评估,心梗溶栓出血风险评分,Intracranial Bleeding Risk from Thrombolytic Therapy of MI,https://ebmcalc.com/IntracranialBleedingRiskThrombolytics.htm,外部来源公式级核对并接入Python实现,A：官方/专业协会或原始评分体系来源,高：对应专科真实临床常用或指南推荐,已完成公式/规则级外部来源核对并接入Python实现,用于临床决策支持、教学或质量评估；不能替代完整指南和临床判断,,外部来源验证,,Python实现采用结构化风险因素输入。
CALC-0030,心血管医学,,PTCA死亡率预测,PTCA死亡率预测,PTCA Mortality Risk Prediction,cardiogenic_shock; chf_class_iii_iv; left_main_ptca; tachycardia; chronic_renal_insufficiency; age_years; lesion_type_b2_or_c; acute_mi; unstable_angina; stent_placed,PTCA死亡率风险评分和死亡率百分比,心源性休克+4、CHF III-IV+4、左主干PTCA+3、心动过速+2、慢性肾功能不全+2、年龄>=75 +2、B2/C病变+1、急性MI+1、不稳定心绞痛+1、支架置入-1。,按分值区间映射PTCA死亡率估计。,风险预测/预后评估,介入心脏病风险评分/医学计算器,MDCalc calculator library,https://www.mdcalc.com/,外部来源公式级核对并接入Python实现,B：临床计算器平台收录，需回源核公式,中高：临床常见或教学/决策支持常用,已完成公式/规则级外部来源核对并接入Python实现,用于临床决策支持、教学或质量评估；不能替代完整指南和临床判断,,外部来源验证,,Python实现采用结构化风险因素输入。
CALC-0031,心血管医学,,QT间期校正 (EKG),QT间期校正 (EKG),Corrected QT Interval,QT间期,校正QT间期,校正QT间期 = QT间期 / sqr(RR间期),输出为连续数值或生理指标；具体单位、正常范围和临床阈值按外部来源执行,临床评分/决策支持,医学计算器平台,MDCalc calculator library,https://www.mdcalc.com/,医学计算器平台汇总,B：临床计算器平台收录，需回源核公式,中高：临床常见或教学/决策支持常用,平台级覆盖；适合候选清单，公式需逐项回源验证,多为真实使用的临床决策支持工具，但不能替代原始指南,,外部来源验证,,
CALC-0032,心血管医学,,QT间期校正 (EKG),QT间期校正 (EKG),Corrected QT Interval,心率,RR间期,RR间期 = 60 / 心率,输出为连续数值或生理指标；具体单位、正常范围和临床阈值按外部来源执行,临床评分/决策支持,医学计算器平台,MDCalc calculator library,https://www.mdcalc.com/,医学计算器平台汇总,B：临床计算器平台收录，需回源核公式,中高：临床常见或教学/决策支持常用,平台级覆盖；适合候选清单，公式需逐项回源验证,多为真实使用的临床决策支持工具，但不能替代原始指南,,外部来源验证,,
CALC-0033,心血管医学,,Romhilt-Estes诊断左心室肥厚的标准,Romhilt-Estes诊断左心室肥厚的标准,Romhilt-Estes Criteria for Left Ventricular Hypertrophy,矢量；ST；T；向矢量；QRS；相反方向移动；无洋地黄；有洋地黄,"肢体导联最大R或S波≥ 20 mm；V1或V2导联的 S波≥30 mm；V5或V6导联的 R波≥ 30mm (3 分)
左心房受犯--V1 P 波末端偏离宽一格及深一格或以上 (3 分)
左侧轴偏离 - QRS 轴偏离－负 30 度或以上 (2 分)
QRS 持续时间≥0.09 s (1 分)
V5 及 V6 导联 类本位曲折≥0.05 s (1 分)
ST-T 段变化（“左心室劳损”","肢体导联最大R或S波≥ 20 mm；V1或V2导联的 S波≥30 mm；V5或V6导联的 R波≥ 30mm (3 分)
左心房受犯--V1 P 波末端偏离宽一格及深一格或以上 (3 分)
左侧轴偏离 - QRS 轴偏离－负 30 度或以上 (2 分)
QRS 持续时间≥0.09 s (1 分)
V5 及 V6 导联 类本位曲折≥0.05 s (1 分)
ST-T 段变化（“左心室劳损”= 矢量 ST-T 向矢量 QRS 相反方向移动）
无洋地黄 (3 分)
有洋地黄 (1 分)","5 - 13 分数:	存在左心室肥大(LVH)
4 分数:	可能存在左心室肥大(LVH)
0 - 3 分数:	不存在左心室肥大(LVH)",诊断/分类辅助,医学计算器平台,MDCalc calculator library,https://www.mdcalc.com/,医学计算器平台汇总,B：临床计算器平台收录，需回源核公式,中高：临床常见或教学/决策支持常用,平台级覆盖；适合候选清单，公式需逐项回源验证,多为真实使用的临床决策支持工具，但不能替代原始指南,,外部来源验证,,
CALC-0034,心血管医学,,ST段抬高型心肌梗死溶栓（TIMI）评分,ST段抬高型心肌梗死溶栓（TIMI）评分,TIMI Risk Score for STEMI,量表条目；临床表现；体征或检查结果,ST段抬高型心肌梗死溶栓（TIMI）评分总分或风险分层,"糖尿病、高血压病史或心绞痛病史 (1 分)
收缩压低于 100 mmHg (3 分)
心率高于 100 BPM (2 分)
Killip II-IV 级 (2 分)
体重低于 150 lb 或 67 千克 (1 分)
前导联 ST 升高或左侧 BBB (1 分)
治疗时间晚于 4 小时 (1 分)
年龄
75 周岁及以上 (3 分)
65-74 周岁 (2 分)
65 周岁以下 (0 分)","0 分数:	0.8%
1 分数:	1.6%
2 分数:	2.2%
3 分数:	4.4%
4 分数:	7.3%
5 分数:	12%
6 分数:	16%
7 分数:	23%
8 分数:	27%
9 - 14 分数:	36%",临床评分/决策支持,医学计算器平台,MDCalc calculator library,https://www.mdcalc.com/,医学计算器平台汇总,B：临床计算器平台收录，需回源核公式,中高：临床常见或教学/决策支持常用,平台级覆盖；适合候选清单，公式需逐项回源验证,多为真实使用的临床决策支持工具，但不能替代原始指南,,外部来源验证,,
CALC-0035,心血管医学,,不稳定型心绞痛结局预测,不稳定型心绞痛结局预测,Unstable Angina Outcome Prediction,age_years; prior_cabg; aspirin_use; beta_blocker_use; st_depression,不稳定型心绞痛结局风险评分和风险百分比,年龄>65、既往CABG、阿司匹林使用、β受体阻滞剂使用、ST段压低各1分。,0-1分6.5%；2分14.6%；3分22.7%；4-5分37.1%。,临床评分/决策支持,急性冠脉综合征风险评分/医学计算器,MDCalc calculator library,https://www.mdcalc.com/,外部来源公式级核对并接入Python实现,B：临床计算器平台收录，需回源核公式,高：对应专科真实临床常用或指南推荐,已完成公式/规则级外部来源核对并接入Python实现,用于临床决策支持、教学或质量评估；不能替代完整指南和临床判断,,外部来源验证,,Python实现采用结构化风险因素输入。
CALC-0036,心血管医学,,不稳定型心绞痛非ST段抬高型心肌梗死溶栓（TIMI）评分,不稳定型心绞痛非ST段抬高型心肌梗死溶栓（TIMI）评分,TIMI Risk Score for UA/NSTEMI,量表条目；临床表现；体征或检查结果,不稳定型心绞痛非ST段抬高型心肌梗死溶栓（TIMI）评分总分或风险分层,"年龄 ≥65 周岁 (1 分)
3 个及以上冠状动脉疾病（CAD ）风险因素 (1 分)
已知 CAD 并有大于 50% 狭窄 (1 分)
过去 7 日使用阿司匹林 (1 分)
过去 24 小时严重心绞痛 (1 分)
心脏标记物升高 (1 分)
ST 偏离大于 0.5mm (1 分)","0 - 1 分数:	3% ** 5%
2 分数:	3% ** 8%
3 分数:	5% ** 13%
4 分数:	7% ** 20%
5 分数:	12% ** 26%
6 - 7 分数:	19% ** 41%",风险预测/预后评估,医学计算器平台,MDCalc calculator library,https://www.mdcalc.com/,医学计算器平台汇总,B：临床计算器平台收录，需回源核公式,中高：临床常见或教学/决策支持常用,平台级覆盖；适合候选清单，公式需逐项回源验证,多为真实使用的临床决策支持工具，但不能替代原始指南,,外部来源验证,,
CALC-0037,心血管医学,,与HAS-BLED出血风险评分对应的临床特点,与HAS-BLED出血风险评分对应的临床特点,HAS-BLED Bleeding Risk Score,量表条目；临床表现；体征或检查结果,与HAS-BLED出血风险评分对应的临床特点总分或风险分层,"高血压 (1 分)
肝功能异常 (1 分)
肾功能异常 (1 分)
卒中 (1 分)
出血倾向或出血体质 (1 分)
服用华法林的患者国际标准化比值 (INR) 不稳定 (1 分)
老年人：年龄超过 65 岁 (1 分)
药物：伴随使用抗血小板药物或非甾体类抗炎药 (NSAIDS) (1 分)
药物：滥用酒精 (1 分)","0 分值:	每 100 患者年 1.13 出血
1 分值:	每 100 患者年 1.02 出血
2 分值:	每 100 患者年 1.88 出血
3 分值:	每 100 患者年 3.74 出血
4 分值:	每 100 患者年 8.70 出血
5 - 9 分值:	数据不足（高风险）",风险预测/预后评估,医学计算器平台,MDCalc calculator library,https://www.mdcalc.com/,医学计算器平台汇总,B：临床计算器平台收录，需回源核公式,中高：临床常见或教学/决策支持常用,平台级覆盖；适合候选清单，公式需逐项回源验证,多为真实使用的临床决策支持工具，但不能替代原始指南,,外部来源验证,,
CALC-0038,心血管医学,,体表面积（Du Bois 法）,体表面积（Du Bois 法）,Body Surface Area by Du Bois Formula,"身高,体重",体表面积,体表面积(BSA) = 0.007184 * 身高^0.725 * 体重^0.425,输出为连续数值或生理指标；具体单位、正常范围和临床阈值按外部来源执行,临床评分/决策支持,医学计算器平台,MDCalc calculator library,https://www.mdcalc.com/,医学计算器平台汇总,B：临床计算器平台收录，需回源核公式,中高：临床常见或教学/决策支持常用,平台级覆盖；适合候选清单，公式需逐项回源验证,多为真实使用的临床决策支持工具，但不能替代原始指南,,外部来源验证,,
CALC-0039,心血管医学,,体质指数（凯特勒指数）,体质指数（凯特勒指数）,Body Mass Index,"身高,体重",身体质量指数,身体质量指数(BMI) = (体重/2.205) / (身高/39.37)^2,"身体质量指数(BMI) < 18.5: 低于正常体重
身体质量指数(BMI) >= 18.5 以及 < 25: 正常体重
身体质量指数(BMI) >= 25 以及 < 30:	超重
身体质量指数(BMI) >= 30 以及 < 35:	一类肥胖
身体质量指数(BMI) >= 35 以及 < 40: 二类肥胖
身体质量指数(BMI) >= 40: 三类肥胖",公式计算/生理指标,官方指南/专业协会,CDC BMI calculators,https://www.cdc.gov/bmi/,官方指南/专业协会/监管或分期体系,A：官方或专业协会来源,高：对应专科真实临床常用或指南推荐,指南级覆盖；适合做正式模块，但需锁定版本,真实临床使用；实现时需核对最新指南、适用人群和授权,,外部来源验证,,
CALC-0040,心血管医学,,平均血管压力（体循环或肺循环）,平均血管压力（体循环或肺循环）,Mean Arterial or Vascular Pressure,"舒张压,收缩压",平均血管压力,平均血管压力 = 舒张压 + ((收缩压 - 舒张压) / 3),输出为连续数值或生理指标；具体单位、正常范围和临床阈值按外部来源执行,临床评分/决策支持,医学计算器平台,MDCalc calculator library,https://www.mdcalc.com/,医学计算器平台汇总,B：临床计算器平台收录，需回源核公式,中高：临床常见或教学/决策支持常用,平台级覆盖；适合候选清单，公式需逐项回源验证,多为真实使用的临床决策支持工具，但不能替代原始指南,,外部来源验证,,
CALC-0041,心血管医学,,心输出量,心输出量,Cardiac Output,"Hgb,O2Sat,PaO2",CaO2,CaO2 = ( Hgb * 13.4 * O2Sat / 100 ) + ( PaO2 * 0.031 ),输出为连续数值或生理指标；具体单位、正常范围和临床阈值按外部来源执行,临床评分/决策支持,医学计算器平台,MDCalc calculator library,https://www.mdcalc.com/,医学计算器平台汇总,B：临床计算器平台收录，需回源核公式,中高：临床常见或教学/决策支持常用,平台级覆盖；适合候选清单，公式需逐项回源验证,多为真实使用的临床决策支持工具，但不能替代原始指南,,外部来源验证,,
CALC-0042,心血管医学,,心输出量,心输出量,Cardiac Output,"Hgb,O2vSat,PaO2",CvO2,CvO2 = ( Hgb * 13.4 * O2vSat / 100 ) + ( PvO2 * 0.031 ),输出为连续数值或生理指标；具体单位、正常范围和临床阈值按外部来源执行,临床评分/决策支持,医学计算器平台,MDCalc calculator library,https://www.mdcalc.com/,医学计算器平台汇总,B：临床计算器平台收录，需回源核公式,中高：临床常见或教学/决策支持常用,平台级覆盖；适合候选清单，公式需逐项回源验证,多为真实使用的临床决策支持工具，但不能替代原始指南,,外部来源验证,,
CALC-0043,心血管医学,,心输出量,心输出量,Cardiac Output,"O2消耗量,CaO2,CvO2",CO,CO = O2消耗量 / (CaO2 - CvO2),输出为连续数值或生理指标；具体单位、正常范围和临床阈值按外部来源执行,临床评分/决策支持,医学计算器平台,MDCalc calculator library,https://www.mdcalc.com/,医学计算器平台汇总,B：临床计算器平台收录，需回源核公式,中高：临床常见或教学/决策支持常用,平台级覆盖；适合候选清单，公式需逐项回源验证,多为真实使用的临床决策支持工具，但不能替代原始指南,,外部来源验证,,
CALC-0044,心血管医学,,心输出量Multicalc,心输出量Multicalc,Cardiac Output Multicalc,"心输出量,体表面积",心脏指数,心脏指数 = 心输出量 / 体表面积,输出为连续数值或生理指标；具体单位、正常范围和临床阈值按外部来源执行,公式计算/生理指标,医学计算器平台,MDCalc calculator library,https://www.mdcalc.com/,医学计算器平台汇总,B：临床计算器平台收录，需回源核公式,中高：临床常见或教学/决策支持常用,平台级覆盖；适合候选清单，公式需逐项回源验证,多为真实使用的临床决策支持工具，但不能替代原始指南,,外部来源验证,,
CALC-0045,心血管医学,,心输出量Multicalc,心输出量Multicalc,Cardiac Output Multicalc,"心输出量,心率",每搏输出量,每搏输出量 = 1000 * 心输出量 / 心率,输出为连续数值或生理指标；具体单位、正常范围和临床阈值按外部来源执行,临床评分/决策支持,医学计算器平台,MDCalc calculator library,https://www.mdcalc.com/,医学计算器平台汇总,B：临床计算器平台收录，需回源核公式,中高：临床常见或教学/决策支持常用,平台级覆盖；适合候选清单，公式需逐项回源验证,多为真实使用的临床决策支持工具，但不能替代原始指南,,外部来源验证,,
CALC-0046,心血管医学,,心输出量Multicalc,心输出量Multicalc,Cardiac Output Multicalc,"每搏输出量,体表面积",每搏输出量指数,每搏输出量指数 = 每搏输出量 / 体表面积,输出为连续数值或生理指标；具体单位、正常范围和临床阈值按外部来源执行,公式计算/生理指标,医学计算器平台,MDCalc calculator library,https://www.mdcalc.com/,医学计算器平台汇总,B：临床计算器平台收录，需回源核公式,中高：临床常见或教学/决策支持常用,平台级覆盖；适合候选清单，公式需逐项回源验证,多为真实使用的临床决策支持工具，但不能替代原始指南,,外部来源验证,,
CALC-0047,心血管医学,,心输出量Multicalc,心输出量Multicalc,Cardiac Output Multicalc,"耗氧量,动脉氧含量,静脉氧含量",心输出量,心输出量 = 耗氧量 / (动脉氧含量 - 静脉氧含量),输出为连续数值或生理指标；具体单位、正常范围和临床阈值按外部来源执行,临床评分/决策支持,医学计算器平台,MDCalc calculator library,https://www.mdcalc.com/,医学计算器平台汇总,B：临床计算器平台收录，需回源核公式,中高：临床常见或教学/决策支持常用,平台级覆盖；适合候选清单，公式需逐项回源验证,多为真实使用的临床决策支持工具，但不能替代原始指南,,外部来源验证,,
CALC-0048,心血管医学,,心输出量Multicalc,心输出量Multicalc,Cardiac Output Multicalc,"身高,体重",体表面积,体表面积 = 0.007184 * 身高^0.725 * 体重^0.425,输出为连续数值或生理指标；具体单位、正常范围和临床阈值按外部来源执行,临床评分/决策支持,医学计算器平台,MDCalc calculator library,https://www.mdcalc.com/,医学计算器平台汇总,B：临床计算器平台收录，需回源核公式,中高：临床常见或教学/决策支持常用,平台级覆盖；适合候选清单，公式需逐项回源验证,多为真实使用的临床决策支持工具，但不能替代原始指南,,外部来源验证,,
CALC-0049,心血管医学,,房颤中风危险的CHA（2）DS（2）-VASc评分,房颤中风危险的CHA（2）DS（2）-VASc评分,CHA2DS2-VASc Score for Atrial Fibrillation Stroke Risk,量表条目；临床表现；体征或检查结果,房颤中风危险的CHA（2）DS（2）-VASc评分总分或风险分层,"临床特点
充血性心衰/ LV 功能障碍 (1 分)
高血压 (1 分)
糖尿病 (1 分)
中风、短暂性脑缺血 (TIA) 或血栓栓塞病史 (2 分)
血管疾病（心肌梗死 [MI]、外周血管疾病 [PVD] 或主动脉粥样硬化病史） (1 分)
年龄
65-74 岁 (1 分)
≥75 岁 (2 分)
性别
女 (1 分)
男 (0 分)","0 分值:	每年 0%
1 分值:	每年 1.3%
2 分值:	每年 2.2%
3 分值:	每年 3.2%
4 分值:	每年 4%
5 分值:	每年 6.7%
6 分值:	每年 9.8%
7 分值:	每年 9.6%
8 分值:	每年 6.7%
9 分值:	每年 15.2%",症状/功能量表,医学计算器平台,MDCalc calculator library,https://www.mdcalc.com/,医学计算器平台汇总,B：临床计算器平台收录，需回源核公式,中高：临床常见或教学/决策支持常用,平台级覆盖；适合候选清单，公式需逐项回源验证,多为真实使用的临床决策支持工具，但不能替代原始指南,,外部来源验证,,
CALC-0050,心血管医学,,深静脉血栓形成概率：Wells评分系统,深静脉血栓形成概率：Wells评分系统,Wells Score for Deep Vein Thrombosis,量表条目；临床表现；体征或检查结果,深静脉血栓形成概率：Wells评分系统总分或风险分层,"临床表现
瘫痪、轻度瘫痪或下肢最近使用骨科高分子绷带 (1 分)
最近卧床（3 天以上）或过去 4 周内接受过重大手术 (1 分)
深静脉系统局部压痛 (1 分)
整个腿部肿胀 (1 分)
小腿比另一条腿肿胀 3 厘米以上（在胫骨粗隆下方 10 厘米处测量） (1 分)
出现症状的腿上压凹性水肿更严重 (1 分)
并行非静脉曲张浅层静脉 (1 分)
正患有癌症或在 6 个月内治疗的癌症 (1 分)
其他诊断比深静脉血栓可能性更大（贝克氏囊肿、蜂窝组织炎、肌肉损伤、浅静脉血栓、静脉炎后综合症、 腹股沟淋巴结肿大、外静脉压迫等） (-2 分)","3 - 8 分:	高DVT 概率
1 - 2 分:	中等概率
-2 - 0 分:	低概率",诊断/分类辅助,医学计算器平台,MDCalc calculator library,https://www.mdcalc.com/,医学计算器平台汇总,B：临床计算器平台收录，需回源核公式,中高：临床常见或教学/决策支持常用,平台级覆盖；适合候选清单，公式需逐项回源验证,多为真实使用的临床决策支持工具，但不能替代原始指南,,外部来源验证,,
CALC-0051,心血管医学,,肺栓塞可能性：Wells评分系统,肺栓塞可能性：Wells评分系统,Wells Score for Pulmonary Embolism,或接受手术；有深静脉血栓或肺栓塞病史；出现咳血；出现恶性肿瘤,肺栓塞可能性：Wells评分系统总分或风险分层,"深静脉血栓症状 (3 分)
没有可更好地解释此疾病的其它诊断 (3 分)
心动过速，脉搏 > 100 (1.5 分)
在过去四周无法行动（>= 3 天）或接受手术 (1.5 分)
有深静脉血栓或肺栓塞病史 (1.5 分)
出现咳血 (1 分)
出现恶性肿瘤 (1 分)","分数 > 6:	高概率
分数 >= 2 以及 <= 6:	中等概率
分数 < 2:	低概率",诊断/分类辅助,医学计算器平台,MDCalc calculator library,https://www.mdcalc.com/,医学计算器平台汇总,B：临床计算器平台收录，需回源核公式,中高：临床常见或教学/决策支持常用,平台级覆盖；适合候选清单，公式需逐项回源验证,多为真实使用的临床决策支持工具，但不能替代原始指南,,外部来源验证,,
CALC-0052,心血管医学,,非Q波心肌梗死预测,非Q波心肌梗死预测,Non-Q-Wave Myocardial Infarction Prediction,no_prior_angioplasty; pain_duration_minutes; st_deviation; recent_angina,非Q波心肌梗死预测评分和风险百分比,既往未接受血管成形术、疼痛持续>=60分钟、ST段偏离、近期心绞痛各1分。,0分7%；1分19.6%；2分24.4%；3分49.9%；4分70.6%。,症状/功能量表,心梗预测评分/医学计算器,MDCalc calculator library,https://www.mdcalc.com/,外部来源公式级核对并接入Python实现,B：临床计算器平台收录，需回源核公式,中高：临床常见或教学/决策支持常用,已完成公式/规则级外部来源核对并接入Python实现,用于临床决策支持、教学或质量评估；不能替代完整指南和临床判断,,外部来源验证,,Python实现采用结构化风险因素输入。
CALC-0053,心血管医学,,ASCVD 10年风险评估,ASCVD 10年风险评估,ASCVD 10-Year Risk Estimator,年龄、性别、种族、总胆固醇、HDL、收缩压、降压治疗、糖尿病、吸烟,10年动脉粥样硬化性心血管病风险,Pooled Cohort Equations,用于40-79岁成人一级预防风险沟通,风险预测/预后评估,网络补充,ACC ASCVD Risk Estimator Plus,https://tools.acc.org/ascvd-risk-estimator-plus/,官方指南/专业协会/监管或分期体系,A：官方或专业协会来源,高：对应专科真实临床常用或指南推荐,指南级覆盖；适合做正式模块，但需锁定版本,真实临床使用；实现时需核对最新指南、适用人群和授权,,v1网络补充,,[ACC ASCVD Risk Estimator Plus](https://tools.acc.org/ascvd-risk-estimator-plus/)
CALC-0054,心血管医学,,DAPT评分,DAPT评分,DAPT Score,年龄、吸烟、糖尿病、心梗、既往PCI/MI、支架直径、CHF/LVEF、SVG PCI等,延长双抗获益/出血权衡,按DAPT条目加权求和,>=2可能更倾向延长DAPT；<2获益较低或出血风险相对更高,临床评分/决策支持,网络补充,MDCalc calculator library,https://www.mdcalc.com/,医学计算器平台汇总,B：临床计算器平台收录，需回源核公式,中高：临床常见或教学/决策支持常用,平台级覆盖；适合候选清单，公式需逐项回源验证,多为真实使用的临床决策支持工具，但不能替代原始指南,,v1网络补充,,[MDCalc calculator library](https://www.mdcalc.com/)
CALC-0055,心血管医学,,Duke跑台评分,Duke跑台评分,Duke Treadmill Score,运动时间、ST段偏移、运动中胸痛,冠心病预后风险,运动时间 - 5*ST偏移 - 4*胸痛指数,>=5低危；-10至4中危；<=-11高危,风险预测/预后评估,网络补充,MDCalc calculator library,https://www.mdcalc.com/,医学计算器平台汇总,B：临床计算器平台收录，需回源核公式,中高：临床常见或教学/决策支持常用,平台级覆盖；适合候选清单，公式需逐项回源验证,多为真实使用的临床决策支持工具，但不能替代原始指南,,v1网络补充,,[MDCalc calculator library](https://www.mdcalc.com/)
CALC-0056,心血管医学,,GRACE急性冠脉综合征风险评分,GRACE急性冠脉综合征风险评分,GRACE ACS Risk Score,年龄、心率、收缩压、肌酐、Killip分级、心脏骤停、ST偏移、心肌标志物,院内或6个月死亡/心梗风险,GRACE模型,分低、中、高危，用于ACS风险分层,风险预测/预后评估,网络补充,MDCalc calculator library,https://www.mdcalc.com/,外部来源公式级核对并接入Python实现,B：临床计算器平台收录，需回源核公式,中高：临床常见或教学/决策支持常用,已完成公式/规则级外部来源核对并接入Python实现,用于临床决策支持、教学或质量评估；不能替代完整指南和临床判断,,v1网络补充,,[MDCalc calculator library](https://www.mdcalc.com/)；Python实现采用预编码或预评分输入，未复刻受版权保护的完整问卷题干。
CALC-0057,心血管医学,,ORBIT房颤出血风险评分,ORBIT房颤出血风险评分,ORBIT Bleeding Risk Score,年龄、贫血/血红蛋白、出血史、肾功能、抗血小板治疗,房颤抗凝出血风险,ORBIT加权评分,低、中、高出血风险分层；不替代抗凝适应证判断,风险预测/预后评估,网络补充,MDCalc calculator library,https://www.mdcalc.com/,医学计算器平台汇总,B：临床计算器平台收录，需回源核公式,中高：临床常见或教学/决策支持常用,平台级覆盖；适合候选清单，公式需逐项回源验证,多为真实使用的临床决策支持工具，但不能替代原始指南,,v1网络补充,,[MDCalc calculator library](https://www.mdcalc.com/)
CALC-0058,心血管医学,,PREVENT心血管风险方程,PREVENT心血管风险方程,AHA PREVENT Equations,年龄、性别、胆固醇、HDL、收缩压、BMI、eGFR、糖尿病、吸烟、降压/他汀等,10年/30年CVD风险,AHA PREVENT equations,覆盖心衰和ASCVD相关风险；适合现代一级预防评估,风险预测/预后评估,网络补充,AHA PREVENT calculator,https://professional.heart.org/en/guidelines-and-statements/prevent-calculator,官方指南/专业协会/监管或分期体系,A：官方或专业协会来源,高：对应专科真实临床常用或指南推荐,指南级覆盖；适合做正式模块，但需锁定版本,真实临床使用；实现时需核对最新指南、适用人群和授权,,v1网络补充,,[AHA PREVENT calculator](https://professional.heart.org/en/guidelines-and-statements/prevent-calculator)
CALC-0059,心血管医学,,RCRI围手术期心脏风险指数,RCRI围手术期心脏风险指数,Revised Cardiac Risk Index,高危手术、缺血性心脏病、心衰、脑血管病、胰岛素治疗糖尿病、肌酐>2 mg/dL,主要心脏并发症风险,6项各1分,分值越高，围手术期心脏风险越高,风险预测/预后评估,网络补充,MDCalc calculator library,https://www.mdcalc.com/,医学计算器平台汇总,B：临床计算器平台收录，需回源核公式,中高：临床常见或教学/决策支持常用,平台级覆盖；适合候选清单，公式需逐项回源验证,多为真实使用的临床决策支持工具，但不能替代原始指南,,v1网络补充,,[MDCalc calculator library](https://www.mdcalc.com/)
CALC-0060,心血管医学,,左室射血分数简化计算,左室射血分数简化计算,Left Ventricular Ejection Fraction,舒张末期容积、收缩末期容积,LVEF百分比,LVEF=(EDV-ESV)/EDV*100%,用于心功能分类；需结合影像方法和临床背景,临床评分/决策支持,网络补充,Merck Manual clinical calculators,https://www.merckmanuals.com/professional/pages-with-widgets/clinical-calculators,医学计算器平台汇总,B：临床计算器平台收录，需回源核公式,中高：临床常见或教学/决策支持常用,平台级覆盖；适合候选清单，公式需逐项回源验证,多为真实使用的临床决策支持工具，但不能替代原始指南,,v1网络补充,,[Merck Manual clinical calculators](https://www.merckmanuals.com/professional/pages-with-widgets/clinical-calculators)
CALC-0061,呼吸与睡眠医学,,A-a 梯度,A-a 梯度,Alveolar-Arterial Oxygen Gradient,年龄,期望AaG,期望 AaG = 2.5 + (0.21 * 年龄),输出为连续数值或生理指标；具体单位、正常范围和临床阈值按外部来源执行,临床评分/决策支持,医学计算器平台,MDCalc calculator library,https://www.mdcalc.com/,医学计算器平台汇总,B：临床计算器平台收录，需回源核公式,中高：临床常见或教学/决策支持常用,平台级覆盖；适合候选清单，公式需逐项回源验证,多为真实使用的临床决策支持工具，但不能替代原始指南,,外部来源验证,,
CALC-0062,呼吸与睡眠医学,,A-a 梯度,A-a 梯度,Alveolar-Arterial Oxygen Gradient,"患者体温,海拔,吸入氧百分数,pCO2,呼吸交换率,paO2",实测AaG,"pAtm = 760 * e(海拔/-7000)
pH2O = 47 * e((患者体温-37)/18.4)
FIO2 = 吸入氧百分数 / 100
实测 AaG = (FIO2 * (pAtm - pH2O)) - (pCO2 / 呼吸交换率) + (pCO2 * FIO2 * (1 - 呼吸交换率) / 呼吸交换率) - paO2",输出为连续数值或生理指标；具体单位、正常范围和临床阈值按外部来源执行,临床评分/决策支持,医学计算器平台,MDCalc calculator library,https://www.mdcalc.com/,医学计算器平台汇总,B：临床计算器平台收录，需回源核公式,中高：临床常见或教学/决策支持常用,平台级覆盖；适合候选清单，公式需逐项回源验证,多为真实使用的临床决策支持工具，但不能替代原始指南,,外部来源验证,,
CALC-0063,呼吸与睡眠医学,,EPWORTH睡眠量表（ESS）,EPWORTH睡眠量表（ESS）,Epworth Sleepiness Scale,量表条目；临床表现；体征或检查结果,EPWORTH睡眠量表（ESS）总分或风险分层,"坐着阅读时
不会打瞌睡 (0 分)
打瞌睡的可能性很小 (1 分)
打瞌睡的可能性中等 (2 分)
很大可能打瞌睡 (3 分)
看电视时
不会打瞌睡 (0 分)
打瞌睡的可能性很小 (1 分)
打瞌睡的可能性中等 (2 分)
很大可能打瞌睡 (3 分)
在公众场合安静坐着
不会打瞌睡 (0 分)
打瞌睡的可能性很小 (1 分)
打瞌睡的可能性中等 (2 分)
很大可能打瞌睡 (3 分)
坐车一小时
不会打瞌睡 (0 分)
打瞌睡的可能性很小 (1 分)
打瞌睡的可能性中等 (2 分)
很大可能打瞌睡 (3 分)
下午躺着休息时
不会打瞌睡 (0 分)
打瞌睡的可能性很小 (1 分)
打瞌睡的可能性中等 (2 分)
很大可能打瞌睡 (3 分)
坐着与人交谈时
不会打瞌睡 (0 分)
打瞌睡的可能性很小 (1 分)
打瞌睡的可能性中等 (2 分)
很大可能打瞌睡 (3 分)
午餐后安静坐着时（午餐不喝酒）
不会打瞌睡 (0 分)
打瞌睡的可能性很小 (1 分)
打瞌睡的可能性中等 (2 分)
很大可能打瞌睡 (3 分)
坐在车里，当车子由于交通问题停下来数分钟时
不会打瞌睡 (0 分)
打瞌睡的可能性很小 (1 分)
打瞌睡的可能性中等 (2 分)
很大可能打瞌睡 (3 分)","1 - 6 分数: 睡眠正常
7 - 8 分数: 一般性嗜睡
9 - 24 分数: 不正常（可能病理性的）嗜睡",症状/功能量表,医学计算器平台,MDCalc calculator library,https://www.mdcalc.com/,医学计算器平台汇总,B：临床计算器平台收录，需回源核公式,中高：临床常见或教学/决策支持常用,平台级覆盖；适合候选清单，公式需逐项回源验证,多为真实使用的临床决策支持工具，但不能替代原始指南,,外部来源验证,,
CALC-0064,呼吸与睡眠医学,,体质指数（凯特勒指数）,体质指数（凯特勒指数）,Body Mass Index,"身高,体重",身体质量指数,身体质量指数(BMI) = (体重/2.205) / (身高/39.37)^2,"身体质量指数(BMI) < 18.5: 低于正常体重
身体质量指数(BMI) >= 18.5 以及 < 25: 正常体重
身体质量指数(BMI) >= 25 以及 < 30:	超重
身体质量指数(BMI) >= 30 以及 < 35:	一类肥胖
身体质量指数(BMI) >= 35 以及 < 40: 二类肥胖
身体质量指数(BMI) >= 40: 三类肥胖",公式计算/生理指标,官方指南/专业协会,CDC BMI calculators,https://www.cdc.gov/bmi/,官方指南/专业协会/监管或分期体系,A：官方或专业协会来源,高：对应专科真实临床常用或指南推荐,指南级覆盖；适合做正式模块，但需锁定版本,真实临床使用；实现时需核对最新指南、适用人群和授权,,外部来源验证,,
CALC-0065,呼吸与睡眠医学,,呼气峰流速预计值,呼气峰流速预计值,Predicted Peak Expiratory Flow,"身高,年龄","呼气流量峰值 女性
呼气流量峰值 男性","呼气流量峰值女性 = e^((0.376*ln(年龄))-(0.012*年龄)-(58.8/身高)+5.63)
呼气流量峰值男性 = e^((0.544*ln(年龄))-(0.0151*年龄)-(74.7/身高)+5.48)",输出为连续数值或生理指标；具体单位、正常范围和临床阈值按外部来源执行,临床评分/决策支持,医学计算器平台,MDCalc calculator library,https://www.mdcalc.com/,医学计算器平台汇总,B：临床计算器平台收录，需回源核公式,中高：临床常见或教学/决策支持常用,平台级覆盖；适合候选清单，公式需逐项回源验证,多为真实使用的临床决策支持工具，但不能替代原始指南,,外部来源验证,,
CALC-0066,呼吸与睡眠医学,,在吸烟者和既往吸烟者（6年）中患肺癌的风险评估,在吸烟者和既往吸烟者（6年）中患肺癌的风险评估,Six-Year Lung Cancer Risk in Current and Former Smokers,Log几率,风险,风险 = 100 * (e^(Log几率) / (1 + e^(Log几率))),输出为连续数值或生理指标；具体单位、正常范围和临床阈值按外部来源执行,风险预测/预后评估,医学计算器平台,MDCalc calculator library,https://www.mdcalc.com/,官方指南/专业协会/监管或分期体系,A：官方或专业协会来源,高：对应专科真实临床常用或指南推荐,指南级覆盖；适合做正式模块，但需锁定版本,真实临床使用；实现时需核对最新指南、适用人群和授权,,外部来源验证,,
CALC-0067,呼吸与睡眠医学,肺癌筛查,现吸烟者或既往吸烟者六年风险,在吸烟者和既往吸烟者（6年）中患肺癌的风险评估,PLCOm2012 Six-Year Lung Cancer Risk,年龄；自报种族或族裔；六级教育程度；BMI；COPD；个人癌症史；肺癌家族史；当前吸烟；每日吸烟支数；吸烟年数；戒烟年数,六年肺癌风险百分比,PLCOm2012完整Logistic模型；含全部分类系数和吸烟强度倒数变换,仅适用于55至74岁现吸烟者或既往吸烟者；筛查资格必须依据当前适用指南,风险预测/预后评估,开放获取原始预测模型,Selection Criteria for Lung-Cancer Screening,https://europepmc.org/articles/PMC3929969,NEJM原始论文表2回源,A：同行评议原始模型开放全文,高：对应专科真实临床常用或指南推荐,已实现全部系数中心值和非线性吸烟强度变换,不能用于从未吸烟者或源研究年龄范围以外；论文研究阈值不是自动筛查指征,2013,开放原始文献实现,source_backed_implementation,doi:10.1056/NEJMoa1211776
CALC-0068,呼吸与睡眠医学,,女孩MultiCalc PFT预测值,女孩MultiCalc PFT预测值,Female Pediatric Predicted Pulmonary Function Values,"身高,年龄",最大呼气量,FEV1 （最大呼气量） = e^(((1.5016+(0.0119*年龄))*身高)-1.5974),输出为连续数值或生理指标；具体单位、正常范围和临床阈值按外部来源执行,临床评分/决策支持,医学计算器平台,MDCalc calculator library,https://www.mdcalc.com/,医学计算器平台汇总,B：临床计算器平台收录，需回源核公式,中高：临床常见或教学/决策支持常用,平台级覆盖；适合候选清单，公式需逐项回源验证,多为真实使用的临床决策支持工具，但不能替代原始指南,,外部来源验证,,
CALC-0069,呼吸与睡眠医学,,女孩MultiCalc PFT预测值,女孩MultiCalc PFT预测值,Female Pediatric Predicted Pulmonary Function Values,"身高,年龄",用力肺活量,FVC （用力肺活量） = e^(((1.48+(0.0127*年龄))*身高)-1.4057),输出为连续数值或生理指标；具体单位、正常范围和临床阈值按外部来源执行,临床评分/决策支持,医学计算器平台,MDCalc calculator library,https://www.mdcalc.com/,医学计算器平台汇总,B：临床计算器平台收录，需回源核公式,中高：临床常见或教学/决策支持常用,平台级覆盖；适合候选清单，公式需逐项回源验证,多为真实使用的临床决策支持工具，但不能替代原始指南,,外部来源验证,,
CALC-0070,呼吸与睡眠医学,,成人社区获得性肺炎严重程度评分,成人社区获得性肺炎严重程度评分,Pneumonia Severity Index,分钟；收缩压；mmHg；体温；C；F,成人社区获得性肺炎严重程度评分总分或风险分层,"性别
男 (0 分)
女 (-10 分)
人口因素
年龄(每年计1分)
疗养院居民 (10 分)
伴发疾病
肿瘤疾病 (30 分)
肝脏疾病 (20 分)
心力衰竭 (10 分)
脑血管疾病 (10 分)
肾脏疾病 (10 分)
身体检查结果
精神状态改变 (20 分)
呼吸速率>=30/分钟 (20 分)
收缩压<90 mmHg (20 分)
体温<35°C (95°F) 或 >=40°C (104°F) (15 分)
脉率>=125/分钟 (10 分)
实验室和影像学结果
动脉 pH <7.35 (30 分)
血尿素氮>=30 mg/dL (11 mmol/L) (20 分)
钠<130 mEq/L (20 分)
葡萄糖 >=250 mg/dL (14 mmol/L) (10 分)
血细胞比容 <30% (10 分)
动脉氧气分压<60 mmHg 或氧饱和度<90% (10 分)
胸膜积液 (10 分)","I 级 0.1% 的死亡率
0 - 70 分数:	II 级 0.6% 的死亡率
71 - 90 分数:	III 级 0.9% 的死亡率
91 - 130 分数:	IV 级 9.3% 的死亡率
131 - 395 分数:	V 级 27.0% 的死亡率",临床评分/决策支持,医学计算器平台,MDCalc calculator library,https://www.mdcalc.com/,医学计算器平台汇总,B：临床计算器平台收录，需回源核公式,中高：临床常见或教学/决策支持常用,平台级覆盖；适合候选清单，公式需逐项回源验证,多为真实使用的临床决策支持工具，但不能替代原始指南,,外部来源验证,,
CALC-0071,呼吸与睡眠医学,,气胸的塌陷程度,气胸的塌陷程度,Estimated Pneumothorax Size,"肺直径,半胸直径",百分比气胸,百分比气胸 = 100 * (1 - (肺直径^3 / 半胸直径^3)),输出为连续数值或生理指标；具体单位、正常范围和临床阈值按外部来源执行,临床评分/决策支持,医学计算器平台,MDCalc calculator library,https://www.mdcalc.com/,医学计算器平台汇总,B：临床计算器平台收录，需回源核公式,中高：临床常见或教学/决策支持常用,平台级覆盖；适合候选清单，公式需逐项回源验证,多为真实使用的临床决策支持工具，但不能替代原始指南,,外部来源验证,,
CALC-0072,呼吸与睡眠医学,,男孩MultiCalc PFT预测值,男孩MultiCalc PFT预测值,Male Pediatric Predicted Pulmonary Function Values,"身高,年龄",最大呼气量,FEV1 （最大呼气量） = e^(((1.2669+(0.0174*年龄))*身高)-1.2933),输出为连续数值或生理指标；具体单位、正常范围和临床阈值按外部来源执行,临床评分/决策支持,医学计算器平台,MDCalc calculator library,https://www.mdcalc.com/,医学计算器平台汇总,B：临床计算器平台收录，需回源核公式,中高：临床常见或教学/决策支持常用,平台级覆盖；适合候选清单，公式需逐项回源验证,多为真实使用的临床决策支持工具，但不能替代原始指南,,外部来源验证,,
CALC-0073,呼吸与睡眠医学,,男孩MultiCalc PFT预测值,男孩MultiCalc PFT预测值,Male Pediatric Predicted Pulmonary Function Values,"身高,年龄",用力肺活量,FVC （用力肺活量） = e^(((1.3731+(0.0164*年龄))*身高)-1.2782),输出为连续数值或生理指标；具体单位、正常范围和临床阈值按外部来源执行,临床评分/决策支持,医学计算器平台,MDCalc calculator library,https://www.mdcalc.com/,医学计算器平台汇总,B：临床计算器平台收录，需回源核公式,中高：临床常见或教学/决策支持常用,平台级覆盖；适合候选清单，公式需逐项回源验证,多为真实使用的临床决策支持工具，但不能替代原始指南,,外部来源验证,,
CALC-0074,呼吸与睡眠医学,,男性MultiCalc校正PFT,男性MultiCalc校正PFT,Male Adjusted Pulmonary Function Test Values,"身高,年龄,种族",最大呼气量,FEV1 （最大呼气量） = 种族 * 1.08 * ((0.043 * 身高) - (0.029 * 年龄) - 2.49 ),输出为连续数值或生理指标；具体单位、正常范围和临床阈值按外部来源执行,临床评分/决策支持,医学计算器平台,MDCalc calculator library,https://www.mdcalc.com/,医学计算器平台汇总,B：临床计算器平台收录，需回源核公式,中高：临床常见或教学/决策支持常用,平台级覆盖；适合候选清单，公式需逐项回源验证,多为真实使用的临床决策支持工具，但不能替代原始指南,,外部来源验证,,"种族
白种人 (1)
黑种人 (0.87)
亚洲人 (0.93)"
CALC-0075,呼吸与睡眠医学,,男性MultiCalc校正PFT,男性MultiCalc校正PFT,Male Adjusted Pulmonary Function Test Values,"身高,年龄,种族",用力肺活量,FVC （用力肺活量） = 种族 * 1.1 * ((0.0576 * 身高) - (0.0269 * 年龄) - 4.34 ),输出为连续数值或生理指标；具体单位、正常范围和临床阈值按外部来源执行,临床评分/决策支持,医学计算器平台,MDCalc calculator library,https://www.mdcalc.com/,医学计算器平台汇总,B：临床计算器平台收录，需回源核公式,中高：临床常见或教学/决策支持常用,平台级覆盖；适合候选清单，公式需逐项回源验证,多为真实使用的临床决策支持工具，但不能替代原始指南,,外部来源验证,,
CALC-0076,呼吸与睡眠医学,,纠正贫血后的一氧化碳弥散功能试验（DLCO）,纠正贫血后的一氧化碳弥散功能试验（DLCO）,Hemoglobin-Corrected DLCO,"性别,年龄,血红蛋白,DLCO预测值",DLCO 预测值校正,DLCO 预测值校正= DLCO 预测值*（1.7 * 血红蛋白/（年龄-性别-系数+ 血红蛋白））,输出为连续数值或生理指标；具体单位、正常范围和临床阈值按外部来源执行,症状/功能量表,医学计算器平台,MDCalc calculator library,https://www.mdcalc.com/,医学计算器平台汇总,B：临床计算器平台收录，需回源核公式,中高：临床常见或教学/决策支持常用,平台级覆盖；适合候选清单，公式需逐项回源验证,多为真实使用的临床决策支持工具，但不能替代原始指南,,外部来源验证,,"任何年龄的女性，以及小于15周岁的儿童，年龄-性别-系数为 9.38。
15 岁及以上男性，年龄-性别-系数 为 10.22。"
CALC-0077,呼吸与睡眠医学,,肺容积multicalc,肺容积multicalc,Lung Volumes Multicalc,"残气容积,肺总量",残气容积－肺总量比值,残气容积－肺总量比值 = 100 * 残气容积 / 肺总量,输出为连续数值或生理指标；具体单位、正常范围和临床阈值按外部来源执行,公式计算/生理指标,医学计算器平台,MDCalc calculator library,https://www.mdcalc.com/,医学计算器平台汇总,B：临床计算器平台收录，需回源核公式,中高：临床常见或教学/决策支持常用,平台级覆盖；适合候选清单，公式需逐项回源验证,多为真实使用的临床决策支持工具，但不能替代原始指南,,外部来源验证,,
CALC-0078,呼吸与睡眠医学,,肺容积multicalc,肺容积multicalc,Lung Volumes Multicalc,"补吸气容积,潮气容积",深吸气量,深吸气量 = 补吸气容积 + 潮气容积,输出为连续数值或生理指标；具体单位、正常范围和临床阈值按外部来源执行,临床评分/决策支持,医学计算器平台,MDCalc calculator library,https://www.mdcalc.com/,医学计算器平台汇总,B：临床计算器平台收录，需回源核公式,中高：临床常见或教学/决策支持常用,平台级覆盖；适合候选清单，公式需逐项回源验证,多为真实使用的临床决策支持工具，但不能替代原始指南,,外部来源验证,,
CALC-0079,呼吸与睡眠医学,,肺容积multicalc,肺容积multicalc,Lung Volumes Multicalc,"补吸气容积,潮气容积,补呼气容积",肺活量,肺活量 = 补吸气容积 + 潮气容积 + 补呼气容积,输出为连续数值或生理指标；具体单位、正常范围和临床阈值按外部来源执行,临床评分/决策支持,医学计算器平台,MDCalc calculator library,https://www.mdcalc.com/,医学计算器平台汇总,B：临床计算器平台收录，需回源核公式,中高：临床常见或教学/决策支持常用,平台级覆盖；适合候选清单，公式需逐项回源验证,多为真实使用的临床决策支持工具，但不能替代原始指南,,外部来源验证,,
CALC-0080,呼吸与睡眠医学,,肺容积multicalc,肺容积multicalc,Lung Volumes Multicalc,"补吸气容积,潮气容积,补呼气容积,残气容积",肺总量,肺总量 = 补吸气容积 + 潮气容积 + 补呼气容积 + 残气容积,输出为连续数值或生理指标；具体单位、正常范围和临床阈值按外部来源执行,临床评分/决策支持,医学计算器平台,MDCalc calculator library,https://www.mdcalc.com/,医学计算器平台汇总,B：临床计算器平台收录，需回源核公式,中高：临床常见或教学/决策支持常用,平台级覆盖；适合候选清单，公式需逐项回源验证,多为真实使用的临床决策支持工具，但不能替代原始指南,,外部来源验证,,
CALC-0081,呼吸与睡眠医学,,肺容积multicalc,肺容积multicalc,Lung Volumes Multicalc,"补呼气容积,残气容积",功能残气量,功能残气量 = 补呼气容积 + 残气容积,输出为连续数值或生理指标；具体单位、正常范围和临床阈值按外部来源执行,症状/功能量表,医学计算器平台,MDCalc calculator library,https://www.mdcalc.com/,医学计算器平台汇总,B：临床计算器平台收录，需回源核公式,中高：临床常见或教学/决策支持常用,平台级覆盖；适合候选清单，公式需逐项回源验证,多为真实使用的临床决策支持工具，但不能替代原始指南,,外部来源验证,,
CALC-0082,呼吸与睡眠医学,,肺容积multicalc,肺容积multicalc,Lung Volumes Multicalc,"闭合容积,残气容积",闭合气量,闭合气量 = 闭合容积 + 残气容积,输出为连续数值或生理指标；具体单位、正常范围和临床阈值按外部来源执行,临床评分/决策支持,医学计算器平台,MDCalc calculator library,https://www.mdcalc.com/,医学计算器平台汇总,B：临床计算器平台收录，需回源核公式,中高：临床常见或教学/决策支持常用,平台级覆盖；适合候选清单，公式需逐项回源验证,多为真实使用的临床决策支持工具，但不能替代原始指南,,外部来源验证,,
CALC-0083,呼吸与睡眠医学,,肺容积multicalc,肺容积multicalc,Lung Volumes Multicalc,"闭合容积,肺活量",闭合容积－肺活量比值,闭合容积－肺活量比值 = 100 * 闭合容积 / 肺活量,输出为连续数值或生理指标；具体单位、正常范围和临床阈值按外部来源执行,公式计算/生理指标,医学计算器平台,MDCalc calculator library,https://www.mdcalc.com/,医学计算器平台汇总,B：临床计算器平台收录，需回源核公式,中高：临床常见或教学/决策支持常用,平台级覆盖；适合候选清单，公式需逐项回源验证,多为真实使用的临床决策支持工具，但不能替代原始指南,,外部来源验证,,
CALC-0084,呼吸与睡眠医学,,肺容积multicalc,肺容积multicalc,Lung Volumes Multicalc,"闭合气量,肺总量",闭合气量－肺总量比值,闭合气量－肺总量比值 = 100 * 闭合气量 / 肺总量,输出为连续数值或生理指标；具体单位、正常范围和临床阈值按外部来源执行,公式计算/生理指标,医学计算器平台,MDCalc calculator library,https://www.mdcalc.com/,医学计算器平台汇总,B：临床计算器平台收录，需回源核公式,中高：临床常见或教学/决策支持常用,平台级覆盖；适合候选清单，公式需逐项回源验证,多为真实使用的临床决策支持工具，但不能替代原始指南,,外部来源验证,,
CALC-0085,呼吸与睡眠医学,,肺栓塞可能性：Wells评分系统,肺栓塞可能性：Wells评分系统,Wells Score for Pulmonary Embolism,或接受手术；有深静脉血栓或肺栓塞病史；出现咳血；出现恶性肿瘤,肺栓塞可能性：Wells评分系统总分或风险分层,"深静脉血栓症状 (3 分)
没有可更好地解释此疾病的其它诊断 (3 分)
心动过速，脉搏 > 100 (1.5 分)
在过去四周无法行动（>= 3 天）或接受手术 (1.5 分)
有深静脉血栓或肺栓塞病史 (1.5 分)
出现咳血 (1 分)
出现恶性肿瘤 (1 分)","分数 > 6:	高概率
分数 >= 2 以及 <= 6:	中等概率
分数 < 2:	低概率",诊断/分类辅助,医学计算器平台,MDCalc calculator library,https://www.mdcalc.com/,医学计算器平台汇总,B：临床计算器平台收录，需回源核公式,中高：临床常见或教学/决策支持常用,平台级覆盖；适合候选清单，公式需逐项回源验证,多为真实使用的临床决策支持工具，但不能替代原始指南,,外部来源验证,,
CALC-0086,呼吸与睡眠医学,,预测肺切除术后FEV1（灌注法）,预测肺切除术后FEV1（灌注法）,Predicted Postoperative FEV1 by Perfusion Method,"术前 FEV_1, 切除肺中总灌注的分数",术后 FEV_1,术后 FEV_1 = 术前 FEV_1 * (1 - 切除肺中总灌注的分数),输出为连续数值或生理指标；具体单位、正常范围和临床阈值按外部来源执行,临床评分/决策支持,医学计算器平台,MDCalc calculator library,https://www.mdcalc.com/,医学计算器平台汇总,B：临床计算器平台收录，需回源核公式,中高：临床常见或教学/决策支持常用,平台级覆盖；适合候选清单，公式需逐项回源验证,多为真实使用的临床决策支持工具，但不能替代原始指南,,外部来源验证,,
CALC-0087,呼吸与睡眠医学,,预测肺切除术后FEV1（解剖法）,预测肺切除术后FEV1（解剖法）,Predicted Postoperative FEV1 by Anatomic Method,"术前 FEV_1,Y,Z",术后 FEV_1,术后 FEV_1 = 术前 FEV_1 * (1 - Y/Z),输出为连续数值或生理指标；具体单位、正常范围和临床阈值按外部来源执行,临床评分/决策支持,医学计算器平台,MDCalc calculator library,https://www.mdcalc.com/,医学计算器平台汇总,B：临床计算器平台收录，需回源核公式,中高：临床常见或教学/决策支持常用,平台级覆盖；适合候选清单，公式需逐项回源验证,多为真实使用的临床决策支持工具，但不能替代原始指南,,外部来源验证,,"Y 是指功能性或无障碍肺段的数量要被删除。
Z 是指功能段的总数（通常为 19）。"
CALC-0088,呼吸与睡眠医学,,ARISCAT术后肺部并发症风险,ARISCAT术后肺部并发症风险,ARISCAT Score,年龄、SpO2、近期呼吸感染、贫血、切口、手术时长、急诊手术,术后肺部并发症风险,加权评分,低、中、高风险分层,风险预测/预后评估,网络补充,MDCalc calculator library,https://www.mdcalc.com/,医学计算器平台汇总,B：临床计算器平台收录，需回源核公式,中高：临床常见或教学/决策支持常用,平台级覆盖；适合候选清单，公式需逐项回源验证,多为真实使用的临床决策支持工具，但不能替代原始指南,,v1网络补充,,[MDCalc calculator library](https://www.mdcalc.com/)
CALC-0089,呼吸与睡眠医学,,BODE指数,BODE指数,BODE Index,BMI、FEV1%、mMRC呼吸困难、6分钟步行距离,COPD预后风险,Body mass + Obstruction + Dyspnea + Exercise,分值越高，死亡风险越高,风险预测/预后评估,网络补充,MDCalc calculator library,https://www.mdcalc.com/,医学计算器平台汇总,B：临床计算器平台收录，需回源核公式,中高：临床常见或教学/决策支持常用,平台级覆盖；适合候选清单，公式需逐项回源验证,多为真实使用的临床决策支持工具，但不能替代原始指南,,v1网络补充,,[MDCalc calculator library](https://www.mdcalc.com/)
CALC-0090,呼吸与睡眠医学,,CAT评分,CAT评分,COPD Assessment Test,咳嗽、痰、胸闷、活动、日常生活、外出信心、睡眠、精力,COPD症状负担,8题0-5分，总分0-40,10分以上提示症状负担较高,症状/功能量表,网络补充,MDCalc calculator library,https://www.mdcalc.com/,医学计算器平台汇总,B：临床计算器平台收录，需回源核公式,中高：临床常见或教学/决策支持常用,平台级覆盖；适合候选清单，公式需逐项回源验证,多为真实使用的临床决策支持工具，但不能替代原始指南,,v1网络补充,,[MDCalc calculator library](https://www.mdcalc.com/)
CALC-0091,呼吸与睡眠医学,,CURB-65肺炎严重度评分,CURB-65肺炎严重度评分,CURB-65 Score,意识障碍、尿素氮、呼吸频率、血压、年龄>=65,30日死亡风险分层,5项各1分,0-1低危；2中危；>=3高危,风险预测/预后评估,网络补充,MDCalc calculator library,https://www.mdcalc.com/,医学计算器平台汇总,B：临床计算器平台收录，需回源核公式,中高：临床常见或教学/决策支持常用,平台级覆盖；适合候选清单，公式需逐项回源验证,多为真实使用的临床决策支持工具，但不能替代原始指南,,v1网络补充,,[MDCalc calculator library](https://www.mdcalc.com/)
CALC-0092,呼吸与睡眠医学,,PSI/PORT肺炎严重度指数,PSI/PORT肺炎严重度指数,Pneumonia Severity Index,年龄、合并症、体征、实验室、影像等,肺炎风险等级I-V,PORT队列模型加权计分,I-II低危；III中危；IV-V高危,风险预测/预后评估,网络补充,MDCalc calculator library,https://www.mdcalc.com/,医学计算器平台汇总,B：临床计算器平台收录，需回源核公式,中高：临床常见或教学/决策支持常用,平台级覆盖；适合候选清单，公式需逐项回源验证,多为真实使用的临床决策支持工具，但不能替代原始指南,,v1网络补充,,[MDCalc calculator library](https://www.mdcalc.com/)
CALC-0093,呼吸与睡眠医学,,STOP-Bang睡眠呼吸暂停筛查,STOP-Bang睡眠呼吸暂停筛查,STOP-Bang Questionnaire,打鼾、疲劳、目击呼吸暂停、血压、BMI、年龄、颈围、性别,OSA风险分层,8项是/否加总,0-2低危；3-4中危；5-8高危,风险预测/预后评估,网络补充,MDCalc calculator library,https://www.mdcalc.com/,医学计算器平台汇总,B：临床计算器平台收录，需回源核公式,中高：临床常见或教学/决策支持常用,平台级覆盖；适合候选清单，公式需逐项回源验证,多为真实使用的临床决策支持工具，但不能替代原始指南,,v1网络补充,,[MDCalc calculator library](https://www.mdcalc.com/)
CALC-0094,呼吸与睡眠医学,,mMRC呼吸困难分级,mMRC呼吸困难分级,Modified Medical Research Council Dyspnea Scale,活动诱发呼吸困难程度,0-4级呼吸困难,按症状等级评分,级别越高，功能受限越重,症状/功能量表,网络补充,MDCalc calculator library,https://www.mdcalc.com/,官方指南/专业协会/监管或分期体系,A：官方或专业协会来源,高：对应专科真实临床常用或指南推荐,指南级覆盖；适合做正式模块，但需锁定版本,真实临床使用；实现时需核对最新指南、适用人群和授权,,v1网络补充,,[MDCalc calculator library](https://www.mdcalc.com/)
CALC-0095,呼吸与睡眠医学,,氧合指数,氧合指数,Oxygenation Index,FiO2、平均气道压、PaO2,OI,OI = FiO2 * MAPaw * 100 / PaO2,常用于重症呼吸衰竭/ARDS和儿科呼吸支持评估,公式计算/生理指标,网络补充,Merck Manual clinical calculators,https://www.merckmanuals.com/professional/pages-with-widgets/clinical-calculators,医学计算器平台汇总,B：临床计算器平台收录，需回源核公式,中高：临床常见或教学/决策支持常用,平台级覆盖；适合候选清单，公式需逐项回源验证,多为真实使用的临床决策支持工具，但不能替代原始指南,,v1网络补充,,[Merck Manual clinical calculators](https://www.merckmanuals.com/professional/pages-with-widgets/clinical-calculators)
CALC-0096,消化、肝胆与营养,,TIPS风险预测/生存预测因素（经颈静脉肝内门体分流术）,TIPS风险预测/生存预测因素（经颈静脉肝内门体分流术）,TIPS Risk and Survival Prediction,"创建,胆红素,INR,病因",风险评分,风险评分 = (0.957 * ln(创建)) + (0.378 * ln(胆红素)) + (1.12 * ln(INR)) + (0.643 * 病因),输出为连续数值或生理指标；具体单位、正常范围和临床阈值按外部来源执行,风险预测/预后评估,医学计算器平台,MDCalc calculator library,https://www.mdcalc.com/,医学计算器平台汇总,B：临床计算器平台收录，需回源核公式,中高：临床常见或教学/决策支持常用,平台级覆盖；适合候选清单，公式需逐项回源验证,多为真实使用的临床决策支持工具，但不能替代原始指南,,外部来源验证,,"病因
酒精或胆汁淤积 (0)
病毒或其他肝脏疾病 (1)"
CALC-0097,消化、肝胆与营养,,TIPS风险预测/生存预测因素（经颈静脉肝内门体分流术）,TIPS风险预测/生存预测因素（经颈静脉肝内门体分流术）,TIPS Risk and Survival Prediction,"创建,胆红素,INR,病因",风险评分,风险评分 = (0.957 * ln(创建)) + (0.378 * ln(胆红素)) + (1.12 * ln(INR)) + (0.643 * 病因),输出为连续数值或生理指标；具体单位、正常范围和临床阈值按外部来源执行,风险预测/预后评估,医学计算器平台,MDCalc calculator library,https://www.mdcalc.com/,医学计算器平台汇总,B：临床计算器平台收录，需回源核公式,中高：临床常见或教学/决策支持常用,平台级覆盖；适合候选清单，公式需逐项回源验证,多为真实使用的临床决策支持工具，但不能替代原始指南,,外部来源验证,,"病因
酒精或胆汁淤积 (0)
病毒或其他肝脏疾病 (1)"
CALC-0098,消化、肝胆与营养,,TIPS风险预测/生存预测因素（经颈静脉肝内门体分流术）,TIPS风险预测/生存预测因素（经颈静脉肝内门体分流术）,TIPS Risk and Survival Prediction,risk_score; days,TIPS指定时点生存概率,基于TIPS风险评分和90/365天基线生存率计算指定时点生存概率。,输出为0-1概率；数值越低提示预测生存率越低。,风险预测/预后评估,TIPS预后模型/医学计算器,TIPS Risk and Survival Prediction / MDCalc,https://www.mdcalc.com/,外部来源公式级核对并接入Python实现,A：官方/专业协会或原始评分体系来源,中高：临床常见或教学/决策支持常用,已完成公式/规则级外部来源核对并接入Python实现,用于临床决策支持、教学或质量评估；不能替代完整指南和临床判断,,外部来源验证,,Python实现采用风险评分与支持的90/365天基线时点。
CALC-0099,消化、肝胆与营养,,TIPS风险预测/生存预测因素（经颈静脉肝内门体分流术）,TIPS风险预测/生存预测因素（经颈静脉肝内门体分流术）,TIPS Risk and Survival Prediction,risk_score; days,TIPS指定时点生存概率,基于TIPS风险评分和90/365天基线生存率计算指定时点生存概率。,输出为0-1概率；数值越低提示预测生存率越低。,风险预测/预后评估,TIPS预后模型/医学计算器,TIPS Risk and Survival Prediction / MDCalc,https://www.mdcalc.com/,外部来源公式级核对并接入Python实现,A：官方/专业协会或原始评分体系来源,中高：临床常见或教学/决策支持常用,已完成公式/规则级外部来源核对并接入Python实现,用于临床决策支持、教学或质量评估；不能替代完整指南和临床判断,,外部来源验证,,Python实现采用风险评分与支持的90/365天基线时点。
CALC-0100,消化、肝胆与营养,,下消化道出血和严重出血风险,下消化道出血和严重出血风险,Severe Lower Gastrointestinal Bleeding Risk,pulse_100_or_more; systolic_bp_115_or_less; syncope; nontender_abdomen; rectal_bleeding_first_4_hours; aspirin_use; three_or_more_comorbidities,Strate严重下消化道出血风险评分和风险百分比,7个风险因素各1分；按总分映射严重下消化道出血风险百分比。,分值越高提示严重下消化道出血风险越高。,风险预测/预后评估,同行评议风险评分,Strate LGIB severe bleeding risk factors,https://jamanetwork.com/journals/jamainternalmedicine/fullarticle/215351,外部来源公式级核对并接入Python实现,A：官方/专业协会或原始评分体系来源,中：专科、研究或随访场景常用，泛临床频率不一,已完成公式/规则级外部来源核对并接入Python实现,用于临床决策支持、教学或质量评估；不能替代完整指南和临床判断,,外部来源验证,,Python实现采用编码布尔风险因素输入。
CALC-0101,消化、肝胆与营养,,丙型肝炎肝硬化的概率,丙型肝炎肝硬化的概率,Probability of Cirrhosis in Hepatitis C,"AST,ALT,INR,血小板",Lok指数,"日志可能性Lok = (1.26 * AST / ALT) + (5.27 * INR) - (0.0089 * 血小板) - 5.56
Lok指数 = e^(日志可能性Lok) / (1 + e^(日志可能性Lok))","分数 < 0.2:	肝硬化的可能性较小
分数 >= 0.2 以及 <= 0.5:	不确定
分数 > 0.5:	肝硬化的可能性较大",公式计算/生理指标,医学计算器平台,MDCalc calculator library,https://www.mdcalc.com/,医学计算器平台汇总,B：临床计算器平台收录，需回源核公式,中高：临床常见或教学/决策支持常用,平台级覆盖；适合候选清单，公式需逐项回源验证,多为真实使用的临床决策支持工具，但不能替代原始指南,,外部来源验证,,
CALC-0102,消化、肝胆与营养,,丙型肝炎肝硬化的概率,丙型肝炎肝硬化的概率,Probability of Cirrhosis in Hepatitis C,"AST,顶级正常值 AST,INR,血小板",GUCI,GUCI = (AST / 顶级正常值AST) * INR * 100 / 血小板,"分值 < 1:	肝硬化的可能性较小
分值 >= 1:	肝硬化的可能性较大",临床评分/决策支持,医学计算器平台,MDCalc calculator library,https://www.mdcalc.com/,医学计算器平台汇总,B：临床计算器平台收录，需回源核公式,中高：临床常见或教学/决策支持常用,平台级覆盖；适合候选清单，公式需逐项回源验证,多为真实使用的临床决策支持工具，但不能替代原始指南,,外部来源验证,,
CALC-0103,消化、肝胆与营养,,丙型肝炎肝硬化的概率,丙型肝炎肝硬化的概率,Probability of Cirrhosis in Hepatitis C,"AST,顶级正常值 AST,血小板",APRI,APRI = (AST / 顶级正常值AST) * (100 / 血小板),"分值 <= 0.5:	显著纤维化或肝硬化的可能性较小
分值 > 0.5 以及 <= 1:	显著纤维化不确定，肝硬化的可能性较小
分值 > 1 以及 <= 1.5:	显著纤维化的可能性较大，肝硬化不确定
分值 > 1.5 以及 <= 2:	显著纤维化的可能性较大，但肝硬化不确定
分值 > 2:	显著纤维化和肝硬化的可能性较大",临床评分/决策支持,医学计算器平台,MDCalc calculator library,https://www.mdcalc.com/,医学计算器平台汇总,B：临床计算器平台收录，需回源核公式,中高：临床常见或教学/决策支持常用,平台级覆盖；适合候选清单，公式需逐项回源验证,多为真实使用的临床决策支持工具，但不能替代原始指南,,外部来源验证,,
CALC-0104,消化、肝胆与营养,,丙型肝炎肝硬化的概率,丙型肝炎肝硬化的概率,Probability of Cirrhosis in Hepatitis C,"年龄,AST,血小板,ALT",FIB4,FIB4 = 年龄 * AST / (血小板 * sqr(ALT)),"分值 < 1.45:	肝硬化的可能性较小
分值 >= 1.45 以及 <= 3.25:	不确定
分值 > 3.25:	肝硬化的可能性较大",临床评分/决策支持,医学计算器平台,MDCalc calculator library,https://www.mdcalc.com/,医学计算器平台汇总,B：临床计算器平台收录，需回源核公式,中高：临床常见或教学/决策支持常用,平台级覆盖；适合候选清单，公式需逐项回源验证,多为真实使用的临床决策支持工具，但不能替代原始指南,,外部来源验证,,
CALC-0105,消化、肝胆与营养,,丙型肝炎肝硬化的概率,丙型肝炎肝硬化的概率,Probability of Cirrhosis in Hepatitis C,"血小板,ALT,AST,INR",CDS,CDS = PlateletScore + ALTASTRatioScore + INRScore,"0 - 7 Points:	肝硬化的可能性较小
8 - 11 Points:	肝硬化的可能性较大",临床评分/决策支持,医学计算器平台,MDCalc calculator library,https://www.mdcalc.com/,外部来源公式级核对并接入Python实现,B：临床计算器平台收录，需回源核公式,中高：临床常见或教学/决策支持常用,已完成公式/规则级外部来源核对并接入Python实现,用于临床决策支持、教学或质量评估；不能替代完整指南和临床判断,,外部来源验证,,Python实现采用预编码或预评分输入，未复刻受版权保护的完整问卷题干。
CALC-0106,消化、肝胆与营养,,体质指数（凯特勒指数）,体质指数（凯特勒指数）,Body Mass Index,"身高,体重",身体质量指数,身体质量指数(BMI) = (体重/2.205) / (身高/39.37)^2,"身体质量指数(BMI) < 18.5: 低于正常体重
身体质量指数(BMI) >= 18.5 以及 < 25: 正常体重
身体质量指数(BMI) >= 25 以及 < 30:	超重
身体质量指数(BMI) >= 30 以及 < 35:	一类肥胖
身体质量指数(BMI) >= 35 以及 < 40: 二类肥胖
身体质量指数(BMI) >= 40: 三类肥胖",公式计算/生理指标,官方指南/专业协会,CDC BMI calculators,https://www.cdc.gov/bmi/,官方指南/专业协会/监管或分期体系,A：官方或专业协会来源,高：对应专科真实临床常用或指南推荐,指南级覆盖；适合做正式模块，但需锁定版本,真实临床使用；实现时需核对最新指南、适用人群和授权,,外部来源验证,,
CALC-0107,消化、肝胆与营养,,克罗恩病活动指数（CDAI）,克罗恩病活动指数（CDAI）,Crohn's Disease Activity Index,liquid_stools_7_days; abdominal_pain_sum_7_days; general_wellbeing_sum_7_days; complications_count; antidiarrheal_or_opiate; abdominal_mass; hematocrit_percent; sex; current_weight_kg; standard_weight_kg,CDAI总分,CDAI = 2*7日稀便次数 + 5*7日腹痛评分和 + 7*7日总体状态评分和 + 20*并发症数 + 30*止泻药/阿片使用 + 10*腹部包块分值 + 6*红细胞压积缺口 + 体重缺口百分比,<150缓解；150-219轻度；220-450中重度；>450重度。,症状/功能量表,医学计算器平台/原始评分体系,MDCalc Crohn Disease Activity Index / original CDAI scoring,https://www.mdcalc.com/calc/76/crohns-disease-activity-index-cdai,外部来源公式级核对并接入Python实现,A：官方/专业协会或原始评分体系来源,中高：临床常见或教学/决策支持常用,已完成公式/规则级外部来源核对并接入Python实现,用于临床决策支持、教学或质量评估；不能替代完整指南和临床判断,,外部来源验证,,Python实现采用预编码或预评分输入，未复刻受版权保护的完整问卷题干。
CALC-0108,消化、肝胆与营养,,基础热量需要量,基础热量需要量,Basal Energy Expenditure,"体重,身高,年龄",基础能量消耗女性,基础能量消耗女性 = 655.1 + (9.563 * 体重) + (1.85 * 身高) - (4.676 * 年龄),输出为连续数值或生理指标；具体单位、正常范围和临床阈值按外部来源执行,临床评分/决策支持,医学计算器平台,MDCalc calculator library,https://www.mdcalc.com/,官方指南/专业协会/监管或分期体系,A：官方或专业协会来源,高：对应专科真实临床常用或指南推荐,指南级覆盖；适合做正式模块，但需锁定版本,真实临床使用；实现时需核对最新指南、适用人群和授权,,外部来源验证,,
CALC-0109,消化、肝胆与营养,,基础热量需要量,基础热量需要量,Basal Energy Expenditure,"体重,身高,年龄",基础能量消耗男性,基础能量消耗男性 = 66.5 + (13.75 * 体重) + (5.003 * 身高) - (6.775 * 年龄),输出为连续数值或生理指标；具体单位、正常范围和临床阈值按外部来源执行,临床评分/决策支持,医学计算器平台,MDCalc calculator library,https://www.mdcalc.com/,官方指南/专业协会/监管或分期体系,A：官方或专业协会来源,高：对应专科真实临床常用或指南推荐,指南级覆盖；适合做正式模块，但需锁定版本,真实临床使用；实现时需核对最新指南、适用人群和授权,,外部来源验证,,
CALC-0110,消化、肝胆与营养,,糖皮质激素治疗酒精性肝炎的肝炎判别函数,糖皮质激素治疗酒精性肝炎的肝炎判别函数,Maddrey Discriminant Function for Alcoholic Hepatitis,"患者凝血酶原时间,凝血酶原时间参考值,血总胆红素",分数,分数 = 4.6 * (患者凝血酶原时间 - 凝血酶原时间参考值) + 血总胆红素,输出为连续数值或生理指标；具体单位、正常范围和临床阈值按外部来源执行,临床评分/决策支持,医学计算器平台,MDCalc calculator library,https://www.mdcalc.com/,医学计算器平台汇总,B：临床计算器平台收录，需回源核公式,中高：临床常见或教学/决策支持常用,平台级覆盖；适合候选清单，公式需逐项回源验证,多为真实使用的临床决策支持工具，但不能替代原始指南,,外部来源验证,,
CALC-0111,消化、肝胆与营养,,终末期肝病MELDNa评分（不适合12岁以下患者）,终末期肝病MELDNa评分（不适合12岁以下患者）,MELD-Na Score,"MELD评分,血清钠",MELDNa评分,MELDNa评分 = MELD评分 - 血清钠 - (0.025 * MELD评分 * (140 - 血清钠)) + 140,输出为连续数值或生理指标；具体单位、正常范围和临床阈值按外部来源执行,临床评分/决策支持,官方指南/专业协会,OPTN MELD calculator,https://optn.transplant.hrsa.gov/data/allocation-calculators/meld-calculator/,官方指南/专业协会/监管或分期体系,A：官方或专业协会来源,高：对应专科真实临床常用或指南推荐,指南级覆盖；适合做正式模块，但需锁定版本,真实临床使用；实现时需核对最新指南、适用人群和授权,,外部来源验证,,
CALC-0112,消化、肝胆与营养,,终末期肝病MELDNa评分（不适合12岁以下患者）,终末期肝病MELDNa评分（不适合12岁以下患者）,MELD-Na Score,"肌酐,胆红素,国际标准化比率",MELD评分,MELD评分 = 10 * ((0.957 * ln(肌酐)) + (0.378 * ln(胆红素)) + (1.12 * ln(国际标准化比率))) + 6.43,输出为连续数值或生理指标；具体单位、正常范围和临床阈值按外部来源执行,临床评分/决策支持,官方指南/专业协会,OPTN MELD calculator,https://optn.transplant.hrsa.gov/data/allocation-calculators/meld-calculator/,官方指南/专业协会/监管或分期体系,A：官方或专业协会来源,高：对应专科真实临床常用或指南推荐,指南级覆盖；适合做正式模块，但需锁定版本,真实临床使用；实现时需核对最新指南、适用人群和授权,,外部来源验证,,若患者评分前一周，已进行两次及以上血液透析或 24 小时连续静脉-静脉血液透析（CVVHD），肌酐设为4 mg/dL，即模型可允许最大肌酐水平。
CALC-0113,消化、肝胆与营养,,肝病严重程度的Child Pugh分类,肝病严重程度的Child Pugh分类,Child-Pugh Score,量表条目；临床表现；体征或检查结果,肝病严重程度的Child Pugh分类总分或风险分层,"脑病
无 (1 分)
1 级：改变了心情/意识模糊 (2 分)
2 级：不适当的行为、即将发生的木僵、嗜睡 (2 分)
3 级：显著的意识模糊，不省人事但可唤醒 (3 分)
4 级：昏睡/反应迟钝 (3 分)
腹水
消失 (1 分)
极轻 (2 分)
中度 (3 分)
胆红素
<2 mg/dL (1 分)
2-3 mg/dL (2 分)
>3 mg/dL (3 分)
白蛋白
>3.5 g/dL (1 分)
2.8-3.5 g/dL (2 分)
<2.8 g/dL (3 分)
凝血酶原时间延长
比对照者少 4 秒/INR <1.7 (1 分)
比对照者高 4-6 秒/INR 1.7-2.3 (2 分)
比对照者多 6 秒/INR >2.3 (3 分)","5 - 6 分值:	儿童 A 级
7 - 9 分值:	儿童 B 级
10 - 15 分值:	儿童 C 级",临床评分/决策支持,医学计算器平台,MDCalc calculator library,https://www.mdcalc.com/,医学计算器平台汇总,B：临床计算器平台收录，需回源核公式,中高：临床常见或教学/决策支持常用,平台级覆盖；适合候选清单，公式需逐项回源验证,多为真实使用的临床决策支持工具，但不能替代原始指南,,外部来源验证,,
CALC-0114,消化、肝胆与营养,,腹水白蛋白梯度,腹水白蛋白梯度,Serum-Ascites Albumin Gradient,"血清白蛋白,腹水白蛋白",血清腹水白蛋白梯度,血清腹水白蛋白梯度(SAAG) = 血清白蛋白 - 腹水白蛋白,输出为连续数值或生理指标；具体单位、正常范围和临床阈值按外部来源执行,临床评分/决策支持,医学计算器平台,MDCalc calculator library,https://www.mdcalc.com/,医学计算器平台汇总,B：临床计算器平台收录，需回源核公式,中高：临床常见或教学/决策支持常用,平台级覆盖；适合候选清单，公式需逐项回源验证,多为真实使用的临床决策支持工具，但不能替代原始指南,,外部来源验证,,
CALC-0115,消化、肝胆与营养,,自身免疫性肝炎诊断标准,自身免疫性肝炎诊断标准,Autoimmune Hepatitis Diagnostic Criteria,autoantibodies; igg; liver_histology; viral_hepatitis_absent,简化AIH诊断标准总分和分类,自身抗体、IgG、肝组织学和排除病毒性肝炎四域加权求和。,>=6分提示可能AIH；>=7分提示明确AIH。,风险预测/预后评估,原始分类标准/同行评议文献,Simplified autoimmune hepatitis criteria review,https://pmc.ncbi.nlm.nih.gov/articles/PMC6567853/,外部来源公式级核对并接入Python实现,A：官方/专业协会或原始评分体系来源,中高：临床常见或教学/决策支持常用,已完成公式/规则级外部来源核对并接入Python实现,用于临床决策支持、教学或质量评估；不能替代完整指南和临床判断,,外部来源验证,,Python实现采用预编码或预评分输入，未复刻受版权保护的完整问卷题干。
CALC-0116,消化、肝胆与营养,,APRI指数,APRI指数,AST to Platelet Ratio Index,AST、AST正常上限、血小板,肝纤维化/肝硬化风险,(AST/ULN)/血小板 * 100,较高值提示显著纤维化或肝硬化可能,风险预测/预后评估,网络补充,MDCalc calculator library,https://www.mdcalc.com/,医学计算器平台汇总,B：临床计算器平台收录，需回源核公式,中高：临床常见或教学/决策支持常用,平台级覆盖；适合候选清单，公式需逐项回源验证,多为真实使用的临床决策支持工具，但不能替代原始指南,,v1网络补充,,[MDCalc calculator library](https://www.mdcalc.com/)
CALC-0117,消化、肝胆与营养,,BISAP急性胰腺炎评分,BISAP急性胰腺炎评分,BISAP Score,BUN、意识、SIRS、年龄、胸腔积液,急性胰腺炎死亡风险,5项各1分,>=3提示较高死亡风险,风险预测/预后评估,网络补充,MDCalc calculator library,https://www.mdcalc.com/,医学计算器平台汇总,B：临床计算器平台收录，需回源核公式,中高：临床常见或教学/决策支持常用,平台级覆盖；适合候选清单，公式需逐项回源验证,多为真实使用的临床决策支持工具，但不能替代原始指南,,v1网络补充,,[MDCalc calculator library](https://www.mdcalc.com/)
CALC-0118,消化、肝胆与营养,,FIB-4指数,FIB-4指数,FIB-4 Index,年龄、AST、ALT、血小板,肝纤维化风险,年龄*AST/(血小板*sqrt(ALT)),低值倾向排除进展期纤维化，高值提示需进一步评估,风险预测/预后评估,网络补充,MDCalc calculator library,https://www.mdcalc.com/,医学计算器平台汇总,B：临床计算器平台收录，需回源核公式,中高：临床常见或教学/决策支持常用,平台级覆盖；适合候选清单，公式需逐项回源验证,多为真实使用的临床决策支持工具，但不能替代原始指南,,v1网络补充,,[MDCalc calculator library](https://www.mdcalc.com/)
CALC-0119,消化、肝胆与营养,,Glasgow-Blatchford上消化道出血评分,Glasgow-Blatchford上消化道出血评分,Glasgow-Blatchford Bleeding Score,BUN、血红蛋白、收缩压、脉搏、黑便、晕厥、肝病、心衰,需干预或死亡风险,GBS加权评分,0-1常提示极低风险；分值越高风险越高,风险预测/预后评估,网络补充,MDCalc calculator library,https://www.mdcalc.com/,医学计算器平台汇总,B：临床计算器平台收录，需回源核公式,中高：临床常见或教学/决策支持常用,平台级覆盖；适合候选清单，公式需逐项回源验证,多为真实使用的临床决策支持工具，但不能替代原始指南,,v1网络补充,,[MDCalc calculator library](https://www.mdcalc.com/)
CALC-0120,消化、肝胆与营养,,MELD 3.0评分,MELD 3.0评分,MELD 3.0 Score,胆红素、INR、肌酐、钠、白蛋白、性别、透析状态,肝病死亡风险/移植分配评分,OPTN MELD 3.0公式,分值越高，短期死亡风险越高,风险预测/预后评估,网络补充,OPTN MELD calculator,https://optn.transplant.hrsa.gov/data/allocation-calculators/meld-calculator/,官方指南/专业协会/监管或分期体系,A：官方或专业协会来源,高：对应专科真实临床常用或指南推荐,指南级覆盖；适合做正式模块，但需锁定版本,真实临床使用；实现时需核对最新指南、适用人群和授权,,v1网络补充,,[OPTN MELD calculator](https://optn.transplant.hrsa.gov/data/allocation-calculators/meld-calculator/)
CALC-0121,消化、肝胆与营养,,MUST营养不良筛查,MUST营养不良筛查,Malnutrition Universal Screening Tool,BMI、非计划体重下降、急性疾病影响进食,营养不良风险,三部分评分加总,0低风险；1中风险；>=2高风险,风险预测/预后评估,网络补充,Calculate by QxMD,https://qxmd.com/calculate/,官方指南/专业协会/监管或分期体系,A：官方或专业协会来源,高：对应专科真实临床常用或指南推荐,指南级覆盖；适合做正式模块，但需锁定版本,真实临床使用；实现时需核对最新指南、适用人群和授权,,v1网络补充,,[Calculate by QxMD](https://qxmd.com/calculate/)
CALC-0122,消化、肝胆与营养,,NRS-2002营养风险筛查,NRS-2002营养风险筛查,Nutritional Risk Screening 2002,营养状态受损、疾病严重度、年龄>=70,住院营养风险,营养评分+疾病评分+年龄加分,>=3提示营养风险,风险预测/预后评估,网络补充,Calculate by QxMD,https://qxmd.com/calculate/,医学计算器平台汇总,B：临床计算器平台收录，需回源核公式,中高：临床常见或教学/决策支持常用,平台级覆盖；适合候选清单，公式需逐项回源验证,多为真实使用的临床决策支持工具，但不能替代原始指南,,v1网络补充,,[Calculate by QxMD](https://qxmd.com/calculate/)
CALC-0123,消化、肝胆与营养,,Ranson急性胰腺炎标准,Ranson急性胰腺炎标准,Ranson Criteria,入院和48小时实验室/临床指标,急性胰腺炎严重度,入院5项+48小时6项,分值越高，严重并发症/死亡风险越高,临床评分/决策支持,网络补充,MDCalc calculator library,https://www.mdcalc.com/,医学计算器平台汇总,B：临床计算器平台收录，需回源核公式,中高：临床常见或教学/决策支持常用,平台级覆盖；适合候选清单，公式需逐项回源验证,多为真实使用的临床决策支持工具，但不能替代原始指南,,v1网络补充,,[MDCalc calculator library](https://www.mdcalc.com/)
CALC-0124,消化、肝胆与营养,,Rockall上消化道出血评分,Rockall上消化道出血评分,Rockall Score,年龄、休克、合并病、内镜诊断、近期出血征象,再出血和死亡风险,临床+内镜条目加总,分值越高风险越高,风险预测/预后评估,网络补充,MDCalc calculator library,https://www.mdcalc.com/,医学计算器平台汇总,B：临床计算器平台收录，需回源核公式,中高：临床常见或教学/决策支持常用,平台级覆盖；适合候选清单，公式需逐项回源验证,多为真实使用的临床决策支持工具，但不能替代原始指南,,v1网络补充,,[MDCalc calculator library](https://www.mdcalc.com/)
CALC-0125,肾脏与泌尿生殖,,MDRD公式估算肾小球滤过率,MDRD公式估算肾小球滤过率,MDRD Estimated Glomerular Filtration Rate,"血清肌酐,年龄,性别,种族,血尿素氮,白蛋白",肾小球滤过率,肾小球滤过率 = 170 * 血清肌酐^-0.999 * 年龄^-0.176 * 性别 * 种族 * 血尿素氮^-0.170 * 白蛋白^0.318,输出为连续数值或生理指标；具体单位、正常范围和临床阈值按外部来源执行,公式计算/生理指标,官方指南/专业协会,National Kidney Foundation eGFR calculator,https://www.kidney.org/professionals/gfr_calculator,官方指南/专业协会/监管或分期体系,A：官方或专业协会来源,高：对应专科真实临床常用或指南推荐,指南级覆盖；适合做正式模块，但需锁定版本,真实临床使用；实现时需核对最新指南、适用人群和授权,,外部来源验证,,
CALC-0126,肾脏与泌尿生殖,,Na排泄分数,Na排泄分数,Fractional Excretion of Sodium,"尿钠,血清钠,尿肌酐,血清钠酐",钠排泄分数,FENa(钠排泄分数) = (尿钠 / 血清钠) / (尿肌酐 / 血清肌酐) * 100,输出为连续数值或生理指标；具体单位、正常范围和临床阈值按外部来源执行,临床评分/决策支持,医学计算器平台,MDCalc calculator library,https://www.mdcalc.com/,医学计算器平台汇总,B：临床计算器平台收录，需回源核公式,中高：临床常见或教学/决策支持常用,平台级覆盖；适合候选清单，公式需逐项回源验证,多为真实使用的临床决策支持工具，但不能替代原始指南,,外部来源验证,,
CALC-0127,肾脏与泌尿生殖,,Na排泄分数（SI单位）,Na排泄分数（SI单位）,Fractional Excretion of Sodium in SI Units,"尿钠,血清钠,尿肌酐,血清钠酐",钠排泄分数,FENa(钠排泄分数) = (尿钠 / 血清钠) / (尿肌酐 / 血清肌酐) * 100,输出为连续数值或生理指标；具体单位、正常范围和临床阈值按外部来源执行,临床评分/决策支持,医学计算器平台,MDCalc calculator library,https://www.mdcalc.com/,医学计算器平台汇总,B：临床计算器平台收录，需回源核公式,中高：临床常见或教学/决策支持常用,平台级覆盖；适合候选清单，公式需逐项回源验证,多为真实使用的临床决策支持工具，但不能替代原始指南,,外部来源验证,,
CALC-0128,肾脏与泌尿生殖,,低白蛋白血症时的阴离子间隙,低白蛋白血症时的阴离子间隙,Albumin-Corrected Anion Gap,"钠,氯,碳酸氢根",阴离子间隙,阴离子间隙 = 钠 - 氯 - 碳酸氢根,输出为连续数值或生理指标；具体单位、正常范围和临床阈值按外部来源执行,临床评分/决策支持,医学计算器平台,MDCalc calculator library,https://www.mdcalc.com/,医学计算器平台汇总,B：临床计算器平台收录，需回源核公式,中高：临床常见或教学/决策支持常用,平台级覆盖；适合候选清单，公式需逐项回源验证,多为真实使用的临床决策支持工具，但不能替代原始指南,,外部来源验证,,
CALC-0129,肾脏与泌尿生殖,,低白蛋白血症时的阴离子间隙,低白蛋白血症时的阴离子间隙,Albumin-Corrected Anion Gap,"阴离子间隙,正常白蛋白,观察到白蛋白",校正间隙,校正间隙 = 阴离子间隙 + 2.5 * (正常白蛋白 - 观察到白蛋白),输出为连续数值或生理指标；具体单位、正常范围和临床阈值按外部来源执行,临床评分/决策支持,医学计算器平台,MDCalc calculator library,https://www.mdcalc.com/,医学计算器平台汇总,B：临床计算器平台收录，需回源核公式,中高：临床常见或教学/决策支持常用,平台级覆盖；适合候选清单，公式需逐项回源验证,多为真实使用的临床决策支持工具，但不能替代原始指南,,外部来源验证,,
CALC-0130,肾脏与泌尿生殖,,体表面积（Du Bois 法）,体表面积（Du Bois 法）,Body Surface Area by Du Bois Formula,"身高,体重",体表面积,体表面积(BSA) = 0.007184 * 身高^0.725 * 体重^0.425,输出为连续数值或生理指标；具体单位、正常范围和临床阈值按外部来源执行,临床评分/决策支持,医学计算器平台,MDCalc calculator library,https://www.mdcalc.com/,医学计算器平台汇总,B：临床计算器平台收录，需回源核公式,中高：临床常见或教学/决策支持常用,平台级覆盖；适合候选清单，公式需逐项回源验证,多为真实使用的临床决策支持工具，但不能替代原始指南,,外部来源验证,,
CALC-0131,肾脏与泌尿生殖,,净体重（女）,净体重（女）,Female Lean Body Weight,身高,去脂体重,去脂体重 = (0.65 * 身高) - 50.74,输出为连续数值或生理指标；具体单位、正常范围和临床阈值按外部来源执行,临床评分/决策支持,医学计算器平台,MDCalc calculator library,https://www.mdcalc.com/,医学计算器平台汇总,B：临床计算器平台收录，需回源核公式,中高：临床常见或教学/决策支持常用,平台级覆盖；适合候选清单，公式需逐项回源验证,多为真实使用的临床决策支持工具，但不能替代原始指南,,外部来源验证,,
CALC-0132,肾脏与泌尿生殖,,净体重（男）,净体重（男）,Male Lean Body Weight,身高,去脂体重,去脂体重 = (0.73 * 身高) - 59.42,输出为连续数值或生理指标；具体单位、正常范围和临床阈值按外部来源执行,临床评分/决策支持,医学计算器平台,MDCalc calculator library,https://www.mdcalc.com/,医学计算器平台汇总,B：临床计算器平台收录，需回源核公式,中高：临床常见或教学/决策支持常用,平台级覆盖；适合候选清单，公式需逐项回源验证,多为真实使用的临床决策支持工具，但不能替代原始指南,,外部来源验证,,
CALC-0133,肾脏与泌尿生殖,,分布容积,分布容积,Volume of Distribution,"年龄,身高,体重",尿素分布容积男性,尿素分布容积男性 = 2.447 - (0.09516 * 年龄) + (0.1074 * 身高) + (0.3362 * 体重),输出为连续数值或生理指标；具体单位、正常范围和临床阈值按外部来源执行,临床评分/决策支持,医学计算器平台,MDCalc calculator library,https://www.mdcalc.com/,医学计算器平台汇总,B：临床计算器平台收录，需回源核公式,中高：临床常见或教学/决策支持常用,平台级覆盖；适合候选清单，公式需逐项回源验证,多为真实使用的临床决策支持工具，但不能替代原始指南,,外部来源验证,,
CALC-0134,肾脏与泌尿生殖,,分布容积,分布容积,Volume of Distribution,"身高,体重",尿素分布容积女性,尿素分布容积女性 = (0.1069 * 身高) + (0.2466 * 体重) - 2.097,输出为连续数值或生理指标；具体单位、正常范围和临床阈值按外部来源执行,临床评分/决策支持,医学计算器平台,MDCalc calculator library,https://www.mdcalc.com/,医学计算器平台汇总,B：临床计算器平台收录，需回源核公式,中高：临床常见或教学/决策支持常用,平台级覆盖；适合候选清单，公式需逐项回源验证,多为真实使用的临床决策支持工具，但不能替代原始指南,,外部来源验证,,
CALC-0135,肾脏与泌尿生殖,,前列腺疾病症状评分,前列腺疾病症状评分,International Prostate Symptom Score,量表条目；临床表现；体征或检查结果,前列腺疾病症状评分总分或风险分层,"过去的一个月里，您是否有以下症状？
过去的一个月里，您是否有尿不尽的感觉？
无 (0 分)
低于每五次中有一次 (1 分)
低于每两次中有一次 (2 分)
大约每两次中有一次 (3 分)
高于每两次中有一次 (4 分)
总是 (5 分)
过去的一个月里，您是否需要在2个小时内多次去卫生间？
无 (0 分)
低于每五次中有一次 (1 分)
低于每两次中有一次 (2 分)
大约每两次中有一次 (3 分)
高于每两次中有一次 (4 分)
总是 (5 分)
过去的一个月里，您是否会有排尿中断？
无 (0 分)
低于每五次中有一次 (1 分)
低于每两次中有一次 (2 分)
大约每两次中有一次 (3 分)
高于每两次中有一次 (4 分)
总是 (5 分)
过去的一个月里，您是否有控尿困难？
无 (0 分)
低于每五次中有一次 (1 分)
低于每两次中有一次 (2 分)
大约每两次中有一次 (3 分)
高于每两次中有一次 (4 分)
总是 (5 分)
过去的一个月里，您是否有排尿无力的情况？
无 (0 分)
低于每五次中有一次 (1 分)
低于每两次中有一次 (2 分)
大约每两次中有一次 (3 分)
高于每两次中有一次 (4 分)
总是 (5 分)
过去的一个月里，您是否需要用力来促使排尿？
无 (0 分)
低于每五次中有一次 (1 分)
低于每两次中有一次 (2 分)
大约每两次中有一次 (3 分)
高于每两次中有一次 (4 分)
总是 (5 分)
过去的一个月里，睡觉后您平均起床排尿的次数是多少？
无 (0 分)
一次 (1 分)
两次 (2 分)
三次 (3 分)
四次 (4 分)
五次或以上 (5 分)","0 - 7 分数:	轻微症状
8 - 19 分数:	中度症状
20 - 35 分数:	严重症状",症状/功能量表,医学计算器平台,MDCalc calculator library,https://www.mdcalc.com/,医学计算器平台汇总,B：临床计算器平台收录，需回源核公式,中高：临床常见或教学/决策支持常用,平台级覆盖；适合候选清单，公式需逐项回源验证,多为真实使用的临床决策支持工具，但不能替代原始指南,,外部来源验证,,
CALC-0136,肾脏与泌尿生殖,,尿素清除指数透析剂量多重计算公式,尿素清除指数透析剂量多重计算公式,Urea Clearance Index and Dialysis Dose Multicalc,"透析后尿素氮,透析前尿素氮",Kt/V Lowrie,Kt/V Lowrie = ln (透析前尿素氮 / 透析后尿素氮),输出为连续数值或生理指标；具体单位、正常范围和临床阈值按外部来源执行,药物剂量/治疗监测,医学计算器平台,MDCalc calculator library,https://www.mdcalc.com/,医学计算器平台汇总,B：临床计算器平台收录，需回源核公式,中高：临床常见或教学/决策支持常用,平台级覆盖；适合候选清单，公式需逐项回源验证,多为真实使用的临床决策支持工具，但不能替代原始指南,,外部来源验证,,
CALC-0137,肾脏与泌尿生殖,,尿素清除指数透析剂量多重计算公式,尿素清除指数透析剂量多重计算公式,Urea Clearance Index and Dialysis Dose Multicalc,"透析后尿素氮,透析前尿素氮",Kt/V Keshaviah,Kt/V Keshaviah = 1.162 * ln (透析前尿素氮 / 透析后尿素氮),输出为连续数值或生理指标；具体单位、正常范围和临床阈值按外部来源执行,药物剂量/治疗监测,医学计算器平台,MDCalc calculator library,https://www.mdcalc.com/,医学计算器平台汇总,B：临床计算器平台收录，需回源核公式,中高：临床常见或教学/决策支持常用,平台级覆盖；适合候选清单，公式需逐项回源验证,多为真实使用的临床决策支持工具，但不能替代原始指南,,外部来源验证,,
CALC-0138,肾脏与泌尿生殖,,尿素清除指数透析剂量多重计算公式,尿素清除指数透析剂量多重计算公式,Urea Clearance Index and Dialysis Dose Multicalc,"透析后尿素氮,透析前尿素氮",Kt/V Barth,Kt/V Barth = 3.1 * ((透析前尿素氮 - 透析后尿素氮) / 透析前尿素氮) - 0.66,输出为连续数值或生理指标；具体单位、正常范围和临床阈值按外部来源执行,药物剂量/治疗监测,医学计算器平台,MDCalc calculator library,https://www.mdcalc.com/,医学计算器平台汇总,B：临床计算器平台收录，需回源核公式,中高：临床常见或教学/决策支持常用,平台级覆盖；适合候选清单，公式需逐项回源验证,多为真实使用的临床决策支持工具，但不能替代原始指南,,外部来源验证,,
CALC-0139,肾脏与泌尿生殖,,尿素清除指数透析剂量多重计算公式,尿素清除指数透析剂量多重计算公式,Urea Clearance Index and Dialysis Dose Multicalc,"透析后尿素氮,透析前尿素氮",Kt/V Basile,Kt/V Basile = 2.3 * ((透析前尿素氮 - 透析后尿素氮) / 透析前尿素氮) - 0.284,输出为连续数值或生理指标；具体单位、正常范围和临床阈值按外部来源执行,药物剂量/治疗监测,医学计算器平台,MDCalc calculator library,https://www.mdcalc.com/,医学计算器平台汇总,B：临床计算器平台收录，需回源核公式,中高：临床常见或教学/决策支持常用,平台级覆盖；适合候选清单，公式需逐项回源验证,多为真实使用的临床决策支持工具，但不能替代原始指南,,外部来源验证,,
CALC-0140,肾脏与泌尿生殖,,尿素清除指数透析剂量多重计算公式,尿素清除指数透析剂量多重计算公式,Urea Clearance Index and Dialysis Dose Multicalc,"透析后尿素氮,透析前尿素氮",Kt/V Jindal,Kt/V Jindal = 4 * ((透析前尿素氮 - 透析后尿素氮) / 透析前尿素氮) - 1.2,输出为连续数值或生理指标；具体单位、正常范围和临床阈值按外部来源执行,药物剂量/治疗监测,医学计算器平台,MDCalc calculator library,https://www.mdcalc.com/,医学计算器平台汇总,B：临床计算器平台收录，需回源核公式,中高：临床常见或教学/决策支持常用,平台级覆盖；适合候选清单，公式需逐项回源验证,多为真实使用的临床决策支持工具，但不能替代原始指南,,外部来源验证,,
CALC-0141,肾脏与泌尿生殖,,尿素清除指数透析剂量多重计算公式,尿素清除指数透析剂量多重计算公式,Urea Clearance Index and Dialysis Dose Multicalc,"透析后尿素氮,透析前尿素氮",Kt/V Kerr,Kt/V Kerr = 4.2 * ((透析前尿素氮 - 透析后尿素氮) / 透析前尿素氮) - 1.48,输出为连续数值或生理指标；具体单位、正常范围和临床阈值按外部来源执行,药物剂量/治疗监测,医学计算器平台,MDCalc calculator library,https://www.mdcalc.com/,医学计算器平台汇总,B：临床计算器平台收录，需回源核公式,中高：临床常见或教学/决策支持常用,平台级覆盖；适合候选清单，公式需逐项回源验证,多为真实使用的临床决策支持工具，但不能替代原始指南,,外部来源验证,,
CALC-0142,肾脏与泌尿生殖,,尿素清除指数透析剂量多重计算公式,尿素清除指数透析剂量多重计算公式,Urea Clearance Index and Dialysis Dose Multicalc,"透析后尿素氮,透析前尿素氮,小时,UF Vol,透析后体重",Kt/V Daugirdas,Kt/V Daugirdas = -ln ((透析后尿素氮 / 透析前尿素氮) - (0.008 * 小时)) + ((4 - (3.5 * 透析后尿素氮 / 透析前尿素氮)) * UF Vol / 透析后体重),输出为连续数值或生理指标；具体单位、正常范围和临床阈值按外部来源执行,药物剂量/治疗监测,医学计算器平台,MDCalc calculator library,https://www.mdcalc.com/,医学计算器平台汇总,B：临床计算器平台收录，需回源核公式,中高：临床常见或教学/决策支持常用,平台级覆盖；适合候选清单，公式需逐项回源验证,多为真实使用的临床决策支持工具，但不能替代原始指南,,外部来源验证,,
CALC-0143,肾脏与泌尿生殖,,尿蛋白排泄评估,尿蛋白排泄评估,Urine Protein Excretion Estimate,"随机尿蛋白,随机尿肌酐",蛋白质排泄,蛋白质排泄 = 随机尿蛋白 / 随机尿肌酐,输出为连续数值或生理指标；具体单位、正常范围和临床阈值按外部来源执行,临床评分/决策支持,医学计算器平台,MDCalc calculator library,https://www.mdcalc.com/,医学计算器平台汇总,B：临床计算器平台收录，需回源核公式,中高：临床常见或教学/决策支持常用,平台级覆盖；适合候选清单，公式需逐项回源验证,多为真实使用的临床决策支持工具，但不能替代原始指南,,外部来源验证,,
CALC-0144,肾脏与泌尿生殖,,理想体重,理想体重,Ideal Body Weight,"身高,性别",理想体重,理想体重=身高^2*性别,输出为连续数值或生理指标；具体单位、正常范围和临床阈值按外部来源执行,临床评分/决策支持,官方指南/专业协会,CDC BMI calculators,https://www.cdc.gov/bmi/,官方指南/专业协会/监管或分期体系,A：官方或专业协会来源,高：对应专科真实临床常用或指南推荐,指南级覆盖；适合做正式模块，但需锁定版本,真实临床使用；实现时需核对最新指南、适用人群和授权,,外部来源验证,,"男性理想体重以 23 的身体质量指数为准，
女性理想体重以 21.5 的身体质量指数为准。"
CALC-0145,肾脏与泌尿生殖,,肌酐清除率（测定）,肌酐清除率（测定）,Measured Creatinine Clearance,"尿肌酐浓度,血肌酐浓度,每日尿量",肌酐清除率,肌酐清除率 = 尿肌酐浓度 * 每日尿量 / 血肌酐浓度 / 1440,输出为连续数值或生理指标；具体单位、正常范围和临床阈值按外部来源执行,公式计算/生理指标,医学计算器平台,MDCalc calculator library,https://www.mdcalc.com/,医学计算器平台汇总,B：临床计算器平台收录，需回源核公式,中高：临床常见或教学/决策支持常用,平台级覆盖；适合候选清单，公式需逐项回源验证,多为真实使用的临床决策支持工具，但不能替代原始指南,,外部来源验证,,
CALC-0146,肾脏与泌尿生殖,,肌酐清除率（衡量SI单位）,肌酐清除率（衡量SI单位）,Measured Creatinine Clearance in SI Units,"尿肌酐,天数尿量,血清肌酐",肌酐清除率,肌酐清除率 = 尿肌酐 * 天数尿量 / 血清肌酐 / 86400,输出为连续数值或生理指标；具体单位、正常范围和临床阈值按外部来源执行,公式计算/生理指标,医学计算器平台,MDCalc calculator library,https://www.mdcalc.com/,医学计算器平台汇总,B：临床计算器平台收录，需回源核公式,中高：临床常见或教学/决策支持常用,平台级覆盖；适合候选清单，公式需逐项回源验证,多为真实使用的临床决策支持工具，但不能替代原始指南,,外部来源验证,,
CALC-0147,肾脏与泌尿生殖,,肾小球滤过率估算由CKD-EPI公式,肾小球滤过率估算由CKD-EPI公式,CKD-EPI Estimated Glomerular Filtration Rate,"性别,种族,年龄,血清肌酐",肾小球滤过率,"肾小球滤过率= 141 * min（血清肌酐/κ, 1）α *最大（血清肌酐/κ , 1）-1.209 * 0.993年龄 *性别 * 种族",输出为连续数值或生理指标；具体单位、正常范围和临床阈值按外部来源执行,公式计算/生理指标,官方指南/专业协会,National Kidney Foundation eGFR calculator,https://www.kidney.org/professionals/gfr_calculator,官方指南/专业协会/监管或分期体系,A：官方或专业协会来源,高：对应专科真实临床常用或指南推荐,指南级覆盖；适合做正式模块，但需锁定版本,真实临床使用；实现时需核对最新指南、适用人群和授权,,外部来源验证,,"对于女性，使用以下值：性别 = 1.018; α= -0.329; κ = 0.7。
对于男性，使用以下值：性别 = 1; α = -0.411; κ = 0.9。
种族
白种人或其他 (1)
黑种人 (1.159)"
CALC-0148,肾脏与泌尿生殖,,血液透析中尿素百分比的降低（PRU）,血液透析中尿素百分比的降低（PRU）,Percent Urea Reduction in Hemodialysis,"血液透析前尿素量,血液透析后尿素量",尿素减少百分比,尿素减少百分比 = 100 * (血液透析前尿素量 - 血液透析后尿素量) / 血液透析前尿素量,输出为连续数值或生理指标；具体单位、正常范围和临床阈值按外部来源执行,临床评分/决策支持,医学计算器平台,MDCalc calculator library,https://www.mdcalc.com/,医学计算器平台汇总,B：临床计算器平台收录，需回源核公式,中高：临床常见或教学/决策支持常用,平台级覆盖；适合候选清单，公式需逐项回源验证,多为真实使用的临床决策支持工具，但不能替代原始指南,,外部来源验证,,
CALC-0149,肾脏与泌尿生殖,,通过Cockcroft - Gault公式估算肌酐清除率,通过Cockcroft - Gault公式估算肌酐清除率,Cockcroft-Gault Creatinine Clearance,"性别,年龄,血肌酐浓度,体重",肌酐清除率,肌酐清除率 = 性别 * ((140 - 年龄) / (血肌酐浓度)) * (体重 / 72),输出为连续数值或生理指标；具体单位、正常范围和临床阈值按外部来源执行,公式计算/生理指标,医学计算器平台,MDCalc calculator library,https://www.mdcalc.com/,医学计算器平台汇总,B：临床计算器平台收录，需回源核公式,中高：临床常见或教学/决策支持常用,平台级覆盖；适合候选清单，公式需逐项回源验证,多为真实使用的临床决策支持工具，但不能替代原始指南,,外部来源验证,,"女 (0.85)
男 (1)"
CALC-0150,肾脏与泌尿生殖,,阴离子间隙,阴离子间隙,Anion Gap,"Na,CI,HCO3",阴离子间隙,阴离子间隙(AG) = Na - (Cl + HCO3),输出为连续数值或生理指标；具体单位、正常范围和临床阈值按外部来源执行,临床评分/决策支持,医学计算器平台,MDCalc calculator library,https://www.mdcalc.com/,医学计算器平台汇总,B：临床计算器平台收录，需回源核公式,中高：临床常见或教学/决策支持常用,平台级覆盖；适合候选清单，公式需逐项回源验证,多为真实使用的临床决策支持工具，但不能替代原始指南,,外部来源验证,,
CALC-0151,肾脏与泌尿生殖,,阴离子间隙Delta Delta 梯度Multicalc,阴离子间隙Delta Delta 梯度Multicalc,Delta-Delta Gradient for Anion Gap Metabolic Acidosis,"Delta 间隙,Delta 碳酸氢盐",Delta Delta 梯度,Delta Delta 梯度 = Delta 间隙 - Delta 碳酸氢盐,输出为连续数值或生理指标；具体单位、正常范围和临床阈值按外部来源执行,临床评分/决策支持,医学计算器平台,MDCalc calculator library,https://www.mdcalc.com/,医学计算器平台汇总,B：临床计算器平台收录，需回源核公式,中高：临床常见或教学/决策支持常用,平台级覆盖；适合候选清单，公式需逐项回源验证,多为真实使用的临床决策支持工具，但不能替代原始指南,,外部来源验证,,
CALC-0152,肾脏与泌尿生殖,,阴离子间隙Delta Delta 梯度Multicalc,阴离子间隙Delta Delta 梯度Multicalc,Delta-Delta Gradient for Anion Gap Metabolic Acidosis,碳酸氢盐,Delta 碳酸氢盐,Delta 碳酸氢盐 = 25 - 碳酸氢盐,输出为连续数值或生理指标；具体单位、正常范围和临床阈值按外部来源执行,临床评分/决策支持,医学计算器平台,MDCalc calculator library,https://www.mdcalc.com/,医学计算器平台汇总,B：临床计算器平台收录，需回源核公式,中高：临床常见或教学/决策支持常用,平台级覆盖；适合候选清单，公式需逐项回源验证,多为真实使用的临床决策支持工具，但不能替代原始指南,,外部来源验证,,
CALC-0153,肾脏与泌尿生殖,,阴离子间隙Delta Delta 梯度Multicalc,阴离子间隙Delta Delta 梯度Multicalc,Delta-Delta Gradient for Anion Gap Metabolic Acidosis,"钠,氯,碳酸氢盐",阴离子间隙,阴离子间隙 = 钠 - (氯 + 碳酸氢盐),输出为连续数值或生理指标；具体单位、正常范围和临床阈值按外部来源执行,临床评分/决策支持,医学计算器平台,MDCalc calculator library,https://www.mdcalc.com/,医学计算器平台汇总,B：临床计算器平台收录，需回源核公式,中高：临床常见或教学/决策支持常用,平台级覆盖；适合候选清单，公式需逐项回源验证,多为真实使用的临床决策支持工具，但不能替代原始指南,,外部来源验证,,
CALC-0154,肾脏与泌尿生殖,,阴离子间隙Delta Delta 梯度Multicalc,阴离子间隙Delta Delta 梯度Multicalc,Delta-Delta Gradient for Anion Gap Metabolic Acidosis,"阴离子间隙,基线间隙",Delta 间隙,Delta 间隙 = 阴离子间隙 - 基线间隙,输出为连续数值或生理指标；具体单位、正常范围和临床阈值按外部来源执行,临床评分/决策支持,医学计算器平台,MDCalc calculator library,https://www.mdcalc.com/,医学计算器平台汇总,B：临床计算器平台收录，需回源核公式,中高：临床常见或教学/决策支持常用,平台级覆盖；适合候选清单，公式需逐项回源验证,多为真实使用的临床决策支持工具，但不能替代原始指南,,外部来源验证,,
CALC-0155,肾脏与泌尿生殖,,2021 CKD-EPI eGFR,2021 CKD-EPI eGFR,2021 CKD-EPI eGFR,血肌酐、年龄、性别；可选胱抑素C,eGFR,2021 CKD-EPI race-free equation,用于CKD分期和药物剂量辅助；急性肾损伤时不可靠,公式计算/生理指标,网络补充,National Kidney Foundation eGFR calculator,https://www.kidney.org/professionals/gfr_calculator,官方指南/专业协会/监管或分期体系,A：官方或专业协会来源,高：对应专科真实临床常用或指南推荐,指南级覆盖；适合做正式模块，但需锁定版本,真实临床使用；实现时需核对最新指南、适用人群和授权,,v1网络补充,,[National Kidney Foundation eGFR calculator](https://www.kidney.org/professionals/gfr_calculator)
CALC-0156,肾脏与泌尿生殖,,IIEF-5勃起功能评分,IIEF-5勃起功能评分,International Index of Erectile Function-5,5个勃起功能相关问题,ED严重程度,5题1-5分，总分5-25,22-25正常；分值越低ED越重,症状/功能量表,网络补充,Calculate by QxMD,https://qxmd.com/calculate/,医学计算器平台汇总,B：临床计算器平台收录，需回源核公式,中高：临床常见或教学/决策支持常用,平台级覆盖；适合候选清单，公式需逐项回源验证,多为真实使用的临床决策支持工具，但不能替代原始指南,,v1网络补充,,[Calculate by QxMD](https://qxmd.com/calculate/)
CALC-0157,肾脏与泌尿生殖,,KDIGO CKD G-A风险分层,KDIGO CKD G-A风险分层,KDIGO CKD Prognosis Grid,eGFR G分期、白蛋白尿A分期,CKD预后风险颜色分层,G1-G5与A1-A3交叉矩阵,低、中、高、极高风险，用于随访和转诊辅助,风险预测/预后评估,网络补充,National Kidney Foundation eGFR calculator,https://www.kidney.org/professionals/gfr_calculator,官方指南/专业协会/监管或分期体系,A：官方或专业协会来源,高：对应专科真实临床常用或指南推荐,指南级覆盖；适合做正式模块，但需锁定版本,真实临床使用；实现时需核对最新指南、适用人群和授权,,v1网络补充,,[National Kidney Foundation eGFR calculator](https://www.kidney.org/professionals/gfr_calculator)
CALC-0158,肾脏与泌尿生殖,,STONE输尿管结石评分,STONE输尿管结石评分,STONE Score,性别、疼痛时长、种族、恶心/呕吐、血尿,无增强CT发现输尿管结石概率,加权评分,低、中、高概率分层,临床评分/决策支持,网络补充,MDCalc calculator library,https://www.mdcalc.com/,医学计算器平台汇总,B：临床计算器平台收录，需回源核公式,中高：临床常见或教学/决策支持常用,平台级覆盖；适合候选清单，公式需逐项回源验证,多为真实使用的临床决策支持工具，但不能替代原始指南,,v1网络补充,,[MDCalc calculator library](https://www.mdcalc.com/)
CALC-0159,肾脏与泌尿生殖,,前列腺癌PCPT风险,前列腺癌PCPT风险,PCPT Prostate Cancer Risk Calculator,年龄、种族、PSA、DRE、家族史、既往活检,活检发现前列腺癌风险,PCPT队列模型,用于风险沟通，不替代泌尿专科判断,风险预测/预后评估,网络补充,Calculate by QxMD,https://qxmd.com/calculate/,医学计算器平台汇总,B：临床计算器平台收录，需回源核公式,中高：临床常见或教学/决策支持常用,平台级覆盖；适合候选清单，公式需逐项回源验证,多为真实使用的临床决策支持工具，但不能替代原始指南,,v1网络补充,,[Calculate by QxMD](https://qxmd.com/calculate/)
CALC-0160,肾脏与泌尿生殖,,尿白蛋白肌酐比分类,尿白蛋白肌酐比分类,Urine Albumin-to-Creatinine Ratio Category,尿白蛋白、尿肌酐,ACR及A1/A2/A3分类,ACR=尿白蛋白/尿肌酐,A1正常至轻度；A2中度增加；A3重度增加,临床评分/决策支持,网络补充,National Kidney Foundation eGFR calculator,https://www.kidney.org/professionals/gfr_calculator,官方指南/专业协会/监管或分期体系,A：官方或专业协会来源,高：对应专科真实临床常用或指南推荐,指南级覆盖；适合做正式模块，但需锁定版本,真实临床使用；实现时需核对最新指南、适用人群和授权,,v1网络补充,,[National Kidney Foundation eGFR calculator](https://www.kidney.org/professionals/gfr_calculator)
CALC-0161,肾脏与泌尿生殖,,尿素排泄分数,尿素排泄分数,Fractional Excretion of Urea,尿尿素、血尿素、尿肌酐、血肌酐,FEUrea百分比,FEUrea=(Uurea*Scr)/(Surea*Ucr)*100%,常用<35%提示肾前性因素，但需结合临床,临床评分/决策支持,网络补充,MDCalc calculator library,https://www.mdcalc.com/,医学计算器平台汇总,B：临床计算器平台收录，需回源核公式,中高：临床常见或教学/决策支持常用,平台级覆盖；适合候选清单，公式需逐项回源验证,多为真实使用的临床决策支持工具，但不能替代原始指南,,v1网络补充,,[MDCalc calculator library](https://www.mdcalc.com/)
CALC-0162,肾脏与泌尿生殖,,CKD G3-G5肾衰竭风险,肾衰竭风险方程,"Kidney Failure Risk Equation, KFRE",年龄；性别；eGFR；尿白蛋白肌酐比mg/g；北美或非北美校准,2年和5年接受透析或移植的肾衰竭风险百分比,2016校准的KFRE四变量模型；包含年龄性别eGFR和尿ACR的中心化变换及地区基线生存率,用于CKD G3-G5患者转诊和肾脏替代治疗规划辅助；预测值可能因当地基线风险而异,风险预测/预后评估,模型作者官方计算器及原始Meta分析,Kidney Failure Risk Equation four-variable model,https://kidneyfailurerisk.com/,作者官方计算器回源,C：研究验证模型，需确认外部验证和适用人群,中：专科、研究或随访场景常用，泛临床频率不一,已按作者官网公开系数和2016地区校准实现四变量模型,适用于eGFR低于60的成人CKD G3-G5；不等同于个体透析指征或时间预测,2016,官方作者计算器实现,source_backed_implementation,[Tangri et al. JAMA 2016 doi:10.1001/jama.2015.18202](https://kidneyfailurerisk.com/)
CALC-0163,内分泌、代谢与电解质,,A-a 梯度,A-a 梯度,Alveolar-Arterial Oxygen Gradient,年龄,期望AaG,期望 AaG = 2.5 + (0.21 * 年龄),输出为连续数值或生理指标；具体单位、正常范围和临床阈值按外部来源执行,临床评分/决策支持,医学计算器平台,MDCalc calculator library,https://www.mdcalc.com/,医学计算器平台汇总,B：临床计算器平台收录，需回源核公式,中高：临床常见或教学/决策支持常用,平台级覆盖；适合候选清单，公式需逐项回源验证,多为真实使用的临床决策支持工具，但不能替代原始指南,,外部来源验证,,
CALC-0164,内分泌、代谢与电解质,,A-a 梯度,A-a 梯度,Alveolar-Arterial Oxygen Gradient,"患者体温,海拔,吸入氧百分数,pCO2,呼吸交换率,paO2",实测AaG,"pAtm = 760 * e(海拔/-7000)
pH2O = 47 * e((患者体温-37)/18.4)
FIO2 = 吸入氧百分数 / 100
实测 AaG = (FIO2 * (pAtm - pH2O)) - (pCO2 / 呼吸交换率) + (pCO2 * FIO2 * (1 - 呼吸交换率) / 呼吸交换率) - paO2",输出为连续数值或生理指标；具体单位、正常范围和临床阈值按外部来源执行,临床评分/决策支持,医学计算器平台,MDCalc calculator library,https://www.mdcalc.com/,医学计算器平台汇总,B：临床计算器平台收录，需回源核公式,中高：临床常见或教学/决策支持常用,平台级覆盖；适合候选清单，公式需逐项回源验证,多为真实使用的临床决策支持工具，但不能替代原始指南,,外部来源验证,,
CALC-0165,内分泌、代谢与电解质,,Henderson-Hasselbach 方程,Henderson-Hasselbach 方程,Henderson-Hasselbalch Equation,"HCO3,PaCO2",pH,pH = 6.1 + log(HCO3 / (0.03 * PaCO2)),输出为连续数值或生理指标；具体单位、正常范围和临床阈值按外部来源执行,公式计算/生理指标,医学计算器平台,MDCalc calculator library,https://www.mdcalc.com/,官方指南/专业协会/监管或分期体系,A：官方或专业协会来源,高：对应专科真实临床常用或指南推荐,指南级覆盖；适合做正式模块，但需锁定版本,真实临床使用；实现时需核对最新指南、适用人群和授权,,外部来源验证,,
CALC-0166,内分泌、代谢与电解质,,QT间期校正 (EKG),QT间期校正 (EKG),Corrected QT Interval,QT间期,校正QT间期,校正QT间期 = QT间期 / sqr(RR间期),输出为连续数值或生理指标；具体单位、正常范围和临床阈值按外部来源执行,临床评分/决策支持,医学计算器平台,MDCalc calculator library,https://www.mdcalc.com/,医学计算器平台汇总,B：临床计算器平台收录，需回源核公式,中高：临床常见或教学/决策支持常用,平台级覆盖；适合候选清单，公式需逐项回源验证,多为真实使用的临床决策支持工具，但不能替代原始指南,,外部来源验证,,
CALC-0167,内分泌、代谢与电解质,,QT间期校正 (EKG),QT间期校正 (EKG),Corrected QT Interval,心率,RR间期,RR间期 = 60 / 心率,输出为连续数值或生理指标；具体单位、正常范围和临床阈值按外部来源执行,临床评分/决策支持,医学计算器平台,MDCalc calculator library,https://www.mdcalc.com/,医学计算器平台汇总,B：临床计算器平台收录，需回源核公式,中高：临床常见或教学/决策支持常用,平台级覆盖；适合候选清单，公式需逐项回源验证,多为真实使用的临床决策支持工具，但不能替代原始指南,,外部来源验证,,
CALC-0168,内分泌、代谢与电解质,,Winters公式估算PCO2,Winters公式估算PCO2,Winter's Formula for Expected PCO2,HCO3,PCO2,PCO2 = HCO3 * 1.5 + 8,输出为连续数值或生理指标；具体单位、正常范围和临床阈值按外部来源执行,公式计算/生理指标,医学计算器平台,MDCalc calculator library,https://www.mdcalc.com/,官方指南/专业协会/监管或分期体系,A：官方或专业协会来源,高：对应专科真实临床常用或指南推荐,指南级覆盖；适合做正式模块，但需锁定版本,真实临床使用；实现时需核对最新指南、适用人群和授权,,外部来源验证,,
CALC-0169,内分泌、代谢与电解质,,低白蛋白血症时的阴离子间隙,低白蛋白血症时的阴离子间隙,Albumin-Corrected Anion Gap,"钠,氯,碳酸氢根",阴离子间隙,阴离子间隙 = 钠 - 氯 - 碳酸氢根,输出为连续数值或生理指标；具体单位、正常范围和临床阈值按外部来源执行,临床评分/决策支持,医学计算器平台,MDCalc calculator library,https://www.mdcalc.com/,医学计算器平台汇总,B：临床计算器平台收录，需回源核公式,中高：临床常见或教学/决策支持常用,平台级覆盖；适合候选清单，公式需逐项回源验证,多为真实使用的临床决策支持工具，但不能替代原始指南,,外部来源验证,,
CALC-0170,内分泌、代谢与电解质,,低白蛋白血症时的阴离子间隙,低白蛋白血症时的阴离子间隙,Albumin-Corrected Anion Gap,"阴离子间隙,正常白蛋白,观察到白蛋白",校正间隙,校正间隙 = 阴离子间隙 + 2.5 * (正常白蛋白 - 观察到白蛋白),输出为连续数值或生理指标；具体单位、正常范围和临床阈值按外部来源执行,临床评分/决策支持,医学计算器平台,MDCalc calculator library,https://www.mdcalc.com/,医学计算器平台汇总,B：临床计算器平台收录，需回源核公式,中高：临床常见或教学/决策支持常用,平台级覆盖；适合候选清单，公式需逐项回源验证,多为真实使用的临床决策支持工具，但不能替代原始指南,,外部来源验证,,
CALC-0171,内分泌、代谢与电解质,,低白蛋白血症的校正钙（国际单位）,低白蛋白血症的校正钙（国际单位）,Albumin-Corrected Calcium in SI Units,"测量血清钙,正常血清白蛋白,患者血清白蛋白",校正血清钙,校正血清钙 = 测量血清钙 + 0.02 * (正常血清白蛋白 - 患者血清白蛋白),输出为连续数值或生理指标；具体单位、正常范围和临床阈值按外部来源执行,临床评分/决策支持,医学计算器平台,MDCalc calculator library,https://www.mdcalc.com/,医学计算器平台汇总,B：临床计算器平台收录，需回源核公式,中高：临床常见或教学/决策支持常用,平台级覆盖；适合候选清单，公式需逐项回源验证,多为真实使用的临床决策支持工具，但不能替代原始指南,,外部来源验证,,
CALC-0172,内分泌、代谢与电解质,,低白蛋白血症血钙纠正,低白蛋白血症血钙纠正,Albumin-Corrected Calcium,"测量血清钙,正常血清白蛋白,患者血清白蛋白",校正血清钙,校正血清钙 = 测量血清钙 + 0.8 * (正常血清白蛋白 - 患者血清白蛋白),输出为连续数值或生理指标；具体单位、正常范围和临床阈值按外部来源执行,临床评分/决策支持,医学计算器平台,MDCalc calculator library,https://www.mdcalc.com/,医学计算器平台汇总,B：临床计算器平台收录，需回源核公式,中高：临床常见或教学/决策支持常用,平台级覆盖；适合候选清单，公式需逐项回源验证,多为真实使用的临床决策支持工具，但不能替代原始指南,,外部来源验证,,
CALC-0173,内分泌、代谢与电解质,,低钠血症的钠缺乏,低钠血症的钠缺乏,Sodium Deficit in Hyponatremia,"性别,正常体重,测量血清钠,目标血清钠",钠缺乏,钠缺乏 = 性别 * 正常体重 * (目标血清钠 - 测量血清钠),输出为连续数值或生理指标；具体单位、正常范围和临床阈值按外部来源执行,临床评分/决策支持,医学计算器平台,MDCalc calculator library,https://www.mdcalc.com/,医学计算器平台汇总,B：临床计算器平台收录，需回源核公式,中高：临床常见或教学/决策支持常用,平台级覆盖；适合候选清单，公式需逐项回源验证,多为真实使用的临床决策支持工具，但不能替代原始指南,,外部来源验证,,男：0.6； 女：0.5
CALC-0174,内分泌、代谢与电解质,,低钠血症纠正时的输液速率,低钠血症纠正时的输液速率,Infusion Rate for Hyponatremia Correction,"血清钠变化每小时,血清钠,水分数,体重,静脉注射钠,静脉注射钾",补液速率,补液速率 = (1000 * 血清钠变化每小时 * ((水分数 * 体重) + 1)) / (静脉注射钠 + 静脉注射钾 - 血清钠),输出为连续数值或生理指标；具体单位、正常范围和临床阈值按外部来源执行,临床评分/决策支持,医学计算器平台,MDCalc calculator library,https://www.mdcalc.com/,医学计算器平台汇总,B：临床计算器平台收录，需回源核公式,中高：临床常见或教学/决策支持常用,平台级覆盖；适合候选清单，公式需逐项回源验证,多为真实使用的临床决策支持工具，但不能替代原始指南,,外部来源验证,,"水分数
儿童 (0.6)
成年女性 (0.5)
老年女性 (0.45)
成年男性 (0.6)
老年男性 (0.5)
静脉注射钠
5% 氯化钠 (855)
3% 氯化钠 (513)
0.9% 氯化钠（正常盐水）(154)
乳酸格林液（包括 4 mEq/L 钾离子）(134)"
CALC-0175,内分泌、代谢与电解质,,低钠血症纠正时的输液速率,低钠血症纠正时的输液速率,Infusion Rate for Hyponatremia Correction,"静脉注射钠,静脉注射钾,血清钠,水分数,体重",血清钠变化每升,血清钠变化每升 = (静脉注射钠 + 静脉注射钾 - 血清钠) / ((水分数 * 体重) + 1),输出为连续数值或生理指标；具体单位、正常范围和临床阈值按外部来源执行,临床评分/决策支持,医学计算器平台,MDCalc calculator library,https://www.mdcalc.com/,医学计算器平台汇总,B：临床计算器平台收录，需回源核公式,中高：临床常见或教学/决策支持常用,平台级覆盖；适合候选清单，公式需逐项回源验证,多为真实使用的临床决策支持工具，但不能替代原始指南,,外部来源验证,,
CALC-0176,内分泌、代谢与电解质,,体质指数（凯特勒指数）,体质指数（凯特勒指数）,Body Mass Index,"身高,体重",身体质量指数,身体质量指数(BMI) = (体重/2.205) / (身高/39.37)^2,"身体质量指数(BMI) < 18.5: 低于正常体重
身体质量指数(BMI) >= 18.5 以及 < 25: 正常体重
身体质量指数(BMI) >= 25 以及 < 30:	超重
身体质量指数(BMI) >= 30 以及 < 35:	一类肥胖
身体质量指数(BMI) >= 35 以及 < 40: 二类肥胖
身体质量指数(BMI) >= 40: 三类肥胖",公式计算/生理指标,官方指南/专业协会,CDC BMI calculators,https://www.cdc.gov/bmi/,官方指南/专业协会/监管或分期体系,A：官方或专业协会来源,高：对应专科真实临床常用或指南推荐,指南级覆盖；适合做正式模块，但需锁定版本,真实临床使用；实现时需核对最新指南、适用人群和授权,,外部来源验证,,
CALC-0177,内分泌、代谢与电解质,,儿童维持液量的计算,儿童维持液量的计算,Pediatric Maintenance Fluid Calculation,每日液体量,液体速率,液体速率 = 每日液体量 / 24,输出为连续数值或生理指标；具体单位、正常范围和临床阈值按外部来源执行,临床评分/决策支持,医学计算器平台,MDCalc calculator library,https://www.mdcalc.com/,医学计算器平台汇总,B：临床计算器平台收录，需回源核公式,中高：临床常见或教学/决策支持常用,平台级覆盖；适合候选清单，公式需逐项回源验证,多为真实使用的临床决策支持工具，但不能替代原始指南,,外部来源验证,,"1.3.5～10 千克体重婴儿，每日所需液体量为 100 毫升/千克。
2.11～20 千克体重儿童，每日日所需液体量为 1000 毫升，且体重高于10千克时，每千克体重增加50毫升。
3.>20 千克体重以上儿童，每日所需液体量为 1500毫升，且体重高于20千克时，每千克体重增加20 毫升, 但整体每日不高于2400 毫升。
4.请注意该计算方法不适用于新生儿（即足月出生的 0～28 日婴儿)。"
CALC-0178,内分泌、代谢与电解质,,基于体重的体内总水量估计,基于体重的体内总水量估计,Total Body Water Estimate by Weight,体重,总体液量,总体液量 = 体重 * 0.58,输出为连续数值或生理指标；具体单位、正常范围和临床阈值按外部来源执行,临床评分/决策支持,医学计算器平台,MDCalc calculator library,https://www.mdcalc.com/,医学计算器平台汇总,B：临床计算器平台收录，需回源核公式,中高：临床常见或教学/决策支持常用,平台级覆盖；适合候选清单，公式需逐项回源验证,多为真实使用的临床决策支持工具，但不能替代原始指南,,外部来源验证,,
CALC-0179,内分泌、代谢与电解质,,女性体内总水量（沃森公式）,女性体内总水量（沃森公式）,Female Total Body Water by Watson Formula,"身高,体重",总体液量,总体液量 = (0.1069 * 身高) + (0.2466 * 体重) - 2.097,输出为连续数值或生理指标；具体单位、正常范围和临床阈值按外部来源执行,公式计算/生理指标,医学计算器平台,MDCalc calculator library,https://www.mdcalc.com/,医学计算器平台汇总,B：临床计算器平台收录，需回源核公式,中高：临床常见或教学/决策支持常用,平台级覆盖；适合候选清单，公式需逐项回源验证,多为真实使用的临床决策支持工具，但不能替代原始指南,,外部来源验证,,
CALC-0180,内分泌、代谢与电解质,,尿液阴离子间隙,尿液阴离子间隙,Urine Anion Gap,"钠,钾,氯",尿液阴离子间隙,尿液阴离子间隙 = (钠 + 钾) - 氯,输出为连续数值或生理指标；具体单位、正常范围和临床阈值按外部来源执行,临床评分/决策支持,医学计算器平台,MDCalc calculator library,https://www.mdcalc.com/,医学计算器平台汇总,B：临床计算器平台收录，需回源核公式,中高：临床常见或教学/决策支持常用,平台级覆盖；适合候选清单，公式需逐项回源验证,多为真实使用的临床决策支持工具，但不能替代原始指南,,外部来源验证,,
CALC-0181,内分泌、代谢与电解质,,极低密度脂蛋白（VLDL）,极低密度脂蛋白（VLDL）,Very Low-Density Lipoprotein,甘油三酯,极低密度脂蛋白,极低密度脂蛋白 = 甘油三酯 / 5,输出为连续数值或生理指标；具体单位、正常范围和临床阈值按外部来源执行,临床评分/决策支持,医学计算器平台,MDCalc calculator library,https://www.mdcalc.com/,医学计算器平台汇总,B：临床计算器平台收录，需回源核公式,中高：临床常见或教学/决策支持常用,平台级覆盖；适合候选清单，公式需逐项回源验证,多为真实使用的临床决策支持工具，但不能替代原始指南,,外部来源验证,,
CALC-0182,内分泌、代谢与电解质,,渗透压估计（血清）,渗透压估计（血清）,Estimated Serum Osmolality,"钠,葡萄糖,血尿素氮",渗透压度,渗透压度 = (钠 * 2) + (葡萄糖 / 18) + (血尿素氮 / 2.8),输出为连续数值或生理指标；具体单位、正常范围和临床阈值按外部来源执行,临床评分/决策支持,医学计算器平台,MDCalc calculator library,https://www.mdcalc.com/,医学计算器平台汇总,B：临床计算器平台收录，需回源核公式,中高：临床常见或教学/决策支持常用,平台级覆盖；适合候选清单，公式需逐项回源验证,多为真实使用的临床决策支持工具，但不能替代原始指南,,外部来源验证,,
CALC-0183,内分泌、代谢与电解质,,由MDRD公式估算肾小球滤过率（采用国际单位）,由MDRD公式估算肾小球滤过率（采用国际单位）,MDRD Estimated Glomerular Filtration Rate in SI Units,"血清创建,年龄,性别,种族,血尿素氮,白蛋白",肾小球滤过率,肾小球滤过率 = 169.98 * (血清创建/88.4)^-0.999 * 年龄^-0.176 * 性别 * 种族 * (血尿素氮/0.357)^-0.170 * (白蛋白/10)^0.318,输出为连续数值或生理指标；具体单位、正常范围和临床阈值按外部来源执行,公式计算/生理指标,官方指南/专业协会,National Kidney Foundation eGFR calculator,https://www.kidney.org/professionals/gfr_calculator,官方指南/专业协会/监管或分期体系,A：官方或专业协会来源,高：对应专科真实临床常用或指南推荐,指南级覆盖；适合做正式模块，但需锁定版本,真实临床使用；实现时需核对最新指南、适用人群和授权,,外部来源验证,,"性别
女性 (0.762)
男性 (1)
种族
黑人 (1.18)
非黑人 (1)"
CALC-0184,内分泌、代谢与电解质,,男性体内总水量（沃森公式）,男性体内总水量（沃森公式）,Male Total Body Water by Watson Formula,"年龄,身高,体重",总体液量,总体液量 = 2.447 - (0.09156 * 年龄) + (0.1074 * 身高) + (0.3362 * 体重),输出为连续数值或生理指标；具体单位、正常范围和临床阈值按外部来源执行,公式计算/生理指标,医学计算器平台,MDCalc calculator library,https://www.mdcalc.com/,医学计算器平台汇总,B：临床计算器平台收录，需回源核公式,中高：临床常见或教学/决策支持常用,平台级覆盖；适合候选清单，公式需逐项回源验证,多为真实使用的临床决策支持工具，但不能替代原始指南,,外部来源验证,,
CALC-0185,内分泌、代谢与电解质,,糖尿病风险自我评估,糖尿病风险自我评估,Diabetes Risk Self-Assessment,"体重,身高",身体质量指数 (BMI),身体质量指数 (BMI) = (体重/2.205) / (身高/39.37)^2,输出为连续数值或生理指标；具体单位、正常范围和临床阈值按外部来源执行,风险预测/预后评估,医学计算器平台,MDCalc calculator library,https://www.mdcalc.com/,医学计算器平台汇总,B：临床计算器平台收录，需回源核公式,中高：临床常见或教学/决策支持常用,平台级覆盖；适合候选清单，公式需逐项回源验证,多为真实使用的临床决策支持工具，但不能替代原始指南,,外部来源验证,,
CALC-0186,内分泌、代谢与电解质,,糖尿病风险自我评估,糖尿病风险自我评估,Diabetes Risk Self-Assessment,"身体质量指数 (BMI),Physically active",身体质量指数 (BMI)分值,身体质量指数 (BMI)分值 = 身体质量指数 (BMI)^P,输出为连续数值或生理指标；具体单位、正常范围和临床阈值按外部来源执行,风险预测/预后评估,医学计算器平台,MDCalc calculator library,https://www.mdcalc.com/,医学计算器平台汇总,B：临床计算器平台收录，需回源核公式,中高：临床常见或教学/决策支持常用,平台级覆盖；适合候选清单，公式需逐项回源验证,多为真实使用的临床决策支持工具，但不能替代原始指南,,外部来源验证,,
CALC-0187,内分泌、代谢与电解质,,成人未诊断糖尿病筛查,糖尿病风险自我评估,Bang Diabetes Screening Score,"age_years; sex; bmi; family_history_diabetes; hypertension; physically_active",糖尿病筛查评分（分）,"评分 = 年龄分（<40:0；40-49:1；50-59:2；>=60:3）+ 男性1分 + 糖尿病家族史1分 + 高血压史1分 + BMI分（<25:0；25-29.9:1；30-39.9:2；>=40:3）- 有体力活动1分",原论文选择总分>=5作为未诊断糖尿病高风险筛查阈值；筛查结果不能诊断或排除糖尿病。,风险预测/筛查辅助,原始文献,"Bang H, Edwards AM, Bomback AS, et al. A patient self-assessment diabetes screening score",https://pmc.ncbi.nlm.nih.gov/articles/PMC3633111/,原始论文公式级核对并接入Python实现,A：原始评分体系来源,中高：成人糖尿病筛查工具,完整评分规则、成人适用人群和主阈值已回源并实现,用于成人筛查和风险沟通；阳性结果需进一步诊断检测，不能替代临床判断。,2009,外部来源验证,,"PMID 19949143; PMCID PMC3633111; DOI 10.7326/0003-4819-151-11-200912010-00005；开发与验证人群为20岁及以上美国成人。"
CALC-0188,内分泌、代谢与电解质,,肾小球滤过率估算由CKD-EPI公式,肾小球滤过率估算由CKD-EPI公式,CKD-EPI Estimated Glomerular Filtration Rate,"性别,种族,年龄,血清肌酐",肾小球滤过率,"肾小球滤过率= 141 * min（血清肌酐/κ, 1）α *最大（血清肌酐/κ , 1）-1.209 * 0.993年龄 *性别 * 种族",输出为连续数值或生理指标；具体单位、正常范围和临床阈值按外部来源执行,公式计算/生理指标,官方指南/专业协会,National Kidney Foundation eGFR calculator,https://www.kidney.org/professionals/gfr_calculator,官方指南/专业协会/监管或分期体系,A：官方或专业协会来源,高：对应专科真实临床常用或指南推荐,指南级覆盖；适合做正式模块，但需锁定版本,真实临床使用；实现时需核对最新指南、适用人群和授权,,外部来源验证,,"对于女性，使用以下值：性别 = 1.018; α= -0.329; κ = 0.7。
对于男性，使用以下值：性别 = 1; α = -0.411; κ = 0.9。
种族
白种人或其他 (1)
黑种人 (1.159)"
CALC-0189,内分泌、代谢与电解质,,计算低密度脂蛋白胆固醇的Friedewald公式,计算低密度脂蛋白胆固醇的Friedewald公式,Friedewald LDL Cholesterol Formula,"总胆固醇,甘油三酯,HDL",LDL,LDL = 总胆固醇 - (甘油三酯 / 5) - HDL,输出为连续数值或生理指标；具体单位、正常范围和临床阈值按外部来源执行,公式计算/生理指标,医学计算器平台,MDCalc calculator library,https://www.mdcalc.com/,医学计算器平台汇总,B：临床计算器平台收录，需回源核公式,中高：临床常见或教学/决策支持常用,平台级覆盖；适合候选清单，公式需逐项回源验证,多为真实使用的临床决策支持工具，但不能替代原始指南,,外部来源验证,,
CALC-0190,内分泌、代谢与电解质,,通过Cockcroft - Gault公式估算肌酐清除率,通过Cockcroft - Gault公式估算肌酐清除率,Cockcroft-Gault Creatinine Clearance,"性别,年龄,血肌酐浓度,体重",肌酐清除率,肌酐清除率 = 性别 * ((140 - 年龄) / (血肌酐浓度)) * (体重 / 72),输出为连续数值或生理指标；具体单位、正常范围和临床阈值按外部来源执行,公式计算/生理指标,医学计算器平台,MDCalc calculator library,https://www.mdcalc.com/,医学计算器平台汇总,B：临床计算器平台收录，需回源核公式,中高：临床常见或教学/决策支持常用,平台级覆盖；适合候选清单，公式需逐项回源验证,多为真实使用的临床决策支持工具，但不能替代原始指南,,外部来源验证,,"女 (0.85)
男 (1)"
CALC-0191,内分泌、代谢与电解质,,采用Cockcroft - Gault公式估算肌酐清除率（SI单位）,采用Cockcroft - Gault公式估算肌酐清除率（SI单位）,Cockcroft-Gault Creatinine Clearance in SI Units,"性别,年龄,血清肌酐,体重",肌酐清除率,肌酐清除率 = 0.0205 * 性别 * (140 - 年龄) * 体重 / 血清肌酐,输出为连续数值或生理指标；具体单位、正常范围和临床阈值按外部来源执行,公式计算/生理指标,医学计算器平台,MDCalc calculator library,https://www.mdcalc.com/,医学计算器平台汇总,B：临床计算器平台收录，需回源核公式,中高：临床常见或教学/决策支持常用,平台级覆盖；适合候选清单，公式需逐项回源验证,多为真实使用的临床决策支持工具，但不能替代原始指南,,外部来源验证,,"女 (0.85)
男 (1)"
CALC-0192,内分泌、代谢与电解质,,阴离子间隙,阴离子间隙,Anion Gap,"Na,CI,HCO3",阴离子间隙,阴离子间隙(AG) = Na - (Cl + HCO3),输出为连续数值或生理指标；具体单位、正常范围和临床阈值按外部来源执行,临床评分/决策支持,医学计算器平台,MDCalc calculator library,https://www.mdcalc.com/,医学计算器平台汇总,B：临床计算器平台收录，需回源核公式,中高：临床常见或教学/决策支持常用,平台级覆盖；适合候选清单，公式需逐项回源验证,多为真实使用的临床决策支持工具，但不能替代原始指南,,外部来源验证,,
CALC-0193,内分泌、代谢与电解质,,阴离子间隙Delta Delta 梯度Multicalc,阴离子间隙Delta Delta 梯度Multicalc,Delta-Delta Gradient for Anion Gap Metabolic Acidosis,"Delta 间隙,Delta 碳酸氢盐",Delta Delta 梯度,Delta Delta 梯度 = Delta 间隙 - Delta 碳酸氢盐,输出为连续数值或生理指标；具体单位、正常范围和临床阈值按外部来源执行,临床评分/决策支持,医学计算器平台,MDCalc calculator library,https://www.mdcalc.com/,医学计算器平台汇总,B：临床计算器平台收录，需回源核公式,中高：临床常见或教学/决策支持常用,平台级覆盖；适合候选清单，公式需逐项回源验证,多为真实使用的临床决策支持工具，但不能替代原始指南,,外部来源验证,,
CALC-0194,内分泌、代谢与电解质,,阴离子间隙Delta Delta 梯度Multicalc,阴离子间隙Delta Delta 梯度Multicalc,Delta-Delta Gradient for Anion Gap Metabolic Acidosis,碳酸氢盐,Delta 碳酸氢盐,Delta 碳酸氢盐 = 25 - 碳酸氢盐,输出为连续数值或生理指标；具体单位、正常范围和临床阈值按外部来源执行,临床评分/决策支持,医学计算器平台,MDCalc calculator library,https://www.mdcalc.com/,医学计算器平台汇总,B：临床计算器平台收录，需回源核公式,中高：临床常见或教学/决策支持常用,平台级覆盖；适合候选清单，公式需逐项回源验证,多为真实使用的临床决策支持工具，但不能替代原始指南,,外部来源验证,,
CALC-0195,内分泌、代谢与电解质,,阴离子间隙Delta Delta 梯度Multicalc,阴离子间隙Delta Delta 梯度Multicalc,Delta-Delta Gradient for Anion Gap Metabolic Acidosis,"钠,氯,碳酸氢盐",阴离子间隙,阴离子间隙 = 钠 - (氯 + 碳酸氢盐),输出为连续数值或生理指标；具体单位、正常范围和临床阈值按外部来源执行,临床评分/决策支持,医学计算器平台,MDCalc calculator library,https://www.mdcalc.com/,医学计算器平台汇总,B：临床计算器平台收录，需回源核公式,中高：临床常见或教学/决策支持常用,平台级覆盖；适合候选清单，公式需逐项回源验证,多为真实使用的临床决策支持工具，但不能替代原始指南,,外部来源验证,,
CALC-0196,内分泌、代谢与电解质,,阴离子间隙Delta Delta 梯度Multicalc,阴离子间隙Delta Delta 梯度Multicalc,Delta-Delta Gradient for Anion Gap Metabolic Acidosis,"阴离子间隙,基线间隙",Delta 间隙,Delta 间隙 = 阴离子间隙 - 基线间隙,输出为连续数值或生理指标；具体单位、正常范围和临床阈值按外部来源执行,临床评分/决策支持,医学计算器平台,MDCalc calculator library,https://www.mdcalc.com/,医学计算器平台汇总,B：临床计算器平台收录，需回源核公式,中高：临床常见或教学/决策支持常用,平台级覆盖；适合候选清单，公式需逐项回源验证,多为真实使用的临床决策支持工具，但不能替代原始指南,,外部来源验证,,
CALC-0197,内分泌、代谢与电解质,,高甘油三酯血症时的血钠改变,高甘油三酯血症时的血钠改变,Sodium Change in Hypertriglyceridemia,甘油三酯,Na变化,Na变化 = 甘油三酯 * 0.002,输出为连续数值或生理指标；具体单位、正常范围和临床阈值按外部来源执行,临床评分/决策支持,医学参考资料,Medscape pseudohyponatremia laboratory interpretation,https://emedicine.medscape.com/article/907841-workup,专业机构/量表官网/大学或研究工具,C：可追溯外部来源，需确认版本、版权和适用人群,中：专科、研究或随访场景常用，泛临床频率不一,可追溯来源覆盖；适合候选清单，实施前需逐项核原始公式,真实存在且可追溯；是否适合上线取决于授权、验证质量和本地化,,外部来源验证,,
CALC-0198,内分泌、代谢与电解质,,高蛋白血症时的血钠变化,高蛋白血症时的血钠变化,Sodium Change in Hyperproteinemia,血清蛋白,钠变化,钠变化 = (血清蛋白 - 8) * 0.25,输出为连续数值或生理指标；具体单位、正常范围和临床阈值按外部来源执行,临床评分/决策支持,医学参考资料,Medscape pseudohyponatremia laboratory interpretation,https://emedicine.medscape.com/article/907841-workup,专业机构/量表官网/大学或研究工具,C：可追溯外部来源，需确认版本、版权和适用人群,中：专科、研究或随访场景常用，泛临床频率不一,可追溯来源覆盖；适合候选清单，实施前需逐项核原始公式,真实存在且可追溯；是否适合上线取决于授权、验证质量和本地化,,外部来源验证,,
CALC-0199,内分泌、代谢与电解质,,高血糖时低钠的处理,高血糖时低钠的处理,Corrected Sodium in Hyperglycemia,"测量血清钠,血糖",校正血清钠,校正血清钠 = 测量血清钠 + 0.016 * (血糖 - 100),输出为连续数值或生理指标；具体单位、正常范围和临床阈值按外部来源执行,临床评分/决策支持,医学计算器平台,MDCalc calculator library,https://www.mdcalc.com/,医学计算器平台汇总,B：临床计算器平台收录，需回源核公式,中高：临床常见或教学/决策支持常用,平台级覆盖；适合候选清单，公式需逐项回源验证,多为真实使用的临床决策支持工具，但不能替代原始指南,,外部来源验证,,
CALC-0200,内分泌、代谢与电解质,,高钠血症时的缺水程度,高钠血症时的缺水程度,Free Water Deficit in Hypernatremia,"年龄性别系数,正常体重,测量血钠浓度,目标血钠浓度",水缺乏,水缺乏 = (年龄性别系数 * 正常体重) * (测量血钠浓度 - 目标血钠浓度) / 目标血钠浓度,输出为连续数值或生理指标；具体单位、正常范围和临床阈值按外部来源执行,临床评分/决策支持,医学计算器平台,MDCalc calculator library,https://www.mdcalc.com/,医学计算器平台汇总,B：临床计算器平台收录，需回源核公式,中高：临床常见或教学/决策支持常用,平台级覆盖；适合候选清单，公式需逐项回源验证,多为真实使用的临床决策支持工具，但不能替代原始指南,,外部来源验证,,"年龄性别系数
男 < 65 岁 (0.6)
男 >= 65 岁 (0.5)
女 < 18 岁 (0.6)
女 18-65 岁 (0.5)
女 >= 65 岁 (0.45)"
CALC-0201,内分泌、代谢与电解质,,FINDRISC糖尿病风险,FINDRISC糖尿病风险,Finnish Diabetes Risk Score,年龄、BMI、腰围、运动、蔬果、降压药、高血糖史、家族史,未来糖尿病风险评分,问卷加权总分,分值越高，2型糖尿病风险越高,风险预测/预后评估,网络补充,Calculate by QxMD,https://qxmd.com/calculate/,医学计算器平台汇总,B：临床计算器平台收录，需回源核公式,中高：临床常见或教学/决策支持常用,平台级覆盖；适合候选清单，公式需逐项回源验证,多为真实使用的临床决策支持工具，但不能替代原始指南,,v1网络补充,,[Calculate by QxMD](https://qxmd.com/calculate/)
CALC-0202,内分泌、代谢与电解质,,FRAX骨折风险,FRAX骨折风险,FRAX Fracture Risk Assessment,年龄、性别、BMI、既往骨折、父母髋部骨折、吸烟、糖皮质激素、RA、继发骨质疏松、酒精、股骨颈BMD,10年主要骨质疏松骨折和髋部骨折风险,FRAX模型,用于骨质疏松治疗决策辅助,风险预测/预后评估,网络补充,Calculate by QxMD,https://qxmd.com/calculate/,医学计算器平台汇总,B：临床计算器平台收录，需回源核公式,中高：临床常见或教学/决策支持常用,平台级覆盖；适合候选清单，公式需逐项回源验证,多为真实使用的临床决策支持工具，但不能替代原始指南,,v1网络补充,,[Calculate by QxMD](https://qxmd.com/calculate/)
CALC-0203,内分泌、代谢与电解质,,HOMA-IR胰岛素抵抗指数,HOMA-IR胰岛素抵抗指数,Homeostatic Model Assessment of Insulin Resistance,空腹胰岛素、空腹血糖,HOMA-IR,胰岛素(uIU/mL)*血糖(mmol/L)/22.5,用于研究或辅助评估胰岛素抵抗，阈值依人群而异,药物剂量/治疗监测,网络补充,Calculate by QxMD,https://qxmd.com/calculate/,医学计算器平台汇总,B：临床计算器平台收录，需回源核公式,中高：临床常见或教学/决策支持常用,平台级覆盖；适合候选清单，公式需逐项回源验证,多为真实使用的临床决策支持工具，但不能替代原始指南,,v1网络补充,,[Calculate by QxMD](https://qxmd.com/calculate/)
CALC-0204,内分泌、代谢与电解质,,代谢综合征判定,代谢综合征判定,Metabolic Syndrome Criteria,腰围、甘油三酯、HDL、血压、空腹血糖,是否符合代谢综合征,满足5项中>=3项,提示心代谢风险聚集,诊断/分类辅助,网络补充,Calculate by QxMD,https://qxmd.com/calculate/,医学计算器平台汇总,B：临床计算器平台收录，需回源核公式,中高：临床常见或教学/决策支持常用,平台级覆盖；适合候选清单，公式需逐项回源验证,多为真实使用的临床决策支持工具，但不能替代原始指南,,v1网络补充,,[Calculate by QxMD](https://qxmd.com/calculate/)
CALC-0205,内分泌、代谢与电解质,,有效血浆渗透压,有效血浆渗透压,Effective Serum Osmolality,血钠、血糖,有效渗透压/张力,2*Na + glucose/18（mg/dL）,DKA/HHS评估中较有用；不含尿素,临床评分/决策支持,网络补充,Merck Manual clinical calculators,https://www.merckmanuals.com/professional/pages-with-widgets/clinical-calculators,医学计算器平台汇总,B：临床计算器平台收录，需回源核公式,中高：临床常见或教学/决策支持常用,平台级覆盖；适合候选清单，公式需逐项回源验证,多为真实使用的临床决策支持工具，但不能替代原始指南,,v1网络补充,,[Merck Manual clinical calculators](https://www.merckmanuals.com/professional/pages-with-widgets/clinical-calculators)
CALC-0206,内分泌、代谢与电解质,,渗透压间隙,渗透压间隙,Osmolal Gap,实测渗透压、钠、血糖、尿素氮、乙醇,渗透压间隙,Measured osmolality - calculated osmolality,升高可见毒醇等，但需结合乙醇和实验室误差,临床评分/决策支持,网络补充,Merck Manual clinical calculators,https://www.merckmanuals.com/professional/pages-with-widgets/clinical-calculators,医学计算器平台汇总,B：临床计算器平台收录，需回源核公式,中高：临床常见或教学/决策支持常用,平台级覆盖；适合候选清单，公式需逐项回源验证,多为真实使用的临床决策支持工具，但不能替代原始指南,,v1网络补充,,[Merck Manual clinical calculators](https://www.merckmanuals.com/professional/pages-with-widgets/clinical-calculators)
CALC-0207,内分泌、代谢与电解质,,甲状腺素替代初始剂量估算,甲状腺素替代初始剂量估算,Levothyroxine Replacement Dose,体重、年龄、心脏病风险、妊娠/甲癌TSH抑制目标等,估算日剂量,常用全替代约1.6 mcg/kg/day，需个体化,仅作起始估算，需按TSH/FT4复查调整,药物剂量/治疗监测,网络补充,Merck Manual clinical calculators,https://www.merckmanuals.com/professional/pages-with-widgets/clinical-calculators,医学计算器平台汇总,B：临床计算器平台收录，需回源核公式,中高：临床常见或教学/决策支持常用,平台级覆盖；适合候选清单，公式需逐项回源验证,多为真实使用的临床决策支持工具，但不能替代原始指南,,v1网络补充,,[Merck Manual clinical calculators](https://www.merckmanuals.com/professional/pages-with-widgets/clinical-calculators)
CALC-0208,内分泌、代谢与电解质,,糖化血红蛋白估算平均血糖,糖化血红蛋白估算平均血糖,Estimated Average Glucose from HbA1c,HbA1c,eAG,eAG(mg/dL)=28.7*HbA1c-46.7,便于把HbA1c换算为平均血糖沟通,临床评分/决策支持,网络补充,MDCalc calculator library,https://www.mdcalc.com/,医学计算器平台汇总,B：临床计算器平台收录，需回源核公式,中高：临床常见或教学/决策支持常用,平台级覆盖；适合候选清单，公式需逐项回源验证,多为真实使用的临床决策支持工具，但不能替代原始指南,,v1网络补充,,[MDCalc calculator library](https://www.mdcalc.com/)
CALC-0209,感染病学,,QT间期校正 (EKG),QT间期校正 (EKG),Corrected QT Interval,QT间期,校正QT间期,校正QT间期 = QT间期 / sqr(RR间期),输出为连续数值或生理指标；具体单位、正常范围和临床阈值按外部来源执行,临床评分/决策支持,医学计算器平台,MDCalc calculator library,https://www.mdcalc.com/,医学计算器平台汇总,B：临床计算器平台收录，需回源核公式,中高：临床常见或教学/决策支持常用,平台级覆盖；适合候选清单，公式需逐项回源验证,多为真实使用的临床决策支持工具，但不能替代原始指南,,外部来源验证,,
CALC-0210,感染病学,,QT间期校正 (EKG),QT间期校正 (EKG),Corrected QT Interval,心率,RR间期,RR间期 = 60 / 心率,输出为连续数值或生理指标；具体单位、正常范围和临床阈值按外部来源执行,临床评分/决策支持,医学计算器平台,MDCalc calculator library,https://www.mdcalc.com/,医学计算器平台汇总,B：临床计算器平台收录，需回源核公式,中高：临床常见或教学/决策支持常用,平台级覆盖；适合候选清单，公式需逐项回源验证,多为真实使用的临床决策支持工具，但不能替代原始指南,,外部来源验证,,
CALC-0211,感染病学,,理想体重,理想体重,Ideal Body Weight,"身高,性别",理想体重,理想体重=身高^2*性别,输出为连续数值或生理指标；具体单位、正常范围和临床阈值按外部来源执行,临床评分/决策支持,官方指南/专业协会,CDC BMI calculators,https://www.cdc.gov/bmi/,官方指南/专业协会/监管或分期体系,A：官方或专业协会来源,高：对应专科真实临床常用或指南推荐,指南级覆盖；适合做正式模块，但需锁定版本,真实临床使用；实现时需核对最新指南、适用人群和授权,,外部来源验证,,"男性理想体重以 23 的身体质量指数为准，
女性理想体重以 21.5 的身体质量指数为准。"
CALC-0212,感染病学,,4C COVID-19死亡率评分,4C COVID-19死亡率评分,4C Mortality Score,年龄、性别、合并症、呼吸频率、SpO2、GCS、尿素、CRP,住院COVID-19死亡风险,4C模型加权评分,低、中、高、极高风险分层,风险预测/预后评估,网络补充,Calculate by QxMD,https://qxmd.com/calculate/,医学计算器平台汇总,B：临床计算器平台收录，需回源核公式,中高：临床常见或教学/决策支持常用,平台级覆盖；适合候选清单，公式需逐项回源验证,多为真实使用的临床决策支持工具，但不能替代原始指南,,v1网络补充,,[Calculate by QxMD](https://qxmd.com/calculate/)
CALC-0213,感染病学,,Centor/McIsaac链球菌咽炎评分,Centor/McIsaac链球菌咽炎评分,Centor/McIsaac Score,年龄、发热、无咳嗽、扁桃体渗出/肿胀、前颈淋巴结,A组链球菌咽炎概率/检测建议,Centor加年龄修正,分值越高，链球菌感染概率越高,临床评分/决策支持,网络补充,MDCalc calculator library,https://www.mdcalc.com/,医学计算器平台汇总,B：临床计算器平台收录，需回源核公式,中高：临床常见或教学/决策支持常用,平台级覆盖；适合候选清单，公式需逐项回源验证,多为真实使用的临床决策支持工具，但不能替代原始指南,,v1网络补充,,[MDCalc calculator library](https://www.mdcalc.com/)
CALC-0214,感染病学,,Duke感染性心内膜炎标准,Duke感染性心内膜炎标准,Modified Duke Criteria,血培养、心脏影像、易感因素、发热、血管/免疫现象、微生物证据,IE definite/possible/rejected,主要标准和次要标准组合,用于感染性心内膜炎诊断分类,临床评分/决策支持,网络补充,MDCalc calculator library,https://www.mdcalc.com/,医学计算器平台汇总,B：临床计算器平台收录，需回源核公式,中高：临床常见或教学/决策支持常用,平台级覆盖；适合候选清单，公式需逐项回源验证,多为真实使用的临床决策支持工具，但不能替代原始指南,,v1网络补充,,[MDCalc calculator library](https://www.mdcalc.com/)
CALC-0215,感染病学,,FeverPAIN咽痛评分,FeverPAIN咽痛评分,FeverPAIN Score,发热、脓性扁桃体、快速就诊、严重炎症、无咳嗽/鼻炎,链球菌咽炎可能性,5项各1分,高分提示更可能链球菌感染,临床评分/决策支持,网络补充,Calculate by QxMD,https://qxmd.com/calculate/,医学计算器平台汇总,B：临床计算器平台收录，需回源核公式,中高：临床常见或教学/决策支持常用,平台级覆盖；适合候选清单，公式需逐项回源验证,多为真实使用的临床决策支持工具，但不能替代原始指南,,v1网络补充,,[Calculate by QxMD](https://qxmd.com/calculate/)
CALC-0216,感染病学,,MASCC发热性中性粒细胞减少风险,MASCC发热性中性粒细胞减少风险,MASCC Risk Index,症状负担、低血压、COPD、实体瘤/血液肿瘤、脱水、门诊状态、年龄,低风险发热性中性粒细胞减少,加权评分,>=21常为低风险；<21高风险,风险预测/预后评估,网络补充,MDCalc calculator library,https://www.mdcalc.com/,医学计算器平台汇总,B：临床计算器平台收录，需回源核公式,中高：临床常见或教学/决策支持常用,平台级覆盖；适合候选清单，公式需逐项回源验证,多为真实使用的临床决策支持工具，但不能替代原始指南,,v1网络补充,,[MDCalc calculator library](https://www.mdcalc.com/)
CALC-0217,感染病学,,Maddrey以外酒精性肝炎感染风险辅助,Maddrey以外酒精性肝炎感染风险辅助,Lille Model,age_years; albumin_g_l; bilirubin_day0_umol_l; bilirubin_day7_umol_l; prothrombin_time_seconds; renal_insufficiency,Lille模型分值和治疗反应分类,Lille线性预测值使用年龄、白蛋白、胆红素第0/7天、凝血酶原时间和肾功能不全，经logistic变换得到0-1分值。,<=0.45通常提示对糖皮质激素治疗有反应；>0.45提示反应差。,风险预测/预后评估,原始预后模型/临床计算器手册,Evidencio Lille Model manual / GlobalRPH Lille model,https://www.evidencio.com/models/download/manual/10279/2.0/EN,外部来源公式级核对并接入Python实现,A：官方/专业协会或原始评分体系来源,中高：临床常见或教学/决策支持常用,已完成公式/规则级外部来源核对并接入Python实现,用于临床决策支持、教学或质量评估；不能替代完整指南和临床判断,,v1网络补充,,Python实现采用预编码或预评分输入，未复刻受版权保护的完整问卷题干。
CALC-0218,感染病学,,肺炎严重度CURB-65,肺炎严重度CURB-65,CURB-65 for Pneumonia,意识、尿素氮、呼吸、血压、年龄,肺炎30日死亡风险,5项各1分,感染病门诊/住院分流常用，原呼吸科也适用,风险预测/预后评估,网络补充,MDCalc calculator library,https://www.mdcalc.com/,医学计算器平台汇总,B：临床计算器平台收录，需回源核公式,中高：临床常见或教学/决策支持常用,平台级覆盖；适合候选清单，公式需逐项回源验证,多为真实使用的临床决策支持工具，但不能替代原始指南,,v1网络补充,,[MDCalc calculator library](https://www.mdcalc.com/)
CALC-0219,儿科学,,Apgar Score,Apgar Score,Apgar Score,量表条目；临床表现；体征或检查结果,Apgar Score总分或风险分层,"心率强度和规律
100 次/分或以上 (2 分)
低于 100 (1 分)
无 (0 分)
肺成熟度
呼吸规律 (2 分)
不规律 (1 分)
无 (0 分)
肌肉张力和运动
活跃 (2 分)
中等 (1 分)
疲弱 (0 分)
皮肤颜色/氧合功能
紫色 (2 分)
深青色 (1 分)
完全呈蓝色 (0 分)
对刺激物的反射反应
哭泣 (2 分)
抽泣 (1 分)
沉默 (0 分)","7-10分：正常
0-6分：紧张",症状/功能量表,医学计算器平台,Merck Manual clinical calculators,https://www.merckmanuals.com/professional/pages-with-widgets/clinical-calculators,医学计算器平台汇总,B：临床计算器平台收录，需回源核公式,中高：临床常见或教学/决策支持常用,平台级覆盖；适合候选清单，公式需逐项回源验证,多为真实使用的临床决策支持工具，但不能替代原始指南,,外部来源验证,,
CALC-0220,儿科学,,世界卫生组织 婴儿年龄百分位数（<24个月龄）,世界卫生组织 婴儿年龄百分位数（<24个月龄）,WHO Infant Length-for-Age Percentile,Z评分,百分位数,百分位数 = Z对应百分位数(Z评分),输出为连续数值或生理指标；具体单位、正常范围和临床阈值按外部来源执行,临床评分/决策支持,官方指南/专业协会,WHO Child Growth Standards,https://www.who.int/tools/child-growth-standards,外部来源公式级核对并接入Python实现,A：官方或专业协会来源,高：对应专科真实临床常用或指南推荐,已完成公式/规则级外部来源核对并接入Python实现,用于临床决策支持、教学或质量评估；不能替代完整指南和临床判断,,外部来源验证,,Python实现采用预编码或预评分输入，未复刻受版权保护的完整问卷题干。
CALC-0221,儿科学,,世界卫生组织 婴儿年龄百分位数（<24个月龄）,世界卫生组织 婴儿年龄百分位数（<24个月龄）,WHO Infant Length-for-Age Percentile,"性别,年龄,身长",Z评分,Z评分 = ((身长/M)^L - 1) / (L * S),输出为连续数值或生理指标；具体单位、正常范围和临床阈值按外部来源执行,临床评分/决策支持,官方指南/专业协会,WHO Child Growth Standards,https://www.who.int/tools/child-growth-standards,外部来源公式级核对并接入Python实现,A：官方或专业协会来源,高：对应专科真实临床常用或指南推荐,已完成公式/规则级外部来源核对并接入Python实现,用于临床决策支持、教学或质量评估；不能替代完整指南和临床判断,,外部来源验证,,检索用于 Z-评分公式中 L（Box-Cox幂）、M（中位数）和 S（广义变异系数）的数值；Python实现采用预编码或预评分输入，未复刻受版权保护的完整问卷题干。
CALC-0222,儿科学,,世界卫生组织定义婴儿体重比年龄百分位数（<24 个月龄）,世界卫生组织定义婴儿体重比年龄百分位数（<24 个月龄）,WHO Infant Weight-for-Age Percentile,Z评分,百分位数,百分位数 = Z对应百分位数(Z评分),输出为连续数值或生理指标；具体单位、正常范围和临床阈值按外部来源执行,临床评分/决策支持,官方指南/专业协会,WHO Child Growth Standards,https://www.who.int/tools/child-growth-standards,外部来源公式级核对并接入Python实现,A：官方或专业协会来源,高：对应专科真实临床常用或指南推荐,已完成公式/规则级外部来源核对并接入Python实现,用于临床决策支持、教学或质量评估；不能替代完整指南和临床判断,,外部来源验证,,Python实现采用预编码或预评分输入，未复刻受版权保护的完整问卷题干。
CALC-0223,儿科学,,世界卫生组织定义婴儿体重比年龄百分位数（<24 个月龄）,世界卫生组织定义婴儿体重比年龄百分位数（<24 个月龄）,WHO Infant Weight-for-Age Percentile,"性别,年龄,体重",Z评分,Z评分 = ((体重/M)^L - 1) / (L * S),输出为连续数值或生理指标；具体单位、正常范围和临床阈值按外部来源执行,临床评分/决策支持,官方指南/专业协会,WHO Child Growth Standards,https://www.who.int/tools/child-growth-standards,外部来源公式级核对并接入Python实现,A：官方或专业协会来源,高：对应专科真实临床常用或指南推荐,已完成公式/规则级外部来源核对并接入Python实现,用于临床决策支持、教学或质量评估；不能替代完整指南和临床判断,,外部来源验证,,检索用于 Z-评分公式中 L（Box-Cox幂）、M（中位数）和 S（广义变异系数）的数值；Python实现采用预编码或预评分输入，未复刻受版权保护的完整问卷题干。
CALC-0224,儿科学,,世界卫生组织定义婴儿体重比身长百分位数（<24个月龄）,世界卫生组织定义婴儿体重比身长百分位数（<24个月龄）,WHO Infant Weight-for-Length Percentile,Z评分,百分位数,百分位数 = Z对应百分位数(Z评分),"百分位数 <2: 体重偏轻
百分位数 >=2 以及 <98: 正常体重
百分位数 >=98: 超重",临床评分/决策支持,官方指南/专业协会,WHO Child Growth Standards,https://www.who.int/tools/child-growth-standards,外部来源公式级核对并接入Python实现,A：官方或专业协会来源,高：对应专科真实临床常用或指南推荐,已完成公式/规则级外部来源核对并接入Python实现,用于临床决策支持、教学或质量评估；不能替代完整指南和临床判断,,外部来源验证,,Python实现采用预编码或预评分输入，未复刻受版权保护的完整问卷题干。
CALC-0225,儿科学,,世界卫生组织定义婴儿体重比身长百分位数（<24个月龄）,世界卫生组织定义婴儿体重比身长百分位数（<24个月龄）,WHO Infant Weight-for-Length Percentile,"性别,身长,体重",Z评分,Z评分 = ((体重/M)^L - 1) / (L * S),输出为连续数值或生理指标；具体单位、正常范围和临床阈值按外部来源执行,临床评分/决策支持,官方指南/专业协会,WHO Child Growth Standards,https://www.who.int/tools/child-growth-standards,外部来源公式级核对并接入Python实现,A：官方或专业协会来源,高：对应专科真实临床常用或指南推荐,已完成公式/规则级外部来源核对并接入Python实现,用于临床决策支持、教学或质量评估；不能替代完整指南和临床判断,,外部来源验证,,检索用于 Z-评分公式中 L（Box-Cox幂）、M（中位数）和 S（广义变异系数）的数值；Python实现采用预编码或预评分输入，未复刻受版权保护的完整问卷题干。
CALC-0226,儿科学,,世界卫生组织定义婴儿头围比身长百分位数（<24个月龄）,世界卫生组织定义婴儿头围比身长百分位数（<24个月龄）,WHO Infant Head Circumference-for-Age Percentile,Z评分,百分位数,百分位数 = Z对应百分位数(Z评分),"百分位数 <2: 小头畸形
百分位数 >=2 以及 <98: 正常头围
百分位数 >=98: 大头畸形",临床评分/决策支持,官方指南/专业协会,WHO Child Growth Standards,https://www.who.int/tools/child-growth-standards,外部来源公式级核对并接入Python实现,A：官方或专业协会来源,高：对应专科真实临床常用或指南推荐,已完成公式/规则级外部来源核对并接入Python实现,用于临床决策支持、教学或质量评估；不能替代完整指南和临床判断,,外部来源验证,,Python实现采用预编码或预评分输入，未复刻受版权保护的完整问卷题干。
CALC-0227,儿科学,,世界卫生组织定义婴儿头围比身长百分位数（<24个月龄）,世界卫生组织定义婴儿头围比身长百分位数（<24个月龄）,WHO Infant Head Circumference-for-Age Percentile,"性别,身长,头围",Z评分,Z评分 = ((头围/M)^L - 1) / (L * S),输出为连续数值或生理指标；具体单位、正常范围和临床阈值按外部来源执行,临床评分/决策支持,官方指南/专业协会,WHO Child Growth Standards,https://www.who.int/tools/child-growth-standards,外部来源公式级核对并接入Python实现,A：官方或专业协会来源,高：对应专科真实临床常用或指南推荐,已完成公式/规则级外部来源核对并接入Python实现,用于临床决策支持、教学或质量评估；不能替代完整指南和临床判断,,外部来源验证,,检索用于 Z-评分公式中 L（Box-Cox幂）、M（中位数）和 S（广义变异系数）的数值；Python实现采用预编码或预评分输入，未复刻受版权保护的完整问卷题干。
CALC-0228,儿科学,,低钠血症的钠缺乏,低钠血症的钠缺乏,Sodium Deficit in Hyponatremia,"性别,正常体重,测量血清钠,目标血清钠",钠缺乏,钠缺乏 = 性别 * 正常体重 * (目标血清钠 - 测量血清钠),输出为连续数值或生理指标；具体单位、正常范围和临床阈值按外部来源执行,临床评分/决策支持,医学计算器平台,MDCalc calculator library,https://www.mdcalc.com/,医学计算器平台汇总,B：临床计算器平台收录，需回源核公式,中高：临床常见或教学/决策支持常用,平台级覆盖；适合候选清单，公式需逐项回源验证,多为真实使用的临床决策支持工具，但不能替代原始指南,,外部来源验证,,男：0.6； 女：0.5
CALC-0229,儿科学,,低钠血症纠正时的输液速率,低钠血症纠正时的输液速率,Infusion Rate for Hyponatremia Correction,"血清钠变化每小时,血清钠,水分数,体重,静脉注射钠,静脉注射钾",补液速率,补液速率 = (1000 * 血清钠变化每小时 * ((水分数 * 体重) + 1)) / (静脉注射钠 + 静脉注射钾 - 血清钠),输出为连续数值或生理指标；具体单位、正常范围和临床阈值按外部来源执行,临床评分/决策支持,医学计算器平台,MDCalc calculator library,https://www.mdcalc.com/,医学计算器平台汇总,B：临床计算器平台收录，需回源核公式,中高：临床常见或教学/决策支持常用,平台级覆盖；适合候选清单，公式需逐项回源验证,多为真实使用的临床决策支持工具，但不能替代原始指南,,外部来源验证,,"水分数
儿童 (0.6)
成年女性 (0.5)
老年女性 (0.45)
成年男性 (0.6)
老年男性 (0.5)
静脉注射钠
5% 氯化钠 (855)
3% 氯化钠 (513)
0.9% 氯化钠（正常盐水）(154)
乳酸格林液（包括 4 mEq/L 钾离子）(134)"
CALC-0230,儿科学,,低钠血症纠正时的输液速率,低钠血症纠正时的输液速率,Infusion Rate for Hyponatremia Correction,"静脉注射钠,静脉注射钾,血清钠,水分数,体重",血清钠变化每升,血清钠变化每升 = (静脉注射钠 + 静脉注射钾 - 血清钠) / ((水分数 * 体重) + 1),输出为连续数值或生理指标；具体单位、正常范围和临床阈值按外部来源执行,临床评分/决策支持,医学计算器平台,MDCalc calculator library,https://www.mdcalc.com/,医学计算器平台汇总,B：临床计算器平台收录，需回源核公式,中高：临床常见或教学/决策支持常用,平台级覆盖；适合候选清单，公式需逐项回源验证,多为真实使用的临床决策支持工具，但不能替代原始指南,,外部来源验证,,
CALC-0231,儿科学,,体表面积（Du Bois 法）,体表面积（Du Bois 法）,Body Surface Area by Du Bois Formula,"身高,体重",体表面积,体表面积(BSA) = 0.007184 * 身高^0.725 * 体重^0.425,输出为连续数值或生理指标；具体单位、正常范围和临床阈值按外部来源执行,临床评分/决策支持,医学计算器平台,MDCalc calculator library,https://www.mdcalc.com/,医学计算器平台汇总,B：临床计算器平台收录，需回源核公式,中高：临床常见或教学/决策支持常用,平台级覆盖；适合候选清单，公式需逐项回源验证,多为真实使用的临床决策支持工具，但不能替代原始指南,,外部来源验证,,
CALC-0232,儿科学,,儿童维持液量的计算,儿童维持液量的计算,Pediatric Maintenance Fluid Calculation,每日液体量,液体速率,液体速率 = 每日液体量 / 24,输出为连续数值或生理指标；具体单位、正常范围和临床阈值按外部来源执行,临床评分/决策支持,医学计算器平台,MDCalc calculator library,https://www.mdcalc.com/,医学计算器平台汇总,B：临床计算器平台收录，需回源核公式,中高：临床常见或教学/决策支持常用,平台级覆盖；适合候选清单，公式需逐项回源验证,多为真实使用的临床决策支持工具，但不能替代原始指南,,外部来源验证,,"1.3.5～10 千克体重婴儿，每日所需液体量为 100 毫升/千克。
2.11～20 千克体重儿童，每日日所需液体量为 1000 毫升，且体重高于10千克时，每千克体重增加50毫升。
3.>20 千克体重以上儿童，每日所需液体量为 1500毫升，且体重高于20千克时，每千克体重增加20 毫升, 但整体每日不高于2400 毫升。
4.请注意该计算方法不适用于新生儿（即足月出生的 0～28 日婴儿)。"
CALC-0233,儿科学,,女孩（2 - 20岁）的体质量指数百分比,女孩（2 - 20岁）的体质量指数百分比,CDC Girls BMI-for-Age Percentile,Z评分,百分位数,百分位数 = Z对应百分位数(Z评分),"百分位数 <5: 体重偏轻
百分位数 >=5 以及 <85: 正常体重
百分位数 >=85 以及 <95: 超重
百分位数 >=95: 肥胖",公式计算/生理指标,官方指南/专业协会,CDC Growth Charts,https://www.cdc.gov/growthcharts/,外部来源公式级核对并接入Python实现,A：官方或专业协会来源,高：对应专科真实临床常用或指南推荐,已完成公式/规则级外部来源核对并接入Python实现,用于临床决策支持、教学或质量评估；不能替代完整指南和临床判断,,外部来源验证,,Python实现采用预编码或预评分输入，未复刻受版权保护的完整问卷题干。
CALC-0234,儿科学,,女孩（2 - 20岁）的体质量指数百分比,女孩（2 - 20岁）的体质量指数百分比,CDC Girls BMI-for-Age Percentile,"年龄,身高,体重",身体质量指数,身体质量指数 = 体重 / (身高/100)^2,输出为连续数值或生理指标；具体单位、正常范围和临床阈值按外部来源执行,公式计算/生理指标,官方指南/专业协会,CDC Growth Charts,https://www.cdc.gov/growthcharts/,官方指南/专业协会/监管或分期体系,A：官方或专业协会来源,高：对应专科真实临床常用或指南推荐,指南级覆盖；适合做正式模块，但需锁定版本,真实临床使用；实现时需核对最新指南、适用人群和授权,,外部来源验证,,
CALC-0235,儿科学,,女孩（2 - 20岁）的体质量指数百分比,女孩（2 - 20岁）的体质量指数百分比,CDC Girls BMI-for-Age Percentile,身体质量指数,Z评分,"年龄月 = 年龄 *12
Z评分 = ((身体质量指数/M)^L - 1) / (L * S)",输出为连续数值或生理指标；具体单位、正常范围和临床阈值按外部来源执行,公式计算/生理指标,官方指南/专业协会,CDC Growth Charts,https://www.cdc.gov/growthcharts/,外部来源公式级核对并接入Python实现,A：官方或专业协会来源,高：对应专科真实临床常用或指南推荐,已完成公式/规则级外部来源核对并接入Python实现,用于临床决策支持、教学或质量评估；不能替代完整指南和临床判断,,外部来源验证,,检索用于 Z-评分公式中 L（Box-Cox幂）、M（中位数）和 S（广义变异系数）的数值；Python实现采用预编码或预评分输入，未复刻受版权保护的完整问卷题干。
CALC-0236,儿科学,,男孩（2 - 20岁）的体质量指数百分比,男孩（2 - 20岁）的体质量指数百分比,CDC Boys BMI-for-Age Percentile,Z评分,百分位数,百分位数 = Z对应百分位数(Z评分),"百分位数 <5: 体重偏轻
百分位数 >=5 以及 <85: 正常体重
百分位数 >=85 以及 <95: 超重
百分位数 >=95: 肥胖",公式计算/生理指标,官方指南/专业协会,CDC Growth Charts,https://www.cdc.gov/growthcharts/,外部来源公式级核对并接入Python实现,A：官方或专业协会来源,高：对应专科真实临床常用或指南推荐,已完成公式/规则级外部来源核对并接入Python实现,用于临床决策支持、教学或质量评估；不能替代完整指南和临床判断,,外部来源验证,,Python实现采用预编码或预评分输入，未复刻受版权保护的完整问卷题干。
CALC-0237,儿科学,,男孩（2 - 20岁）的体质量指数百分比,男孩（2 - 20岁）的体质量指数百分比,CDC Boys BMI-for-Age Percentile,"年龄,身高,体重",身体质量指数,身体质量指数 = 体重 / (身高/100)^2,输出为连续数值或生理指标；具体单位、正常范围和临床阈值按外部来源执行,公式计算/生理指标,官方指南/专业协会,CDC Growth Charts,https://www.cdc.gov/growthcharts/,官方指南/专业协会/监管或分期体系,A：官方或专业协会来源,高：对应专科真实临床常用或指南推荐,指南级覆盖；适合做正式模块，但需锁定版本,真实临床使用；实现时需核对最新指南、适用人群和授权,,外部来源验证,,
CALC-0238,儿科学,,男孩（2 - 20岁）的体质量指数百分比,男孩（2 - 20岁）的体质量指数百分比,CDC Boys BMI-for-Age Percentile,身体质量指数,Z评分,"年龄月 = 年龄 *12
Z评分 = ((身体质量指数/M)^L - 1) / (L * S)",输出为连续数值或生理指标；具体单位、正常范围和临床阈值按外部来源执行,公式计算/生理指标,官方指南/专业协会,CDC Growth Charts,https://www.cdc.gov/growthcharts/,外部来源公式级核对并接入Python实现,A：官方或专业协会来源,高：对应专科真实临床常用或指南推荐,已完成公式/规则级外部来源核对并接入Python实现,用于临床决策支持、教学或质量评估；不能替代完整指南和临床判断,,外部来源验证,,检索用于 Z-评分公式中 L（Box-Cox幂）、M（中位数）和 S（广义变异系数）的数值；Python实现采用预编码或预评分输入，未复刻受版权保护的完整问卷题干。
CALC-0239,儿科学,,疾病预防控制中心女孩体重年龄百分位数（2-20岁）,疾病预防控制中心女孩体重年龄百分位数（2-20岁）,CDC Girls Weight-for-Age Percentile,Z评分,百分位数,百分位数 = Z对应百分位数(Z评分),输出为连续数值或生理指标；具体单位、正常范围和临床阈值按外部来源执行,临床评分/决策支持,官方指南/专业协会,CDC Growth Charts,https://www.cdc.gov/growthcharts/,外部来源公式级核对并接入Python实现,A：官方或专业协会来源,高：对应专科真实临床常用或指南推荐,已完成公式/规则级外部来源核对并接入Python实现,用于临床决策支持、教学或质量评估；不能替代完整指南和临床判断,,外部来源验证,,Python实现采用预编码或预评分输入，未复刻受版权保护的完整问卷题干。
CALC-0240,儿科学,,疾病预防控制中心女孩体重年龄百分位数（2-20岁）,疾病预防控制中心女孩体重年龄百分位数（2-20岁）,CDC Girls Weight-for-Age Percentile,"年龄,体重",Z评分,"年龄月 = 年龄 *12
Z评分 = ((体重/M)^L - 1) / (L * S)",输出为连续数值或生理指标；具体单位、正常范围和临床阈值按外部来源执行,临床评分/决策支持,官方指南/专业协会,CDC Growth Charts,https://www.cdc.gov/growthcharts/,外部来源公式级核对并接入Python实现,A：官方或专业协会来源,高：对应专科真实临床常用或指南推荐,已完成公式/规则级外部来源核对并接入Python实现,用于临床决策支持、教学或质量评估；不能替代完整指南和临床判断,,外部来源验证,,检索用于 Z-评分公式中 L（Box-Cox幂）、M（中位数）和 S（广义变异系数）的数值；Python实现采用预编码或预评分输入，未复刻受版权保护的完整问卷题干。
CALC-0241,儿科学,,疾病预防控制中心女孩体重身高百分位数（77-121cm高）,疾病预防控制中心女孩体重身高百分位数（77-121cm高）,CDC Girls Weight-for-Stature Percentile,weight_kg; l; m; s,CDC女孩体重-身高百分位数,使用CDC官方LMS参数将体重换算为Z评分后转百分位数。,百分位数需结合CDC生长曲线和年龄/身高对应官方LMS表解释。,临床评分/决策支持,官方生长曲线LMS参数化实现,CDC Growth Charts,https://www.cdc.gov/growthcharts/,外部来源公式级核对并接入Python实现,A：官方/专业协会或原始评分体系来源,高：对应专科真实临床常用或指南推荐,已完成公式/规则级外部来源核对并接入Python实现,用于临床决策支持、教学或质量评估；不能替代完整指南和临床判断,,外部来源验证,,Python实现要求调用方传入对应CDC表的L、M、S参数。
CALC-0242,儿科学,,疾病预防控制中心女孩体重身高百分位数（77-121cm高）,疾病预防控制中心女孩体重身高百分位数（77-121cm高）,CDC Girls Weight-for-Stature Percentile,weight_kg; l; m; s,CDC女孩体重-身高Z评分,Z = ((体重/M)^L - 1) / (L*S)，L=0时使用ln(体重/M)/S。,Z评分需结合CDC生长曲线参考表解释。,临床评分/决策支持,官方生长曲线LMS参数化实现,CDC Growth Charts,https://www.cdc.gov/growthcharts/,外部来源公式级核对并接入Python实现,A：官方/专业协会或原始评分体系来源,高：对应专科真实临床常用或指南推荐,已完成公式/规则级外部来源核对并接入Python实现,用于临床决策支持、教学或质量评估；不能替代完整指南和临床判断,,外部来源验证,,Python实现要求调用方传入对应CDC表的L、M、S参数。
CALC-0243,儿科学,,疾病预防控制中心男孩体重年龄百分位数（2-20岁）,疾病预防控制中心男孩体重年龄百分位数（2-20岁）,CDC Boys Weight-for-Age Percentile,Z评分,百分位数,百分位数 = Z对应百分位数(Z评分),输出为连续数值或生理指标；具体单位、正常范围和临床阈值按外部来源执行,临床评分/决策支持,官方指南/专业协会,CDC Growth Charts,https://www.cdc.gov/growthcharts/,外部来源公式级核对并接入Python实现,A：官方或专业协会来源,高：对应专科真实临床常用或指南推荐,已完成公式/规则级外部来源核对并接入Python实现,用于临床决策支持、教学或质量评估；不能替代完整指南和临床判断,,外部来源验证,,Python实现采用预编码或预评分输入，未复刻受版权保护的完整问卷题干。
CALC-0244,儿科学,,疾病预防控制中心男孩体重年龄百分位数（2-20岁）,疾病预防控制中心男孩体重年龄百分位数（2-20岁）,CDC Boys Weight-for-Age Percentile,"年龄,体重",Z评分,"年龄月 = 年龄 *12
Z评分 = ((体重/M)^L - 1) / (L * S)",输出为连续数值或生理指标；具体单位、正常范围和临床阈值按外部来源执行,临床评分/决策支持,官方指南/专业协会,CDC Growth Charts,https://www.cdc.gov/growthcharts/,外部来源公式级核对并接入Python实现,A：官方或专业协会来源,高：对应专科真实临床常用或指南推荐,已完成公式/规则级外部来源核对并接入Python实现,用于临床决策支持、教学或质量评估；不能替代完整指南和临床判断,,外部来源验证,,检索用于 Z-评分公式中 L（Box-Cox幂）、M（中位数）和 S（广义变异系数）的数值；Python实现采用预编码或预评分输入，未复刻受版权保护的完整问卷题干。
CALC-0245,儿科学,,疾病预防控制中心男孩体重身高百分位数（77-121cm高）,疾病预防控制中心男孩体重身高百分位数（77-121cm高）,CDC Boys Weight-for-Stature Percentile,weight_kg; l; m; s,CDC男孩体重-身高百分位数,使用CDC官方LMS参数将体重换算为Z评分后转百分位数。,百分位数需结合CDC生长曲线和年龄/身高对应官方LMS表解释。,临床评分/决策支持,官方生长曲线LMS参数化实现,CDC Growth Charts,https://www.cdc.gov/growthcharts/,外部来源公式级核对并接入Python实现,A：官方/专业协会或原始评分体系来源,高：对应专科真实临床常用或指南推荐,已完成公式/规则级外部来源核对并接入Python实现,用于临床决策支持、教学或质量评估；不能替代完整指南和临床判断,,外部来源验证,,Python实现要求调用方传入对应CDC表的L、M、S参数。
CALC-0246,儿科学,,疾病预防控制中心男孩体重身高百分位数（77-121cm高）,疾病预防控制中心男孩体重身高百分位数（77-121cm高）,CDC Boys Weight-for-Stature Percentile,weight_kg; l; m; s,CDC男孩体重-身高Z评分,Z = ((体重/M)^L - 1) / (L*S)，L=0时使用ln(体重/M)/S。,Z评分需结合CDC生长曲线参考表解释。,临床评分/决策支持,官方生长曲线LMS参数化实现,CDC Growth Charts,https://www.cdc.gov/growthcharts/,外部来源公式级核对并接入Python实现,A：官方/专业协会或原始评分体系来源,高：对应专科真实临床常用或指南推荐,已完成公式/规则级外部来源核对并接入Python实现,用于临床决策支持、教学或质量评估；不能替代完整指南和临床判断,,外部来源验证,,Python实现要求调用方传入对应CDC表的L、M、S参数。
CALC-0247,儿科学,,转铁蛋白饱和度,转铁蛋白饱和度,Transferrin Saturation,"血清铁,总铁结合力",转铁蛋白饱和度,转铁蛋白饱和度 = (血清铁 / 总铁结合力) * 100,输出为连续数值或生理指标；具体单位、正常范围和临床阈值按外部来源执行,临床评分/决策支持,医学计算器平台,MDCalc calculator library,https://www.mdcalc.com/,医学计算器平台汇总,B：临床计算器平台收录，需回源核公式,中高：临床常见或教学/决策支持常用,平台级覆盖；适合候选清单，公式需逐项回源验证,多为真实使用的临床决策支持工具，但不能替代原始指南,,外部来源验证,,
CALC-0248,儿科学,,阴离子间隙,阴离子间隙,Anion Gap,"Na,CI,HCO3",阴离子间隙,阴离子间隙(AG) = Na - (Cl + HCO3),输出为连续数值或生理指标；具体单位、正常范围和临床阈值按外部来源执行,临床评分/决策支持,医学计算器平台,MDCalc calculator library,https://www.mdcalc.com/,医学计算器平台汇总,B：临床计算器平台收录，需回源核公式,中高：临床常见或教学/决策支持常用,平台级覆盖；适合候选清单，公式需逐项回源验证,多为真实使用的临床决策支持工具，但不能替代原始指南,,外部来源验证,,
CALC-0249,儿科学,,PELD评分,PELD评分,Pediatric End-stage Liver Disease Score,年龄、白蛋白、胆红素、INR、生长失败,儿童肝病严重度/移植优先级,PELD公式,分值越高，短期死亡风险越高,公式计算/生理指标,网络补充,OPTN MELD calculator,https://optn.transplant.hrsa.gov/data/allocation-calculators/meld-calculator/,官方指南/专业协会/监管或分期体系,A：官方或专业协会来源,高：对应专科真实临床常用或指南推荐,指南级覆盖；适合做正式模块，但需锁定版本,真实临床使用；实现时需核对最新指南、适用人群和授权,,v1网络补充,,[OPTN MELD calculator](https://optn.transplant.hrsa.gov/data/allocation-calculators/meld-calculator/)
CALC-0250,儿科学,,PEWS儿童早期预警评分,PEWS儿童早期预警评分,Pediatric Early Warning Score,behavior; cardiovascular; respiratory; quarter_hourly_nebulizers; persistent_postoperative_vomiting,PEWS总分和风险提示,行为、心血管、呼吸三域0-3分加总，并按频繁雾化或持续术后呕吐加分。,分数越高提示儿童临床恶化风险越高，应按机构升级流程复评。,风险预测/预后评估,临床预警评分/医学计算器平台,Pediatric Early Warning Score (PEWS) / MDCalc,https://www.mdcalc.com/calc/3901/pediatric-early-warning-score-pews,外部来源公式级核对并接入Python实现,A：官方/专业协会或原始评分体系来源,中高：临床常见或教学/决策支持常用,已完成公式/规则级外部来源核对并接入Python实现,用于临床决策支持、教学或质量评估；不能替代完整指南和临床判断,,v1网络补充,,Python实现采用预编码或预评分输入，未复刻受版权保护的完整问卷题干。
CALC-0251,儿科学,,PRAM儿童哮喘严重度,PRAM儿童哮喘严重度,Pediatric Respiratory Assessment Measure,suprasternal_retractions(0/2); scalene_muscle_contraction(0/2); air_entry(0-3); wheezing(0-3); oxygen_saturation(0-2),PRAM总分 0-12,PRAM = 胸骨上凹陷0/2 + 斜角肌收缩0/2 + 进气量0-3 + 哮鸣音0-3 + 氧饱和度0-2。,0-3轻度；4-7中度；8-12重度儿童哮喘急性发作严重度。,临床评分/决策支持,医学计算器平台/原始儿科评分,PRAM Pediatric Respiratory Assessment Measure,https://www.mdcalc.com/calc/10195/pram-pediatric-respiratory-assessment-measure-asthma-exacerbation-severity,医学计算器平台与儿科哮喘评分文献核对,B：临床计算器平台收录并已核公式,中高：临床常见或教学/决策支持常用,已完成公式级外部来源核对并接入Python实现,用于临床决策支持、教学、筛查或质量评估；不能替代完整指南和临床判断,,外部来源验证,,Python实现使用预编码分项输入。
CALC-0252,儿科学,,Schwartz儿童eGFR,Schwartz儿童eGFR,Bedside Schwartz Equation,身高、血肌酐,儿童eGFR,eGFR=0.413*身高(cm)/Scr(mg/dL),用于儿童肾功能估算；肌酐稳态时更可靠,公式计算/生理指标,网络补充,National Kidney Foundation eGFR calculator,https://www.kidney.org/professionals/gfr_calculator,官方指南/专业协会/监管或分期体系,A：官方或专业协会来源,高：对应专科真实临床常用或指南推荐,指南级覆盖；适合做正式模块，但需锁定版本,真实临床使用；实现时需核对最新指南、适用人群和授权,,v1网络补充,,[National Kidney Foundation eGFR calculator](https://www.kidney.org/professionals/gfr_calculator)
CALC-0253,儿科学,,Westley哮吼评分,Westley哮吼评分,Westley Croup Score,意识、发绀、喘鸣、空气进入、三凹征,哮吼严重度,条目加权总分,轻、中、重、 impending respiratory failure分层,临床评分/决策支持,网络补充,MDCalc calculator library,https://www.mdcalc.com/,医学计算器平台汇总,B：临床计算器平台收录，需回源核公式,中高：临床常见或教学/决策支持常用,平台级覆盖；适合候选清单，公式需逐项回源验证,多为真实使用的临床决策支持工具，但不能替代原始指南,,v1网络补充,,[MDCalc calculator library](https://www.mdcalc.com/)
CALC-0254,儿科学,,儿童GCS,儿童GCS,Pediatric Glasgow Coma Scale,睁眼、语言/儿童语言、运动反应,意识评分,E+V+M,3-15分，分数越低意识障碍越重,临床评分/决策支持,网络补充,MDCalc calculator library,https://www.mdcalc.com/,医学计算器平台汇总,B：临床计算器平台收录，需回源核公式,中高：临床常见或教学/决策支持常用,平台级覆盖；适合候选清单，公式需逐项回源验证,多为真实使用的临床决策支持工具，但不能替代原始指南,,v1网络补充,,[MDCalc calculator library](https://www.mdcalc.com/)
CALC-0255,儿科学,,儿童阑尾炎评分,儿童阑尾炎评分,Pediatric Appendicitis Score,咳跳痛、厌食、发热、恶心呕吐、RLQ压痛、白细胞、中性粒、迁移痛,阑尾炎可能性,8项总分0-10,低、中、高风险分层,临床评分/决策支持,网络补充,MDCalc calculator library,https://www.mdcalc.com/,医学计算器平台汇总,B：临床计算器平台收录，需回源核公式,中高：临床常见或教学/决策支持常用,平台级覆盖；适合候选清单，公式需逐项回源验证,多为真实使用的临床决策支持工具，但不能替代原始指南,,v1网络补充,,[MDCalc calculator library](https://www.mdcalc.com/)
CALC-0256,儿科学,,新生儿早发败血症风险,新生儿早发败血症风险,Neonatal Early-Onset Sepsis Calculator,胎龄、最高母温、GBS状态、破膜时间、产时抗生素、临床表现,EOS风险/管理建议,多变量风险模型,用于>=34周新生儿风险评估辅助,风险预测/预后评估,网络补充,Calculate by QxMD,https://qxmd.com/calculate/,医学计算器平台汇总,B：临床计算器平台收录，需回源核公式,中高：临床常见或教学/决策支持常用,平台级覆盖；适合候选清单，公式需逐项回源验证,多为真实使用的临床决策支持工具，但不能替代原始指南,,v1网络补充,,[Calculate by QxMD](https://qxmd.com/calculate/)
CALC-0257,妇产科学,,MDRD公式估算肾小球滤过率,MDRD公式估算肾小球滤过率,MDRD Estimated Glomerular Filtration Rate,"血清肌酐,年龄,性别,种族,血尿素氮,白蛋白",肾小球滤过率,肾小球滤过率 = 170 * 血清肌酐^-0.999 * 年龄^-0.176 * 性别 * 种族 * 血尿素氮^-0.170 * 白蛋白^0.318,输出为连续数值或生理指标；具体单位、正常范围和临床阈值按外部来源执行,公式计算/生理指标,官方指南/专业协会,National Kidney Foundation eGFR calculator,https://www.kidney.org/professionals/gfr_calculator,官方指南/专业协会/监管或分期体系,A：官方或专业协会来源,高：对应专科真实临床常用或指南推荐,指南级覆盖；适合做正式模块，但需锁定版本,真实临床使用；实现时需核对最新指南、适用人群和授权,,外部来源验证,,
CALC-0258,妇产科学,,体质指数（凯特勒指数）,体质指数（凯特勒指数）,Body Mass Index,"身高,体重",身体质量指数,身体质量指数(BMI) = (体重/2.205) / (身高/39.37)^2,"身体质量指数(BMI) < 18.5: 低于正常体重
身体质量指数(BMI) >= 18.5 以及 < 25: 正常体重
身体质量指数(BMI) >= 25 以及 < 30:	超重
身体质量指数(BMI) >= 30 以及 < 35:	一类肥胖
身体质量指数(BMI) >= 35 以及 < 40: 二类肥胖
身体质量指数(BMI) >= 40: 三类肥胖",公式计算/生理指标,官方指南/专业协会,CDC BMI calculators,https://www.cdc.gov/bmi/,官方指南/专业协会/监管或分期体系,A：官方或专业协会来源,高：对应专科真实临床常用或指南推荐,指南级覆盖；适合做正式模块，但需锁定版本,真实临床使用；实现时需核对最新指南、适用人群和授权,,外部来源验证,,
CALC-0259,妇产科学,,肌酐清除率（测定）,肌酐清除率（测定）,Measured Creatinine Clearance,"尿肌酐浓度,血肌酐浓度,每日尿量",肌酐清除率,肌酐清除率 = 尿肌酐浓度 * 每日尿量 / 血肌酐浓度 / 1440,输出为连续数值或生理指标；具体单位、正常范围和临床阈值按外部来源执行,公式计算/生理指标,医学计算器平台,MDCalc calculator library,https://www.mdcalc.com/,医学计算器平台汇总,B：临床计算器平台收录，需回源核公式,中高：临床常见或教学/决策支持常用,平台级覆盖；适合候选清单，公式需逐项回源验证,多为真实使用的临床决策支持工具，但不能替代原始指南,,外部来源验证,,
CALC-0260,妇产科学,,Bishop宫颈评分,Bishop宫颈评分,Bishop Score,宫口扩张、宫颈管消退、胎先露高低、宫颈质地、宫颈位置,引产成功可能性/宫颈成熟度,5项评分加总,高分提示宫颈成熟、阴道分娩可能性较高,临床评分/决策支持,网络补充,MDCalc calculator library,https://www.mdcalc.com/,医学计算器平台汇总,B：临床计算器平台收录，需回源核公式,中高：临床常见或教学/决策支持常用,平台级覆盖；适合候选清单，公式需逐项回源验证,多为真实使用的临床决策支持工具，但不能替代原始指南,,v1网络补充,,[MDCalc calculator library](https://www.mdcalc.com/)
CALC-0261,妇产科学,,MFMU剖宫产后阴道试产预测,MFMU剖宫产后阴道试产预测,MFMU VBAC Calculator,年龄、身高/体重或BMI、既往阴道分娩、既往VBAC、剖宫产指征、慢性高血压等,VBAC成功概率,MFMU预测模型,用于TOLAC咨询，需结合当地资源和禁忌证,临床评分/决策支持,网络补充,MFMU VBAC calculator,https://mfmunetwork.bsc.gwu.edu/web/mfmunetwork/vaginal-birth-after-cesarean-calculator,官方指南/专业协会/监管或分期体系,A：官方或专业协会来源,高：对应专科真实临床常用或指南推荐,指南级覆盖；适合做正式模块，但需锁定版本,真实临床使用；实现时需核对最新指南、适用人群和授权,,v1网络补充,,[MFMU VBAC calculator](https://mfmunetwork.bsc.gwu.edu/web/mfmunetwork/vaginal-birth-after-cesarean-calculator)
CALC-0262,妇产科学,,PUQE妊娠恶心呕吐评分,PUQE妊娠恶心呕吐评分,Pregnancy-Unique Quantification of Emesis,恶心时长、呕吐次数、干呕次数,NVP/HG严重度,3题1-5分，总分3-15,3-6轻；7-12中；13-15重,临床评分/决策支持,网络补充,Calculate by QxMD,https://qxmd.com/calculate/,医学计算器平台汇总,B：临床计算器平台收录，需回源核公式,中高：临床常见或教学/决策支持常用,平台级覆盖；适合候选清单，公式需逐项回源验证,多为真实使用的临床决策支持工具，但不能替代原始指南,,v1网络补充,,[Calculate by QxMD](https://qxmd.com/calculate/)
CALC-0263,妇产科学,,产后出血量/休克指数,产后出血量/休克指数,Obstetric Shock Index,心率、收缩压；估计失血量,产科休克指数,HR/SBP,升高提示失血或循环不稳定风险,公式计算/生理指标,网络补充,Merck Manual clinical calculators,https://www.merckmanuals.com/professional/pages-with-widgets/clinical-calculators,医学计算器平台汇总,B：临床计算器平台收录，需回源核公式,中高：临床常见或教学/决策支持常用,平台级覆盖；适合候选清单，公式需逐项回源验证,多为真实使用的临床决策支持工具，但不能替代原始指南,,v1网络补充,,[Merck Manual clinical calculators](https://www.merckmanuals.com/professional/pages-with-widgets/clinical-calculators)
CALC-0264,妇产科学,,妊娠期糖尿病筛查解释,妊娠期糖尿病筛查解释,Gestational Diabetes Screening Interpretation,strategy; screen_one_hour_mg_dl; fasting_mg_dl; one_hour_mg_dl; two_hour_mg_dl; three_hour_mg_dl,妊娠期糖尿病筛查/诊断解释,支持一步法75g OGTT阈值和两步法50g筛查加100g OGTT阈值判定。,达到对应方案阈值提示筛查阳性或符合GDM诊断；需按本地方案确认。,诊断/分类辅助,指南阈值/机构共识,USPSTF Gestational Diabetes Screening / UW Medicine OB consensus,https://www.uspreventiveservicestaskforce.org/uspstf/recommendation/gestational-diabetes-screening,外部来源公式级核对并接入Python实现,A：官方/专业协会或原始评分体系来源,中高：临床常见或教学/决策支持常用,已完成公式/规则级外部来源核对并接入Python实现,用于临床决策支持、教学或质量评估；不能替代完整指南和临床判断,,v1网络补充,,Python实现采用预编码或预评分输入，未复刻受版权保护的完整问卷题干。
CALC-0265,妇产科学,,胎儿生物物理评分,胎儿生物物理评分,Biophysical Profile,胎动、胎儿呼吸样运动、胎儿肌张力、羊水量、NST,胎儿状态评分,5项各0或2分，总分0-10,8-10通常 reassuring；低分需进一步评估,临床评分/决策支持,网络补充,Calculate by QxMD,https://qxmd.com/calculate/,医学计算器平台汇总,B：临床计算器平台收录，需回源核公式,中高：临床常见或教学/决策支持常用,平台级覆盖；适合候选清单，公式需逐项回源验证,多为真实使用的临床决策支持工具，但不能替代原始指南,,v1网络补充,,[Calculate by QxMD](https://qxmd.com/calculate/)
CALC-0266,妇产科学,,预产期与孕周计算,预产期与孕周计算,Estimated Due Date and Gestational Age,末次月经、受孕/IVF日期、超声孕周及日期,预产期、当前孕周,Naegele规则或按超声校正,用于孕期随访时间轴；以早孕超声最可靠,临床评分/决策支持,网络补充,ACOG due date guidance,https://www.acog.org/clinical/clinical-guidance/committee-opinion/articles/2017/05/methods-for-estimating-the-due-date,官方指南/专业协会/监管或分期体系,A：官方或专业协会来源,高：对应专科真实临床常用或指南推荐,指南级覆盖；适合做正式模块，但需锁定版本,真实临床使用；实现时需核对最新指南、适用人群和授权,,v1网络补充,,[ACOG due date guidance](https://www.acog.org/clinical/clinical-guidance/committee-opinion/articles/2017/05/methods-for-estimating-the-due-date)
CALC-0267,神经、精神与老年医学,,EPWORTH睡眠量表（ESS）,EPWORTH睡眠量表（ESS）,Epworth Sleepiness Scale,量表条目；临床表现；体征或检查结果,EPWORTH睡眠量表（ESS）总分或风险分层,"同嗜睡相关情况分级：
坐着阅读时
不会打瞌睡 (0 分)
打瞌睡的可能性很小 (1 分)
打瞌睡的可能性中等 (2 分)
很大可能打瞌睡 (3 分)
看电视时
不会打瞌睡 (0 分)
打瞌睡的可能性很小 (1 分)
打瞌睡的可能性中等 (2 分)
很大可能打瞌睡 (3 分)
在公众场合安静坐着
不会打瞌睡 (0 分)
打瞌睡的可能性很小 (1 分)
打瞌睡的可能性中等 (2 分)
很大可能打瞌睡 (3 分)
坐车一小时
不会打瞌睡 (0 分)
打瞌睡的可能性很小 (1 分)
打瞌睡的可能性中等 (2 分)
很大可能打瞌睡 (3 分)
下午躺着休息时
不会打瞌睡 (0 分)
打瞌睡的可能性很小 (1 分)
打瞌睡的可能性中等 (2 分)
很大可能打瞌睡 (3 分)
坐着与人交谈时
不会打瞌睡 (0 分)
打瞌睡的可能性很小 (1 分)
打瞌睡的可能性中等 (2 分)
很大可能打瞌睡 (3 分)
午餐后安静坐着时（午餐不喝酒）
不会打瞌睡 (0 分)
打瞌睡的可能性很小 (1 分)
打瞌睡的可能性中等 (2 分)
很大可能打瞌睡 (3 分)
坐在车里，当车子由于交通问题停下来数分钟时
不会打瞌睡 (0 分)
打瞌睡的可能性很小 (1 分)
打瞌睡的可能性中等 (2 分)
很大可能打瞌睡 (3 分)","1 - 6 分数:	睡眠正常
7 - 8 分数:	一般性嗜睡
9 - 24 分数:	不正常（可能病理性的）嗜睡",症状/功能量表,医学计算器平台,MDCalc calculator library,https://www.mdcalc.com/,医学计算器平台汇总,B：临床计算器平台收录，需回源核公式,中高：临床常见或教学/决策支持常用,平台级覆盖；适合候选清单，公式需逐项回源验证,多为真实使用的临床决策支持工具，但不能替代原始指南,,外部来源验证,,
CALC-0268,神经、精神与老年医学,,GLASGOW昏迷评分,GLASGOW昏迷评分,Glasgow Coma Scale,量表条目；临床表现；体征或检查结果,GLASGOW昏迷评分总分或风险分层,"睁眼
自发 (4 分)
对口头命令 (3 分)
对疼痛 (2 分)
无 (1 分)
最佳活动反应
遵从口头命令 (6 分)
定位疼痛刺激 (5 分)
对疼痛刺激的弯曲收缩 (4 分)
对疼痛刺激的去皮质反应 (3 分)
对疼痛刺激的去大脑反应 (2 分)
无 (1 分)
最佳语言反应
交谈正常 (5 分)
交谈异常 (4 分)
用词不当 (3 分)
用词无法理解 (3 分)
声音无法理解 (2 分)
无 (1 分)","15 分数:	正常
3 - 14 分数:	异常",症状/功能量表,医学计算器平台,MDCalc calculator library,https://www.mdcalc.com/,医学计算器平台汇总,B：临床计算器平台收录，需回源核公式,中高：临床常见或教学/决策支持常用,平台级覆盖；适合候选清单，公式需逐项回源验证,多为真实使用的临床决策支持工具，但不能替代原始指南,,外部来源验证,,
CALC-0269,神经、精神与老年医学,,MDRD公式估算肾小球滤过率,MDRD公式估算肾小球滤过率,MDRD Estimated Glomerular Filtration Rate,"血清肌酐,年龄,性别,种族,血尿素氮,白蛋白",肾小球滤过率,肾小球滤过率 = 170 * 血清肌酐^-0.999 * 年龄^-0.176 * 性别 * 种族 * 血尿素氮^-0.170 * 白蛋白^0.318,输出为连续数值或生理指标；具体单位、正常范围和临床阈值按外部来源执行,公式计算/生理指标,官方指南/专业协会,National Kidney Foundation eGFR calculator,https://www.kidney.org/professionals/gfr_calculator,官方指南/专业协会/监管或分期体系,A：官方或专业协会来源,高：对应专科真实临床常用或指南推荐,指南级覆盖；适合做正式模块，但需锁定版本,真实临床使用；实现时需核对最新指南、适用人群和授权,,外部来源验证,,
CALC-0270,神经、精神与老年医学,,NIH 卒中评分,NIH 卒中评分,NIH Stroke Scale,量表条目；临床表现；体征或检查结果,NIH 卒中评分总分或风险分层,"意识水平
反应敏锐 (0 分)
不灵敏，最小刺激可唤醒 (1 分)
不灵敏，需要反复刺激 (2 分)
昏迷 (3 分)
患者知道月份和自己的年龄
回答都正确 (0 分)
正确回答一个 (1 分)
两个回答都不正确 (2 分)
患者按照指令睁眼闭眼
两个动作都完成正确 (0 分)
正确完成一个动作 (1 分)
两个都不能正确完成 (2 分)
凝视（仅测试水平眼球运动）
正常 (0 分)
部分凝视麻痹 (1 分)
被动偏差 (2 分)
视野检测
无视野缺失 (0 分)
部分偏盲 (1 分)
完全偏盲 (2 分)
双侧偏盲（全盲，包括皮质盲） (3 分)
面瘫（要求患者示齿、扬眉和闭眼）
正常对称动作 (0 分)
轻微瘫痪 (1 分)
部分瘫痪（下面部完全或几乎完全瘫痪） (2 分)
一侧或两侧完全瘫痪 (3 分)
右臂运动功能
正常 (0 分)
移动 (1 分)
能对抗一些重力 (2 分)
不能对抗重力 (3 分)
无运动 (4 分)
无法检测* (0 分)
右臂运动功能
正常 (0 分)
移动 (1 分)
能对抗一些重力 (2 分)
不能对抗重力 (3 分)
无运动 (4 分)
无法检测* (0 分)
右腿运动功能
正常 (0 分)
移动 (1 分)
能对抗一些重力 (2 分)
不能对抗重力 (3 分)
无运动 (4 分)
无法检测* (0 分)
左腿运动功能
正常 (0 分)
移动 (1 分)
能对抗一些重力 (2 分)
不能对抗重力 (3 分)
无运动 (4 分)
无法检测* (0 分)
共济失调
无 (0 分)
一侧肢体 (1 分)
两侧肢体 (2 分)
针尖刺激测感觉
正常 (0 分)
轻到中度感觉下降 (1 分)
严重到完全感觉缺失 (2 分)
语言
无失语 (0 分)
轻到中度失语 (1 分)
严重失语 (2 分)
完全失语 (3 分)
构音障碍
无 (0 分)
轻到中度发音不清 (1 分)
严重 (2 分)
插管或其他经检测身体障碍 (0 分)
消失和忽视
正常 (0 分)
对任何一种感觉形式双侧刺激的忽视或消失 (1 分)
严重半侧注意缺失或对超过一种形式的半侧注意缺失 (2 分)","NIH 脑卒中评分>22 具有重要意义，可预测并发症风险增加。
评分通常用来追踪脑卒中后果、改善或恶化。",症状/功能量表,官方指南/专业协会,NIH Stroke Scale,https://www.stroke.nih.gov/resources/scale.htm,官方指南/专业协会/监管或分期体系,A：官方或专业协会来源,高：对应专科真实临床常用或指南推荐,指南级覆盖；适合做正式模块，但需锁定版本,真实临床使用；实现时需核对最新指南、适用人群和授权,,外部来源验证,,*若由于截肢或其他限制无法检测上肢或下肢的，记录为无法检测，不计入得分。
CALC-0271,神经、精神与老年医学,,QT间期校正 (EKG),QT间期校正 (EKG),Corrected QT Interval,QT间期,校正QT间期,校正QT间期 = QT间期 / sqr(RR间期),输出为连续数值或生理指标；具体单位、正常范围和临床阈值按外部来源执行,临床评分/决策支持,医学计算器平台,MDCalc calculator library,https://www.mdcalc.com/,医学计算器平台汇总,B：临床计算器平台收录，需回源核公式,中高：临床常见或教学/决策支持常用,平台级覆盖；适合候选清单，公式需逐项回源验证,多为真实使用的临床决策支持工具，但不能替代原始指南,,外部来源验证,,
CALC-0272,神经、精神与老年医学,,QT间期校正 (EKG),QT间期校正 (EKG),Corrected QT Interval,QT间期,校正QT间期,校正QT间期 = QT间期 / sqr(RR间期),输出为连续数值或生理指标；具体单位、正常范围和临床阈值按外部来源执行,临床评分/决策支持,医学计算器平台,MDCalc calculator library,https://www.mdcalc.com/,医学计算器平台汇总,B：临床计算器平台收录，需回源核公式,中高：临床常见或教学/决策支持常用,平台级覆盖；适合候选清单，公式需逐项回源验证,多为真实使用的临床决策支持工具，但不能替代原始指南,,外部来源验证,,
CALC-0273,神经、精神与老年医学,,QT间期校正 (EKG),QT间期校正 (EKG),Corrected QT Interval,心率,RR间期,RR间期 = 60 / 心率,输出为连续数值或生理指标；具体单位、正常范围和临床阈值按外部来源执行,临床评分/决策支持,医学计算器平台,MDCalc calculator library,https://www.mdcalc.com/,医学计算器平台汇总,B：临床计算器平台收录，需回源核公式,中高：临床常见或教学/决策支持常用,平台级覆盖；适合候选清单，公式需逐项回源验证,多为真实使用的临床决策支持工具，但不能替代原始指南,,外部来源验证,,
CALC-0274,神经、精神与老年医学,,QT间期校正 (EKG),QT间期校正 (EKG),Corrected QT Interval,心率,RR间期,RR间期 = 60 / 心率,输出为连续数值或生理指标；具体单位、正常范围和临床阈值按外部来源执行,临床评分/决策支持,医学计算器平台,MDCalc calculator library,https://www.mdcalc.com/,医学计算器平台汇总,B：临床计算器平台收录，需回源核公式,中高：临床常见或教学/决策支持常用,平台级覆盖；适合候选清单，公式需逐项回源验证,多为真实使用的临床决策支持工具，但不能替代原始指南,,外部来源验证,,
CALC-0275,神经、精神与老年医学,,体质指数（凯特勒指数）,体质指数（凯特勒指数）,Body Mass Index,"身高,体重",身体质量指数,身体质量指数(BMI) = (体重/2.205) / (身高/39.37)^2,"身体质量指数(BMI) < 18.5: 低于正常体重
身体质量指数(BMI) >= 18.5 以及 < 25: 正常体重
身体质量指数(BMI) >= 25 以及 < 30:	超重
身体质量指数(BMI) >= 30 以及 < 35:	一类肥胖
身体质量指数(BMI) >= 35 以及 < 40: 二类肥胖
身体质量指数(BMI) >= 40: 三类肥胖",公式计算/生理指标,官方指南/专业协会,CDC BMI calculators,https://www.cdc.gov/bmi/,官方指南/专业协会/监管或分期体系,A：官方或专业协会来源,高：对应专科真实临床常用或指南推荐,指南级覆盖；适合做正式模块，但需锁定版本,真实临床使用；实现时需核对最新指南、适用人群和授权,,外部来源验证,,
CALC-0276,神经、精神与老年医学,,体质指数（凯特勒指数）,体质指数（凯特勒指数）,Body Mass Index,"身高,体重",身体质量指数,身体质量指数(BMI) = (体重/2.205) / (身高/39.37)^2,"身体质量指数(BMI) < 18.5: 低于正常体重
身体质量指数(BMI) >= 18.5 以及 < 25: 正常体重
身体质量指数(BMI) >= 25 以及 < 30:	超重
身体质量指数(BMI) >= 30 以及 < 35:	一类肥胖
身体质量指数(BMI) >= 35 以及 < 40: 二类肥胖
身体质量指数(BMI) >= 40: 三类肥胖",公式计算/生理指标,官方指南/专业协会,CDC BMI calculators,https://www.cdc.gov/bmi/,官方指南/专业协会/监管或分期体系,A：官方或专业协会来源,高：对应专科真实临床常用或指南推荐,指南级覆盖；适合做正式模块，但需锁定版本,真实临床使用；实现时需核对最新指南、适用人群和授权,,外部来源验证,,
CALC-0277,神经、精神与老年医学,,女孩（2 - 20岁）的体质量指数百分比,女孩（2 - 20岁）的体质量指数百分比,CDC Girls BMI-for-Age Percentile,bmi; l; m; s,CDC女孩BMI年龄别百分位数,使用CDC官方LMS参数将BMI换算为Z评分后转百分位数。,百分位数需结合CDC年龄性别对应官方LMS表解释。,公式计算/生理指标,官方生长曲线LMS参数化实现,CDC Growth Charts,https://www.cdc.gov/growthcharts/,外部来源公式级核对并接入Python实现,A：官方/专业协会或原始评分体系来源,高：对应专科真实临床常用或指南推荐,已完成公式/规则级外部来源核对并接入Python实现,用于临床决策支持、教学或质量评估；不能替代完整指南和临床判断,,外部来源验证,,Python实现要求调用方传入对应CDC表的L、M、S参数。
CALC-0278,神经、精神与老年医学,,女孩（2 - 20岁）的体质量指数百分比,女孩（2 - 20岁）的体质量指数百分比,CDC Girls BMI-for-Age Percentile,"年龄,身高,体重",身体质量指数,身体质量指数 = 体重 / (身高/100)^2,输出为连续数值或生理指标；具体单位、正常范围和临床阈值按外部来源执行,公式计算/生理指标,官方指南/专业协会,CDC Growth Charts,https://www.cdc.gov/growthcharts/,官方指南/专业协会/监管或分期体系,A：官方或专业协会来源,高：对应专科真实临床常用或指南推荐,指南级覆盖；适合做正式模块，但需锁定版本,真实临床使用；实现时需核对最新指南、适用人群和授权,,外部来源验证,,
CALC-0279,神经、精神与老年医学,,女孩（2 - 20岁）的体质量指数百分比,女孩（2 - 20岁）的体质量指数百分比,CDC Girls BMI-for-Age Percentile,bmi; l; m; s,CDC女孩BMI年龄别Z评分,Z = ((BMI/M)^L - 1) / (L*S)，L=0时使用ln(BMI/M)/S。,Z评分需结合CDC年龄性别对应官方LMS表解释。,公式计算/生理指标,官方生长曲线LMS参数化实现,CDC Growth Charts,https://www.cdc.gov/growthcharts/,外部来源公式级核对并接入Python实现,A：官方/专业协会或原始评分体系来源,高：对应专科真实临床常用或指南推荐,已完成公式/规则级外部来源核对并接入Python实现,用于临床决策支持、教学或质量评估；不能替代完整指南和临床判断,,外部来源验证,,Python实现要求调用方传入对应CDC表的L、M、S参数。
CALC-0280,神经、精神与老年医学,,平均血管压力（体循环或肺循环）,平均血管压力（体循环或肺循环）,Mean Arterial or Vascular Pressure,"收缩压,舒张压",平均血管压力,平均血管压力 = 舒张压 + ((收缩压 - 舒张压) / 3),输出为连续数值或生理指标；具体单位、正常范围和临床阈值按外部来源执行,临床评分/决策支持,医学计算器平台,MDCalc calculator library,https://www.mdcalc.com/,医学计算器平台汇总,B：临床计算器平台收录，需回源核公式,中高：临床常见或教学/决策支持常用,平台级覆盖；适合候选清单，公式需逐项回源验证,多为真实使用的临床决策支持工具，但不能替代原始指南,,外部来源验证,,
CALC-0281,神经、精神与老年医学,,格拉斯哥昏迷指数评分,格拉斯哥昏迷指数评分,Glasgow Coma Scale (GCS),"1. 最佳眼部反应: [自动睁眼, 遵嘱睁眼, 疼痛刺激睁眼, 无睁眼]_x000D_
2. 最佳语言反应: [正常对话, 胡言乱语, 只能说出单词, 只能发音, 无语言反应]_x000D_
3. 最佳运动反应: [遵嘱动作, 定位疼痛, 躲避疼痛, 异常屈曲, 异常伸展, 无运动反应]",总分 (3-15分),"E: 4=自动,3=遵嘱,2=疼痛,1=无_x000D_
V: 5=定向,4=混乱,3=词语,2=发音,1=无_x000D_
M: 6=遵嘱,5=定位,4=躲避,3=屈曲,2=伸展,1=无_x000D_
总分 = E + V + M","E: 4分=自主睁眼_x000D_
V: 5分=定向准确_x000D_
M: 6分=遵嘱动作",症状/功能量表,医学计算器平台,MDCalc calculator library,https://www.mdcalc.com/,医学计算器平台汇总,B：临床计算器平台收录，需回源核公式,中高：临床常见或教学/决策支持常用,平台级覆盖；适合候选清单，公式需逐项回源验证,多为真实使用的临床决策支持工具，但不能替代原始指南,,外部来源验证,,"1. 未提及的维度默认给满分_x000D_
2. 总分范围3-15分_x000D_
3. 最低分项为1分"
CALC-0282,神经、精神与老年医学,,男孩（2 - 20岁）的体质量指数百分比,男孩（2 - 20岁）的体质量指数百分比,CDC Boys BMI-for-Age Percentile,bmi; l; m; s,CDC男孩BMI年龄别百分位数,使用CDC官方LMS参数将BMI换算为Z评分后转百分位数。,百分位数需结合CDC年龄性别对应官方LMS表解释。,公式计算/生理指标,官方生长曲线LMS参数化实现,CDC Growth Charts,https://www.cdc.gov/growthcharts/,外部来源公式级核对并接入Python实现,A：官方/专业协会或原始评分体系来源,高：对应专科真实临床常用或指南推荐,已完成公式/规则级外部来源核对并接入Python实现,用于临床决策支持、教学或质量评估；不能替代完整指南和临床判断,,外部来源验证,,Python实现要求调用方传入对应CDC表的L、M、S参数。
CALC-0283,神经、精神与老年医学,,男孩（2 - 20岁）的体质量指数百分比,男孩（2 - 20岁）的体质量指数百分比,CDC Boys BMI-for-Age Percentile,"年龄,身高,体重",身体质量指数,身体质量指数 = 体重 / (身高/100)^2,输出为连续数值或生理指标；具体单位、正常范围和临床阈值按外部来源执行,公式计算/生理指标,官方指南/专业协会,CDC Growth Charts,https://www.cdc.gov/growthcharts/,官方指南/专业协会/监管或分期体系,A：官方或专业协会来源,高：对应专科真实临床常用或指南推荐,指南级覆盖；适合做正式模块，但需锁定版本,真实临床使用；实现时需核对最新指南、适用人群和授权,,外部来源验证,,
CALC-0284,神经、精神与老年医学,,男孩（2 - 20岁）的体质量指数百分比,男孩（2 - 20岁）的体质量指数百分比,CDC Boys BMI-for-Age Percentile,bmi; l; m; s,CDC男孩BMI年龄别Z评分,Z = ((BMI/M)^L - 1) / (L*S)，L=0时使用ln(BMI/M)/S。,Z评分需结合CDC年龄性别对应官方LMS表解释。,公式计算/生理指标,官方生长曲线LMS参数化实现,CDC Growth Charts,https://www.cdc.gov/growthcharts/,外部来源公式级核对并接入Python实现,A：官方/专业协会或原始评分体系来源,高：对应专科真实临床常用或指南推荐,已完成公式/规则级外部来源核对并接入Python实现,用于临床决策支持、教学或质量评估；不能替代完整指南和临床判断,,外部来源验证,,Python实现要求调用方传入对应CDC表的L、M、S参数。
CALC-0285,神经、精神与老年医学,,画钟试验（认知障碍筛查）,画钟试验（认知障碍筛查）,Clock Drawing Test,量表条目；临床表现；体征或检查结果,评分、分级或临床决策结果,"画封闭圆 (1 分)
在正确的位置写数字 (1 分)
12 个数字均正确写出 (1 分)
按照检验员的指示在正确位置画指针 (1 分)","4 分数:	无明显功能障碍
1 - 3 分数:	怀疑认知功能障碍",临床评分/决策支持,医学计算器平台,MDCalc calculator library,https://www.mdcalc.com/,医学计算器平台汇总,B：临床计算器平台收录，需回源核公式,中高：临床常见或教学/决策支持常用,平台级覆盖；适合候选清单，公式需逐项回源验证,多为真实使用的临床决策支持工具，但不能替代原始指南,,外部来源验证,,
CALC-0286,神经、精神与老年医学,,老年抑郁量表,老年抑郁量表,Geriatric Depression Scale,量表条目；临床表现；体征或检查结果,老年抑郁量表总分或风险分层,"请选择符合您过去一周感受的最佳答案：
您是否对生活基本满意？
是 (0 分)
否 (1 分)
您是否停止较多活动及兴趣？
是 (1 分)
否 (0 分)
您是否感到人生空虚？
是 (1 分)
否 (0 分)
您是否经常感到无聊？
是 (1 分)
否 (0 分)
您是否大多数时间精神较好？
是 (0 分)
否 (1 分)
您是否担心会有坏事要发生？
是 (1 分)
否 (0 分)
您是否大多数时间心情愉悦？
是 (0 分)
否 (1 分)
您是否经常感到无助？
是 (1 分)
否 (0 分)
您是否更喜欢呆在家里，而非外出或做些新事物？
是 (1 分)
否 (0 分)
您是否感到自己比大多数人有更多记忆方面的问题？
是 (1 分)
否 (0 分)
您是否认为现在活着很美好？
是 (0 分)
否 (1 分)
您是否感觉到您现在非常无用？
是 (1 分)
否 (0 分)
您是否感到精力充肺？
是 (0 分)
否 (1 分)
您是否感到处境无望？
是 (1 分)
否 (0 分)
您是否认为大多人比你都富有？
是 (1 分)
否 (0 分)","10 - 15 分数:	疑似有抑郁
6 - 9 分数:	可能有抑郁
0 - 5 分数:	不可能有抑郁",症状/功能量表,医学计算器平台,MDCalc calculator library,https://www.mdcalc.com/,外部来源公式级核对并接入Python实现,B：临床计算器平台收录，需回源核公式,中高：临床常见或教学/决策支持常用,已完成公式/规则级外部来源核对并接入Python实现,用于临床决策支持、教学或质量评估；不能替代完整指南和临床判断,,外部来源验证,,Python实现采用预编码或预评分输入，未复刻受版权保护的完整问卷题干。
CALC-0287,神经、精神与老年医学,,肌酐清除率（测定）,肌酐清除率（测定）,Measured Creatinine Clearance,"尿肌酐浓度,血肌酐浓度,每日尿量",肌酐清除率,肌酐清除率 = 尿肌酐浓度 * 每日尿量 / 血肌酐浓度 / 1440,输出为连续数值或生理指标；具体单位、正常范围和临床阈值按外部来源执行,公式计算/生理指标,医学计算器平台,MDCalc calculator library,https://www.mdcalc.com/,医学计算器平台汇总,B：临床计算器平台收录，需回源核公式,中高：临床常见或教学/决策支持常用,平台级覆盖；适合候选清单，公式需逐项回源验证,多为真实使用的临床决策支持工具，但不能替代原始指南,,外部来源验证,,
CALC-0288,神经、精神与老年医学,,血液污染脑脊液的白细胞计数校正,血液污染脑脊液的白细胞计数校正,Correction of CSF White Blood Cell Count in Traumatic Tap,"白细胞脑脊液,白细胞血液,红细胞脑脊液,红细胞血液",白细胞,白细胞 = 白细胞脑脊液 - ( (白细胞血液 * 红细胞脑脊液) / (红细胞血液 * 1000000)),输出为连续数值或生理指标；具体单位、正常范围和临床阈值按外部来源执行,临床评分/决策支持,医学计算器平台,MDCalc calculator library,https://www.mdcalc.com/,医学计算器平台汇总,B：临床计算器平台收录，需回源核公式,中高：临床常见或教学/决策支持常用,平台级覆盖；适合候选清单，公式需逐项回源验证,多为真实使用的临床决策支持工具，但不能替代原始指南,,外部来源验证,,
CALC-0289,神经、精神与老年医学,,血液污染脑脊液的蛋白浓度校正,血液污染脑脊液的蛋白浓度校正,Correction of CSF Protein in Traumatic Tap,"蛋白质脑脊液,蛋白质血清,红细胞比容,红细胞脑脊液,红细胞血液",蛋白质,蛋白质 = 蛋白质脑脊液 - (蛋白质血清 * 1000 * (1 - 红细胞比容 / 100) * 红细胞脑脊液 / (红细胞血液 * 1e6)),输出为连续数值或生理指标；具体单位、正常范围和临床阈值按外部来源执行,临床评分/决策支持,医学计算器平台,MDCalc calculator library,https://www.mdcalc.com/,医学计算器平台汇总,B：临床计算器平台收录，需回源核公式,中高：临床常见或教学/决策支持常用,平台级覆盖；适合候选清单，公式需逐项回源验证,多为真实使用的临床决策支持工具，但不能替代原始指南,,外部来源验证,,
CALC-0290,神经、精神与老年医学,,通过Sanaka公式估计肌酐清除率（用于低肌肉量的年长者）,通过Sanaka公式估计肌酐清除率（用于低肌肉量的年长者）,Sanaka Formula for Creatinine Clearance,"性别,年龄,血清肌酐,血浆白蛋白,体重",肌酐清除率,肌酐清除率 = (体重 * ((乘法系数 * 血浆白蛋白) + 加法系数)) / (100 * 血清肌酐),输出为连续数值或生理指标；具体单位、正常范围和临床阈值按外部来源执行,公式计算/生理指标,医学计算器平台,MDCalc calculator library,https://www.mdcalc.com/,外部来源公式级核对并接入Python实现,B：临床计算器平台收录，需回源核公式,中高：临床常见或教学/决策支持常用,已完成公式/规则级外部来源核对并接入Python实现,用于临床决策支持、教学或质量评估；不能替代完整指南和临床判断,,外部来源验证,,"对于女性来说，乘法系数为 13, 加法系数为 29。对于男性来说，乘法系数为 19, 加法系数为 32。；Python实现采用预编码或预评分输入，未复刻受版权保护的完整问卷题干。"
CALC-0291,神经、精神与老年医学,,采用Cockcroft - Gault公式估算肌酐清除率（SI单位）,采用Cockcroft - Gault公式估算肌酐清除率（SI单位）,Cockcroft-Gault Creatinine Clearance in SI Units,"性别,年龄,血清肌酐,体重",肌酐清除率,肌酐清除率 = 0.0205 * 性别 * (140 - 年龄) * 体重 / 血清肌酐,输出为连续数值或生理指标；具体单位、正常范围和临床阈值按外部来源执行,公式计算/生理指标,医学计算器平台,MDCalc calculator library,https://www.mdcalc.com/,医学计算器平台汇总,B：临床计算器平台收录，需回源核公式,中高：临床常见或教学/决策支持常用,平台级覆盖；适合候选清单，公式需逐项回源验证,多为真实使用的临床决策支持工具，但不能替代原始指南,,外部来源验证,,"女 (0.85)
男 (1)"
CALC-0292,神经、精神与老年医学,,ABCD2短暂性脑缺血发作风险,ABCD2短暂性脑缺血发作风险,ABCD2 Score,年龄、血压、临床表现、症状持续时间、糖尿病,TIA后早期卒中风险,5项加权评分,0-3低；4-5中；6-7高风险,风险预测/预后评估,网络补充,MDCalc calculator library,https://www.mdcalc.com/,医学计算器平台汇总,B：临床计算器平台收录，需回源核公式,中高：临床常见或教学/决策支持常用,平台级覆盖；适合候选清单，公式需逐项回源验证,多为真实使用的临床决策支持工具，但不能替代原始指南,,v1网络补充,,[MDCalc calculator library](https://www.mdcalc.com/)
CALC-0293,神经、精神与老年医学,,AUDIT-C酒精使用筛查,AUDIT-C酒精使用筛查,AUDIT-C,饮酒频率、饮酒量、一次大量饮酒频率,有害饮酒风险,3题0-4分，总分0-12,常用性别特异阈值筛查风险饮酒,风险预测/预后评估,网络补充,Calculate by QxMD,https://qxmd.com/calculate/,医学计算器平台汇总,B：临床计算器平台收录，需回源核公式,中高：临床常见或教学/决策支持常用,平台级覆盖；适合候选清单，公式需逐项回源验证,多为真实使用的临床决策支持工具，但不能替代原始指南,,v1网络补充,,[Calculate by QxMD](https://qxmd.com/calculate/)
CALC-0294,神经、精神与老年医学,,CAM谵妄评估,CAM谵妄评估,Confusion Assessment Method,急性起病/波动、注意障碍、思维紊乱、意识水平改变,是否符合谵妄,1+2+3或4阳性,用于老年和住院患者谵妄筛查,临床评分/决策支持,网络补充,Calculate by QxMD,https://qxmd.com/calculate/,外部来源公式级核对并接入Python实现,B：临床计算器平台收录，需回源核公式,中高：临床常见或教学/决策支持常用,已完成公式/规则级外部来源核对并接入Python实现,用于临床决策支持、教学或质量评估；不能替代完整指南和临床判断,,v1网络补充,,[Calculate by QxMD](https://qxmd.com/calculate/)；Python实现采用预编码或预评分输入，未复刻受版权保护的完整问卷题干。
CALC-0295,神经、精神与老年医学,,GAD-7焦虑评分,GAD-7焦虑评分,Generalized Anxiety Disorder-7,7个焦虑症状频率条目,焦虑严重度总分,7题0-3分，总分0-21,5、10、15常作为轻/中/重度界值,临床评分/决策支持,网络补充,GAD-7,https://www.phqscreeners.com/select-screener,官方指南/专业协会/监管或分期体系,A：官方或专业协会来源,高：对应专科真实临床常用或指南推荐,指南级覆盖；适合做正式模块，但需锁定版本,真实临床使用；实现时需核对最新指南、适用人群和授权,,v1网络补充,,[GAD-7](https://www.phqscreeners.com/select-screener)
CALC-0296,神经、精神与老年医学,,Hunt-Hess蛛网膜下腔出血分级,Hunt-Hess蛛网膜下腔出血分级,Hunt and Hess Scale,头痛、脑膜刺激、神经缺损、意识水平,SAH临床严重度,I-V级,级别越高预后越差,临床评分/决策支持,网络补充,MDCalc calculator library,https://www.mdcalc.com/,医学计算器平台汇总,B：临床计算器平台收录，需回源核公式,中高：临床常见或教学/决策支持常用,平台级覆盖；适合候选清单，公式需逐项回源验证,多为真实使用的临床决策支持工具，但不能替代原始指南,,v1网络补充,,[MDCalc calculator library](https://www.mdcalc.com/)
CALC-0297,神经、精神与老年医学,,ICH脑出血评分,ICH脑出血评分,Intracerebral Hemorrhage Score,GCS、年龄、血肿体积、脑室内出血、幕下来源,30日死亡风险,5项加权总分,分值越高死亡风险越高,风险预测/预后评估,网络补充,MDCalc calculator library,https://www.mdcalc.com/,医学计算器平台汇总,B：临床计算器平台收录，需回源核公式,中高：临床常见或教学/决策支持常用,平台级覆盖；适合候选清单，公式需逐项回源验证,多为真实使用的临床决策支持工具，但不能替代原始指南,,v1网络补充,,[MDCalc calculator library](https://www.mdcalc.com/)
CALC-0298,神经、精神与老年医学,,PHQ-9抑郁评分,PHQ-9抑郁评分,Patient Health Questionnaire-9,9个抑郁症状频率条目,抑郁严重度总分,9题0-3分，总分0-27,5、10、15、20常作为轻/中/中重/重度界值,临床评分/决策支持,网络补充,PHQ-9,https://www.phqscreeners.com/select-screener,官方指南/专业协会/监管或分期体系,A：官方或专业协会来源,高：对应专科真实临床常用或指南推荐,指南级覆盖；适合做正式模块，但需锁定版本,真实临床使用；实现时需核对最新指南、适用人群和授权,,v1网络补充,,[PHQ-9](https://www.phqscreeners.com/select-screener)
CALC-0299,神经、精神与老年医学,,改良Rankin量表,改良Rankin量表,Modified Rankin Scale,卒中后残疾程度描述,功能结局0-6级,临床分级,0无症状；6死亡；常用于卒中结局,症状/功能量表,网络补充,Calculate by QxMD,https://qxmd.com/calculate/,医学计算器平台汇总,B：临床计算器平台收录，需回源核公式,中高：临床常见或教学/决策支持常用,平台级覆盖；适合候选清单，公式需逐项回源验证,多为真实使用的临床决策支持工具，但不能替代原始指南,,v1网络补充,,[Calculate by QxMD](https://qxmd.com/calculate/)
CALC-0300,血液、肿瘤与免疫/过敏,,中性粒细胞绝对计数,中性粒细胞绝对计数,Absolute Neutrophil Count,"白细胞计数,分叶核粒细胞百分比,杆状核粒细胞百分比",绝对嗜中性粒细胞计数,绝对嗜中性粒细胞计数 = 白细胞计数 * ((分叶核粒细胞百分比/100) + (杆状核粒细胞百分比/100)),输出为连续数值或生理指标；具体单位、正常范围和临床阈值按外部来源执行,临床评分/决策支持,医学计算器平台,MDCalc calculator library,https://www.mdcalc.com/,医学计算器平台汇总,B：临床计算器平台收录，需回源核公式,中高：临床常见或教学/决策支持常用,平台级覆盖；适合候选清单，公式需逐项回源验证,多为真实使用的临床决策支持工具，但不能替代原始指南,,外部来源验证,,
CALC-0301,血液、肿瘤与免疫/过敏,,中性粒细胞绝对计数,中性粒细胞绝对计数,Absolute Neutrophil Count,"白细胞计数,分叶核粒细胞百分比,杆状核粒细胞百分比",绝对嗜中性粒细胞计数,绝对嗜中性粒细胞计数 = 白细胞计数 * ((分叶核粒细胞百分比/100) + (杆状核粒细胞百分比/100)),输出为连续数值或生理指标；具体单位、正常范围和临床阈值按外部来源执行,临床评分/决策支持,医学计算器平台,MDCalc calculator library,https://www.mdcalc.com/,医学计算器平台汇总,B：临床计算器平台收录，需回源核公式,中高：临床常见或教学/决策支持常用,平台级覆盖；适合候选清单，公式需逐项回源验证,多为真实使用的临床决策支持工具，但不能替代原始指南,,外部来源验证,,
CALC-0302,血液、肿瘤与免疫/过敏,,嗜酸性粒细胞计数,嗜酸性粒细胞计数,Absolute Eosinophil Count,"WBC,嗜酸性粒细胞",嗜酸性粒细胞绝对计数,嗜酸性粒细胞绝对计数 = WBC * 嗜酸性粒细胞 / 100,输出为连续数值或生理指标；具体单位、正常范围和临床阈值按外部来源执行,临床评分/决策支持,医学计算器平台,MDCalc calculator library,https://www.mdcalc.com/,医学计算器平台汇总,B：临床计算器平台收录，需回源核公式,中高：临床常见或教学/决策支持常用,平台级覆盖；适合候选清单，公式需逐项回源验证,多为真实使用的临床决策支持工具，但不能替代原始指南,,外部来源验证,,
CALC-0303,血液、肿瘤与免疫/过敏,,淋巴细胞绝对值,淋巴细胞绝对值,Absolute Lymphocyte Count,"白细胞计数,淋巴细胞百分比",绝对淋巴细胞计数,绝对淋巴细胞计数 = 白细胞计数 * 淋巴细胞百分比 / 100,输出为连续数值或生理指标；具体单位、正常范围和临床阈值按外部来源执行,临床评分/决策支持,医学计算器平台,MDCalc calculator library,https://www.mdcalc.com/,医学计算器平台汇总,B：临床计算器平台收录，需回源核公式,中高：临床常见或教学/决策支持常用,平台级覆盖；适合候选清单，公式需逐项回源验证,多为真实使用的临床决策支持工具，但不能替代原始指南,,外部来源验证,,
CALC-0304,血液、肿瘤与免疫/过敏,,终末期肝病MELDNa评分（不适合12岁以下患者）,终末期肝病MELDNa评分（不适合12岁以下患者）,MELD-Na Score,"MELD评分,血清钠",MELDNa评分,MELDNa评分 = MELD评分 - 血清钠 - (0.025 * MELD评分 * (140 - 血清钠)) + 140,输出为连续数值或生理指标；具体单位、正常范围和临床阈值按外部来源执行,临床评分/决策支持,官方指南/专业协会,OPTN MELD calculator,https://optn.transplant.hrsa.gov/data/allocation-calculators/meld-calculator/,官方指南/专业协会/监管或分期体系,A：官方或专业协会来源,高：对应专科真实临床常用或指南推荐,指南级覆盖；适合做正式模块，但需锁定版本,真实临床使用；实现时需核对最新指南、适用人群和授权,,外部来源验证,,
CALC-0305,血液、肿瘤与免疫/过敏,,终末期肝病MELDNa评分（不适合12岁以下患者）,终末期肝病MELDNa评分（不适合12岁以下患者）,MELD-Na Score,"肌酐,胆红素,国际标准化比率",MELD评分,MELD评分 = 10 * ((0.957 * ln(肌酐)) + (0.378 * ln(胆红素)) + (1.12 * ln(国际标准化比率))) + 6.43,输出为连续数值或生理指标；具体单位、正常范围和临床阈值按外部来源执行,临床评分/决策支持,官方指南/专业协会,OPTN MELD calculator,https://optn.transplant.hrsa.gov/data/allocation-calculators/meld-calculator/,官方指南/专业协会/监管或分期体系,A：官方或专业协会来源,高：对应专科真实临床常用或指南推荐,指南级覆盖；适合做正式模块，但需锁定版本,真实临床使用；实现时需核对最新指南、适用人群和授权,,外部来源验证,,若患者评分前一周，已进行两次及以上血液透析或 24 小时连续静脉-静脉血液透析（CVVHD），肌酐设为4 mg/dL，即模型可允许最大肌酐水平。
CALC-0306,血液、肿瘤与免疫/过敏,,网织红细胞生成指数,网织红细胞生成指数,Reticulocyte Production Index,"Hct,网织红细胞计数",RPI,RPI = (Hct / 45) * 网织红细胞计数 / 成熟期,输出为连续数值或生理指标；具体单位、正常范围和临床阈值按外部来源执行,公式计算/生理指标,医学计算器平台,MDCalc calculator library,https://www.mdcalc.com/,医学计算器平台汇总,B：临床计算器平台收录，需回源核公式,中高：临床常见或教学/决策支持常用,平台级覆盖；适合候选清单，公式需逐项回源验证,多为真实使用的临床决策支持工具，但不能替代原始指南,,外部来源验证,,"成熟期 = 1.0，当 Hct >= 40%。
成熟期 = 1.5，当 Hct 30-39.9%。
成熟期 = 2.0，当 Hct 20-29.9%。
成熟期 = 2.5，当 Hct < 20%。"
CALC-0307,血液、肿瘤与免疫/过敏,,网织红细胞计数绝对值,网织红细胞计数绝对值,Absolute Reticulocyte Count,"网织红细胞百分比,血细胞比容",绝对网织红细胞计数,绝对网织红细胞计数 = 网织红细胞百分比 * 血细胞比容 / 45,输出为连续数值或生理指标；具体单位、正常范围和临床阈值按外部来源执行,临床评分/决策支持,医学计算器平台,MDCalc calculator library,https://www.mdcalc.com/,医学计算器平台汇总,B：临床计算器平台收录，需回源核公式,中高：临床常见或教学/决策支持常用,平台级覆盖；适合候选清单，公式需逐项回源验证,多为真实使用的临床决策支持工具，但不能替代原始指南,,外部来源验证,,
CALC-0308,血液、肿瘤与免疫/过敏,,肝素诱导的血小板减少（4-T分数）的验前概率,肝素诱导的血小板减少（4-T分数）的验前概率,4Ts Score for Heparin-Induced Thrombocytopenia,量表条目；临床表现；体征或检查结果,肝素诱导的血小板减少（4-T分数）的验前概率总分或风险分层,"血小板减少
血小板计数>下降 50%且最低为≥20,000/microL (2 分)
血小板计数下降 30%-50%或最低为 10,000-19,000 /microL (1 分)
血小板计数下降<30%或最低为 <10,000/microL (0 分)
血小板计数下降时间
肝素接触 5 到 10 天有明显症状，或 若既往 30 天以内接触过肝素，≤第一天一天血小板计数下降 (2 分)
同 5-10 天血小板计数下降一致，但不明确（例如，血小板计数缺失）， 或10 天后发病，或既往 30-100 天内接触过肝素，≤第一天下降 (1 分)
若无肝素接触，血小板计数在第<4日下降 (0 分)
血栓形成或其他后遗症
确诊新发血栓、皮肤坏死或急性系统性反应 发生在静脉注射普通肝素丸之后 (2 分)
进行性或复发性血栓、非坏死性（红斑的）皮肤病变或疑似 血栓（未经证明） (1 分)
无 (0 分)
血小板下降其他原因
不明显 (2 分)
可能 (1 分)
明确的 (0 分)","0 - 3 分数:	低概率
4 - 5 分数:	中等概率
6 - 8 分数:	高概率",风险预测/预后评估,医学计算器平台,MDCalc calculator library,https://www.mdcalc.com/,医学计算器平台汇总,B：临床计算器平台收录，需回源核公式,中高：临床常见或教学/决策支持常用,平台级覆盖；适合候选清单，公式需逐项回源验证,多为真实使用的临床决策支持工具，但不能替代原始指南,,外部来源验证,,
CALC-0309,血液、肿瘤与免疫/过敏,,转铁蛋白饱和度,转铁蛋白饱和度,Transferrin Saturation,"血清铁,总铁结合力",转铁蛋白饱和度,转铁蛋白饱和度 = (血清铁 / 总铁结合力) * 100,输出为连续数值或生理指标；具体单位、正常范围和临床阈值按外部来源执行,临床评分/决策支持,医学计算器平台,MDCalc calculator library,https://www.mdcalc.com/,医学计算器平台汇总,B：临床计算器平台收录，需回源核公式,中高：临床常见或教学/决策支持常用,平台级覆盖；适合候选清单，公式需逐项回源验证,多为真实使用的临床决策支持工具，但不能替代原始指南,,外部来源验证,,
CALC-0310,血液、肿瘤与免疫/过敏,,CLL-IPI慢淋预后指数,CLL-IPI慢淋预后指数,CLL International Prognostic Index,age_years; clinical_stage; beta2_microglobulin_mg_l; ighv_unmutated; del17p_or_tp53_mutated,CLL-IPI总分和风险层级,年龄>65=1；Rai I-IV或Binet B/C=1；β2微球蛋白>3.5 mg/L=2；IGHV未突变=2；del(17p)或TP53突变=4。,0-1低危；2-3中危；4-6高危；7-10极高危。,风险预测/预后评估,医学计算器平台/原始预后模型,CLL-IPI / Calculate by QxMD,https://qxmd.com/calculate/,外部来源公式级核对并接入Python实现,A：官方/专业协会或原始评分体系来源,中高：临床常见或教学/决策支持常用,已完成公式/规则级外部来源核对并接入Python实现,用于临床决策支持、教学或质量评估；不能替代完整指南和临床判断,,v1网络补充,,Python实现采用预编码或预评分输入，未复刻受版权保护的完整问卷题干。
CALC-0311,血液、肿瘤与免疫/过敏,,DAS28类风湿活动度,DAS28类风湿活动度,Disease Activity Score-28,28关节压痛/肿胀、ESR或CRP、患者总体评价,RA疾病活动度,DAS28公式,缓解、低、中、高活动度分层,公式计算/生理指标,网络补充,Calculate by QxMD,https://qxmd.com/calculate/,医学计算器平台汇总,B：临床计算器平台收录，需回源核公式,中高：临床常见或教学/决策支持常用,平台级覆盖；适合候选清单，公式需逐项回源验证,多为真实使用的临床决策支持工具，但不能替代原始指南,,v1网络补充,,[Calculate by QxMD](https://qxmd.com/calculate/)
CALC-0312,血液、肿瘤与免疫/过敏,,FLIPI滤泡淋巴瘤指数,FLIPI滤泡淋巴瘤指数,Follicular Lymphoma International Prognostic Index,年龄、Ann Arbor分期、血红蛋白、结节区数、LDH,滤泡淋巴瘤风险,5项各1分,低、中、高风险,风险预测/预后评估,网络补充,Calculate by QxMD,https://qxmd.com/calculate/,医学计算器平台汇总,B：临床计算器平台收录，需回源核公式,中高：临床常见或教学/决策支持常用,平台级覆盖；适合候选清单，公式需逐项回源验证,多为真实使用的临床决策支持工具，但不能替代原始指南,,v1网络补充,,[Calculate by QxMD](https://qxmd.com/calculate/)
CALC-0313,血液、肿瘤与免疫/过敏,,IPI淋巴瘤预后指数,IPI淋巴瘤预后指数,International Prognostic Index,年龄、分期、LDH、ECOG、结外受累数,侵袭性淋巴瘤预后风险,5项各1分,低、低中、高中、高风险,风险预测/预后评估,网络补充,MDCalc calculator library,https://www.mdcalc.com/,医学计算器平台汇总,B：临床计算器平台收录，需回源核公式,中高：临床常见或教学/决策支持常用,平台级覆盖；适合候选清单，公式需逐项回源验证,多为真实使用的临床决策支持工具，但不能替代原始指南,,v1网络补充,,[MDCalc calculator library](https://www.mdcalc.com/)
CALC-0314,血液、肿瘤与免疫/过敏,,IPSS-R骨髓增生异常综合征,IPSS-R骨髓增生异常综合征,Revised International Prognostic Scoring System,骨髓原始细胞、细胞遗传学、血红蛋白、血小板、中性粒,MDS预后风险,IPSS-R加权评分,极低、低、中、高、极高风险,风险预测/预后评估,网络补充,Calculate by QxMD,https://qxmd.com/calculate/,外部来源公式级核对并接入Python实现,B：临床计算器平台收录，需回源核公式,中高：临床常见或教学/决策支持常用,已完成公式/规则级外部来源核对并接入Python实现,用于临床决策支持、教学或质量评估；不能替代完整指南和临床判断,,v1网络补充,,[Calculate by QxMD](https://qxmd.com/calculate/)；Python实现采用预编码或预评分输入，未复刻受版权保护的完整问卷题干。
CALC-0315,血液、肿瘤与免疫/过敏,,Khorana肿瘤相关VTE风险,Khorana肿瘤相关VTE风险,Khorana Score,cancer_site(very_high_risk/high_risk/other); platelets_10e9_l; hemoglobin_g_dl; using_esa; wbc_10e9_l; bmi,Khorana总分 0-6,癌种极高危2或高危1；血小板>=350加1；Hb<10或使用ESA加1；WBC>11加1；BMI>=35加1。,0低风险；1-2中风险；>=3高风险癌症相关VTE。,风险预测/预后评估,医学计算器平台/原始模型,Khorana Risk Score for VTE in Cancer Patients,https://www.mdcalc.com/calc/10212/khorana-risk-score-venous-thromboembolism-cancer-patients,医学计算器平台与原始模型核对,B：临床计算器平台收录并已核公式,中高：临床常见或教学/决策支持常用,已完成公式级外部来源核对并接入Python实现,用于临床决策支持、教学、筛查或质量评估；不能替代完整指南和临床判断,,外部来源验证,,
CALC-0316,血液、肿瘤与免疫/过敏,,R-ISS多发性骨髓瘤分期,R-ISS多发性骨髓瘤分期,Revised International Staging System,β2微球蛋白、白蛋白、LDH、高危细胞遗传学,多发性骨髓瘤分期,ISS结合LDH和遗传学,I、II、III期预后分层,分期/分级,网络补充,Calculate by QxMD,https://qxmd.com/calculate/,外部来源公式级核对并接入Python实现,B：临床计算器平台收录，需回源核公式,中高：临床常见或教学/决策支持常用,已完成公式/规则级外部来源核对并接入Python实现,用于临床决策支持、教学或质量评估；不能替代完整指南和临床判断,,v1网络补充,,[Calculate by QxMD](https://qxmd.com/calculate/)；Python实现采用预编码或预评分输入，未复刻受版权保护的完整问卷题干。
CALC-0317,血液、肿瘤与免疫/过敏,,SLEDAI狼疮活动指数,SLEDAI狼疮活动指数,SLE Disease Activity Index,中枢、血管、肾、皮肤、关节、实验室等条目,SLE活动度,加权条目总分,分值越高活动度越高,公式计算/生理指标,网络补充,Calculate by QxMD,https://qxmd.com/calculate/,外部来源公式级核对并接入Python实现,B：临床计算器平台收录，需回源核公式,中高：临床常见或教学/决策支持常用,已完成公式/规则级外部来源核对并接入Python实现,用于临床决策支持、教学或质量评估；不能替代完整指南和临床判断,,v1网络补充,,[Calculate by QxMD](https://qxmd.com/calculate/)；Python实现采用预编码或预评分输入，未复刻受版权保护的完整问卷题干。
CALC-0318,创伤、中毒与职业损伤,,GLASGOW昏迷评分,GLASGOW昏迷评分,Glasgow Coma Scale,量表条目；临床表现；体征或检查结果,GLASGOW昏迷评分总分或风险分层,"睁眼
自发 (4 分)
对口头命令 (3 分)
对疼痛 (2 分)
无 (1 分)
最佳活动反应
遵从口头命令 (6 分)
定位疼痛刺激 (5 分)
对疼痛刺激的弯曲收缩 (4 分)
对疼痛刺激的去皮质反应 (3 分)
对疼痛刺激的去大脑反应 (2 分)
无 (1 分)
最佳语言反应
交谈正常 (5 分)
交谈异常 (4 分)
用词不当 (3 分)
用词无法理解 (3 分)
声音无法理解 (2 分)
无 (1 分)","15 分数:	正常
3 - 14 分数:	异常",症状/功能量表,医学计算器平台,MDCalc calculator library,https://www.mdcalc.com/,医学计算器平台汇总,B：临床计算器平台收录，需回源核公式,中高：临床常见或教学/决策支持常用,平台级覆盖；适合候选清单，公式需逐项回源验证,多为真实使用的临床决策支持工具，但不能替代原始指南,,外部来源验证,,
CALC-0319,创伤、中毒与职业损伤,,QT间期校正 (EKG),QT间期校正 (EKG),Corrected QT Interval,QT间期,校正QT间期,校正QT间期 = QT间期 / sqr(RR间期),输出为连续数值或生理指标；具体单位、正常范围和临床阈值按外部来源执行,临床评分/决策支持,医学计算器平台,MDCalc calculator library,https://www.mdcalc.com/,医学计算器平台汇总,B：临床计算器平台收录，需回源核公式,中高：临床常见或教学/决策支持常用,平台级覆盖；适合候选清单，公式需逐项回源验证,多为真实使用的临床决策支持工具，但不能替代原始指南,,外部来源验证,,
CALC-0320,创伤、中毒与职业损伤,,QT间期校正 (EKG),QT间期校正 (EKG),Corrected QT Interval,心率,RR间期,RR间期 = 60 / 心率,输出为连续数值或生理指标；具体单位、正常范围和临床阈值按外部来源执行,临床评分/决策支持,医学计算器平台,MDCalc calculator library,https://www.mdcalc.com/,医学计算器平台汇总,B：临床计算器平台收录，需回源核公式,中高：临床常见或教学/决策支持常用,平台级覆盖；适合候选清单，公式需逐项回源验证,多为真实使用的临床决策支持工具，但不能替代原始指南,,外部来源验证,,
CALC-0321,创伤、中毒与职业损伤,,气胸的塌陷程度,气胸的塌陷程度,Estimated Pneumothorax Size,"肺直径,半胸直径",百分比气胸,百分比气胸 = 100 * (1 - (肺直径^3 / 半胸直径^3)),输出为连续数值或生理指标；具体单位、正常范围和临床阈值按外部来源执行,临床评分/决策支持,医学计算器平台,MDCalc calculator library,https://www.mdcalc.com/,医学计算器平台汇总,B：临床计算器平台收录，需回源核公式,中高：临床常见或教学/决策支持常用,平台级覆盖；适合候选清单，公式需逐项回源验证,多为真实使用的临床决策支持工具，但不能替代原始指南,,外部来源验证,,
CALC-0322,创伤、中毒与职业损伤,,烧伤液体复苏，成人（Parkland公式）,烧伤液体复苏，成人（Parkland公式）,Parkland Formula for Adult Burn Resuscitation,"体重,非体表烧伤面积百分位数",第一个24小时晶体液总量,第一个24小时晶体液总量 = 4 * 体重 * 非体表烧伤面积百分位数,输出为连续数值或生理指标；具体单位、正常范围和临床阈值按外部来源执行,公式计算/生理指标,医学计算器平台,MDCalc calculator library,https://www.mdcalc.com/,医学计算器平台汇总,B：临床计算器平台收录，需回源核公式,中高：临床常见或教学/决策支持常用,平台级覆盖；适合候选清单，公式需逐项回源验证,多为真实使用的临床决策支持工具，但不能替代原始指南,,外部来源验证,,
CALC-0323,创伤、中毒与职业损伤,,烧伤液体复苏，成人（Parkland公式）,烧伤液体复苏，成人（Parkland公式）,Parkland Formula for Adult Burn Resuscitation,第一个24小时晶体液总量,第一个8小时率,第一个8小时率 = 第一个24小时晶体液总量 / 16,输出为连续数值或生理指标；具体单位、正常范围和临床阈值按外部来源执行,公式计算/生理指标,医学计算器平台,MDCalc calculator library,https://www.mdcalc.com/,医学计算器平台汇总,B：临床计算器平台收录，需回源核公式,中高：临床常见或教学/决策支持常用,平台级覆盖；适合候选清单，公式需逐项回源验证,多为真实使用的临床决策支持工具，但不能替代原始指南,,外部来源验证,,
CALC-0324,创伤、中毒与职业损伤,,烧伤液体复苏，成人（Parkland公式）,烧伤液体复苏，成人（Parkland公式）,Parkland Formula for Adult Burn Resuscitation,第一个24小时晶体液总量,之后16小时率,之后16小时率 = 第一个24小时晶体液总量 / 32,输出为连续数值或生理指标；具体单位、正常范围和临床阈值按外部来源执行,公式计算/生理指标,医学计算器平台,MDCalc calculator library,https://www.mdcalc.com/,医学计算器平台汇总,B：临床计算器平台收录，需回源核公式,中高：临床常见或教学/决策支持常用,平台级覆盖；适合候选清单，公式需逐项回源验证,多为真实使用的临床决策支持工具，但不能替代原始指南,,外部来源验证,,
CALC-0325,创伤、中毒与职业损伤,,阴离子间隙,阴离子间隙,Anion Gap,"Na,CI,HCO3",阴离子间隙,阴离子间隙(AG) = Na - (Cl + HCO3),输出为连续数值或生理指标；具体单位、正常范围和临床阈值按外部来源执行,临床评分/决策支持,医学计算器平台,MDCalc calculator library,https://www.mdcalc.com/,医学计算器平台汇总,B：临床计算器平台收录，需回源核公式,中高：临床常见或教学/决策支持常用,平台级覆盖；适合候选清单，公式需逐项回源验证,多为真实使用的临床决策支持工具，但不能替代原始指南,,外部来源验证,,
CALC-0326,创伤、中毒与职业损伤,,MESS肢体损伤评分,MESS肢体损伤评分,Mangled Extremity Severity Score,skeletal_soft_tissue_injury(1-4); limb_ischemia(0-3); ischemia_time_hours; shock(0-2); age(0-2),MESS总分,MESS = 骨/软组织损伤 + 肢体缺血(缺血>6小时则该项加倍) + 休克 + 年龄分。,>=7在原始研究中提示保肢概率差；需结合血管、骨科和软组织条件判断。,风险预测/预后评估,医学计算器平台/创伤评分,"Mangled Extremity Severity Score, MESS",https://www.mdcalc.com/calc/3010/mangled-extremity-severity-score-mess,医学计算器平台与创伤评分文献核对,B：临床计算器平台收录并已核公式,中高：临床常见或教学/决策支持常用,已完成公式级外部来源核对并接入Python实现,用于临床决策支持、教学、筛查或质量评估；不能替代完整指南和临床判断,,外部来源验证,,
CALC-0327,创伤、中毒与职业损伤,,NEXUS胸部影像规则,NEXUS胸部影像规则,NEXUS Chest Decision Instrument,age_years; rapid_deceleration_mechanism; chest_pain; intoxication; abnormal_alertness; distracting_painful_injury; chest_wall_tenderness,NEXUS Chest阳性/阴性,年龄>60、快速减速机制、胸痛、醉酒、意识异常、分散痛性损伤、胸壁压痛任一阳性则规则阳性。,阳性提示按规则需要胸部影像；阴性提示低风险。,临床评分/决策支持,医学计算器平台/临床决策规则,MDCalc NEXUS Chest Decision Instrument,https://www.mdcalc.com/,外部来源公式级核对并接入Python实现,B：临床计算器平台收录并已核公式,中高：临床常见或教学/决策支持常用,已完成公式/规则级外部来源核对并接入Python实现,用于临床决策支持、教学或质量评估；不能替代完整指南和临床判断,,v1网络补充,,Python实现采用预编码或预评分输入，未复刻受版权保护的完整问卷题干。
CALC-0328,创伤、中毒与职业损伤,,TRISS生存概率,TRISS生存概率,Trauma and Injury Severity Score,ISS、RTS、年龄、损伤机制,创伤生存概率,TRISS logistic模型,用于创伤预后和质量评估,风险预测/预后评估,网络补充,MDCalc calculator library,https://www.mdcalc.com/,外部来源公式级核对并接入Python实现,B：临床计算器平台收录，需回源核公式,中高：临床常见或教学/决策支持常用,已完成公式/规则级外部来源核对并接入Python实现,用于临床决策支持、教学或质量评估；不能替代完整指南和临床判断,,v1网络补充,,[MDCalc calculator library](https://www.mdcalc.com/)；Python实现采用预编码或预评分输入，未复刻受版权保护的完整问卷题干。
CALC-0329,创伤、中毒与职业损伤,,修正创伤评分,修正创伤评分,Revised Trauma Score,GCS、收缩压、呼吸频率,RTS,加权生理评分,越低提示创伤生理状态越差,临床评分/决策支持,网络补充,MDCalc calculator library,https://www.mdcalc.com/,医学计算器平台汇总,B：临床计算器平台收录，需回源核公式,中高：临床常见或教学/决策支持常用,平台级覆盖；适合候选清单，公式需逐项回源验证,多为真实使用的临床决策支持工具，但不能替代原始指南,,v1网络补充,,[MDCalc calculator library](https://www.mdcalc.com/)
CALC-0330,创伤、中毒与职业损伤,,对乙酰氨基酚中毒列线图,对乙酰氨基酚中毒列线图,Rumack-Matthew Nomogram,服药后时间、血药浓度、单次急性摄入背景,肝毒性风险/解毒治疗阈值,浓度-时间列线图,仅适用于明确单次急性摄入且时间可靠者,风险预测/预后评估,网络补充,MDCalc calculator library,https://www.mdcalc.com/,医学计算器平台汇总,B：临床计算器平台收录，需回源核公式,中高：临床常见或教学/决策支持常用,平台级覆盖；适合候选清单，公式需逐项回源验证,多为真实使用的临床决策支持工具，但不能替代原始指南,,v1网络补充,,[MDCalc calculator library](https://www.mdcalc.com/)
CALC-0331,创伤、中毒与职业损伤,,损伤严重度评分,损伤严重度评分,Injury Severity Score,ais_by_region,ISS总分,六个身体区域各取最高AIS，若任一区域AIS=6则ISS=75；否则最高三个不同区域AIS平方和。,分值越高损伤越重；>=16常作为严重创伤范围。,临床评分/决策支持,医学计算器平台/创伤评分体系,Injury Severity Score / AIS-based trauma scoring,https://www.mdcalc.com/,外部来源公式级核对并接入Python实现,B：临床计算器平台收录并已核公式,中高：临床常见或教学/决策支持常用,已完成公式/规则级外部来源核对并接入Python实现,用于临床决策支持、教学或质量评估；不能替代完整指南和临床判断,,v1网络补充,,Python实现采用预编码或预评分输入，未复刻受版权保护的完整问卷题干。
CALC-0332,临床药理、诊断统计与通用工具,,CIWA-Ar的临床研究所的戒断反应评估量表,CIWA-Ar的临床研究所的戒断反应评估量表,"Clinical Institute Withdrawal Assessment for Alcohol, Revised",component_scores：10个CIWA-Ar组成项预评分；前9项0-7分，定向/意识云雾0-4分,CIWA-Ar总分（0-67分）,10个组成项预评分相加；总分范围0-67,<=8为无或极轻戒断范围；9-15轻度；16-20中度；>20重度戒断范围,症状/功能量表,临床戒断评估量表；预评分计分实现,CIWA-Ar scoring references / MDCalc,https://www.mdcalc.com/calc/1736/ciwa-ar-alcohol-withdrawal,医学计算器平台/公开计分说明,B：临床计算器平台收录并已核公式,中高：临床常见或教学/决策支持常用,已实现10个预评分组成项求和和常用严重度分层；不包含问卷正文,用于酒精戒断严重度动态评估；治疗决策需结合生命体征、病史和机构流程,,外部来源验证,,permission-safe prescored component implementation
CALC-0333,临床药理、诊断统计与通用工具,,QT间期校正 (EKG),QT间期校正 (EKG),Corrected QT Interval,QT间期,校正QT间期,校正QT间期 = QT间期 / sqr(RR间期),输出为连续数值或生理指标；具体单位、正常范围和临床阈值按外部来源执行,临床评分/决策支持,医学计算器平台,MDCalc calculator library,https://www.mdcalc.com/,医学计算器平台汇总,B：临床计算器平台收录，需回源核公式,中高：临床常见或教学/决策支持常用,平台级覆盖；适合候选清单，公式需逐项回源验证,多为真实使用的临床决策支持工具，但不能替代原始指南,,外部来源验证,,
CALC-0334,临床药理、诊断统计与通用工具,,QT间期校正 (EKG),QT间期校正 (EKG),Corrected QT Interval,心率,RR间期,RR间期 = 60 / 心率,输出为连续数值或生理指标；具体单位、正常范围和临床阈值按外部来源执行,临床评分/决策支持,医学计算器平台,MDCalc calculator library,https://www.mdcalc.com/,医学计算器平台汇总,B：临床计算器平台收录，需回源核公式,中高：临床常见或教学/决策支持常用,平台级覆盖；适合候选清单，公式需逐项回源验证,多为真实使用的临床决策支持工具，但不能替代原始指南,,外部来源验证,,
CALC-0335,临床药理、诊断统计与通用工具,,似然比,似然比,Likelihood Ratio,"敏感性,特异性",阳性似然比,阳性似然比 = 敏感性 / (1-特异性),输出为连续数值或生理指标；具体单位、正常范围和临床阈值按外部来源执行,临床评分/决策支持,医学计算器平台,MDCalc calculator library,https://www.mdcalc.com/,医学计算器平台汇总,B：临床计算器平台收录，需回源核公式,中高：临床常见或教学/决策支持常用,平台级覆盖；适合候选清单，公式需逐项回源验证,多为真实使用的临床决策支持工具，但不能替代原始指南,,外部来源验证,,
CALC-0336,临床药理、诊断统计与通用工具,,似然比,似然比,Likelihood Ratio,"敏感性,特异性",阴性似然比,阴性似然比 = (1-敏感性) / 特异性,输出为连续数值或生理指标；具体单位、正常范围和临床阈值按外部来源执行,临床评分/决策支持,医学计算器平台,MDCalc calculator library,https://www.mdcalc.com/,医学计算器平台汇总,B：临床计算器平台收录，需回源核公式,中高：临床常见或教学/决策支持常用,平台级覆盖；适合候选清单，公式需逐项回源验证,多为真实使用的临床决策支持工具，但不能替代原始指南,,外部来源验证,,
CALC-0337,临床药理、诊断统计与通用工具,,体质指数（凯特勒指数）,体质指数（凯特勒指数）,Body Mass Index,"身高,体重",身体质量指数,身体质量指数(BMI) = (体重/2.205) / (身高/39.37)^2,"身体质量指数(BMI) < 18.5: 低于正常体重
身体质量指数(BMI) >= 18.5 以及 < 25: 正常体重
身体质量指数(BMI) >= 25 以及 < 30:	超重
身体质量指数(BMI) >= 30 以及 < 35:	一类肥胖
身体质量指数(BMI) >= 35 以及 < 40: 二类肥胖
身体质量指数(BMI) >= 40: 三类肥胖",公式计算/生理指标,官方指南/专业协会,CDC BMI calculators,https://www.cdc.gov/bmi/,官方指南/专业协会/监管或分期体系,A：官方或专业协会来源,高：对应专科真实临床常用或指南推荐,指南级覆盖；适合做正式模块，但需锁定版本,真实临床使用；实现时需核对最新指南、适用人群和授权,,外部来源验证,,
CALC-0338,临床药理、诊断统计与通用工具,,来自原始数据的阳性似然比,来自原始数据的阳性似然比,Positive Likelihood Ratio from Raw Data,"敏感性,特异性",阳性似然比,阳性似然比 = 敏感性 / (1-特异性),输出为连续数值或生理指标；具体单位、正常范围和临床阈值按外部来源执行,临床评分/决策支持,医学计算器平台,MDCalc calculator library,https://www.mdcalc.com/,医学计算器平台汇总,B：临床计算器平台收录，需回源核公式,中高：临床常见或教学/决策支持常用,平台级覆盖；适合候选清单，公式需逐项回源验证,多为真实使用的临床决策支持工具，但不能替代原始指南,,外部来源验证,,
CALC-0339,临床药理、诊断统计与通用工具,,来自原始数据的阳性似然比,来自原始数据的阳性似然比,Positive Likelihood Ratio from Raw Data,"真阳性,假阴性",敏感性,敏感性 = 真阳性 / (真阳性 + 假阴性),输出为连续数值或生理指标；具体单位、正常范围和临床阈值按外部来源执行,临床评分/决策支持,医学计算器平台,MDCalc calculator library,https://www.mdcalc.com/,医学计算器平台汇总,B：临床计算器平台收录，需回源核公式,中高：临床常见或教学/决策支持常用,平台级覆盖；适合候选清单，公式需逐项回源验证,多为真实使用的临床决策支持工具，但不能替代原始指南,,外部来源验证,,
CALC-0340,临床药理、诊断统计与通用工具,,来自原始数据的阳性似然比,来自原始数据的阳性似然比,Positive Likelihood Ratio from Raw Data,"真阴性,假阳性",特异性,特异性 = 真阴性 / (真阴性 + 假阳性),输出为连续数值或生理指标；具体单位、正常范围和临床阈值按外部来源执行,临床评分/决策支持,医学计算器平台,MDCalc calculator library,https://www.mdcalc.com/,医学计算器平台汇总,B：临床计算器平台收录，需回源核公式,中高：临床常见或教学/决策支持常用,平台级覆盖；适合候选清单，公式需逐项回源验证,多为真实使用的临床决策支持工具，但不能替代原始指南,,外部来源验证,,
CALC-0341,临床药理、诊断统计与通用工具,,来自原始数据的阳性预测值,来自原始数据的阳性预测值,Positive Predictive Value from Raw Data,"真阳性,假阳性",阳性预测值,阳性预测值 = 100 * 真阳性 / (真阳性 + 假阳性),输出为连续数值或生理指标；具体单位、正常范围和临床阈值按外部来源执行,临床评分/决策支持,医学计算器平台,MDCalc calculator library,https://www.mdcalc.com/,医学计算器平台汇总,B：临床计算器平台收录，需回源核公式,中高：临床常见或教学/决策支持常用,平台级覆盖；适合候选清单，公式需逐项回源验证,多为真实使用的临床决策支持工具，但不能替代原始指南,,外部来源验证,,
CALC-0342,临床药理、诊断统计与通用工具,,来自原始数据的阴性似然比,来自原始数据的阴性似然比,Negative Likelihood Ratio from Raw Data,"敏感性,特异性",阴性似然比,阴性似然比 = (1-敏感性) / 特异性,输出为连续数值或生理指标；具体单位、正常范围和临床阈值按外部来源执行,临床评分/决策支持,医学计算器平台,MDCalc calculator library,https://www.mdcalc.com/,医学计算器平台汇总,B：临床计算器平台收录，需回源核公式,中高：临床常见或教学/决策支持常用,平台级覆盖；适合候选清单，公式需逐项回源验证,多为真实使用的临床决策支持工具，但不能替代原始指南,,外部来源验证,,
CALC-0343,临床药理、诊断统计与通用工具,,来自原始数据的阴性似然比,来自原始数据的阴性似然比,Negative Likelihood Ratio from Raw Data,"真阳性,假阴性",敏感性,敏感性 = 真阳性 / (真阳性 + 假阴性),输出为连续数值或生理指标；具体单位、正常范围和临床阈值按外部来源执行,临床评分/决策支持,医学计算器平台,MDCalc calculator library,https://www.mdcalc.com/,医学计算器平台汇总,B：临床计算器平台收录，需回源核公式,中高：临床常见或教学/决策支持常用,平台级覆盖；适合候选清单，公式需逐项回源验证,多为真实使用的临床决策支持工具，但不能替代原始指南,,外部来源验证,,
CALC-0344,临床药理、诊断统计与通用工具,,来自原始数据的阴性似然比,来自原始数据的阴性似然比,Negative Likelihood Ratio from Raw Data,"真阴性,假阳性",特异性,特异性 = 真阴性 / (真阴性 + 假阳性),输出为连续数值或生理指标；具体单位、正常范围和临床阈值按外部来源执行,临床评分/决策支持,医学计算器平台,MDCalc calculator library,https://www.mdcalc.com/,医学计算器平台汇总,B：临床计算器平台收录，需回源核公式,中高：临床常见或教学/决策支持常用,平台级覆盖；适合候选清单，公式需逐项回源验证,多为真实使用的临床决策支持工具，但不能替代原始指南,,外部来源验证,,
CALC-0345,临床药理、诊断统计与通用工具,,来自原始数据的阴性预测值,来自原始数据的阴性预测值,Negative Predictive Value from Raw Data,"真阴性,假阴性",阴性预测值,阴性预测值 = 100 * 真阴性 / (真阴性 + 假阴性),输出为连续数值或生理指标；具体单位、正常范围和临床阈值按外部来源执行,临床评分/决策支持,医学计算器平台,MDCalc calculator library,https://www.mdcalc.com/,医学计算器平台汇总,B：临床计算器平台收录，需回源核公式,中高：临床常见或教学/决策支持常用,平台级覆盖；适合候选清单，公式需逐项回源验证,多为真实使用的临床决策支持工具，但不能替代原始指南,,外部来源验证,,
CALC-0346,临床药理、诊断统计与通用工具,,来自概率的比数,来自概率的比数,Odds from Probability,可能性,几率,几率 = 可能性 / (1 - 可能性),输出为连续数值或生理指标；具体单位、正常范围和临床阈值按外部来源执行,临床评分/决策支持,循证医学工具,CEBM likelihood ratios and diagnostic testing,https://www.cebm.ox.ac.uk/resources/ebm-tools/likelihood-ratios,专业机构/量表官网/大学或研究工具,C：可追溯外部来源，需确认版本、版权和适用人群,中：专科、研究或随访场景常用，泛临床频率不一,可追溯来源覆盖；适合候选清单，实施前需逐项核原始公式,真实存在且可追溯；是否适合上线取决于授权、验证质量和本地化,,外部来源验证,,
CALC-0347,临床药理、诊断统计与通用工具,,来自比数的概率,来自比数的概率,Probability from Odds,几率,可能性,可能性 = 几率 / (1 + 几率),输出为连续数值或生理指标；具体单位、正常范围和临床阈值按外部来源执行,临床评分/决策支持,循证医学工具,CEBM likelihood ratios and diagnostic testing,https://www.cebm.ox.ac.uk/resources/ebm-tools/likelihood-ratios,专业机构/量表官网/大学或研究工具,C：可追溯外部来源，需确认版本、版权和适用人群,中：专科、研究或随访场景常用，泛临床频率不一,可追溯来源覆盖；适合候选清单，实施前需逐项核原始公式,真实存在且可追溯；是否适合上线取决于授权、验证质量和本地化,,外部来源验证,,
CALC-0348,临床药理、诊断统计与通用工具,,检查的阳性预测值,检查的阳性预测值,Positive Predictive Value,"流行性,敏感性,特异性",PPV,PPV = 100 * (流行性 * 敏感性) / (流行性 * 敏感性 + ((1 - 流行性) * (1 - 特异性))),输出为连续数值或生理指标；具体单位、正常范围和临床阈值按外部来源执行,临床评分/决策支持,医学计算器平台,MDCalc calculator library,https://www.mdcalc.com/,医学计算器平台汇总,B：临床计算器平台收录，需回源核公式,中高：临床常见或教学/决策支持常用,平台级覆盖；适合候选清单，公式需逐项回源验证,多为真实使用的临床决策支持工具，但不能替代原始指南,,外部来源验证,,
CALC-0349,临床药理、诊断统计与通用工具,,检查的阴性预测值,检查的阴性预测值,Negative Predictive Value,"流行性,敏感性,特异性",NPV,NPV= 100 * ((1 - 流行性) * 特异性) / ((1-流行性) * 特异性 + (流行性 * (1 - 敏感性))),输出为连续数值或生理指标；具体单位、正常范围和临床阈值按外部来源执行,临床评分/决策支持,医学计算器平台,MDCalc calculator library,https://www.mdcalc.com/,医学计算器平台汇总,B：临床计算器平台收录，需回源核公式,中高：临床常见或教学/决策支持常用,平台级覆盖；适合候选清单，公式需逐项回源验证,多为真实使用的临床决策支持工具，但不能替代原始指南,,外部来源验证,,
CALC-0350,临床药理、诊断统计与通用工具,,源于灵敏度和患病率的假阴性,源于灵敏度和患病率的假阴性,False Negative Rate from Sensitivity and Prevalence,患病率,验前比,验前比 = 患病率 / (1 - 患病率),输出为连续数值或生理指标；具体单位、正常范围和临床阈值按外部来源执行,临床评分/决策支持,循证医学工具,CEBM likelihood ratios and diagnostic testing,https://www.cebm.ox.ac.uk/resources/ebm-tools/likelihood-ratios,专业机构/量表官网/大学或研究工具,C：可追溯外部来源，需确认版本、版权和适用人群,中：专科、研究或随访场景常用，泛临床频率不一,可追溯来源覆盖；适合候选清单，实施前需逐项核原始公式,真实存在且可追溯；是否适合上线取决于授权、验证质量和本地化,,外部来源验证,,
CALC-0351,临床药理、诊断统计与通用工具,,源于灵敏度和患病率的假阴性,源于灵敏度和患病率的假阴性,False Negative Rate from Sensitivity and Prevalence,"敏感性,患病率",真阳性,真阳性 = 敏感性 * 患病率,输出为连续数值或生理指标；具体单位、正常范围和临床阈值按外部来源执行,临床评分/决策支持,循证医学工具,CEBM likelihood ratios and diagnostic testing,https://www.cebm.ox.ac.uk/resources/ebm-tools/likelihood-ratios,专业机构/量表官网/大学或研究工具,C：可追溯外部来源，需确认版本、版权和适用人群,中：专科、研究或随访场景常用，泛临床频率不一,可追溯来源覆盖；适合候选清单，实施前需逐项核原始公式,真实存在且可追溯；是否适合上线取决于授权、验证质量和本地化,,外部来源验证,,
CALC-0352,临床药理、诊断统计与通用工具,,源于灵敏度和患病率的假阴性,源于灵敏度和患病率的假阴性,False Negative Rate from Sensitivity and Prevalence,"敏感性,患病率",假阴性,假阴性 = (1 - 敏感性) * 患病率,输出为连续数值或生理指标；具体单位、正常范围和临床阈值按外部来源执行,临床评分/决策支持,循证医学工具,CEBM likelihood ratios and diagnostic testing,https://www.cebm.ox.ac.uk/resources/ebm-tools/likelihood-ratios,专业机构/量表官网/大学或研究工具,C：可追溯外部来源，需确认版本、版权和适用人群,中：专科、研究或随访场景常用，泛临床频率不一,可追溯来源覆盖；适合候选清单，实施前需逐项核原始公式,真实存在且可追溯；是否适合上线取决于授权、验证质量和本地化,,外部来源验证,,
CALC-0353,临床药理、诊断统计与通用工具,,源于灵敏度和患病率的假阴性,源于灵敏度和患病率的假阴性,False Negative Rate from Sensitivity and Prevalence,"真阳性,假阴性",假阴性率,假阴性率 = 100 * 假阴性 / (真阳性 + 假阴性),输出为连续数值或生理指标；具体单位、正常范围和临床阈值按外部来源执行,临床评分/决策支持,循证医学工具,CEBM likelihood ratios and diagnostic testing,https://www.cebm.ox.ac.uk/resources/ebm-tools/likelihood-ratios,专业机构/量表官网/大学或研究工具,C：可追溯外部来源，需确认版本、版权和适用人群,中：专科、研究或随访场景常用，泛临床频率不一,可追溯来源覆盖；适合候选清单，实施前需逐项核原始公式,真实存在且可追溯；是否适合上线取决于授权、验证质量和本地化,,外部来源验证,,
CALC-0354,临床药理、诊断统计与通用工具,,源于特异性和患病率的假阳性,源于特异性和患病率的假阳性,False Positive Rate from Specificity and Prevalence,"假阳性,真阴性",假阳性率,假阳性率 = 100 * 假阳性 / (假阳性 + 真阴性),输出为连续数值或生理指标；具体单位、正常范围和临床阈值按外部来源执行,临床评分/决策支持,医学计算器平台,MDCalc calculator library,https://www.mdcalc.com/,医学计算器平台汇总,B：临床计算器平台收录，需回源核公式,中高：临床常见或教学/决策支持常用,平台级覆盖；适合候选清单，公式需逐项回源验证,多为真实使用的临床决策支持工具，但不能替代原始指南,,外部来源验证,,
CALC-0355,临床药理、诊断统计与通用工具,,源于特异性和患病率的假阳性,源于特异性和患病率的假阳性,False Positive Rate from Specificity and Prevalence,"特异性,患病率",假阳性,假阳性 = (1 - 特异性) * (1 - 患病率),输出为连续数值或生理指标；具体单位、正常范围和临床阈值按外部来源执行,临床评分/决策支持,医学计算器平台,MDCalc calculator library,https://www.mdcalc.com/,医学计算器平台汇总,B：临床计算器平台收录，需回源核公式,中高：临床常见或教学/决策支持常用,平台级覆盖；适合候选清单，公式需逐项回源验证,多为真实使用的临床决策支持工具，但不能替代原始指南,,外部来源验证,,
CALC-0356,临床药理、诊断统计与通用工具,,源于特异性和患病率的假阳性,源于特异性和患病率的假阳性,False Positive Rate from Specificity and Prevalence,"特异性,患病率",真阴性,真阴性 = 特异性 * (1 - 患病率),输出为连续数值或生理指标；具体单位、正常范围和临床阈值按外部来源执行,临床评分/决策支持,医学计算器平台,MDCalc calculator library,https://www.mdcalc.com/,医学计算器平台汇总,B：临床计算器平台收录，需回源核公式,中高：临床常见或教学/决策支持常用,平台级覆盖；适合候选清单，公式需逐项回源验证,多为真实使用的临床决策支持工具，但不能替代原始指南,,外部来源验证,,
CALC-0357,临床药理、诊断统计与通用工具,,获益增加/需要处理多尺度的数目,获益增加/需要处理多尺度的数目,Absolute Benefit Increase and Number Needed to Treat,"对照组事件发生率,绝对获益增加率",相对获益增加率,相对获益增加率 = 绝对获益增加率 / 对照组事件发生率,输出为连续数值或生理指标；具体单位、正常范围和临床阈值按外部来源执行,临床评分/决策支持,医学计算器平台,MDCalc calculator library,https://www.mdcalc.com/,医学计算器平台汇总,B：临床计算器平台收录，需回源核公式,中高：临床常见或教学/决策支持常用,平台级覆盖；适合候选清单，公式需逐项回源验证,多为真实使用的临床决策支持工具，但不能替代原始指南,,外部来源验证,,
CALC-0358,临床药理、诊断统计与通用工具,,获益增加/需要处理多尺度的数目,获益增加/需要处理多尺度的数目,Absolute Benefit Increase and Number Needed to Treat,"对照组事件发生率,试验组事件发生率",绝对获益增加率,绝对获益增加率 = 对照组事件发生率 - 试验组事件发生率,输出为连续数值或生理指标；具体单位、正常范围和临床阈值按外部来源执行,临床评分/决策支持,医学计算器平台,MDCalc calculator library,https://www.mdcalc.com/,医学计算器平台汇总,B：临床计算器平台收录，需回源核公式,中高：临床常见或教学/决策支持常用,平台级覆盖；适合候选清单，公式需逐项回源验证,多为真实使用的临床决策支持工具，但不能替代原始指南,,外部来源验证,,
CALC-0359,临床药理、诊断统计与通用工具,,获益增加/需要处理多尺度的数目,获益增加/需要处理多尺度的数目,Absolute Benefit Increase and Number Needed to Treat,绝对获益增加率,NNT,NNT = 1 / 绝对获益增加率,输出为连续数值或生理指标；具体单位、正常范围和临床阈值按外部来源执行,临床评分/决策支持,医学计算器平台,MDCalc calculator library,https://www.mdcalc.com/,医学计算器平台汇总,B：临床计算器平台收录，需回源核公式,中高：临床常见或教学/决策支持常用,平台级覆盖；适合候选清单，公式需逐项回源验证,多为真实使用的临床决策支持工具，但不能替代原始指南,,外部来源验证,,
CALC-0360,临床药理、诊断统计与通用工具,,试验的敏感性,试验的敏感性,Test Sensitivity,"真阳性,假阴性",敏感性,敏感性 = 100 * 真阳性 / (真阳性 + 假阴性),输出为连续数值或生理指标；具体单位、正常范围和临床阈值按外部来源执行,临床评分/决策支持,医学计算器平台,MDCalc calculator library,https://www.mdcalc.com/,医学计算器平台汇总,B：临床计算器平台收录，需回源核公式,中高：临床常见或教学/决策支持常用,平台级覆盖；适合候选清单，公式需逐项回源验证,多为真实使用的临床决策支持工具，但不能替代原始指南,,外部来源验证,,
CALC-0361,临床药理、诊断统计与通用工具,,试验的特异性,试验的特异性,Test Specificity,"假阳性,真阴性",特异性,特异性 = 100 * 真阴性 / (真阴性 + 假阳性),输出为连续数值或生理指标；具体单位、正常范围和临床阈值按外部来源执行,临床评分/决策支持,医学计算器平台,MDCalc calculator library,https://www.mdcalc.com/,医学计算器平台汇总,B：临床计算器平台收录，需回源核公式,中高：临床常见或教学/决策支持常用,平台级覆盖；适合候选清单，公式需逐项回源验证,多为真实使用的临床决策支持工具，但不能替代原始指南,,外部来源验证,,
CALC-0362,临床药理、诊断统计与通用工具,,贝叶斯统计,贝叶斯统计,Bayesian Diagnostic Statistics,(1-敏感性),阴性似然比,阴性似然比 = (1-敏感性) / 特异性,输出为连续数值或生理指标；具体单位、正常范围和临床阈值按外部来源执行,临床评分/决策支持,医学计算器平台,MDCalc calculator library,https://www.mdcalc.com/,医学计算器平台汇总,B：临床计算器平台收录，需回源核公式,中高：临床常见或教学/决策支持常用,平台级覆盖；适合候选清单，公式需逐项回源验证,多为真实使用的临床决策支持工具，但不能替代原始指南,,外部来源验证,,
CALC-0363,临床药理、诊断统计与通用工具,,贝叶斯统计,贝叶斯统计,Bayesian Diagnostic Statistics,"假阳性,真阴性",假阳性率,假阳性率 = 100 * 假阳性 / (假阳性 + 真阴性),输出为连续数值或生理指标；具体单位、正常范围和临床阈值按外部来源执行,临床评分/决策支持,医学计算器平台,MDCalc calculator library,https://www.mdcalc.com/,医学计算器平台汇总,B：临床计算器平台收录，需回源核公式,中高：临床常见或教学/决策支持常用,平台级覆盖；适合候选清单，公式需逐项回源验证,多为真实使用的临床决策支持工具，但不能替代原始指南,,外部来源验证,,
CALC-0364,临床药理、诊断统计与通用工具,,贝叶斯统计,贝叶斯统计,Bayesian Diagnostic Statistics,患病率,检验前几率比值比,检验前机率比值比 = 患病率 / (1 - 患病率),输出为连续数值或生理指标；具体单位、正常范围和临床阈值按外部来源执行,公式计算/生理指标,医学计算器平台,MDCalc calculator library,https://www.mdcalc.com/,医学计算器平台汇总,B：临床计算器平台收录，需回源核公式,中高：临床常见或教学/决策支持常用,平台级覆盖；适合候选清单，公式需逐项回源验证,多为真实使用的临床决策支持工具，但不能替代原始指南,,外部来源验证,,
CALC-0365,临床药理、诊断统计与通用工具,,贝叶斯统计,贝叶斯统计,Bayesian Diagnostic Statistics,敏感性,阳性似然比,阳性似然比 = 敏感性 / (1-特异性),输出为连续数值或生理指标；具体单位、正常范围和临床阈值按外部来源执行,临床评分/决策支持,医学计算器平台,MDCalc calculator library,https://www.mdcalc.com/,医学计算器平台汇总,B：临床计算器平台收录，需回源核公式,中高：临床常见或教学/决策支持常用,平台级覆盖；适合候选清单，公式需逐项回源验证,多为真实使用的临床决策支持工具，但不能替代原始指南,,外部来源验证,,
CALC-0366,临床药理、诊断统计与通用工具,,贝叶斯统计,贝叶斯统计,Bayesian Diagnostic Statistics,"敏感性,患病率",真阳性,真阳性 = 敏感性 * 患病率,输出为连续数值或生理指标；具体单位、正常范围和临床阈值按外部来源执行,临床评分/决策支持,医学计算器平台,MDCalc calculator library,https://www.mdcalc.com/,医学计算器平台汇总,B：临床计算器平台收录，需回源核公式,中高：临床常见或教学/决策支持常用,平台级覆盖；适合候选清单，公式需逐项回源验证,多为真实使用的临床决策支持工具，但不能替代原始指南,,外部来源验证,,
CALC-0367,临床药理、诊断统计与通用工具,,贝叶斯统计,贝叶斯统计,Bayesian Diagnostic Statistics,"敏感性,患病率",假阴性,假阴性 = (1 - 敏感性) * 患病率,输出为连续数值或生理指标；具体单位、正常范围和临床阈值按外部来源执行,临床评分/决策支持,医学计算器平台,MDCalc calculator library,https://www.mdcalc.com/,医学计算器平台汇总,B：临床计算器平台收录，需回源核公式,中高：临床常见或教学/决策支持常用,平台级覆盖；适合候选清单，公式需逐项回源验证,多为真实使用的临床决策支持工具，但不能替代原始指南,,外部来源验证,,
CALC-0368,临床药理、诊断统计与通用工具,,贝叶斯统计,贝叶斯统计,Bayesian Diagnostic Statistics,"检验前机率比值比,阳性似然比",检验后阳性率比值比,检验后阳性率比值比 = 检验前机率比值比 * 阳性似然比,输出为连续数值或生理指标；具体单位、正常范围和临床阈值按外部来源执行,公式计算/生理指标,医学计算器平台,MDCalc calculator library,https://www.mdcalc.com/,医学计算器平台汇总,B：临床计算器平台收录，需回源核公式,中高：临床常见或教学/决策支持常用,平台级覆盖；适合候选清单，公式需逐项回源验证,多为真实使用的临床决策支持工具，但不能替代原始指南,,外部来源验证,,
CALC-0369,临床药理、诊断统计与通用工具,,贝叶斯统计,贝叶斯统计,Bayesian Diagnostic Statistics,"检验前机率比值比,阴性似然比",检验后阴性率比值比,检验后阴性率比值比 = 检验前机率比值比 * 阴性似然比,输出为连续数值或生理指标；具体单位、正常范围和临床阈值按外部来源执行,公式计算/生理指标,医学计算器平台,MDCalc calculator library,https://www.mdcalc.com/,医学计算器平台汇总,B：临床计算器平台收录，需回源核公式,中高：临床常见或教学/决策支持常用,平台级覆盖；适合候选清单，公式需逐项回源验证,多为真实使用的临床决策支持工具，但不能替代原始指南,,外部来源验证,,
CALC-0370,临床药理、诊断统计与通用工具,,贝叶斯统计,贝叶斯统计,Bayesian Diagnostic Statistics,检验后阳性率比值比,检验后阳性率,检验后阳性率 = 检验后阳性率比值比 / (1 + 检验后阳性率比值比),输出为连续数值或生理指标；具体单位、正常范围和临床阈值按外部来源执行,公式计算/生理指标,医学计算器平台,MDCalc calculator library,https://www.mdcalc.com/,医学计算器平台汇总,B：临床计算器平台收录，需回源核公式,中高：临床常见或教学/决策支持常用,平台级覆盖；适合候选清单，公式需逐项回源验证,多为真实使用的临床决策支持工具，但不能替代原始指南,,外部来源验证,,
CALC-0371,临床药理、诊断统计与通用工具,,贝叶斯统计,贝叶斯统计,Bayesian Diagnostic Statistics,检验后阴性率比值比,检验后阴性率,检验后阴性率 = 检验后阴性率比值比 / (1 + 检验后阴性率比值比),输出为连续数值或生理指标；具体单位、正常范围和临床阈值按外部来源执行,公式计算/生理指标,医学计算器平台,MDCalc calculator library,https://www.mdcalc.com/,医学计算器平台汇总,B：临床计算器平台收录，需回源核公式,中高：临床常见或教学/决策支持常用,平台级覆盖；适合候选清单，公式需逐项回源验证,多为真实使用的临床决策支持工具，但不能替代原始指南,,外部来源验证,,
CALC-0372,临床药理、诊断统计与通用工具,,贝叶斯统计,贝叶斯统计,Bayesian Diagnostic Statistics,"特异性,患病率",假阳性,假阳性 = (1 - 特异性) * (1 - 患病率),输出为连续数值或生理指标；具体单位、正常范围和临床阈值按外部来源执行,临床评分/决策支持,医学计算器平台,MDCalc calculator library,https://www.mdcalc.com/,医学计算器平台汇总,B：临床计算器平台收录，需回源核公式,中高：临床常见或教学/决策支持常用,平台级覆盖；适合候选清单，公式需逐项回源验证,多为真实使用的临床决策支持工具，但不能替代原始指南,,外部来源验证,,
CALC-0373,临床药理、诊断统计与通用工具,,贝叶斯统计,贝叶斯统计,Bayesian Diagnostic Statistics,"特异性,患病率",真阴性,真阴性 = 特异性 * (1 - 患病率),输出为连续数值或生理指标；具体单位、正常范围和临床阈值按外部来源执行,临床评分/决策支持,医学计算器平台,MDCalc calculator library,https://www.mdcalc.com/,医学计算器平台汇总,B：临床计算器平台收录，需回源核公式,中高：临床常见或教学/决策支持常用,平台级覆盖；适合候选清单，公式需逐项回源验证,多为真实使用的临床决策支持工具，但不能替代原始指南,,外部来源验证,,
CALC-0374,临床药理、诊断统计与通用工具,,贝叶斯统计,贝叶斯统计,Bayesian Diagnostic Statistics,"真阳性,假阳性",阳性预测值,阳性预测值 = 100 * 真阳性 / (真阳性 + 假阳性),输出为连续数值或生理指标；具体单位、正常范围和临床阈值按外部来源执行,临床评分/决策支持,医学计算器平台,MDCalc calculator library,https://www.mdcalc.com/,医学计算器平台汇总,B：临床计算器平台收录，需回源核公式,中高：临床常见或教学/决策支持常用,平台级覆盖；适合候选清单，公式需逐项回源验证,多为真实使用的临床决策支持工具，但不能替代原始指南,,外部来源验证,,
CALC-0375,临床药理、诊断统计与通用工具,,贝叶斯统计,贝叶斯统计,Bayesian Diagnostic Statistics,"真阳性,假阴性",假阴性率,假阴性率 = 100 * 假阴性 / (真阳性 + 假阴性),输出为连续数值或生理指标；具体单位、正常范围和临床阈值按外部来源执行,临床评分/决策支持,医学计算器平台,MDCalc calculator library,https://www.mdcalc.com/,医学计算器平台汇总,B：临床计算器平台收录，需回源核公式,中高：临床常见或教学/决策支持常用,平台级覆盖；适合候选清单，公式需逐项回源验证,多为真实使用的临床决策支持工具，但不能替代原始指南,,外部来源验证,,
CALC-0376,临床药理、诊断统计与通用工具,,贝叶斯统计,贝叶斯统计,Bayesian Diagnostic Statistics,"真阳性,真阴性",总体准确度,总体准确度 = 100 * (真阳性 + 真阴性),输出为连续数值或生理指标；具体单位、正常范围和临床阈值按外部来源执行,临床评分/决策支持,医学计算器平台,MDCalc calculator library,https://www.mdcalc.com/,医学计算器平台汇总,B：临床计算器平台收录，需回源核公式,中高：临床常见或教学/决策支持常用,平台级覆盖；适合候选清单，公式需逐项回源验证,多为真实使用的临床决策支持工具，但不能替代原始指南,,外部来源验证,,
CALC-0377,临床药理、诊断统计与通用工具,,贝叶斯统计,贝叶斯统计,Bayesian Diagnostic Statistics,"真阴性,假阴性",阴性预测值,阴性预测值 = 100 * 真阴性 / (真阴性 + 假阴性),输出为连续数值或生理指标；具体单位、正常范围和临床阈值按外部来源执行,临床评分/决策支持,医学计算器平台,MDCalc calculator library,https://www.mdcalc.com/,医学计算器平台汇总,B：临床计算器平台收录，需回源核公式,中高：临床常见或教学/决策支持常用,平台级覆盖；适合候选清单，公式需逐项回源验证,多为真实使用的临床决策支持工具，但不能替代原始指南,,外部来源验证,,
CALC-0378,临床药理、诊断统计与通用工具,,饮酒筛查问卷调查,饮酒筛查问卷调查,Alcohol Screening Questionnaire,量表条目；临床表现；体征或检查结果,评分、分级或临床决策结果,"1) 您多久饮用一次含酒精的饮品？
从不 (0 分)
每月 1 次或更少 (1 分)
每月 2-4 次 (2 分)
每周 2-3 次 (3 分)
每周 4 次或以上 (4 分)
2) 通常一天中您会饮用多少杯含酒精的饮品？
1 杯或 2 杯 (0 分)
3 杯或 4 杯 (1 分)
5 杯或 6 杯 (2 分)
7 杯至 9 杯 (3 分)
10 杯或更多 (4 分)
3) 一次饮 5 杯或以上的情况会多久出现一次？
从不 (0 分)
少于每月 1 次 (1 分)
每月 1 次 (2 分)
每周 1 次 (3 分)
每天或几乎每天 (4 分)
4) 在去年，您开始饮酒后便无法停止的情况多久出现一次？
从不 (0 分)
少于每月 1 次 (1 分)
每月 1 次 (2 分)
每周 1 次 (3 分)
每天或几乎每天 (4 分)
5) 在去年，您由于饮酒而无法完成正常预期的事情的情况多久出现一次？
从不 (0 分)
少于每月 1 次 (1 分)
每月 1 次 (2 分)
每周 1 次 (3 分)
每天或几乎每天 (4 分)
6) 在去年，当您在晚上大量饮酒后，次日早上需要再饮一杯才能正常做事情的情况多久出现一次？
从不 (0 分)
少于每月 1 次 (1 分)
每月 1 次 (2 分)
每周 1 次 (3 分)
每天或几乎每天 (4 分)
7) 在去年，您在饮酒后感觉内疚或懊悔的情况多久出现一次？
从不 (0 分)
少于每月 1 次 (1 分)
每月 1 次 (2 分)
每周 1 次 (3 分)
每天或几乎每天 (4 分)
8) 在去年，您由于饮酒而不记得前一晚发生的事情的情况多久出现一次？
从不 (0 分)
少于每月 1 次 (1 分)
每月 1 次 (2 分)
每周 1 次 (3 分)
每天或几乎每天 (4 分)
9) 您或他人是否曾经因为您饮酒而受伤？
否 (0 分)
是，但不是在去年 (2 分)
是，在去年 (4 分)
10) 是否有亲戚、朋友或医护人员曾经为您的饮酒问题感到担忧，或者建议您减少饮酒？
否 (0 分)
是，但不是在去年 (2 分)
是，在去年 (4 分)","0 - 7 分值:	低风险
8 - 15 分值:	中等风险
16 - 19 分值:	高风险
20 - 40 分值:	有可能成瘾",症状/功能量表,医学计算器平台,MDCalc calculator library,https://www.mdcalc.com/,医学计算器平台汇总,B：临床计算器平台收录，需回源核公式,中高：临床常见或教学/决策支持常用,平台级覆盖；适合候选清单，公式需逐项回源验证,多为真实使用的临床决策支持工具，但不能替代原始指南,,外部来源验证,,
CALC-0379,临床药理、诊断统计与通用工具,,NNT/NNH计算,NNT/NNH计算,Number Needed to Treat/Harm,对照事件率、治疗事件率或绝对风险差,NNT或NNH,1/绝对风险差,绝对风险差越小，NNT/NNH越大,风险预测/预后评估,网络补充,Merck Manual clinical calculators,https://www.merckmanuals.com/professional/pages-with-widgets/clinical-calculators,医学计算器平台汇总,B：临床计算器平台收录，需回源核公式,中高：临床常见或教学/决策支持常用,平台级覆盖；适合候选清单，公式需逐项回源验证,多为真实使用的临床决策支持工具，但不能替代原始指南,,v1网络补充,,[Merck Manual clinical calculators](https://www.merckmanuals.com/professional/pages-with-widgets/clinical-calculators)
CALC-0380,临床药理、诊断统计与通用工具,,万古霉素AUC/MIC估算,万古霉素AUC/MIC估算,Vancomycin AUC/MIC,auc24_mg_h_l; mic_mg_l,万古霉素AUC24/MIC比值和目标范围提示,AUC/MIC = 24小时AUC除以MIC。,常用目标AUC/MIC 400-600；需结合感染部位、MIC方法和药师TDM方案。,药物剂量/治疗监测,治疗药物监测指南,2020 Vancomycin Consensus Guideline,https://www.idsociety.org/practice-guideline/vancomycin/,外部来源公式级核对并接入Python实现,A：官方/专业协会或原始评分体系来源,中高：临床常见或教学/决策支持常用,已完成公式/规则级外部来源核对并接入Python实现,用于临床决策支持、教学或质量评估；不能替代完整指南和临床判断,,v1网络补充,,Python实现采用预编码或预评分输入，未复刻受版权保护的完整问卷题干。
CALC-0381,临床药理、诊断统计与通用工具,,华法林维持剂量辅助,华法林维持剂量辅助,Warfarin Dose Estimation,INR、目标INR、当前周剂量、相互作用、年龄等,调整后周剂量建议辅助,按INR偏离程度百分比调整,仅作抗凝门诊辅助，需本地方案和出血风险评估,药物剂量/治疗监测,网络补充,Calculate by QxMD,https://qxmd.com/calculate/,医学计算器平台汇总,B：临床计算器平台收录，需回源核公式,中高：临床常见或教学/决策支持常用,平台级覆盖；适合候选清单，公式需逐项回源验证,多为真实使用的临床决策支持工具，但不能替代原始指南,,v1网络补充,,[Calculate by QxMD](https://qxmd.com/calculate/)
CALC-0382,临床药理、诊断统计与通用工具,,吗啡毫克当量,吗啡毫克当量,"Morphine Milligram Equivalents, MME",dose_mg_per_administration; administrations_per_day; mme_conversion_factor,每日吗啡毫克当量(MME),每日MME = 单次剂量mg * 每日次数 * MME转换系数。,用于阿片处方风险沟通；转换系数不可直接作为阿片轮换剂量。,药物剂量/治疗监测,公共卫生指南/转换系数表,CDC Clinical Practice Guideline for Prescribing Opioids,https://www.cdc.gov/mmwr/volumes/71/rr/rr7103a1.htm,外部来源公式级核对并接入Python实现,A：官方/专业协会或原始评分体系来源,中高：临床常见或教学/决策支持常用,已完成公式/规则级外部来源核对并接入Python实现,用于临床决策支持、教学或质量评估；不能替代完整指南和临床判断,,v1网络补充,,Python实现采用预编码或预评分输入，未复刻受版权保护的完整问卷题干。
CALC-0383,临床药理、诊断统计与通用工具,,敏感性/特异性到似然比,敏感性/特异性到似然比,Likelihood Ratios from Sensitivity and Specificity,敏感性、特异性,LR+、LR-,LR+=Se/(1-Sp)；LR-=(1-Se)/Sp,用于贝叶斯诊断更新,临床评分/决策支持,网络补充,Merck Manual clinical calculators,https://www.merckmanuals.com/professional/pages-with-widgets/clinical-calculators,医学计算器平台汇总,B：临床计算器平台收录，需回源核公式,中高：临床常见或教学/决策支持常用,平台级覆盖；适合候选清单，公式需逐项回源验证,多为真实使用的临床决策支持工具，但不能替代原始指南,,v1网络补充,,[Merck Manual clinical calculators](https://www.merckmanuals.com/professional/pages-with-widgets/clinical-calculators)
CALC-0384,临床药理、诊断统计与通用工具,,样本量：两比例比较,样本量：两比例比较,Sample Size for Two Proportions,α、效能、两组比例、分配比,每组样本量,正态近似样本量公式,研究设计初筛，最终需统计师确认,公式计算/生理指标,网络补充,Calculate by QxMD,https://qxmd.com/calculate/,医学计算器平台汇总,B：临床计算器平台收录，需回源核公式,中高：临床常见或教学/决策支持常用,平台级覆盖；适合候选清单，公式需逐项回源验证,多为真实使用的临床决策支持工具，但不能替代原始指南,,v1网络补充,,[Calculate by QxMD](https://qxmd.com/calculate/)
CALC-0385,临床药理、诊断统计与通用工具,,氨基糖苷给药间隔估算,氨基糖苷给药间隔估算,Aminoglycoside Dosing Interval,体重、肾功能、药物、峰谷浓度、给药策略,剂量/间隔建议辅助,药代动力学公式,需TDM复核，避免耳肾毒性,药物剂量/治疗监测,网络补充,Merck Manual clinical calculators,https://www.merckmanuals.com/professional/pages-with-widgets/clinical-calculators,医学计算器平台汇总,B：临床计算器平台收录，需回源核公式,中高：临床常见或教学/决策支持常用,平台级覆盖；适合候选清单，公式需逐项回源验证,多为真实使用的临床决策支持工具，但不能替代原始指南,,v1网络补充,,[Merck Manual clinical calculators](https://www.merckmanuals.com/professional/pages-with-widgets/clinical-calculators)
CALC-0386,眼科,,眼外伤评分,眼外伤评分,"Ocular Trauma Score, OTS",initial_visual_acuity; globe_rupture; endophthalmitis; perforating_injury; retinal_detachment; relative_afferent_pupillary_defect,OTS原始分、等级和预后概率表,按初始视力给基础分，再扣除眼球破裂、眼内炎、穿通伤、视网膜脱离和RAPD对应分值并映射等级。,OTS等级越高通常提示伤后6个月视力预后越好。,风险预测/预后评估,专业协会临床评分,AAO EyeWiki Ocular Trauma Score,https://eyewiki.org/Ocular_Trauma_Score,外部来源公式级核对并接入Python实现,A：官方/专业协会或原始评分体系来源,高：对应专科真实临床常用或指南推荐,已完成公式/规则级外部来源核对并接入Python实现,用于临床决策支持、教学或质量评估；不能替代完整指南和临床判断,,v2扩展补充,,Python实现采用预编码或预评分输入，未复刻受版权保护的完整问卷题干。
CALC-0387,眼科,,眼压高患者早期POAG风险分层,眼压性青光眼5年风险,OHTS Glaucoma Risk Calculator,年龄；双眼平均未治疗眼压；双眼平均中央角膜厚度；双眼平均垂直杯盘比；双眼平均视野模式标准差,5年原发开角型青光眼风险档位,OHTS-EGPS简化积分法；五项各0至4分；总分0至20映射五个风险档位,仅适用于与OHTS/EGPS相似且按源测量协议评估的眼压高患者；不预测已确诊青光眼进展,风险预测/预后评估,开放获取原始预测模型,Validated prediction model for the development of primary open-angle glaucoma in individuals with ocular hypertension,https://pmc.ncbi.nlm.nih.gov/articles/PMC1995665/,原始论文Table 6及OHTS官网回源,A：同行评议原始模型开放全文,中：专科、研究或随访场景常用，泛临床频率不一,已实现论文简化积分法及其边界风险档位；未冒充连续方程,年龄30至80岁、未治疗眼压20至32mmHg、CCT 475至650微米；眼部指标宜多次测量后双眼取平均,2007,开放原始文献实现,source_backed_implementation,doi:10.1016/j.ophtha.2006.08.031
CALC-0388,眼科,,人工晶体度数计算,人工晶体度数计算,IOL Power Calculation,眼轴长度；角膜曲率；前房深度；晶体厚度；目标屈光度；公式选择,推荐IOL度数,SRK/T、Holladay、Hoffer Q、Haigis、Barrett等公式,用于白内障术前屈光目标规划,公式计算/生理指标,网络补充,ASCRS calculators,https://www.ascrs.org/tools,外部来源公式级核对并接入Python实现,A：官方或专业协会来源,高：对应专科真实临床常用或指南推荐,已完成公式/规则级外部来源核对并接入Python实现,用于临床决策支持、教学或质量评估；不能替代完整指南和临床判断,,v2扩展补充,,参考 [ASCRS calculators](https://www.ascrs.org/tools)；Python实现采用预编码或预评分输入，未复刻受版权保护的完整问卷题干。
CALC-0389,眼科,,屈光术后人工晶体计算,屈光术后人工晶体计算,Post-Refractive IOL Calculator,既往LASIK/PRK/RK资料；当前角膜参数；眼轴；目标屈光,术后眼IOL度数建议,ASCRS post-refractive calculator,屈光术后角膜需要专门公式，避免普通公式误差,临床评分/决策支持,网络补充,ASCRS IOL calculator,https://iolcalc.ascrs.org/,官方指南/专业协会/监管或分期体系,A：官方或专业协会来源,高：对应专科真实临床常用或指南推荐,指南级覆盖；适合做正式模块，但需锁定版本,真实临床使用；实现时需核对最新指南、适用人群和授权,,v2扩展补充,,参考 [ASCRS IOL calculator](https://iolcalc.ascrs.org/)
CALC-0390,眼科,,视力LogMAR换算,视力LogMAR换算,Visual Acuity Conversion,Snellen、ETDRS字母数、小数视力或LogMAR,换算后的视力表达,LogMAR与Snellen/ETDRS换算,LogMAR越低视力越好；0约等于20/20,临床评分/决策支持,医学计算器平台,QxMD Calculate,https://qxmd.com/calculate/,官方指南/专业协会/监管或分期体系,A：官方或专业协会来源,高：对应专科真实临床常用或指南推荐,指南级覆盖；适合做正式模块，但需锁定版本,真实临床使用；实现时需核对最新指南、适用人群和授权,,v2扩展补充,,参考 ETDRS/LogMAR常用眼科研究标准
CALC-0391,眼科,,糖尿病视网膜病变严重度,糖尿病视网膜病变严重度,"Diabetic Retinopathy Severity Scale, DRSS",severity,糖尿病视网膜病变严重度分类,使用预编码DRSS/临床严重度等级映射为标准分类。,从无DR、非增殖期到增殖期，严重度递增。,临床评分/决策支持,眼科学会分级体系,AAO Preferred Practice Pattern diabetic retinopathy severity scale,https://www.aao.org/preferred-practice-pattern,外部来源公式级核对并接入Python实现,A：官方/专业协会或原始评分体系来源,高：对应专科真实临床常用或指南推荐,已完成公式/规则级外部来源核对并接入Python实现,用于临床决策支持、教学或质量评估；不能替代完整指南和临床判断,,v2扩展补充,,Python实现采用预编码或预评分输入，未复刻受版权保护的完整问卷题干。
CALC-0392,眼科,,早产儿视网膜病变分区分期,早产儿视网膜病变分区分期,Retinopathy of Prematurity Classification,zone; stage; plus_disease,ROP分区、分期和高风险提示,按ICROP分区、分期和plus disease组合解释严重度。,更后极分区、更高分期或plus disease提示更高风险并需专科处理。,分期/分级,国际分类体系/同行评议文献,International Classification of Retinopathy of Prematurity update,https://pmc.ncbi.nlm.nih.gov/articles/PMC7891357/,外部来源公式级核对并接入Python实现,A：官方/专业协会或原始评分体系来源,高：对应专科真实临床常用或指南推荐,已完成公式/规则级外部来源核对并接入Python实现,用于临床决策支持、教学或质量评估；不能替代完整指南和临床判断,,v2扩展补充,,Python实现采用预编码或预评分输入，未复刻受版权保护的完整问卷题干。
CALC-0393,眼科,,青光眼视野损害分级,青光眼视野损害分级,Glaucoma Visual Field Staging,平均缺损MD；模式标准差PSD；中央视野受累,早中晚期视野损害,Hodapp-Parrish-Anderson等分级,MD越负、中央受累越重，病情越严重,临床评分/决策支持,官方指南/专业协会,AAO Preferred Practice Patterns,https://www.aao.org/preferred-practice-pattern,官方指南/专业协会/监管或分期体系,A：官方或专业协会来源,高：对应专科真实临床常用或指南推荐,指南级覆盖；适合做正式模块，但需锁定版本,真实临床使用；实现时需核对最新指南、适用人群和授权,,v2扩展补充,,参考青光眼临床研究常用分级
CALC-0394,眼科,,干眼症状指数,干眼症状指数,"Ocular Surface Disease Index, OSDI",12个眼部症状、视觉功能和环境触发问题,OSDI总分,总分 = 得分和 * 25 / 回答题数,0-12正常；13-22轻；23-32中；33-100重,症状/功能量表,网络补充,OSDI instrument,https://www.jnjvisionpro.com/,临床量表/患者报告结局工具,C：标准量表或PRO工具，需确认版权和版本,中：专科门诊、研究或随访常用,量表型覆盖；适合症状评估和随访,真实使用，但部分量表有授权、翻译版本和计分版权限制,,v2扩展补充,,参考 [OSDI instrument](https://www.jnjvisionpro.com/)
CALC-0395,耳鼻喉、头颈与听力言语,,鼻窦炎生活质量评分,鼻窦炎生活质量评分,"Sino-Nasal Outcome Test-22, SNOT-22",22项鼻部、睡眠、情绪和功能症状,SNOT-22总分,22题0-5分，总分0-110,分数越高，鼻窦炎相关负担越重,症状/功能量表,网络补充,SNOT-22,https://www.rhinologyjournal.com/,外部来源公式级核对并接入Python实现,A：官方或专业协会来源,高：对应专科真实临床常用或指南推荐,已完成公式/规则级外部来源核对并接入Python实现,用于临床决策支持、教学或质量评估；不能替代完整指南和临床判断,,v2扩展补充,,参考 [SNOT-22](https://www.rhinologyjournal.com/)；Python实现采用预编码或预评分输入，未复刻受版权保护的完整问卷题干。
CALC-0396,耳鼻喉、头颈与听力言语,,鼻阻塞症状评分,鼻阻塞症状评分,"Nasal Obstruction Symptom Evaluation, NOSE",5项鼻塞相关症状,NOSE总分,5题0-4分，乘以5换算0-100,分数越高，鼻阻塞越重,症状/功能量表,临床量表/患者报告结局工具,NOSE Scale,https://www.entnet.org/,官方指南/专业协会/监管或分期体系,A：官方或专业协会来源,高：对应专科真实临床常用或指南推荐,指南级覆盖；适合做正式模块，但需锁定版本,真实临床使用；实现时需核对最新指南、适用人群和授权,,v2扩展补充,,参考鼻整形与鼻阻塞研究常用量表
CALC-0397,耳鼻喉、头颈与听力言语,,鼻窦CT Lund-Mackay评分,鼻窦CT Lund-Mackay评分,Lund-Mackay CT Score,各鼻窦混浊程度；窦口鼻道复合体阻塞,CT总分0-24,每侧鼻窦0-2分，OMC 0或2分,分数越高，影像病变越重,临床评分/决策支持,医学计算器平台,QxMD Calculate,https://qxmd.com/calculate/,医学计算器平台汇总,B：临床计算器平台收录，需回源核公式,中高：临床常见或教学/决策支持常用,平台级覆盖；适合候选清单，公式需逐项回源验证,多为真实使用的临床决策支持工具，但不能替代原始指南,,v2扩展补充,,参考慢性鼻窦炎影像评分
CALC-0398,耳鼻喉、头颈与听力言语,,鼻内镜Lund-Kennedy评分,鼻内镜Lund-Kennedy评分,Lund-Kennedy Endoscopic Score,息肉；水肿；分泌物；瘢痕；结痂,内镜总分,双侧内镜条目加总,分数越高，内镜炎症越重,临床评分/决策支持,医学计算器平台,QxMD Calculate,https://qxmd.com/calculate/,医学计算器平台汇总,B：临床计算器平台收录，需回源核公式,中高：临床常见或教学/决策支持常用,平台级覆盖；适合候选清单，公式需逐项回源验证,多为真实使用的临床决策支持工具，但不能替代原始指南,,v2扩展补充,,参考鼻窦炎内镜评分体系
CALC-0399,耳鼻喉、头颈与听力言语,,嗓音障碍指数10项,嗓音障碍指数10项,"Voice Handicap Index-10, VHI-10",10项嗓音功能、躯体和情绪影响,VHI-10总分,10题0-4分，总分0-40,分数越高，嗓音障碍影响越大,公式计算/生理指标,网络补充,AAO-HNS voice resources,https://www.entnet.org/,官方指南/专业协会/监管或分期体系,A：官方或专业协会来源,高：对应专科真实临床常用或指南推荐,指南级覆盖；适合做正式模块，但需锁定版本,真实临床使用；实现时需核对最新指南、适用人群和授权,,v2扩展补充,,参考 [AAO-HNS voice resources](https://www.entnet.org/)
CALC-0400,耳鼻喉、头颈与听力言语,,吞咽障碍筛查量表,吞咽障碍筛查量表,"Eating Assessment Tool-10, EAT-10",10项吞咽相关症状,EAT-10总分,10题0-4分，总分0-40,常用>=3提示吞咽障碍风险,症状/功能量表,临床量表/患者报告结局工具,EAT-10,https://www.nestlenutrition-institute.org/resources/nutrition-tools/details/eat-10,临床量表/患者报告结局工具,C：标准量表或PRO工具，需确认版权和版本,中：专科门诊、研究或随访常用,量表型覆盖；适合症状评估和随访,真实使用，但部分量表有授权、翻译版本和计分版权限制,,v2扩展补充,,参考吞咽障碍筛查常用量表
CALC-0401,耳鼻喉、头颈与听力言语,,反流症状指数,反流症状指数,"Reflux Symptom Index, RSI",9项咽喉反流相关症状,RSI总分,9题0-5分，总分0-45,分数越高，咽喉反流症状越重,症状/功能量表,医学计算器平台,QxMD Calculate,https://qxmd.com/calculate/,医学计算器平台汇总,B：临床计算器平台收录，需回源核公式,中高：临床常见或教学/决策支持常用,平台级覆盖；适合候选清单，公式需逐项回源验证,多为真实使用的临床决策支持工具，但不能替代原始指南,,v2扩展补充,,参考喉咽反流临床量表
CALC-0402,耳鼻喉、头颈与听力言语,,眩晕障碍量表,眩晕障碍量表,"Dizziness Handicap Inventory, DHI",25项功能、情绪和躯体影响,DHI总分,25题加权总分0-100,分数越高，眩晕导致残障越重,症状/功能量表,医学计算器平台,QxMD Calculate,https://qxmd.com/calculate/,医学计算器平台汇总,B：临床计算器平台收录，需回源核公式,中高：临床常见或教学/决策支持常用,平台级覆盖；适合候选清单，公式需逐项回源验证,多为真实使用的临床决策支持工具，但不能替代原始指南,,v2扩展补充,,参考前庭疾病常用量表
CALC-0403,耳鼻喉、头颈与听力言语,,纯音平均听阈,纯音平均听阈,"Pure Tone Average, PTA",500、1000、2000、4000 Hz听阈；耳别,PTA dB HL,常用频率听阈平均,用于听力损失程度和助听器评估,临床评分/决策支持,医学计算器平台,QxMD Calculate,https://qxmd.com/calculate/,医学计算器平台汇总,B：临床计算器平台收录，需回源核公式,中高：临床常见或教学/决策支持常用,平台级覆盖；适合候选清单，公式需逐项回源验证,多为真实使用的临床决策支持工具，但不能替代原始指南,,v2扩展补充,,参考听力学通用指标
CALC-0404,耳鼻喉、头颈与听力言语,,耳鸣功能指数,耳鸣功能指数,"Tinnitus Functional Index, TFI",25项耳鸣侵扰、控制感、认知、睡眠、听觉等,TFI总分,25题换算0-100,分数越高，耳鸣负担越重,症状/功能量表,临床量表/患者报告结局工具,Tinnitus Functional Index,https://www.ata.org/,临床量表/患者报告结局工具,C：标准量表或PRO工具，需确认版权和版本,中：专科门诊、研究或随访常用,量表型覆盖；适合症状评估和随访,真实使用，但部分量表有授权、翻译版本和计分版权限制,,v2扩展补充,,参考耳鸣疗效研究常用量表
CALC-0405,皮肤科,,银屑病面积与严重度指数,银屑病面积与严重度指数,"Psoriasis Area and Severity Index, PASI",头颈、上肢、躯干、下肢面积；红斑、浸润、鳞屑,PASI 0-72,各部位面积权重和严重度加权求和,分数越高，银屑病越重,公式计算/生理指标,网络补充,DermNet PASI,https://dermnetnz.org/topics/pasi-score,专业机构/量表官网/大学或研究工具,C：可追溯外部来源，需确认版本、版权和适用人群,中：专科、研究或随访场景常用，泛临床频率不一,可追溯来源覆盖；适合候选清单，实施前需逐项核原始公式,真实存在且可追溯；是否适合上线取决于授权、验证质量和本地化,,v2扩展补充,,参考 [DermNet PASI](https://dermnetnz.org/topics/pasi-score)
CALC-0406,皮肤科,,体表面积手掌法,体表面积手掌法,Body Surface Area by Palm Method,patient_palms,估算烧伤面积 %TBSA,患者手掌面积约等于1% TBSA；估算%TBSA = 患者手掌数 * 1。,用于小面积或散在烧伤的快速估算；大面积烧伤应结合Rule of Nines或Lund-Browder。,临床评分/决策支持,医学参考/烧伤面积估算,Merck Manual burn area estimation,https://www.merckmanuals.com/professional/injuries-poisoning/burns/burns,医学参考资料,B：可靠医学参考资料并已核规则,中高：临床常见或教学/决策支持常用,已完成公式级外部来源核对并接入Python实现,用于临床决策支持、教学、筛查或质量评估；不能替代完整指南和临床判断,,外部来源验证,,
CALC-0407,皮肤科,,皮肤病生活质量指数,皮肤病生活质量指数,"Dermatology Life Quality Index, DLQI",10项症状、日常、休闲、工作学习、人际、治疗影响,DLQI总分,10题0-3分，总分0-30,0-1无影响；2-5小；6-10中；11-20大；21-30极大,症状/功能量表,网络补充,Cardiff DLQI,https://www.cardiff.ac.uk/medicine/resources/quality-of-life-questionnaires/dermatology-life-quality-index,临床量表/患者报告结局工具,C：标准量表或PRO工具，需确认版权和版本,中：专科门诊、研究或随访常用,量表型覆盖；适合症状评估和随访,真实使用，但部分量表有授权、翻译版本和计分版权限制,,v2扩展补充,,参考 [Cardiff DLQI](https://www.cardiff.ac.uk/medicine/resources/quality-of-life-questionnaires/dermatology-life-quality-index)
CALC-0408,皮肤科,,湿疹面积与严重度指数,湿疹面积与严重度指数,"Eczema Area and Severity Index, EASI",四个身体区域面积；红斑、丘疹、抓痕、苔藓样变,EASI 0-72,区域面积和严重度加权,分数越高，特应性皮炎越重,公式计算/生理指标,网络补充,EASI score,https://www.eczemacouncil.org/research/eczema-area-and-severity-index-easi,官方指南/专业协会/监管或分期体系,A：官方或专业协会来源,高：对应专科真实临床常用或指南推荐,指南级覆盖；适合做正式模块，但需锁定版本,真实临床使用；实现时需核对最新指南、适用人群和授权,,v2扩展补充,,参考 [EASI score](https://www.eczemacouncil.org/research/eczema-area-and-severity-index-easi)
CALC-0409,皮肤科,,特应性皮炎SCORAD评分,特应性皮炎SCORAD评分,"SCORing Atopic Dermatitis, SCORAD",受累面积；客观体征；瘙痒和睡眠,SCORAD总分,A/5 + 7B/2 + C,<25轻；25-50中；>50重,临床评分/决策支持,网络补充,SCORAD,https://www.scorad.corti.li/,专业机构/量表官网/大学或研究工具,C：可追溯外部来源，需确认版本、版权和适用人群,中：专科、研究或随访场景常用，泛临床频率不一,可追溯来源覆盖；适合候选清单，实施前需逐项核原始公式,真实存在且可追溯；是否适合上线取决于授权、验证质量和本地化,,v2扩展补充,,参考 [SCORAD](https://www.scorad.corti.li/)
CALC-0410,皮肤科,,患者导向湿疹量表,患者导向湿疹量表,"Patient-Oriented Eczema Measure, POEM",7项过去一周湿疹症状频率,POEM总分,7题0-4分，总分0-28,0-2清除；3-7轻；8-16中；17-24重；25-28极重,症状/功能量表,网络补充,Nottingham POEM,https://www.nottingham.ac.uk/research/groups/cebd/resources/poem.aspx,临床量表/患者报告结局工具,C：标准量表或PRO工具，需确认版权和版本,中：专科门诊、研究或随访常用,量表型覆盖；适合症状评估和随访,真实使用，但部分量表有授权、翻译版本和计分版权限制,,v2扩展补充,,参考 [Nottingham POEM](https://www.nottingham.ac.uk/research/groups/cebd/resources/poem.aspx)
CALC-0411,皮肤科,,荨麻疹活动度7日评分,荨麻疹活动度7日评分,"Urticaria Activity Score 7, UAS7",daily_wheal_scores; daily_pruritus_scores,UAS7 0-42分和疾病活动度分级,7天每日风团评分0-3和瘙痒评分0-3分别预评分后求和。,总分越高提示慢性荨麻疹活动度越高。,临床评分/决策支持,皮肤科评分/同行评议资料,UAS7 scoring worksheet and activity bands,https://pmc.ncbi.nlm.nih.gov/articles/PMC5978890/,外部来源公式级核对并接入Python实现,A：官方/专业协会或原始评分体系来源,高：对应专科真实临床常用或指南推荐,已完成公式/规则级外部来源核对并接入Python实现,用于临床决策支持、教学或质量评估；不能替代完整指南和临床判断,,v2扩展补充,,Python实现采用预编码或预评分输入，未复刻受版权保护的完整问卷题干。
CALC-0412,皮肤科,,脱发严重度工具,脱发严重度工具,"Severity of Alopecia Tool, SALT",vertex_percent_loss; right_profile_percent_loss; left_profile_percent_loss; posterior_percent_loss,SALT 0-100分,SALT = 顶部40%、右侧18%、左侧18%、后枕24%面积权重乘各区脱发百分比后求和。,分数越高表示头皮脱发面积越大。,临床评分/决策支持,皮肤科临床试验评分/同行评议文献,Severity of Alopecia Tool scoring review,https://pmc.ncbi.nlm.nih.gov/articles/PMC11392458/,外部来源公式级核对并接入Python实现,A：官方/专业协会或原始评分体系来源,高：对应专科真实临床常用或指南推荐,已完成公式/规则级外部来源核对并接入Python实现,用于临床决策支持、教学或质量评估；不能替代完整指南和临床判断,,v2扩展补充,,Python实现采用预编码或预评分输入，未复刻受版权保护的完整问卷题干。
CALC-0413,皮肤科,,指甲银屑病严重度指数,指甲银屑病严重度指数,"Nail Psoriasis Severity Index, NAPSI",matrix_scores; bed_scores,NAPSI总分,10个指甲甲母质和甲床预评分象限分各0-4求和，手指甲总分0-80。,分数越高提示指甲银屑病严重度越高。,公式计算/生理指标,皮肤科评分工具,NAPSI clinical tool,https://www.usdermed.com/clinical-tools/napsi.html,外部来源公式级核对并接入Python实现,A：官方/专业协会或原始评分体系来源,中高：临床常见或教学/决策支持常用,已完成公式/规则级外部来源核对并接入Python实现,用于临床决策支持、教学或质量评估；不能替代完整指南和临床判断,,v2扩展补充,,Python实现采用预编码或预评分输入，未复刻受版权保护的完整问卷题干。
CALC-0414,皮肤科,,化脓性汗腺炎Hurley分期,化脓性汗腺炎Hurley分期,Hurley Staging for Hidradenitis Suppurativa,stage,Hurley I-III期解释,按预编码Hurley I、II、III期返回化脓性汗腺炎分期说明。,I期脓肿无窦道瘢痕；II期复发伴窦道瘢痕；III期弥漫多发连通窦道。,分期/分级,医学参考资料/临床分期,DermNet Hidradenitis Suppurativa Hurley staging,https://dermnetnz.org/topics/hidradenitis-suppurativa,外部来源公式级核对并接入Python实现,A：官方/专业协会或原始评分体系来源,中：专科、研究或随访场景常用，泛临床频率不一,已完成公式/规则级外部来源核对并接入Python实现,用于临床决策支持、教学或质量评估；不能替代完整指南和临床判断,,v2扩展补充,,Python实现采用预编码或预评分输入，未复刻受版权保护的完整问卷题干。
CALC-0415,皮肤科,,医师总体评估,医师总体评估,Investigator or Physician Global Assessment,皮损整体严重度等级,IGA/PGA等级,通常0-4或0-5等级,等级越高，疾病越重；用于皮肤病疗效终点,临床评分/决策支持,官方指南/专业协会,AAD clinical guidelines,https://www.aad.org/member/clinical-quality/guidelines,官方指南/专业协会/监管或分期体系,A：官方或专业协会来源,高：对应专科真实临床常用或指南推荐,指南级覆盖；适合做正式模块，但需锁定版本,真实临床使用；实现时需核对最新指南、适用人群和授权,,v2扩展补充,,参考皮肤科临床试验常用终点
CALC-0416,风湿免疫,,类风湿临床疾病活动指数,类风湿临床疾病活动指数,"Clinical Disease Activity Index, CDAI",28关节压痛数；28关节肿胀数；患者总体评价；医生总体评价,CDAI总分,TJC28 + SJC28 + PGA + EGA,缓解、低、中、高活动度分层,公式计算/生理指标,网络补充,ACR RA disease activity measures,https://rheumatology.org/,官方指南/专业协会/监管或分期体系,A：官方或专业协会来源,高：对应专科真实临床常用或指南推荐,指南级覆盖；适合做正式模块，但需锁定版本,真实临床使用；实现时需核对最新指南、适用人群和授权,,v2扩展补充,,参考 [ACR RA disease activity measures](https://rheumatology.org/)
CALC-0417,风湿免疫,,类风湿简化疾病活动指数,类风湿简化疾病活动指数,"Simplified Disease Activity Index, SDAI",tender_joint_count_28; swollen_joint_count_28; patient_global_assessment(0-10); provider_global_assessment(0-10); crp_mg_dl,SDAI总分,SDAI = TJC28 + SJC28 + 患者总体评价 + 医师总体评价 + CRP(mg/dL)。,<=3.3缓解；<=11低活动；<=26中活动；>26高活动。,公式计算/生理指标,风湿病活动度评分/医学计算器平台,"Simplified Disease Activity Index, SDAI",https://www.mdcalc.com/calc/10095/simplified-disease-activity-index-sdai-rheumatoid-arthritis,医学计算器平台与风湿评分资料核对,B：临床计算器平台收录并已核公式,高：对应专科真实临床常用或指南推荐,已完成公式级外部来源核对并接入Python实现,用于临床决策支持、教学、筛查或质量评估；不能替代完整指南和临床判断,,外部来源验证,,
CALC-0418,风湿免疫,,类风湿RAPID3评分,类风湿RAPID3评分,Routine Assessment of Patient Index Data 3,physical_function; pain; patient_global,RAPID3总分,RAPID3 = 身体功能0-10 + 疼痛0-10 + 患者总体评价0-10。,<=3缓解；>3-6低；>6-12中；>12高。,临床评分/决策支持,专业协会/患者报告结局工具,American College of Rheumatology RAPID3,https://rheumatology.org/,外部来源公式级核对并接入Python实现,B：临床计算器平台收录并已核公式,中：专科、研究或随访场景常用，泛临床频率不一,已完成公式/规则级外部来源核对并接入Python实现,用于临床决策支持、教学或质量评估；不能替代完整指南和临床判断,,v2扩展补充,,Python实现采用预编码或预评分输入，未复刻受版权保护的完整问卷题干。
CALC-0419,风湿免疫,,强直性脊柱炎疾病活动指数,强直性脊柱炎疾病活动指数,"Bath Ankylosing Spondylitis Disease Activity Index, BASDAI",items: 6个0-10预编码条目分,BASDAI 0-10,BASDAI = (Q1+Q2+Q3+Q4+(Q5+Q6)/2)/5。,>=4常提示疾病活动度较高。,公式计算/生理指标,专业组织量表资料,ASAS BASDAI instrument,https://www.asas-group.org/instruments/,ASAS专业组织工具资料,A：专业组织量表资料,高：对应专科真实临床常用或指南推荐,已完成公式级外部来源核对并接入Python实现,用于临床决策支持、教学、筛查或质量评估；不能替代完整指南和临床判断,,外部来源验证,,Python实现使用预编码分项分数，不复刻题项全文。
CALC-0420,风湿免疫,,强直性脊柱炎功能指数,强直性脊柱炎功能指数,"Bath Ankylosing Spondylitis Functional Index, BASFI",items: 10个0-10预编码功能条目分,BASFI 0-10,BASFI = 10个功能条目分的平均值。,分数越高提示功能受限越重。,症状/功能量表,专业组织量表资料,ASAS BASFI instrument,https://www.asas-group.org/instruments/,ASAS专业组织工具资料,A：专业组织量表资料,高：对应专科真实临床常用或指南推荐,已完成公式级外部来源核对并接入Python实现,用于临床决策支持、教学、筛查或质量评估；不能替代完整指南和临床判断,,外部来源验证,,Python实现使用预编码分项分数，不复刻题项全文。
CALC-0421,风湿免疫,,强直性脊柱炎疾病活动评分,强直性脊柱炎疾病活动评分,"Ankylosing Spondylitis Disease Activity Score, ASDAS",inflammatory_back_pain; morning_stiffness; patient_global; peripheral_pain_swelling; crp_mg_l,ASDAS-CRP分值和疾病活动度分类,ASDAS-CRP公式整合背痛、晨僵、患者总体、外周痛肿和CRP。,<1.3不活动；1.3-2.1低；2.1-3.5高；>3.5很高。,公式计算/生理指标,专业协会评分工具,ASAS ASDAS calculator,https://www.asas-group.org/instruments/asdas-calculator/,外部来源公式级核对并接入Python实现,A：官方/专业协会或原始评分体系来源,高：对应专科真实临床常用或指南推荐,已完成公式/规则级外部来源核对并接入Python实现,用于临床决策支持、教学或质量评估；不能替代完整指南和临床判断,,v2扩展补充,,Python实现采用预编码或预评分输入，未复刻受版权保护的完整问卷题干。
CALC-0422,风湿免疫,,干燥综合征疾病活动指数,干燥综合征疾病活动指数,"EULAR Sjogren's Syndrome Disease Activity Index, ESSDAI",12个器官系统受累等级,ESSDAI总分,器官域权重加总,分数越高，系统受累活动度越高,公式计算/生理指标,网络补充,EULAR Sjogren tools,https://www.eular.org/,外部来源公式级核对并接入Python实现,A：官方或专业协会来源,高：对应专科真实临床常用或指南推荐,已完成公式/规则级外部来源核对并接入Python实现,用于临床决策支持、教学或质量评估；不能替代完整指南和临床判断,,v2扩展补充,,参考 [EULAR Sjogren tools](https://www.eular.org/)；Python实现采用预编码或预评分输入，未复刻受版权保护的完整问卷题干。
CALC-0423,风湿免疫,,ANCA相关血管炎活动评分,ANCA相关血管炎活动评分,"Birmingham Vasculitis Activity Score, BVAS",多系统活动性血管炎表现,BVAS总分,器官条目加权求和,分数越高，血管炎活动越重,临床评分/决策支持,官方指南/专业协会,EULAR recommendations,https://www.eular.org/recommendations_home,官方指南/专业协会/监管或分期体系,A：官方或专业协会来源,高：对应专科真实临床常用或指南推荐,指南级覆盖；适合做正式模块，但需锁定版本,真实临床使用；实现时需核对最新指南、适用人群和授权,,v2扩展补充,,参考血管炎临床试验常用评分
CALC-0424,风湿免疫,,狼疮BILAG疾病活动评分,狼疮BILAG疾病活动评分,"British Isles Lupus Assessment Group Index, BILAG",多器官系统狼疮活动表现,A-E器官等级或总评分,器官域分级,A提示重度活动需强化治疗评估,临床评分/决策支持,临床量表/患者报告结局工具,BILAG index,https://www.rheumatology.org/,专业机构/量表官网/大学或研究工具,C：可追溯外部来源，需确认版本、版权和适用人群,中：专科、研究或随访场景常用，泛临床频率不一,可追溯来源覆盖；适合候选清单，实施前需逐项核原始公式,真实存在且可追溯；是否适合上线取决于授权、验证质量和本地化,,v2扩展补充,,参考狼疮临床研究常用工具
CALC-0425,风湿免疫,,2019 EULAR/ACR系统性红斑狼疮分类标准,2019 EULAR/ACR系统性红斑狼疮分类标准,2019 EULAR/ACR SLE Classification Criteria,ana_positive; weighted_domain_scores,SLE分类总分和是否达到分类阈值,ANA阳性为入口标准；已预评分的临床/免疫学域权重相加，总分>=10分类为SLE。,用于分类研究辅助，不能替代临床诊断。,诊断/分类辅助,官方指南/专业协会分类标准,2019 EULAR/ACR SLE Classification Criteria,https://www.eular.org/,外部来源公式级核对并接入Python实现,A：官方/专业协会或原始评分体系来源,高：对应专科真实临床常用或指南推荐,已完成公式/规则级外部来源核对并接入Python实现,用于临床决策支持、教学或质量评估；不能替代完整指南和临床判断,,v2扩展补充,,Python实现采用预编码或预评分输入，未复刻受版权保护的完整问卷题干。
CALC-0426,风湿免疫,,2010 ACR/EULAR类风湿关节炎分类标准,2010 ACR/EULAR类风湿关节炎分类标准,2010 ACR/EULAR RA Classification Criteria,joint_involvement; serology; acute_phase_reactants; symptom_duration,RA分类总分和是否达到分类阈值,关节受累、血清学、急性期反应物、症状持续时间四域预评分相加，总分>=6分类为RA。,用于RA分类辅助，需排除更好解释的其他诊断。,诊断/分类辅助,官方指南/专业协会分类标准,2010 ACR/EULAR RA Classification Criteria,https://rheumatology.org/,外部来源公式级核对并接入Python实现,A：官方/专业协会或原始评分体系来源,高：对应专科真实临床常用或指南推荐,已完成公式/规则级外部来源核对并接入Python实现,用于临床决策支持、教学或质量评估；不能替代完整指南和临床判断,,v2扩展补充,,Python实现采用预编码或预评分输入，未复刻受版权保护的完整问卷题干。
CALC-0427,风湿免疫,,2015 ACR/EULAR痛风分类标准,2015 ACR/EULAR痛风分类标准,2015 ACR/EULAR Gout Classification Criteria,entry_criterion; sufficient_msu_crystals; clinical_pattern; episode_characteristics; time_course; tophus; serum_urate; synovial_fluid; imaging_urate_deposition; imaging_gout_erosion,2015 ACR/EULAR痛风分类总分和分类结果,入口标准和充分标准后，对临床、实验室和影像域加权求和。,总分>=8支持痛风分类；MSU晶体阳性可作为充分分类标准。,诊断/分类辅助,ACR/EULAR分类标准/同行评议文献,2015 ACR/EULAR gout classification criteria,https://ard.bmj.com/content/74/10/1789,外部来源公式级核对并接入Python实现,A：官方/专业协会或原始评分体系来源,高：对应专科真实临床常用或指南推荐,已完成公式/规则级外部来源核对并接入Python实现,用于临床决策支持、教学或质量评估；不能替代完整指南和临床判断,,v2扩展补充,,Python实现采用预编码或预评分输入，未复刻受版权保护的完整问卷题干。
CALC-0428,麻醉、疼痛与围术期医学,,ASA体格状态分级,ASA体格状态分级,ASA Physical Status Classification,全身健康状态；系统疾病严重度；急诊手术标记,ASA I-VI及E标记,ASA-PS临床分级,等级越高，围术期风险通常越高,临床评分/决策支持,网络补充,ASA Physical Status,https://www.asahq.org/standards-and-practice-parameters/statement-on-asa-physical-status-classification-system,官方指南/专业协会/监管或分期体系,A：官方或专业协会来源,高：对应专科真实临床常用或指南推荐,指南级覆盖；适合做正式模块，但需锁定版本,真实临床使用；实现时需核对最新指南、适用人群和授权,,v2扩展补充,,参考 [ASA Physical Status](https://www.asahq.org/standards-and-practice-parameters/statement-on-asa-physical-status-classification-system)
CALC-0429,麻醉、疼痛与围术期医学,,Apfel术后恶心呕吐风险评分,Apfel术后恶心呕吐风险评分,Apfel PONV Score,女性；非吸烟；PONV或晕动史；术后阿片使用,PONV风险,4项各1分,分值越高，PONV风险越高,风险预测/预后评估,医学计算器平台,MDCalc calculator library,https://www.mdcalc.com/,医学计算器平台汇总,B：临床计算器平台收录，需回源核公式,中高：临床常见或教学/决策支持常用,平台级覆盖；适合候选清单，公式需逐项回源验证,多为真实使用的临床决策支持工具，但不能替代原始指南,,v2扩展补充,,参考PONV常用风险评分
CALC-0430,麻醉、疼痛与围术期医学,,Caprini静脉血栓风险评分,Caprini静脉血栓风险评分,Caprini VTE Risk Assessment,年龄；手术；恶性肿瘤；既往VTE；血栓倾向；活动受限等,VTE风险等级,多条目加权总分,极低、低、中、高或极高风险分层,风险预测/预后评估,网络补充,Caprini RAM,https://capriniriskscore.org/,专业机构/量表官网/大学或研究工具,C：可追溯外部来源，需确认版本、版权和适用人群,中：专科、研究或随访场景常用，泛临床频率不一,可追溯来源覆盖；适合候选清单，实施前需逐项核原始公式,真实存在且可追溯；是否适合上线取决于授权、验证质量和本地化,,v2扩展补充,,参考 [Caprini RAM](https://capriniriskscore.org/)
CALC-0431,麻醉、疼痛与围术期医学,,手术Apgar评分,手术Apgar评分,Surgical Apgar Score,估计失血量；最低平均动脉压；最低心率,术后并发症风险评分,三项0-4分加总,分数越低，术后不良事件风险越高,风险预测/预后评估,医学计算器平台,MDCalc calculator library,https://www.mdcalc.com/,医学计算器平台汇总,B：临床计算器平台收录，需回源核公式,中高：临床常见或教学/决策支持常用,平台级覆盖；适合候选清单，公式需逐项回源验证,多为真实使用的临床决策支持工具，但不能替代原始指南,,v2扩展补充,,参考围术期风险评估常用工具
CALC-0432,麻醉、疼痛与围术期医学,,POSSUM手术风险评分,POSSUM手术风险评分,POSSUM Score,生理评分；手术严重度评分,术后死亡和并发症风险,POSSUM logistic模型,风险越高，围术期管理强度越高,风险预测/预后评估,医学计算器平台,QxMD Calculate,https://qxmd.com/calculate/,外部来源公式级核对并接入Python实现,B：临床计算器平台收录，需回源核公式,中高：临床常见或教学/决策支持常用,已完成公式/规则级外部来源核对并接入Python实现,用于临床决策支持、教学或质量评估；不能替代完整指南和临床判断,,v2扩展补充,,参考外科风险评估模型；Python实现采用预编码或预评分输入，未复刻受版权保护的完整问卷题干。
CALC-0433,麻醉、疼痛与围术期医学,,P-POSSUM死亡风险,P-POSSUM死亡风险,Portsmouth POSSUM,生理评分；手术严重度评分,术后死亡风险,P-POSSUM修正模型,比原POSSUM更常用于死亡风险校正,风险预测/预后评估,医学计算器平台,QxMD Calculate,https://qxmd.com/calculate/,外部来源公式级核对并接入Python实现,B：临床计算器平台收录，需回源核公式,中高：临床常见或教学/决策支持常用,已完成公式/规则级外部来源核对并接入Python实现,用于临床决策支持、教学或质量评估；不能替代完整指南和临床判断,,v2扩展补充,,参考外科风险评估模型；Python实现采用预编码或预评分输入，未复刻受版权保护的完整问卷题干。
CALC-0434,麻醉、疼痛与围术期医学,,Aldrete麻醉恢复评分,Aldrete麻醉恢复评分,Modified Aldrete Score,活动；呼吸；循环；意识；氧饱和度,PACU出室准备度,5项0-2分，总分0-10,常用>=9提示可考虑离开恢复室,临床评分/决策支持,医学计算器平台,QxMD Calculate,https://qxmd.com/calculate/,医学计算器平台汇总,B：临床计算器平台收录，需回源核公式,中高：临床常见或教学/决策支持常用,平台级覆盖；适合候选清单，公式需逐项回源验证,多为真实使用的临床决策支持工具，但不能替代原始指南,,v2扩展补充,,参考麻醉恢复室常用评分
CALC-0435,麻醉、疼痛与围术期医学,,PADSS日间手术离院评分,PADSS日间手术离院评分,Post-Anesthetic Discharge Scoring System,生命体征；活动；恶心呕吐；疼痛；出血,离院准备度,5项评分加总,达阈值提示可考虑日间手术离院,临床评分/决策支持,医学计算器平台,QxMD Calculate,https://qxmd.com/calculate/,医学计算器平台汇总,B：临床计算器平台收录，需回源核公式,中高：临床常见或教学/决策支持常用,平台级覆盖；适合候选清单，公式需逐项回源验证,多为真实使用的临床决策支持工具，但不能替代原始指南,,v2扩展补充,,参考日间手术常用评分
CALC-0436,麻醉、疼痛与围术期医学,,RASS镇静躁动评分,RASS镇静躁动评分,Richmond Agitation-Sedation Scale,患者清醒度；躁动；对声音和刺激反应,RASS -5至+4,临床观察分级,0清醒平静；负值镇静；正值躁动,临床评分/决策支持,临床量表/患者报告结局工具,Richmond Agitation-Sedation Scale,https://www.icudelirium.org/medical-professionals/delirium/monitoring-delirium-in-the-icu,专业机构/量表官网/大学或研究工具,C：可追溯外部来源，需确认版本、版权和适用人群,中：专科、研究或随访场景常用，泛临床频率不一,可追溯来源覆盖；适合候选清单，实施前需逐项核原始公式,真实存在且可追溯；是否适合上线取决于授权、验证质量和本地化,,v2扩展补充,,参考ICU镇静管理常用量表
CALC-0437,麻醉、疼痛与围术期医学,,Ramsay镇静评分,Ramsay镇静评分,Ramsay Sedation Scale,grade 1-6,Ramsay镇静等级,输入1-6级，输出对应镇静反应描述。,1焦虑/躁动；2合作安静；3仅对命令反应；4对轻叩/声音反应敏捷；5反应迟钝；6无反应。,临床评分/决策支持,临床镇静量表/医学计算器平台,Ramsay Sedation Scale,https://qxmd.com/calculate/calculator_368/ramsay-sedation-scale,医学计算器平台与镇静量表资料核对,B：临床计算器平台收录并已核规则,中高：临床常见或教学/决策支持常用,已完成公式级外部来源核对并接入Python实现,用于临床决策支持、教学、筛查或质量评估；不能替代完整指南和临床判断,,外部来源验证,,
CALC-0438,麻醉、疼痛与围术期医学,,行为疼痛观察工具,行为疼痛观察工具,"Critical-Care Pain Observation Tool, CPOT",面部表情；身体运动；肌张力；呼吸机依从或发声,CPOT 0-8,4项0-2分加总,分数越高，疼痛行为越明显,症状/功能量表,临床量表/患者报告结局工具,Critical-Care Pain Observation Tool,https://www.cpot.ca/,临床量表/患者报告结局工具,C：标准量表或PRO工具，需确认版权和版本,中：专科门诊、研究或随访常用,量表型覆盖；适合症状评估和随访,真实使用，但部分量表有授权、翻译版本和计分版权限制,,v2扩展补充,,参考ICU疼痛评估工具
CALC-0439,麻醉、疼痛与围术期医学,,数字疼痛评分,数字疼痛评分,"Numeric Rating Scale for Pain, NRS",score 0-10,疼痛数字评分,NRS疼痛评分为0-10整数。,0无痛；1-3轻度；4-6中度；7-10重度疼痛。,症状/功能量表,医学参考/疼痛量表,Numeric Rating Scale for Pain,https://www.ncbi.nlm.nih.gov/books/NBK554571/,NCBI Bookshelf疼痛评估资料,B：可靠医学参考资料并已核规则,中高：临床常见或教学/决策支持常用,已完成公式级外部来源核对并接入Python实现,用于临床决策支持、教学、筛查或质量评估；不能替代完整指南和临床判断,,外部来源验证,,
CALC-0440,骨科、运动医学与康复,,Harris髋关节评分,Harris髋关节评分,Harris Hip Score,pain; function; absence_deformity; range_of_motion,Harris髋关节评分总分和等级,疼痛、功能、无畸形和活动范围四个预评分域求和，满分100。,分数越高髋关节功能越好。,临床评分/决策支持,骨科功能评分/医学计算器,OrthoToolKit Harris Hip Score,https://orthotoolkit.com/harris-hip/,外部来源公式级核对并接入Python实现,A：官方/专业协会或原始评分体系来源,中高：临床常见或教学/决策支持常用,已完成公式/规则级外部来源核对并接入Python实现,用于临床决策支持、教学或质量评估；不能替代完整指南和临床判断,,v2扩展补充,,Python实现采用预编码或预评分输入，未复刻受版权保护的完整问卷题干。
CALC-0441,骨科、运动医学与康复,,Oxford髋关节评分,Oxford髋关节评分,Oxford Hip Score,12项髋关节疼痛和功能,OHS 0-48或12-60,问卷计分,方向依版本而定，需固定实现口径,症状/功能量表,网络补充,Oxford scores,https://innovation.ox.ac.uk/outcome-measures/,临床量表/患者报告结局工具,C：标准量表或PRO工具，需确认版权和版本,中：专科门诊、研究或随访常用,量表型覆盖；适合症状评估和随访,真实使用，但部分量表有授权、翻译版本和计分版权限制,,v2扩展补充,,参考 [Oxford scores](https://innovation.ox.ac.uk/outcome-measures/)
CALC-0442,骨科、运动医学与康复,,髋关节损伤和骨关节炎结局评分,髋关节损伤和骨关节炎结局评分,"Hip disability and Osteoarthritis Outcome Score, HOOS",疼痛；症状；日常活动；运动娱乐；生活质量,HOOS各域0-100,各域换算得分,越高通常代表状态越好,临床评分/决策支持,网络补充,HOOS,https://www.koos.nu/,专业机构/量表官网/大学或研究工具,C：可追溯外部来源，需确认版本、版权和适用人群,中：专科、研究或随访场景常用，泛临床频率不一,可追溯来源覆盖；适合候选清单，实施前需逐项核原始公式,真实存在且可追溯；是否适合上线取决于授权、验证质量和本地化,,v2扩展补充,,参考 [HOOS](https://www.koos.nu/)
CALC-0443,骨科、运动医学与康复,,膝关节损伤和骨关节炎结局评分,膝关节损伤和骨关节炎结局评分,"Knee injury and Osteoarthritis Outcome Score, KOOS",疼痛；症状；ADL；运动娱乐；生活质量,KOOS各域0-100,各域换算得分,越高通常代表状态越好,临床评分/决策支持,网络补充,KOOS,https://www.koos.nu/,专业机构/量表官网/大学或研究工具,C：可追溯外部来源，需确认版本、版权和适用人群,中：专科、研究或随访场景常用，泛临床频率不一,可追溯来源覆盖；适合候选清单，实施前需逐项核原始公式,真实存在且可追溯；是否适合上线取决于授权、验证质量和本地化,,v2扩展补充,,参考 [KOOS](https://www.koos.nu/)
CALC-0444,骨科、运动医学与康复,,WOMAC骨关节炎指数,WOMAC骨关节炎指数,Western Ontario and McMaster Universities Osteoarthritis Index,疼痛；僵硬；功能,WOMAC总分或各域分,问卷条目加总或标准化,分数方向依版本，需注明,症状/功能量表,临床量表/患者报告结局工具,WOMAC Osteoarthritis Index,https://www.womac.com/,官方指南/专业协会/监管或分期体系,A：官方或专业协会来源,高：对应专科真实临床常用或指南推荐,指南级覆盖；适合做正式模块，但需锁定版本,真实临床使用；实现时需核对最新指南、适用人群和授权,,v2扩展补充,,参考骨关节炎临床试验常用量表
CALC-0445,骨科、运动医学与康复,,膝关节协会评分,膝关节协会评分,"Knee Society Score, KSS",疼痛；稳定性；活动范围；功能；步行；楼梯,膝评分和功能评分,KSS分域计分,越高膝关节状态越好,症状/功能量表,临床量表/患者报告结局工具,Knee Society Score,https://kneesociety.org/,临床量表/患者报告结局工具,C：标准量表或PRO工具，需确认版权和版本,中：专科门诊、研究或随访常用,量表型覆盖；适合症状评估和随访,真实使用，但部分量表有授权、翻译版本和计分版权限制,,v2扩展补充,,参考膝关节置换评估工具
CALC-0446,骨科、运动医学与康复,,IKDC主观膝关节评分,IKDC主观膝关节评分,International Knee Documentation Committee Subjective Knee Form,膝关节症状；运动功能；日常活动,IKDC 0-100,问卷换算,越高功能越好,症状/功能量表,临床量表/患者报告结局工具,IKDC forms,https://www.sportsmed.org/research-patient-care/outcomes-research/ikdc,临床量表/患者报告结局工具,C：标准量表或PRO工具，需确认版权和版本,中：专科门诊、研究或随访常用,量表型覆盖；适合症状评估和随访,真实使用，但部分量表有授权、翻译版本和计分版权限制,,v2扩展补充,,参考运动医学膝关节常用量表
CALC-0447,骨科、运动医学与康复,,Lysholm膝关节评分,Lysholm膝关节评分,Lysholm Knee Score,limp; support; locking; instability; pain; swelling; stair_climbing; squatting,Lysholm膝关节评分总分和等级,跛行、支撑、锁定、不稳、疼痛、肿胀、爬楼、下蹲八项预评分求和，满分100。,分数越高膝关节功能越好。,临床评分/决策支持,骨科功能评分/医学计算器,OrthoToolKit Tegner Lysholm Knee Score,https://orthotoolkit.com/tegner-lysholm/,外部来源公式级核对并接入Python实现,A：官方/专业协会或原始评分体系来源,中高：临床常见或教学/决策支持常用,已完成公式/规则级外部来源核对并接入Python实现,用于临床决策支持、教学或质量评估；不能替代完整指南和临床判断,,v2扩展补充,,Python实现采用预编码或预评分输入，未复刻受版权保护的完整问卷题干。
CALC-0448,骨科、运动医学与康复,,Constant-Murley肩关节评分,Constant-Murley肩关节评分,Constant-Murley Shoulder Score,pain; activities_of_daily_living; range_of_motion; strength,Constant-Murley肩关节评分总分和等级,疼痛、日常活动、活动范围和力量四个预评分域求和，满分100。,分数越高肩关节功能越好。,临床评分/决策支持,骨科功能评分/医学计算器,OrthoToolKit Constant-Murley Score,https://orthotoolkit.com/constant-murley-score/,外部来源公式级核对并接入Python实现,A：官方/专业协会或原始评分体系来源,中高：临床常见或教学/决策支持常用,已完成公式/规则级外部来源核对并接入Python实现,用于临床决策支持、教学或质量评估；不能替代完整指南和临床判断,,v2扩展补充,,Python实现采用预编码或预评分输入，未复刻受版权保护的完整问卷题干。
CALC-0449,骨科、运动医学与康复,,ASES肩肘外科医师评分,ASES肩肘外科医师评分,American Shoulder and Elbow Surgeons Score,疼痛VAS；10项功能,ASES 0-100,疼痛与功能加权,越高肩功能越好,症状/功能量表,临床量表/患者报告结局工具,ASES outcome measures,https://www.ases-assn.org/,临床量表/患者报告结局工具,C：标准量表或PRO工具，需确认版权和版本,中：专科门诊、研究或随访常用,量表型覆盖；适合症状评估和随访,真实使用，但部分量表有授权、翻译版本和计分版权限制,,v2扩展补充,,参考肩关节研究常用评分
CALC-0450,骨科、运动医学与康复,,上肢功能障碍量表,上肢功能障碍量表,"Disabilities of the Arm, Shoulder and Hand, DASH",items：30个DASH预评分条目（1-5分，可用None表示缺失；至少27项完成）,DASH残疾/症状评分（0-100分）,((已完成条目平均分 - 1) * 25)，至少27/30项完成,分数越高表示上肢残疾/症状负担越重,症状/功能量表,患者报告结局量表；预评分计分实现,DASH scoring instructions,https://dash.iwh.on.ca/sites/dash/files/downloads/dash_scoring_2010.pdf,官方量表计分说明,C：标准PRO工具，需遵守授权和版本要求,中：专科、研究或随访场景常用，泛临床频率不一,已实现预评分条目计分、缺失项规则和0-100换算；不包含问卷正文,用于上肢功能障碍评估和随访；正式问卷文本使用需遵守授权要求,,v2扩展补充,,permission-safe prescored item implementation
CALC-0451,骨科、运动医学与康复,,Oswestry腰痛功能障碍指数,Oswestry腰痛功能障碍指数,"Oswestry Disability Index, ODI",10项腰痛相关功能,ODI百分比,得分/最高可能分*100%,百分比越高，功能障碍越重,症状/功能量表,临床量表/患者报告结局工具,Oswestry Disability Index,https://eprovide.mapi-trust.org/instruments/oswestry-disability-index,专业机构/量表官网/大学或研究工具,C：可追溯外部来源，需确认版本、版权和适用人群,中：专科、研究或随访场景常用，泛临床频率不一,可追溯来源覆盖；适合候选清单，实施前需逐项核原始公式,真实存在且可追溯；是否适合上线取决于授权、验证质量和本地化,,v2扩展补充,,参考腰痛康复常用量表
CALC-0452,骨科、运动医学与康复,,颈椎功能障碍指数,颈椎功能障碍指数,"Neck Disability Index, NDI",10项颈痛相关功能,NDI百分比或总分,条目加总换算,越高颈椎相关残障越重,症状/功能量表,临床量表/患者报告结局工具,Neck Disability Index,https://eprovide.mapi-trust.org/instruments/neck-disability-index,专业机构/量表官网/大学或研究工具,C：可追溯外部来源，需确认版本、版权和适用人群,中：专科、研究或随访场景常用，泛临床频率不一,可追溯来源覆盖；适合候选清单，实施前需逐项核原始公式,真实存在且可追溯；是否适合上线取决于授权、验证质量和本地化,,v2扩展补充,,参考颈痛康复常用量表
CALC-0453,骨科、运动医学与康复,,下肢功能量表,下肢功能量表,"Lower Extremity Functional Scale, LEFS",items,LEFS 0-80分和功能解释,20个预评分条目各0-4分求和。,分数越高表示下肢功能越好。,症状/功能量表,康复量表/研究工具,Shirley Ryan AbilityLab Lower Extremity Functional Scale,https://www.sralab.org/rehabilitation-measures/lower-extremity-functional-scale,外部来源公式级核对并接入Python实现,A：官方/专业协会或原始评分体系来源,中高：临床常见或教学/决策支持常用,已完成公式/规则级外部来源核对并接入Python实现,用于临床决策支持、教学或质量评估；不能替代完整指南和临床判断,,v2扩展补充,,Python实现采用预编码或预评分输入，未复刻受版权保护的完整问卷题干。
CALC-0454,肿瘤学、放疗与姑息医学,,ECOG体能状态评分,ECOG体能状态评分,Eastern Cooperative Oncology Group Performance Status,日常活动能力；卧床时间；自理能力,ECOG 0-5,临床分级,0完全活动；5死亡；分数越高状态越差,临床评分/决策支持,网络补充,ECOG Performance Status,https://ecog-acrin.org/resources/ecog-performance-status/,官方指南/专业协会/监管或分期体系,A：官方或专业协会来源,高：对应专科真实临床常用或指南推荐,指南级覆盖；适合做正式模块，但需锁定版本,真实临床使用；实现时需核对最新指南、适用人群和授权,,v2扩展补充,,参考 [ECOG Performance Status](https://ecog-acrin.org/resources/ecog-performance-status/)
CALC-0455,肿瘤学、放疗与姑息医学,,Karnofsky体能状态评分,Karnofsky体能状态评分,"Karnofsky Performance Status, KPS",工作能力；自理；症状；卧床程度,KPS 0-100,10分间隔分级,越高功能状态越好,临床评分/决策支持,医学计算器平台,MDCalc calculator library,https://www.mdcalc.com/,医学计算器平台汇总,B：临床计算器平台收录，需回源核公式,中高：临床常见或教学/决策支持常用,平台级覆盖；适合候选清单，公式需逐项回源验证,多为真实使用的临床决策支持工具，但不能替代原始指南,,v2扩展补充,,参考肿瘤临床试验常用体能评分
CALC-0456,肿瘤学、放疗与姑息医学,,RECIST 1.1实体瘤疗效评价,RECIST 1.1实体瘤疗效评价,RECIST 1.1,baseline_sum_mm; current_sum_mm; nadir_sum_mm; target_lesions_absent; new_lesions; non_target_progressive_disease,RECIST 1.1疗效分类,按靶病灶消失、新病灶、非靶进展、相对基线缩小和相对最低值增大判定CR/PR/SD/PD。,用于实体瘤影像疗效评价；需结合完整RECIST测量规范。,诊断/分类辅助,RECIST官方规则,RECIST 1.1 official resources,https://recist.eortc.org/recist-1-1-2/,外部来源公式级核对并接入Python实现,A：官方/专业协会或原始评分体系来源,高：对应专科真实临床常用或指南推荐,已完成公式/规则级外部来源核对并接入Python实现,用于临床决策支持、教学或质量评估；不能替代完整指南和临床判断,,v2扩展补充,,Python实现采用预编码或预评分输入，未复刻受版权保护的完整问卷题干。
CALC-0457,肿瘤学、放疗与姑息医学,,iRECIST免疫治疗疗效评价,iRECIST免疫治疗疗效评价,iRECIST,target_response; non_target_response; new_lesions; prior_iupd; progression_confirmed,iRECIST疗效分类,按靶/非靶反应、新病灶、既往iUPD和确认性复查判断iCR/iPR/iSD/iUPD/iCPD。,免疫治疗中区分未确认进展和确认进展。,临床评分/决策支持,iRECIST官方规则/同行评议文献,iRECIST guideline,https://recist.eortc.org/irecist/,外部来源公式级核对并接入Python实现,A：官方/专业协会或原始评分体系来源,高：对应专科真实临床常用或指南推荐,已完成公式/规则级外部来源核对并接入Python实现,用于临床决策支持、教学或质量评估；不能替代完整指南和临床判断,,v2扩展补充,,Python实现采用预编码或预评分输入，未复刻受版权保护的完整问卷题干。
CALC-0458,肿瘤学、放疗与姑息医学,,NCI不良事件通用术语标准,NCI不良事件通用术语标准,"Common Terminology Criteria for Adverse Events, CTCAE",不良事件类型；严重程度；实验室阈值,CTCAE等级1-5,NCI CTCAE分级,1轻；2中；3重；4危及生命；5死亡,临床评分/决策支持,网络补充,NCI CTCAE,https://ctep.cancer.gov/protocolDevelopment/electronic_applications/ctc.htm,官方指南/专业协会/监管或分期体系,A：官方或专业协会来源,高：对应专科真实临床常用或指南推荐,指南级覆盖；适合做正式模块，但需锁定版本,真实临床使用；实现时需核对最新指南、适用人群和授权,,v2扩展补充,,参考 [NCI CTCAE](https://ctep.cancer.gov/protocolDevelopment/electronic_applications/ctc.htm)
CALC-0459,肿瘤学、放疗与姑息医学,,AJCC TNM分期框架,AJCC TNM分期框架,AJCC TNM Staging,肿瘤原发灶T；区域淋巴结N；远处转移M；肿瘤类型,解剖分期或预后分期,AJCC/UICC TNM规则,分期越高通常提示疾病越进展,风险预测/预后评估,网络补充,AJCC Cancer Staging,https://www.facs.org/quality-programs/cancer-programs/american-joint-committee-on-cancer/,官方指南/专业协会/监管或分期体系,A：官方或专业协会来源,高：肿瘤专科分期/路径常用,肿瘤分期覆盖；需按癌种和版本维护,真实临床使用；实现时需核对最新指南、适用人群和授权,,v2扩展补充,,参考 [AJCC Cancer Staging](https://www.facs.org/quality-programs/cancer-programs/american-joint-committee-on-cancer/)
CALC-0460,肿瘤学、放疗与姑息医学,,乳腺癌预后分期,乳腺癌预后分期,Breast Cancer Prognostic Stage,T、N、M；ER；PR；HER2；肿瘤分级；多基因检测可选,AJCC预后分期,AJCC乳腺癌预后分期规则,结合生物标志物，非单纯解剖分期,风险预测/预后评估,官方指南/专业协会,AJCC Cancer Staging,https://www.facs.org/quality-programs/cancer-programs/american-joint-committee-on-cancer/,官方指南/专业协会/监管或分期体系,A：官方或专业协会来源,高：肿瘤专科分期/路径常用,肿瘤分期覆盖；需按癌种和版本维护,真实临床使用；实现时需核对最新指南、适用人群和授权,,v2扩展补充,,参考 AJCC乳腺癌分期
CALC-0461,肿瘤学、放疗与姑息医学,,肺癌TNM分期,肺癌TNM分期,Lung Cancer TNM Stage,肿瘤大小/侵犯；淋巴结站；远处转移,肺癌分期,TNM分期规则,用于治疗路径和预后分层,分期/分级,官方指南/专业协会,AJCC Cancer Staging,https://www.facs.org/quality-programs/cancer-programs/american-joint-committee-on-cancer/,官方指南/专业协会/监管或分期体系,A：官方或专业协会来源,高：肿瘤专科分期/路径常用,肿瘤分期覆盖；需按癌种和版本维护,真实临床使用；实现时需核对最新指南、适用人群和授权,,v2扩展补充,,参考 AJCC/UICC肺癌分期
CALC-0462,肿瘤学、放疗与姑息医学,,结直肠癌TNM分期,结直肠癌TNM分期,Colorectal Cancer TNM Stage,肠壁侵犯深度；淋巴结数；远处转移,结直肠癌分期,TNM分期规则,I-IV期，影响辅助治疗决策,分期/分级,官方指南/专业协会,AJCC Cancer Staging,https://www.facs.org/quality-programs/cancer-programs/american-joint-committee-on-cancer/,官方指南/专业协会/监管或分期体系,A：官方或专业协会来源,高：肿瘤专科分期/路径常用,肿瘤分期覆盖；需按癌种和版本维护,真实临床使用；实现时需核对最新指南、适用人群和授权,,v2扩展补充,,参考 AJCC/UICC结直肠癌分期
CALC-0463,肿瘤学、放疗与姑息医学,,前列腺癌CAPRA评分,前列腺癌CAPRA评分,"Cancer of the Prostate Risk Assessment, CAPRA",PSA；Gleason/Grade Group；临床T分期；阳性活检比例；年龄,复发风险评分,UCSF CAPRA模型,分数越高，复发风险越高,风险预测/预后评估,研究模型,UCSF-CAPRA Score,https://urology.ucsf.edu/research/cancer/prostate-cancer/capra,专业机构/量表官网/大学或研究工具,C：可追溯外部来源，需确认版本、版权和适用人群,中：专科、研究或随访场景常用，泛临床频率不一,可追溯来源覆盖；适合候选清单，实施前需逐项核原始公式,真实存在且可追溯；是否适合上线取决于授权、验证质量和本地化,,v2扩展补充,,参考前列腺癌风险分层工具
CALC-0464,肿瘤学、放疗与姑息医学,,肾癌IMDC风险模型,肾癌IMDC风险模型,International Metastatic RCC Database Consortium Risk Model,KPS；诊断至治疗时间；血红蛋白；钙；中性粒；血小板,转移性肾癌风险组,6项危险因素计数,0良好；1-2中等；>=3不良,风险预测/预后评估,医学计算器平台,MDCalc calculator library,https://www.mdcalc.com/,医学计算器平台汇总,B：临床计算器平台收录，需回源核公式,中高：临床常见或教学/决策支持常用,平台级覆盖；适合候选清单，公式需逐项回源验证,多为真实使用的临床决策支持工具，但不能替代原始指南,,v2扩展补充,,参考IMDC肾癌模型
CALC-0465,肿瘤学、放疗与姑息医学,,癌症治疗相关老年毒性风险,癌症治疗相关老年毒性风险,CARG Chemotherapy Toxicity Score,年龄；癌种；剂量；实验室；听力；跌倒；行走；社交活动等,3-5级化疗毒性风险,CARG模型,低、中、高毒性风险分层,风险预测/预后评估,网络补充,Cancer and Aging Research Group,https://www.mycarg.org/,专业机构/量表官网/大学或研究工具,C：可追溯外部来源，需确认版本、版权和适用人群,中：专科、研究或随访场景常用，泛临床频率不一,可追溯来源覆盖；适合候选清单，实施前需逐项核原始公式,真实存在且可追溯；是否适合上线取决于授权、验证质量和本地化,,v2扩展补充,,参考 [Cancer and Aging Research Group](https://www.mycarg.org/)
CALC-0466,肿瘤学、放疗与姑息医学,,姑息体能状态量表,姑息体能状态量表,"Palliative Performance Scale, PPS",score 0-100，10分递增,Palliative Performance Scale分数和描述,PPS按0-100的10分递增等级记录活动、疾病证据、自理、摄入和意识状态。,分数越低提示姑息功能状态越差。,症状/功能量表,姑息照护临床工具,"Palliative Performance Scale, Victoria Hospice",https://victoriahospice.org/health-professionals/clinical-tools/palliative-performance-scale-pps/,姑息照护临床工具资料,A：专业临床工具来源,中高：临床常见或教学/决策支持常用,已完成公式级外部来源核对并接入Python实现,用于临床决策支持、教学、筛查或质量评估；不能替代完整指南和临床判断,,外部来源验证,,
CALC-0467,肿瘤学、放疗与姑息医学,,姑息预后评分,姑息预后评分,"Palliative Prognostic Score, PaP",dyspnea; anorexia; karnofsky_score; clinical_prediction_weeks; white_blood_cell_count_10e9_l; lymphocyte_percentage,PaP总分和30日生存风险组,呼吸困难、厌食、KPS、临床生存预测、白细胞和淋巴细胞百分比加权求和。,A/B/C组对应不同30日生存概率范围。,风险预测/预后评估,姑息预后评分/医学参考,Palliative Care Network of Wisconsin PaP Fast Fact,https://www.mypcnow.org/fast-fact/the-palliative-prognostic-score/,外部来源公式级核对并接入Python实现,A：官方/专业协会或原始评分体系来源,中高：临床常见或教学/决策支持常用,已完成公式/规则级外部来源核对并接入Python实现,用于临床决策支持、教学或质量评估；不能替代完整指南和临床判断,,v2扩展补充,,Python实现采用预编码或预评分输入，未复刻受版权保护的完整问卷题干。
CALC-0468,肿瘤学、放疗与姑息医学,,放射性肺炎风险平均肺剂量约束,放射性肺炎风险平均肺剂量约束,Radiation Pneumonitis Dose Constraint Support,mean_lung_dose_gy; v20_percent,放射性肺炎剂量约束提示,基于平均肺剂量和V20是否超过常用QUANTEC约束阈值给出风险提示。,用于放疗计划审查辅助；不能替代机构剂量约束和医师审核。,药物剂量/治疗监测,QUANTEC剂量体积约束/同行评议文献,QUANTEC lung dose-volume effects,https://pubmed.ncbi.nlm.nih.gov/20171521/,外部来源公式级核对并接入Python实现,A：官方/专业协会或原始评分体系来源,高：对应专科真实临床常用或指南推荐,已完成公式/规则级外部来源核对并接入Python实现,用于临床决策支持、教学或质量评估；不能替代完整指南和临床判断,,v2扩展补充,,Python实现采用预编码或预评分输入，未复刻受版权保护的完整问卷题干。
CALC-0469,移植医学,,肾移植候选人预期移植后生存评分,肾移植候选人预期移植后生存评分,"Estimated Post-Transplant Survival, EPTS",年龄；透析时间；糖尿病；既往实体器官移植,EPTS百分位,OPTN EPTS公式,百分位越低，预期移植后生存越好,风险预测/预后评估,网络补充,OPTN calculators,https://optn.transplant.hrsa.gov/data/allocation-calculators/,官方指南/专业协会/监管或分期体系,A：官方或专业协会来源,高：对应专科真实临床常用或指南推荐,指南级覆盖；适合做正式模块，但需锁定版本,真实临床使用；实现时需核对最新指南、适用人群和授权,,v2扩展补充,,参考 [OPTN calculators](https://optn.transplant.hrsa.gov/data/allocation-calculators/)
CALC-0470,移植医学,,肾供体概况指数,肾供体概况指数,"Kidney Donor Profile Index, KDPI",供体年龄、身高、体重、种族、死因、肌酐、HCV、DCD等,KDPI百分位,OPTN KDPI/KDRI模型,百分位越高，移植物风险越高,公式计算/生理指标,网络补充,OPTN KDPI,https://optn.transplant.hrsa.gov/data/allocation-calculators/,官方指南/专业协会/监管或分期体系,A：官方或专业协会来源,高：对应专科真实临床常用或指南推荐,指南级覆盖；适合做正式模块，但需锁定版本,真实临床使用；实现时需核对最新指南、适用人群和授权,,v2扩展补充,,参考 [OPTN KDPI](https://optn.transplant.hrsa.gov/data/allocation-calculators/)
CALC-0471,移植医学,,计算群体反应抗体,计算群体反应抗体,"Calculated Panel Reactive Antibody, cPRA",候选人不可接受HLA抗原列表；供体人群抗原频率,cPRA百分比,OPTN cPRA算法,越高提示免疫匹配困难度越高,临床评分/决策支持,网络补充,OPTN cPRA,https://optn.transplant.hrsa.gov/data/allocation-calculators/,官方指南/专业协会/监管或分期体系,A：官方或专业协会来源,高：对应专科真实临床常用或指南推荐,指南级覆盖；适合做正式模块，但需锁定版本,真实临床使用；实现时需核对最新指南、适用人群和授权,,v2扩展补充,,参考 [OPTN cPRA](https://optn.transplant.hrsa.gov/data/allocation-calculators/)
CALC-0472,移植医学,,肺移植综合分配评分,肺移植综合分配评分,"Lung Composite Allocation Score, CAS",生存风险；移植获益；等待名单因素；血型身高等,肺分配评分,OPTN肺分配模型,用于肺移植分配优先级,临床评分/决策支持,网络补充,OPTN lung allocation,https://optn.transplant.hrsa.gov/,官方指南/专业协会/监管或分期体系,A：官方或专业协会来源,高：对应专科真实临床常用或指南推荐,指南级覆盖；适合做正式模块，但需锁定版本,真实临床使用；实现时需核对最新指南、适用人群和授权,,v2扩展补充,,参考 [OPTN lung allocation](https://optn.transplant.hrsa.gov/)
CALC-0473,移植医学,,心脏移植医学紧急状态分级,心脏移植医学紧急状态分级,Adult Heart Allocation Status,机械循环支持；血管活性药；住院状态；并发症,心脏移植Status 1-6,OPTN心脏分配政策分类,数字越低通常紧急度越高,临床评分/决策支持,网络补充,OPTN heart allocation,https://optn.transplant.hrsa.gov/,官方指南/专业协会/监管或分期体系,A：官方或专业协会来源,高：对应专科真实临床常用或指南推荐,指南级覆盖；适合做正式模块，但需锁定版本,真实临床使用；实现时需核对最新指南、适用人群和授权,,v2扩展补充,,参考 [OPTN heart allocation](https://optn.transplant.hrsa.gov/)
CALC-0474,移植医学,,造血细胞移植合并症指数,造血细胞移植合并症指数,"Hematopoietic Cell Transplantation-Comorbidity Index, HCT-CI",心肺肝肾感染、既往肿瘤、精神、肥胖等合并症,HCT-CI总分,合并症加权评分,分数越高，非复发死亡风险越高,公式计算/生理指标,医学计算器平台,HCT-CI calculator,https://hctci.org/,外部来源公式级核对并接入Python实现,C：可追溯外部来源，需确认版本、版权和适用人群,中：专科、研究或随访场景常用，泛临床频率不一,已完成公式/规则级外部来源核对并接入Python实现,用于临床决策支持、教学或质量评估；不能替代完整指南和临床判断,,v2扩展补充,,参考HCT-CI常用移植评估；Python实现采用预编码或预评分输入，未复刻受版权保护的完整问卷题干。
CALC-0475,移植医学,,EBMT造血干细胞移植风险评分,EBMT造血干细胞移植风险评分,EBMT Risk Score,年龄；疾病阶段；诊断至移植时间；供受者性别；供者类型,移植风险评分,EBMT评分,分数越高，移植相关风险越高,风险预测/预后评估,官方指南/专业协会,EBMT risk score,https://www.ebmt.org/,官方指南/专业协会/监管或分期体系,A：官方或专业协会来源,高：对应专科真实临床常用或指南推荐,指南级覆盖；适合做正式模块，但需锁定版本,真实临床使用；实现时需核对最新指南、适用人群和授权,,v2扩展补充,,参考EBMT风险评分
CALC-0476,移植医学,,慢性肺移植物功能障碍分级,慢性肺移植物功能障碍分级,Chronic Lung Allograft Dysfunction Grade,移植后FEV1相对最佳值下降比例；限制型或阻塞型表型,CLAD分级,ISHLT CLAD分级,分级越高，移植物功能下降越重,症状/功能量表,官方指南/专业协会,ISHLT guidelines,https://www.ishlt.org/ishlt/media/documents/Guidelines/Guidelines-For-Management-Of-CLAD.pdf,官方指南/专业协会/监管或分期体系,A：官方或专业协会来源,高：对应专科真实临床常用或指南推荐,指南级覆盖；适合做正式模块，但需锁定版本,真实临床使用；实现时需核对最新指南、适用人群和授权,,v2扩展补充,,参考肺移植随访常用分级
CALC-0477,护理、安全与功能评估,,Braden压疮风险评分,Braden压疮风险评分,Braden Scale,感知；潮湿；活动；移动；营养；摩擦剪切,压疮风险总分,6项评分加总,分数越低，压疮风险越高,风险预测/预后评估,网络补充,Braden Scale,https://www.bradenscale.com/,专业机构/量表官网/大学或研究工具,C：可追溯外部来源，需确认版本、版权和适用人群,中：专科、研究或随访场景常用，泛临床频率不一,可追溯来源覆盖；适合候选清单，实施前需逐项核原始公式,真实存在且可追溯；是否适合上线取决于授权、验证质量和本地化,,v2扩展补充,,参考 [Braden Scale](https://www.bradenscale.com/)
CALC-0478,护理、安全与功能评估,,Morse跌倒风险评分,Morse跌倒风险评分,Morse Fall Scale,跌倒史；二级诊断；辅助行走；静脉治疗；步态；认知,跌倒风险总分,6项加权,分数越高，跌倒风险越高,风险预测/预后评估,医学计算器平台,QxMD Calculate,https://qxmd.com/calculate/,医学计算器平台汇总,B：临床计算器平台收录，需回源核公式,中高：临床常见或教学/决策支持常用,平台级覆盖；适合候选清单，公式需逐项回源验证,多为真实使用的临床决策支持工具，但不能替代原始指南,,v2扩展补充,,参考跌倒风险常用量表
CALC-0479,护理、安全与功能评估,,Hendrich II跌倒风险模型,Hendrich II跌倒风险模型,Hendrich II Fall Risk Model,意识混乱；抑郁；排泄改变；头晕；性别；抗癫痫药；苯二氮卓；起立行走测试,跌倒风险,8项加权评分；起立行走为0/1/3/4分,标准界值>=5为高风险,风险预测/预后评估,研究验证模型,Hendrich II original model and open validation,https://europepmc.org/articles/PMC11895638,外部来源公式级核对并接入Python实现,C：可追溯外部来源，需确认版本、版权和适用人群,中：专科门诊、研究或随访常用,已按公开验证文献的8项权重接入Python实现,适用于成人住院跌倒风险筛查；行动阈值应结合机构验证和防跌倒政策,2003模型/2024验证,v2扩展补充,,公开验证文献列出完整权重和标准>=5界值
CALC-0480,护理、安全与功能评估,,Waterlow压疮风险评分,Waterlow压疮风险评分,Waterlow Pressure Ulcer Risk Assessment,component_points：Waterlow各域预评分分值序列（非负整数）,Waterlow总分和风险等级,各预评分组成项加总；10+有风险，15+高风险，20+极高风险,总分<10低于常用风险阈值；10-14有风险；15-19高风险；>=20极高风险,风险预测/预后评估,护理风险量表；预评分计分实现,Waterlow Pressure Ulcer Risk Assessment scoring,https://www.cgakit.com/waterlow-score,公开护理量表计分说明,C：标准护理风险量表，需确认版权和版本,中：专科门诊、研究或随访常用,已实现预评分组成项求和与常用10/15/20风险阈值；不包含量表正文,用于压疮风险筛查和护理评估；需结合完整皮肤评估和机构流程,,v2扩展补充,,permission-safe prescored component implementation
CALC-0481,护理、安全与功能评估,,Norton压疮风险评分,Norton压疮风险评分,Norton Scale,physical_condition; mental_condition; activity; mobility; incontinence，各1-4分,Norton总分 5-20,Norton = 身体状况 + 精神状况 + 活动 + 移动能力 + 失禁。,<=14提示压疮风险，<=12风险较高。,风险预测/预后评估,护理风险量表/医学计算器平台,Norton Scale for Pressure Ulcer Risk,https://qxmd.com/calculate/calculator_290/norton-score,医学计算器平台与护理量表资料核对,B：临床计算器平台收录并已核公式,中高：临床常见或教学/决策支持常用,已完成公式级外部来源核对并接入Python实现,用于临床决策支持、教学、筛查或质量评估；不能替代完整指南和临床判断,,外部来源验证,,
CALC-0482,护理、安全与功能评估,,Barthel日常生活活动指数,Barthel日常生活活动指数,Barthel Index,进食；洗澡；修饰；穿衣；大便；小便；如厕；转移；行走；上下楼,ADL独立性评分,10项加权0-100,越高生活自理能力越好,公式计算/生理指标,医学计算器平台,QxMD Calculate,https://qxmd.com/calculate/,医学计算器平台汇总,B：临床计算器平台收录，需回源核公式,中高：临床常见或教学/决策支持常用,平台级覆盖；适合候选清单，公式需逐项回源验证,多为真实使用的临床决策支持工具，但不能替代原始指南,,v2扩展补充,,参考康复医学常用功能量表
CALC-0483,护理、安全与功能评估,,功能独立性评定,功能独立性评定,"Functional Independence Measure, FIM",items,FIM总分,18个已预评分条目各1-7分，总分18-126。,分数越高功能独立性越好。,症状/功能量表,临床量表/患者报告结局工具,Uniform Data System for Medical Rehabilitation FIM,https://www.udsmr.org/,外部来源公式级核对并接入Python实现,B：临床计算器平台收录并已核公式,中：专科门诊、研究或随访常用,已完成公式/规则级外部来源核对并接入Python实现,用于临床决策支持、教学或质量评估；不能替代完整指南和临床判断,,v2扩展补充,,Python实现采用预编码或预评分输入，未复刻受版权保护的完整问卷题干。
CALC-0484,护理、安全与功能评估,,Berg平衡量表,Berg平衡量表,Berg Balance Scale,items,Berg平衡量表总分和跌倒风险提示,14个预评分项目各0-4分求和，满分56分。,分数越低提示平衡能力越差和跌倒风险越高。,症状/功能量表,康复功能量表/研究工具,Shirley Ryan AbilityLab Berg Balance Scale,https://www.sralab.org/rehabilitation-measures/berg-balance-scale,外部来源公式级核对并接入Python实现,A：官方/专业协会或原始评分体系来源,中高：临床常见或教学/决策支持常用,已完成公式/规则级外部来源核对并接入Python实现,用于临床决策支持、教学或质量评估；不能替代完整指南和临床判断,,v2扩展补充,,Python实现采用预编码或预评分输入，未复刻受版权保护的完整问卷题干。
CALC-0485,护理、安全与功能评估,,6分钟步行距离预测值,6分钟步行距离预测值,Six-Minute Walk Distance Predicted,年龄；性别；身高；体重；实测6MWD,预测值百分比,参考方程与实测比值,用于心肺康复和运动耐量评估,公式计算/生理指标,医学计算器平台,MDCalc calculator library,https://www.mdcalc.com/,医学计算器平台汇总,B：临床计算器平台收录，需回源核公式,中高：临床常见或教学/决策支持常用,平台级覆盖；适合候选清单，公式需逐项回源验证,多为真实使用的临床决策支持工具，但不能替代原始指南,,v2扩展补充,,参考ATS 6MWT通用指标
CALC-0486,护理、安全与功能评估,,ICU谵妄评估,ICU谵妄评估,CAM-ICU,急性改变或波动；注意障碍；意识水平；思维紊乱,是否谵妄阳性,CAM-ICU算法,阳性提示ICU谵妄，需要临床确认,临床评分/决策支持,网络补充,ICU Delirium CAM-ICU,https://www.icudelirium.org/,专业机构/量表官网/大学或研究工具,C：可追溯外部来源，需确认版本、版权和适用人群,中：专科、研究或随访场景常用，泛临床频率不一,可追溯来源覆盖；适合候选清单，实施前需逐项核原始公式,真实存在且可追溯；是否适合上线取决于授权、验证质量和本地化,,v2扩展补充,,参考 [ICU Delirium CAM-ICU](https://www.icudelirium.org/)
CALC-0487,口腔、牙周与颌面医学,,龋失补指数,龋失补指数,"Decayed, Missing, and Filled Teeth Index, DMFT",decayed_teeth; missing_teeth; filled_teeth,DMFT指数,DMFT = 龋齿数 + 因龋缺失牙数 + 充填牙数。,用于口腔龋病经验/患龋负担统计；数值越高负担越高。,公式计算/生理指标,WHO口腔健康调查方法,WHO Oral Health Surveys: Basic Methods,https://www.who.int/publications/i/item/9789241548649,WHO官方调查方法,A：官方公共卫生来源,高：对应专科真实临床常用或指南推荐,已完成公式级外部来源核对并接入Python实现,用于临床决策支持、教学、筛查或质量评估；不能替代完整指南和临床判断,,外部来源验证,,
CALC-0488,口腔、牙周与颌面医学,,社区牙周指数,社区牙周指数,"Community Periodontal Index, CPI",sextant_codes,CPI最高代码,输入各区段CPI 0-4代码，输出最高代码。,0健康；1出血；2牙石；3牙周袋4-5mm；4牙周袋>=6mm。,公式计算/生理指标,官方指南/专业协会,WHO Oral Health Surveys Community Periodontal Index,https://www.who.int/publications/i/item/9789241548649,外部来源公式级核对并接入Python实现,A：官方/专业协会或原始评分体系来源,高：对应专科真实临床常用或指南推荐,已完成公式/规则级外部来源核对并接入Python实现,用于临床决策支持、教学或质量评估；不能替代完整指南和临床判断,,v2扩展补充,,Python实现采用预编码或预评分输入，未复刻受版权保护的完整问卷题干。
CALC-0489,口腔、牙周与颌面医学,,牙周炎分期分级,牙周炎分期分级,Periodontitis Stage and Grade,临床附着丧失；骨丧失；牙缺失；复杂因素；进展证据；风险因素,Stage I-IV；Grade A-C,2017牙周病分类,Stage表严重度和复杂度；Grade表进展风险,分期/分级,网络补充,AAP/EFP classification,https://www.efp.org/,官方指南/专业协会/监管或分期体系,A：官方或专业协会来源,高：对应专科真实临床常用或指南推荐,指南级覆盖；适合做正式模块，但需锁定版本,真实临床使用；实现时需核对最新指南、适用人群和授权,,v2扩展补充,,参考 [AAP/EFP classification](https://www.efp.org/)
CALC-0490,口腔、牙周与颌面医学,,牙周炎症表面积,牙周炎症表面积,"Periodontal Inflamed Surface Area, PISA",牙周袋深度；附着丧失；探诊出血；牙位,PISA面积,牙周袋炎症面积模型,面积越大，牙周炎症负荷越高,临床评分/决策支持,研究模型,Periodontal Inflamed Surface Area,https://www.parsprototo.info/,文献研究模型/预测模型,C：研究验证模型，需确认外部验证和适用人群,中：专病或研究场景常用，泛临床频率不一,专病模型覆盖；上线前需评估校准和本地化,真实存在且可能使用；是否适合临床产品取决于验证质量,,v2扩展补充,,参考牙周炎症负荷研究工具
CALC-0491,口腔、牙周与颌面医学,,改良牙科焦虑量表,改良牙科焦虑量表,"Modified Dental Anxiety Scale, MDAS",5个牙科就诊和治疗情景焦虑问题,MDAS总分,5题1-5分，总分5-25,分数越高，牙科焦虑越重,症状/功能量表,医学计算器平台,QxMD Calculate,https://qxmd.com/calculate/,外部来源公式级核对并接入Python实现,B：临床计算器平台收录，需回源核公式,中高：临床常见或教学/决策支持常用,已完成公式/规则级外部来源核对并接入Python实现,用于临床决策支持、教学或质量评估；不能替代完整指南和临床判断,,v2扩展补充,,参考牙科焦虑筛查工具；Python实现采用预编码或预评分输入，未复刻受版权保护的完整问卷题干。
CALC-0492,口腔、牙周与颌面医学,,口腔健康影响程度14项,口腔健康影响程度14项,"Oral Health Impact Profile-14, OHIP-14",14项口腔健康对生活质量影响,OHIP-14总分,14题Likert计分,分数越高，口腔健康相关生活质量越差,临床评分/决策支持,临床量表/患者报告结局工具,OHIP-14,https://www.adelaide.edu.au/arcpoh/ohip-14,官方指南/专业协会/监管或分期体系,A：官方或专业协会来源,高：对应专科真实临床常用或指南推荐,指南级覆盖；适合做正式模块，但需锁定版本,真实临床使用；实现时需核对最新指南、适用人群和授权,,v2扩展补充,,参考口腔生活质量常用量表
CALC-0493,口腔、牙周与颌面医学,,颞下颌关节功能限制量表,颞下颌关节功能限制量表,"Jaw Functional Limitation Scale, JFLS",咀嚼；张口；语言/表情等功能限制,JFLS分值,条目平均或总分,分数越高，颌功能受限越重,症状/功能量表,临床量表/患者报告结局工具,Jaw Functional Limitation Scale,https://ubwp.buffalo.edu/rdc-tmdinternational/,外部来源公式级核对并接入Python实现,C：标准量表或PRO工具，需确认版权和版本,中：专科门诊、研究或随访常用,已完成公式/规则级外部来源核对并接入Python实现,用于临床决策支持、教学或质量评估；不能替代完整指南和临床判断,,v2扩展补充,,参考TMD评估常用量表；Python实现采用预编码或预评分输入，未复刻受版权保护的完整问卷题干。
CALC-0494,放射影像与核医学,,乳腺影像报告和数据系统,乳腺影像报告和数据系统,BI-RADS Category,乳腺X线、超声或MRI影像特征,BI-RADS 0-6,ACR BI-RADS分类,类别越高，恶性概率和处理强度越高,分期/分级,网络补充,ACR BI-RADS,https://www.acr.org/Clinical-Resources/Reporting-and-Data-Systems/Bi-Rads,官方指南/专业协会/监管或分期体系,A：官方或专业协会来源,高：对应专科真实临床常用或指南推荐,指南级覆盖；适合做正式模块，但需锁定版本,真实临床使用；实现时需核对最新指南、适用人群和授权,,v2扩展补充,,参考 [ACR BI-RADS](https://www.acr.org/Clinical-Resources/Reporting-and-Data-Systems/Bi-Rads)
CALC-0495,放射影像与核医学,,前列腺影像报告和数据系统,前列腺影像报告和数据系统,PI-RADS v2.1,前列腺MRI T2、DWI、DCE特征；病灶位置,PI-RADS 1-5,ACR PI-RADS规则,1很低；5很高临床显著癌可能,分期/分级,网络补充,ACR PI-RADS,https://www.acr.org/Clinical-Resources/Reporting-and-Data-Systems/PI-RADS,官方指南/专业协会/监管或分期体系,A：官方或专业协会来源,高：对应专科真实临床常用或指南推荐,指南级覆盖；适合做正式模块，但需锁定版本,真实临床使用；实现时需核对最新指南、适用人群和授权,,v2扩展补充,,参考 [ACR PI-RADS](https://www.acr.org/Clinical-Resources/Reporting-and-Data-Systems/PI-RADS)
CALC-0496,放射影像与核医学,,甲状腺影像报告和数据系统,甲状腺影像报告和数据系统,ACR TI-RADS,结节组成；回声；形态；边缘；强回声灶；大小,TR等级和FNA建议,ACR TI-RADS点数,TR等级越高，恶性风险越高,分期/分级,网络补充,ACR TI-RADS,https://www.acr.org/Clinical-Resources/Reporting-and-Data-Systems/TI-RADS,官方指南/专业协会/监管或分期体系,A：官方或专业协会来源,高：对应专科真实临床常用或指南推荐,指南级覆盖；适合做正式模块，但需锁定版本,真实临床使用；实现时需核对最新指南、适用人群和授权,,v2扩展补充,,参考 [ACR TI-RADS](https://www.acr.org/Clinical-Resources/Reporting-and-Data-Systems/TI-RADS)
CALC-0497,放射影像与核医学,,肺结节筛查报告系统,肺结节筛查报告系统,Lung-RADS,低剂量CT肺结节类型、大小、增长和可疑特征,Lung-RADS类别,ACR Lung-RADS规则,类别越高，恶性风险和随访强度越高,分期/分级,网络补充,ACR Lung-RADS,https://www.acr.org/Clinical-Resources/Reporting-and-Data-Systems/Lung-Rads,官方指南/专业协会/监管或分期体系,A：官方或专业协会来源,高：对应专科真实临床常用或指南推荐,指南级覆盖；适合做正式模块，但需锁定版本,真实临床使用；实现时需核对最新指南、适用人群和授权,,v2扩展补充,,参考 [ACR Lung-RADS](https://www.acr.org/Clinical-Resources/Reporting-and-Data-Systems/Lung-Rads)
CALC-0498,放射影像与核医学,,肝脏影像报告系统,肝脏影像报告系统,LI-RADS,高危人群；肝病灶动脉期强化、洗脱、包膜、大小、增长,LI-RADS类别,ACR LI-RADS规则,LR-5高度提示HCC；其他类别需相应管理,分期/分级,网络补充,ACR LI-RADS,https://www.acr.org/Clinical-Resources/Reporting-and-Data-Systems/LI-RADS,官方指南/专业协会/监管或分期体系,A：官方或专业协会来源,高：对应专科真实临床常用或指南推荐,指南级覆盖；适合做正式模块，但需锁定版本,真实临床使用；实现时需核对最新指南、适用人群和授权,,v2扩展补充,,参考 [ACR LI-RADS](https://www.acr.org/Clinical-Resources/Reporting-and-Data-Systems/LI-RADS)
CALC-0499,放射影像与核医学,,卵巢附件影像报告系统,卵巢附件影像报告系统,O-RADS,附件病灶形态、实性成分、乳头状结构、血流、大小,O-RADS风险类别,ACR O-RADS US或MRI规则,类别越高，恶性风险越高,风险预测/预后评估,网络补充,ACR O-RADS,https://www.acr.org/Clinical-Resources/Reporting-and-Data-Systems/O-Rads,官方指南/专业协会/监管或分期体系,A：官方或专业协会来源,高：对应专科真实临床常用或指南推荐,指南级覆盖；适合做正式模块，但需锁定版本,真实临床使用；实现时需核对最新指南、适用人群和授权,,v2扩展补充,,参考 [ACR O-RADS](https://www.acr.org/Clinical-Resources/Reporting-and-Data-Systems/O-Rads)
CALC-0500,放射影像与核医学,,冠状动脉钙化积分,冠状动脉钙化积分,Agatston Coronary Artery Calcium Score,CT钙化面积；峰值HU；冠脉位置,CAC Agatston分数,面积乘以密度权重后求和,0无钙化；分数越高，冠脉粥样硬化负荷越高,临床评分/决策支持,官方指南/专业协会,SCCT CAC scoring,https://scct.org/,官方指南/专业协会/监管或分期体系,A：官方或专业协会来源,高：对应专科真实临床常用或指南推荐,指南级覆盖；适合做正式模块，但需锁定版本,真实临床使用；实现时需核对最新指南、适用人群和授权,,v2扩展补充,,参考心血管CT常用评分
CALC-0501,放射影像与核医学,,肾上腺腺瘤洗脱率,肾上腺腺瘤洗脱率,Adrenal Washout Calculation,平扫HU；增强HU；延迟HU,绝对和相对洗脱率,APW=(增强-延迟)/(增强-平扫)；RPW=(增强-延迟)/增强,高洗脱支持腺瘤，阈值依方案,临床评分/决策支持,医学计算器平台,MDCalc calculator library,https://www.mdcalc.com/,医学计算器平台汇总,B：临床计算器平台收录，需回源核公式,中高：临床常见或教学/决策支持常用,平台级覆盖；适合候选清单，公式需逐项回源验证,多为真实使用的临床决策支持工具，但不能替代原始指南,,v2扩展补充,,参考肾上腺CT评估常用公式
CALC-0502,放射影像与核医学,,椎体骨折Genant半定量分级,椎体骨折Genant半定量分级,Genant Semiquantitative Vertebral Fracture Grade,height_loss_percent：椎体高度降低百分比（0-100）,Genant半定量0-3级,<20%为0级；20-24%为1级；25-39%为2级；>=40%为3级,级别越高椎体压缩/骨折程度越重,临床评分/决策支持,影像半定量分级；规则实现,Genant semiquantitative vertebral fracture grade references,https://radiopaedia.org/articles/genant-classification-of-vertebral-fractures,公开影像分级说明,B：公开分级规则/临床常用影像评分,中高：临床常见或教学/决策支持常用,已实现按椎体高度降低百分比分级；不替代完整影像判读,用于椎体压缩骨折严重度结构化记录；需结合形态改变和放射科判断,,v2扩展补充,,single-rule implementation from public grading thresholds
CALC-0503,放射影像与核医学,,PET代谢肿瘤体积和总病灶糖酵解,PET代谢肿瘤体积和总病灶糖酵解,MTV and TLG,PET SUV阈值；病灶体积；SUVmean,MTV；TLG,TLG = MTV * SUVmean,用于肿瘤代谢负荷和疗效研究,临床评分/决策支持,官方指南/专业协会,EANM FDG PET/CT guidelines,https://www.eanm.org/publications/guidelines/,官方指南/专业协会/监管或分期体系,A：官方或专业协会来源,高：对应专科真实临床常用或指南推荐,指南级覆盖；适合做正式模块，但需锁定版本,真实临床使用；实现时需核对最新指南、适用人群和授权,,v2扩展补充,,参考核医学肿瘤PET指标
CALC-0504,儿科亚专科与新生儿,,新生儿急性生理评分围产扩展版,新生儿急性生理评分围产扩展版,SNAPPE-II,平均血压；最低体温；PaO2/FiO2；pH；惊厥；尿量；出生体重；小于胎龄；Apgar,新生儿死亡风险评分,SNAPPE-II模型,分数越高，病情越重,风险预测/预后评估,医学计算器平台,QxMD Calculate,https://qxmd.com/calculate/,外部来源公式级核对并接入Python实现,B：临床计算器平台收录，需回源核公式,中高：临床常见或教学/决策支持常用,已完成公式/规则级外部来源核对并接入Python实现,用于临床决策支持、教学或质量评估；不能替代完整指南和临床判断,,v2扩展补充,,参考新生儿ICU严重度评分；Python实现采用预编码或预评分输入，未复刻受版权保护的完整问卷题干。
CALC-0505,儿科亚专科与新生儿,,Silverman-Andersen呼吸窘迫评分,Silverman-Andersen呼吸窘迫评分,Silverman-Andersen Score,胸腹运动；肋间凹陷；剑突凹陷；鼻翼扇动；呻吟,呼吸窘迫严重度0-10,5项0-2分加总,分数越高，新生儿呼吸窘迫越重,临床评分/决策支持,医学计算器平台,QxMD Calculate,https://qxmd.com/calculate/,官方指南/专业协会/监管或分期体系,A：官方或专业协会来源,高：对应专科真实临床常用或指南推荐,指南级覆盖；适合做正式模块，但需锁定版本,真实临床使用；实现时需核对最新指南、适用人群和授权,,v2扩展补充,,参考新生儿呼吸评估常用评分
CALC-0506,儿科亚专科与新生儿,,Downes儿童呼吸窘迫评分,Downes儿童呼吸窘迫评分,Downes Score,呼吸频率；发绀；空气进入；喘鸣；呻吟,呼吸窘迫评分,5项0-2分加总,分数越高，呼吸窘迫越重,临床评分/决策支持,医学计算器平台,QxMD Calculate,https://qxmd.com/calculate/,外部来源公式级核对并接入Python实现,B：临床计算器平台收录，需回源核公式,中高：临床常见或教学/决策支持常用,已完成公式/规则级外部来源核对并接入Python实现,用于临床决策支持、教学或质量评估；不能替代完整指南和临床判断,,v2扩展补充,,参考儿科呼吸评估常用评分；Python实现采用预编码或预评分输入，未复刻受版权保护的完整问卷题干。
CALC-0507,儿科亚专科与新生儿,,新生儿阿片戒断评分,新生儿阿片戒断评分,Finnegan Neonatal Abstinence Score,中枢神经、代谢、呼吸、胃肠道戒断表现,NAS总分,症状条目加权总分,高分提示戒断症状更重，需按方案处理,症状/功能量表,医学计算器平台,QxMD Calculate,https://qxmd.com/calculate/,医学计算器平台汇总,B：临床计算器平台收录，需回源核公式,中高：临床常见或教学/决策支持常用,平台级覆盖；适合候选清单，公式需逐项回源验证,多为真实使用的临床决策支持工具，但不能替代原始指南,,v2扩展补充,,参考新生儿戒断综合征常用量表
CALC-0508,儿科亚专科与新生儿,,FLACC儿童疼痛评分,FLACC儿童疼痛评分,Face Legs Activity Cry Consolability Scale,面部；腿部；活动；哭闹；可安慰性,疼痛评分0-10,5项0-2分加总,0无痛；1-3轻；4-6中；7-10重,症状/功能量表,医学计算器平台,QxMD Calculate,https://qxmd.com/calculate/,官方指南/专业协会/监管或分期体系,A：官方或专业协会来源,高：对应专科真实临床常用或指南推荐,指南级覆盖；适合做正式模块，但需锁定版本,真实临床使用；实现时需核对最新指南、适用人群和授权,,v2扩展补充,,参考儿童疼痛常用量表
CALC-0509,儿科亚专科与新生儿,,儿童创伤评分,儿童创伤评分,Pediatric Trauma Score,weight; airway; systolic_bp; central_nervous_system; open_wound; skeletal_injury，各-1/1/2分,Pediatric Trauma Score -6到12,PTS = 体重 + 气道 + 收缩压 + 中枢神经系统 + 开放伤 + 骨骼损伤六项分数。,<=8提示较高创伤风险/需创伤中心评估。,临床评分/决策支持,医学计算器平台/儿科创伤评分,Pediatric Trauma Score,https://www.mdcalc.com/calc/10240/pediatric-trauma-score-pts,医学计算器平台与儿科创伤评分资料核对,B：临床计算器平台收录并已核公式,中高：临床常见或教学/决策支持常用,已完成公式级外部来源核对并接入Python实现,用于临床决策支持、教学、筛查或质量评估；不能替代完整指南和临床判断,,外部来源验证,,Python实现要求上游输入已按评分表编码为-1/1/2。
CALC-0510,儿科亚专科与新生儿,,Lansky儿童体能状态评分,Lansky儿童体能状态评分,Lansky Play-Performance Scale,score 0-100，10分递增,Lansky儿童体能状态评分,输入Lansky 0-100等级，输出对应儿童游戏/活动功能描述。,分数越高功能状态越好。,临床评分/决策支持,儿科肿瘤/功能状态量表,Lansky Play-Performance Scale,https://www.mdcalc.com/calc/10096/lansky-play-performance-scale-children,医学计算器平台与儿科功能状态量表核对,B：临床计算器平台收录并已核规则,中高：临床常见或教学/决策支持常用,已完成公式级外部来源核对并接入Python实现,用于临床决策支持、教学、筛查或质量评估；不能替代完整指南和临床判断,,外部来源验证,,
CALC-0511,儿科亚专科与新生儿,,儿童肝移植PELD补充分层,儿童肝移植PELD补充分层,PELD Exception Support,年龄；白蛋白；胆红素；INR；生长失败；特殊诊断,儿童肝移植风险说明,PELD及例外情况整理,用于儿科肝移植候选人补充说明,风险预测/预后评估,官方指南/专业协会,OPTN PELD calculator,https://optn.transplant.hrsa.gov/data/allocation-calculators/peld-calculator/,官方指南/专业协会/监管或分期体系,A：官方或专业协会来源,高：对应专科真实临床常用或指南推荐,指南级覆盖；适合做正式模块，但需锁定版本,真实临床使用；实现时需核对最新指南、适用人群和授权,,v2扩展补充,,参考OPTN儿童肝移植政策
CALC-0512,儿科亚专科与新生儿,,儿童早期预警评分扩展版,儿童早期预警评分扩展版,Bedside Pediatric Early Warning System,age_months; heart_rate_bpm; systolic_bp_mm_hg; capillary_refill_seconds; respiratory_rate_breaths_min; respiratory_effort; oxygen_saturation_percent; oxygen_therapy,Bedside PEWS 0-26,"按年龄分层的心率、收缩压、呼吸频率，加毛细血管再充盈、呼吸功、血氧饱和度和氧疗7项计分。",原始研究中≥8对紧急PICU收治的敏感度82%、特异度93%；低分不能排除恶化。,临床评分/决策支持,开放获取研究,Parshuram et al. Bedside PEWS (2009),https://pmc.ncbi.nlm.nih.gov/articles/PMC2750193/,公开论文完整计分表核对并接入Python实现,A：开放获取评分研究,中高：儿科住院病情恶化预警,已完成7项年龄分层规则和边界测试,用于病情恶化识别支持；不能替代床旁评估、复评和机构升级流程。,2009,v2扩展补充,,"论文年龄段按半开区间实现为0-<3、3-<12、12-<48、48-<144、144-<216月；氧疗输入需按论文计分表预编码为room_air、low(<4 L/min或<50%)、high(≥4 L/min或≥50%)。"
CALC-0513,儿科亚专科与新生儿,,儿童脱水临床评分,儿童脱水临床评分,Clinical Dehydration Scale,一般外观；眼窝；黏膜；泪液,脱水严重度,4项0-2分加总,0无；1-4轻中；5-8重,临床评分/决策支持,医学计算器平台,MDCalc calculator library,https://www.mdcalc.com/,医学计算器平台汇总,B：临床计算器平台收录，需回源核公式,中高：临床常见或教学/决策支持常用,平台级覆盖；适合候选清单，公式需逐项回源验证,多为真实使用的临床决策支持工具，但不能替代原始指南,,v2扩展补充,,参考儿童急性胃肠炎脱水评估
CALC-0514,妇产高危与生殖医学,,Robson剖宫产十组分类,Robson剖宫产十组分类,Robson Ten-Group Classification,parity; previous_cesarean; fetal_presentation; fetal_count; gestational_age_weeks; labor_onset,Robson 1-10组,根据产次、既往剖宫产、胎位、胎数、孕周和临产方式映射WHO Robson十组。,用于剖宫产率质量改进和分层比较。,临床评分/决策支持,官方指南/专业协会分类标准,WHO Robson classification,https://www.who.int/,外部来源公式级核对并接入Python实现,A：官方/专业协会或原始评分体系来源,高：对应专科真实临床常用或指南推荐,已完成公式/规则级外部来源核对并接入Python实现,用于临床决策支持、教学或质量评估；不能替代完整指南和临床判断,,v2扩展补充,,Python实现采用预编码或预评分输入，未复刻受版权保护的完整问卷题干。
CALC-0515,妇产高危与生殖医学,,估计胎儿体重Hadlock公式,估计胎儿体重Hadlock公式,Hadlock Estimated Fetal Weight,bpd_cm; hc_cm; ac_cm; fl_cm,Hadlock估计胎儿体重(g),Hadlock四参数公式，使用BPD、HC、AC、FL的对数回归估算胎儿体重。,输出为估计胎儿体重，需结合孕周、生长曲线和超声测量质量解释。,公式计算/生理指标,原始产科超声公式,Hadlock fetal weight model,https://obgyn.utoronto.ca/sites/default/files/Hadlock%20Model%20for%20EFW%20AC-FL-HC%20-%20AJOG%201985.pdf,外部来源公式级核对并接入Python实现,A：官方/专业协会或原始评分体系来源,中高：临床常见或教学/决策支持常用,已完成公式/规则级外部来源核对并接入Python实现,用于临床决策支持、教学或质量评估；不能替代完整指南和临床判断,,v2扩展补充,,Python实现采用预编码或预评分输入，未复刻受版权保护的完整问卷题干。
CALC-0516,妇产高危与生殖医学,,胎儿生长百分位,胎儿生长百分位,Fetal Growth Percentile,孕周；估计胎重或腹围；性别可选；参考曲线,胎儿生长百分位,INTERGROWTH、Hadlock或本地曲线,<10百分位常提示小于胎龄儿风险,临床评分/决策支持,网络补充,INTERGROWTH-21st,https://intergrowth21.tghn.org/,官方指南/专业协会/监管或分期体系,A：官方或专业协会来源,高：对应专科真实临床常用或指南推荐,指南级覆盖；适合做正式模块，但需锁定版本,真实临床使用；实现时需核对最新指南、适用人群和授权,,v2扩展补充,,参考 [INTERGROWTH-21st](https://intergrowth21.tghn.org/)
CALC-0517,妇产高危与生殖医学,,羊水指数,羊水指数,"Amniotic Fluid Index, AFI",quadrant_1_cm; quadrant_2_cm; quadrant_3_cm; quadrant_4_cm,羊水指数(AFI)和羊水量分类,AFI为四个象限最大垂直羊水池深度之和。,<=5 cm提示羊水过少；>=24 cm提示羊水过多；中间范围通常为正常/边界解释。,公式计算/生理指标,产科超声阈值/医学参考,StatPearls Amniotic Fluid Index / Polyhydramnios references,https://www.ncbi.nlm.nih.gov/books/NBK562326/,外部来源公式级核对并接入Python实现,A：官方/专业协会或原始评分体系来源,高：对应专科真实临床常用或指南推荐,已完成公式/规则级外部来源核对并接入Python实现,用于临床决策支持、教学或质量评估；不能替代完整指南和临床判断,,v2扩展补充,,Python实现采用预编码或预评分输入，未复刻受版权保护的完整问卷题干。
CALC-0518,妇产高危与生殖医学,,单最大羊水池深度,单最大羊水池深度,Single Deepest Pocket,single_deepest_pocket_cm,单最大羊水池深度和分类,按单个最大垂直羊水池深度阈值分类。,<2 cm提示羊水过少；>=8 cm提示羊水过多；需结合孕周和临床场景。,临床评分/决策支持,产科超声阈值/医学参考,StatPearls Amniotic Fluid Index / Polyhydramnios references,https://www.ncbi.nlm.nih.gov/books/NBK562140/,外部来源公式级核对并接入Python实现,A：官方/专业协会或原始评分体系来源,高：对应专科真实临床常用或指南推荐,已完成公式/规则级外部来源核对并接入Python实现,用于临床决策支持、教学或质量评估；不能替代完整指南和临床判断,,v2扩展补充,,Python实现采用预编码或预评分输入，未复刻受版权保护的完整问卷题干。
CALC-0519,妇产高危与生殖医学,,sFlt-1/PlGF子痫前期风险比值,sFlt-1/PlGF子痫前期风险比值,sFlt-1 to PlGF Ratio,sFlt-1；PlGF；孕周；检测平台,比值和风险解释,sFlt-1/PlGF,低比值有助于短期排除，高比值提示风险增加,风险预测/预后评估,官方指南/专业协会,NICE PlGF-based testing guidance,https://www.nice.org.uk/guidance/dg49,官方指南/专业协会/监管或分期体系,A：官方或专业协会来源,高：对应专科真实临床常用或指南推荐,指南级覆盖；适合做正式模块，但需锁定版本,真实临床使用；实现时需核对最新指南、适用人群和授权,,v2扩展补充,,参考子痫前期生物标志物研究
CALC-0520,妇产高危与生殖医学,,子痫前期严重特征判断,子痫前期严重特征判断,Preeclampsia Severe Features Checklist,severe_range_blood_pressure_confirmed; platelets_per_microliter; serum_creatinine_mg_dl; creatinine_doubled_from_baseline; liver_transaminases_twice_normal; severe_persistent_ruq_epigastric_pain; pulmonary_edema; new_onset_headache_unresponsive; visual_symptoms,是否存在子痫前期严重特征及触发项,按ACOG严重范围血压、血小板减少、肾功能异常、肝功能/疼痛、肺水肿、神经视觉症状等严重特征逐项判定。,任一严重特征阳性提示需按子痫前期严重特征流程处理。,临床评分/决策支持,ACOG实践公告规则,ACOG Practice Bulletin No. 222 Gestational Hypertension and Preeclampsia,https://www.preeclampsia.org/frontend/assets/img/advocacy_resource/Gestational_Hypertension_and_Preeclampsia_ACOG_Practice_Bulletin%2C_Number_222_1605448006.pdf,外部来源公式级核对并接入Python实现,A：官方/专业协会或原始评分体系来源,高：对应专科真实临床常用或指南推荐,已完成公式/规则级外部来源核对并接入Python实现,用于临床决策支持、教学或质量评估；不能替代完整指南和临床判断,,v2扩展补充,,Python实现采用预编码或预评分输入，未复刻受版权保护的完整问卷题干。
CALC-0521,妇产高危与生殖医学,,早产风险fFN辅助解释,早产风险fFN辅助解释,Fetal Fibronectin Risk Support,孕周；症状；宫颈长度；fFN结果,早产短期风险辅助,fFN结合宫颈长度解释,阴性预测价值常用于短期排除,风险预测/预后评估,官方指南/专业协会,NICE preterm labour diagnostics,https://www.nice.org.uk/,官方指南/专业协会/监管或分期体系,A：官方或专业协会来源,高：对应专科真实临床常用或指南推荐,指南级覆盖；适合做正式模块，但需锁定版本,真实临床使用；实现时需核对最新指南、适用人群和授权,,v2扩展补充,,参考早产风险评估常用策略
CALC-0522,妇产高危与生殖医学,,卵巢储备评估AFC-AMH,卵巢储备评估AFC-AMH,Ovarian Reserve Assessment,年龄；AMH；窦卵泡数；FSH；既往反应,卵巢储备分层,AFC/AMH阈值和年龄解释,用于辅助生殖咨询，阈值依实验室和人群,临床评分/决策支持,官方指南/专业协会,ASRM committee documents,https://www.asrm.org/practice-guidance/practice-committee-documents/,外部来源公式级核对并接入Python实现,A：官方或专业协会来源,高：对应专科真实临床常用或指南推荐,已完成公式/规则级外部来源核对并接入Python实现,用于临床决策支持、教学或质量评估；不能替代完整指南和临床判断,,v2扩展补充,,参考生殖医学常用评估；Python实现采用预编码或预评分输入，未复刻受版权保护的完整问卷题干。
CALC-0523,妇产高危与生殖医学,,OHSS风险评分,OHSS风险评分,Ovarian Hyperstimulation Syndrome Risk,年龄；PCOS；AMH；AFC；雌二醇；卵泡数；既往OHSS,OHSS风险分层,多因素风险评估,高风险需调整促排和触发策略,风险预测/预后评估,官方指南/专业协会,ASRM committee documents,https://www.asrm.org/practice-guidance/practice-committee-documents/,官方指南/专业协会/监管或分期体系,A：官方或专业协会来源,高：对应专科真实临床常用或指南推荐,指南级覆盖；适合做正式模块，但需锁定版本,真实临床使用；实现时需核对最新指南、适用人群和授权,,v2扩展补充,,参考辅助生殖安全评估
CALC-0524,心衰、心电与血管医学,,西雅图心衰模型,西雅图心衰模型,"Seattle Heart Failure Model, SHFM",年龄；性别；NYHA；体重；收缩压；LVEF；药物；实验室；设备治疗,1/2/3年生存概率,SHFM多变量模型,生存概率越低，心衰预后越差,风险预测/预后评估,网络补充,Seattle Heart Failure Model,https://depts.washington.edu/shfm/,专业机构/量表官网/大学或研究工具,C：可追溯外部来源，需确认版本、版权和适用人群,中：专科、研究或随访场景常用，泛临床频率不一,可追溯来源覆盖；适合候选清单，实施前需逐项核原始公式,真实存在且可追溯；是否适合上线取决于授权、验证质量和本地化,,v3深度补充,,参考 [Seattle Heart Failure Model](https://depts.washington.edu/shfm/)
CALC-0525,心衰、心电与血管医学,,慢性心衰死亡风险沟通,MAGGIC心衰死亡风险,MAGGIC Heart Failure Risk Score,年龄；LVEF；收缩压；BMI；血清肌酐；NYHA；性别；当前吸烟；糖尿病；COPD；心衰病程达到18个月；β受体阻滞剂；ACEI或ARB,0至57分及1年和3年死亡风险,MAGGIC 13变量积分模型；含EF与年龄和收缩压交互表；0至50分映射风险，超过50分报告上界,用于心衰人群风险沟通；不能单独决定药物、器械或姑息治疗,风险预测/预后评估,原始模型及公开完整积分表,MAGGIC Risk Calculator for Heart Failure,https://www.mdcalc.com/calc/3803/maggic-risk-calculator-heart-failure,原始论文与公开积分表及逐分接口核验,A：同行评议原始模型并公开完整积分规则,中：专科、研究或随访场景常用，泛临床频率不一,已实现全部交互积分和0至50风险表；51至57分不外推精确概率,最高分57；公开风险表止于50分，对更高分仅报告1年大于84.2%和3年大于98.5%,2013,公开完整积分表实现,source_backed_implementation,原始研究PMID 23095984；doi:10.1093/eurheartj/ehs337
CALC-0526,心衰、心电与血管医学,,MECKI心衰运动预后评分,MECKI心衰运动预后评分,MECKI Score,峰值VO2；VE/VCO2斜率；血红蛋白；钠；eGFR；LVEF,心血管死亡或紧急移植风险,MECKI模型,用于慢性心衰运动心肺评估后预后分层,风险预测/预后评估,研究模型,MECKI Score,https://www.cardiologicomonzino.it/en/mecki-score/,文献研究模型/预测模型,C：研究验证模型，需确认外部验证和适用人群,中：专病或研究场景常用，泛临床频率不一,专病模型覆盖；上线前需评估校准和本地化,真实存在且可能使用；是否适合临床产品取决于验证质量,,v3深度补充,,参考心衰CPET预后模型
CALC-0527,心衰、心电与血管医学,,H2FPEF心衰保留射血分数评分,H2FPEF心衰保留射血分数评分,H2FPEF Score,bmi; antihypertensive_medications_count; atrial_fibrillation; pulmonary_artery_systolic_pressure_mm_hg; age_years; e_over_e_prime,H2FPEF总分和HFpEF概率分层,肥胖、>=2种降压药、房颤、肺动脉收缩压>35、年龄>60、E/e' >9按权重加分。,低分降低HFpEF可能性，高分支持HFpEF可能性；需结合完整心衰评估。,临床评分/决策支持,临床预测评分/医学计算器,H2FPEF Score / MDCalc,https://www.mdcalc.com/calc/4034/h2fpef-score-heart-failure-preserved-ejection-fraction,外部来源公式级核对并接入Python实现,A：官方/专业协会或原始评分体系来源,中高：临床常见或教学/决策支持常用,已完成公式/规则级外部来源核对并接入Python实现,用于临床决策支持、教学或质量评估；不能替代完整指南和临床判断,,v3深度补充,,Python实现采用预编码或预评分输入，未复刻受版权保护的完整问卷题干。
CALC-0528,心衰、心电与血管医学,,HFA-PEFF诊断评分,HFA-PEFF诊断评分,HFA-PEFF Score,functional_domain_points; morphological_domain_points; biomarker_domain_points,HFA-PEFF总分和HFpEF诊断提示,功能、形态、生物标志物三个域0-2分相加。,0-1分低概率；2-4分中间；5-6分支持HFpEF诊断。,诊断/分类辅助,ESC/HFA诊断评分,ESC HF guidelines / HFA-PEFF algorithm,https://www.escardio.org/Guidelines,外部来源公式级核对并接入Python实现,A：官方/专业协会或原始评分体系来源,高：对应专科真实临床常用或指南推荐,已完成公式/规则级外部来源核对并接入Python实现,用于临床决策支持、教学或质量评估；不能替代完整指南和临床判断,,v3深度补充,,Python实现采用预编码域分值，未复刻完整指南表格。
CALC-0529,心衰、心电与血管医学,,NYHA心功能分级,NYHA心功能分级,New York Heart Association Functional Class,体力活动受限程度；症状出现活动量,I-IV级,临床症状分级,分级越高，心功能受限越重,症状/功能量表,官方指南/专业协会,American Heart Association heart failure classes,https://www.heart.org/,官方指南/专业协会/监管或分期体系,A：官方或专业协会来源,高：对应专科真实临床常用或指南推荐,指南级覆盖；适合做正式模块，但需锁定版本,真实临床使用；实现时需核对最新指南、适用人群和授权,,v3深度补充,,参考心衰临床通用分级
CALC-0530,心衰、心电与血管医学,,Killip急性心梗心衰分级,Killip急性心梗心衰分级,Killip Classification,肺部啰音；S3；肺水肿；心源性休克,Killip I-IV级,临床分级,等级越高，急性心梗死亡风险越高,临床评分/决策支持,医学计算器平台,MDCalc calculator library,https://www.mdcalc.com/,医学计算器平台汇总,B：临床计算器平台收录，需回源核公式,中高：临床常见或教学/决策支持常用,平台级覆盖；适合候选清单，公式需逐项回源验证,多为真实使用的临床决策支持工具，但不能替代原始指南,,v3深度补充,,参考急性冠脉综合征风险分层
CALC-0531,心衰、心电与血管医学,,HEART路径低危胸痛判定,HEART路径低危胸痛判定,HEART Pathway,HEART评分；0和3小时肌钙蛋白,低危出院候选或进一步评估,HEART + serial troponin算法,低危且肌钙蛋白阴性可辅助早期排除,诊断/分类辅助,医学计算器平台,MDCalc calculator library,https://www.mdcalc.com/,外部来源公式级核对并接入Python实现,B：临床计算器平台收录，需回源核公式,中高：临床常见或教学/决策支持常用,已完成公式/规则级外部来源核对并接入Python实现,用于临床决策支持、教学或质量评估；不能替代完整指南和临床判断,,v3深度补充,,参考急诊胸痛路径；Python实现采用预编码或预评分输入，未复刻受版权保护的完整问卷题干。
CALC-0532,心衰、心电与血管医学,,SAMe-TT2R2华法林控制预测,SAMe-TT2R2华法林控制预测,SAMe-TT2R2 Score,sex; age_years; two_or_more_comorbidities; interacting_drugs; tobacco_use_within_2_years; non_caucasian_race,SAMe-TT2R2总分和华法林控制风险提示,性别、年龄、病史、相互作用药物、烟草、种族因素按SAMe-TT2R2权重加分。,>2分提示维持良好TTR概率较低，需强化随访或考虑替代方案。,风险预测/预后评估,抗凝预测评分/医学计算器,SAMe-TT2R2 Score / MDCalc,https://www.mdcalc.com/calc/3943/same-tt2r2-score,外部来源公式级核对并接入Python实现,A：官方/专业协会或原始评分体系来源,中高：临床常见或教学/决策支持常用,已完成公式/规则级外部来源核对并接入Python实现,用于临床决策支持、教学或质量评估；不能替代完整指南和临床判断,,v3深度补充,,Python实现采用预编码或预评分输入，未复刻受版权保护的完整问卷题干。
CALC-0533,心衰、心电与血管医学,,ABI踝肱指数,ABI踝肱指数,"Ankle-Brachial Index, ABI",踝部收缩压；肱动脉收缩压,ABI,踝压/肱压,<0.90支持外周动脉疾病；>1.40提示血管不可压缩,公式计算/生理指标,官方指南/专业协会,AHA/ACC PAD guideline,https://www.heart.org/,官方指南/专业协会/监管或分期体系,A：官方或专业协会来源,高：对应专科真实临床常用或指南推荐,指南级覆盖；适合做正式模块，但需锁定版本,真实临床使用；实现时需核对最新指南、适用人群和授权,,v3深度补充,,参考血管医学通用指标
CALC-0534,心衰、心电与血管医学,,Rutherford慢性肢体缺血分级,Rutherford慢性肢体缺血分级,Rutherford Classification,category,Rutherford 0-6级和分级说明,Rutherford慢性肢体缺血0-6分类映射。,级别越高提示肢体缺血和组织缺损越重。,临床评分/决策支持,血管外科临床分级,Society for Vascular Surgery / Rutherford Classification,https://vascular.org/,外部来源公式级核对并接入Python实现,A：官方/专业协会或原始评分体系来源,高：对应专科真实临床常用或指南推荐,已完成公式/规则级外部来源核对并接入Python实现,用于临床决策支持、教学或质量评估；不能替代完整指南和临床判断,,v3深度补充,,Python实现采用预编码Rutherford类别输入。
CALC-0535,心衰、心电与血管医学,,WIfI保肢风险分级,WIfI保肢风险分级,Wound Ischemia and foot Infection Classification,创面；缺血；足部感染,截肢风险和血运重建获益分层,SVS WIfI三域分级,分期越高，截肢风险越高,风险预测/预后评估,网络补充,SVS WIfI,https://vascular.org/,官方指南/专业协会/监管或分期体系,A：官方或专业协会来源,高：对应专科真实临床常用或指南推荐,指南级覆盖；适合做正式模块，但需锁定版本,真实临床使用；实现时需核对最新指南、适用人群和授权,,v3深度补充,,参考 [SVS WIfI](https://vascular.org/)
CALC-0536,消化内镜、IBD与胰胆疾病,,Mayo溃疡性结肠炎评分,Mayo溃疡性结肠炎评分,Mayo Score for Ulcerative Colitis,stool_frequency(0-3); rectal_bleeding(0-3); endoscopic_findings(0-3); physician_global_assessment(0-3),Mayo总分 0-12,Mayo Score = 排便频率0-3 + 直肠出血0-3 + 内镜表现0-3 + 医师总体评价0-3,0-2缓解/最低活动；3-5轻度；6-10中度；11-12重度。结合临床和内镜语境解释。,临床评分/决策支持,医学计算器平台/原始评分体系,MDCalc Mayo Score / UC Disease Activity Index,https://www.mdcalc.com/calc/3675/mayo-score-disease-activity-index-dai-ulcerative-colitis,医学计算器平台与原始评分体系回源核对,B：临床计算器平台收录并已核公式,中高：临床常见或教学/决策支持常用,已完成公式级外部来源核对并接入Python实现,用于临床决策支持、教学或质量评估；不能替代完整指南和临床判断,,外部来源验证,,Python实现使用四个预编码0-3分项，避免复制受版权限制的问卷文本。
CALC-0537,消化内镜、IBD与胰胆疾病,,部分Mayo评分,部分Mayo评分,Partial Mayo Score,stool_frequency(0-3); rectal_bleeding(0-3); physician_global_assessment(0-3),Partial Mayo总分 0-9,Partial Mayo = 排便频率0-3 + 直肠出血0-3 + 医师总体评价0-3。,0-1缓解/最低活动；2-4轻度；5-6中度；7-9重度。,临床评分/决策支持,医学计算器平台/UC活动度评分,Partial Mayo Score,https://www.mdcalc.com/calc/10213/partial-mayo-score-ulcerative-colitis-activity,医学计算器平台与UC评分体系核对,B：临床计算器平台收录并已核公式,中高：临床常见或教学/决策支持常用,已完成公式级外部来源核对并接入Python实现,用于临床决策支持、教学、筛查或质量评估；不能替代完整指南和临床判断,,外部来源验证,,
CALC-0538,消化内镜、IBD与胰胆疾病,,简化临床结肠炎活动指数,简化临床结肠炎活动指数,"Simple Clinical Colitis Activity Index, SCCAI",daytime_stool_frequency(0-3); nocturnal_stool_frequency(0-2); urgency(0-3); blood_in_stool(0-3); general_wellbeing(0-4); extracolonic_manifestations(0-4),SCCAI总分,SCCAI = 白天排便频率分 + 夜间排便频率分 + 便急分 + 血便分 + 总体状态分 + 肠外表现数/分,通常总分越高提示UC活动越重；实现中>=5提示活动性疾病更可能，<5提示临床缓解更可能。,公式计算/生理指标,原始论文/医学计算器平台,Walmsley et al. Simple Clinical Colitis Activity Index,https://pubmed.ncbi.nlm.nih.gov/7909786/,PubMed原始评分文献与临床计算器平台交叉核对,A：同行评议原始评分文献,中高：临床常见或教学/决策支持常用,已完成公式级外部来源核对并接入Python实现,用于临床决策支持、教学或质量评估；不能替代完整指南和临床判断,,外部来源验证,,Python实现采用预编码分项输入，不复刻题项全文。
CALC-0539,消化内镜、IBD与胰胆疾病,,UC内镜严重度指数,UC内镜严重度指数,"Ulcerative Colitis Endoscopic Index of Severity, UCEIS",vascular_pattern; bleeding; erosions_ulcers,UCEIS总分,UCEIS = 血管纹理0-2 + 出血0-3 + 糜烂/溃疡0-3。,分数越高UC内镜炎症越重。,公式计算/生理指标,医学计算器平台/内镜评分体系,Ulcerative Colitis Endoscopic Index of Severity / QxMD,https://qxmd.com/calculate/,外部来源公式级核对并接入Python实现,B：临床计算器平台收录并已核公式,中高：临床常见或教学/决策支持常用,已完成公式/规则级外部来源核对并接入Python实现,用于临床决策支持、教学或质量评估；不能替代完整指南和临床判断,,v3深度补充,,Python实现采用预编码或预评分输入，未复刻受版权保护的完整问卷题干。
CALC-0540,消化内镜、IBD与胰胆疾病,,Baron内镜评分,Baron内镜评分,Baron Score,grade 0-3,Baron内镜等级,输入Baron 0-3级，输出内镜活动度描述。,0正常；1轻度；2中度；3重度内镜异常。,临床评分/决策支持,IBD内镜评分/医学计算器平台,Baron Endoscopic Score,https://qxmd.com/calculate/calculator_497/baron-score-for-ulcerative-colitis,医学计算器平台与IBD内镜评分资料核对,B：临床计算器平台收录并已核规则,中高：临床常见或教学/决策支持常用,已完成公式级外部来源核对并接入Python实现,用于临床决策支持、教学、筛查或质量评估；不能替代完整指南和临床判断,,外部来源验证,,
CALC-0541,消化内镜、IBD与胰胆疾病,,Harvey-Bradshaw克罗恩指数,Harvey-Bradshaw克罗恩指数,"Harvey-Bradshaw Index, HBI",general_wellbeing(0-4); abdominal_pain(0-3); liquid_stools_per_day; abdominal_mass(0-3); complications_count,HBI总分,HBI = 一般状态0-4 + 腹痛0-3 + 每日稀便次数 + 腹部包块0-3 + 并发症数,<5缓解；5-7轻度；8-16中度；>16重度。,分期/分级,医学计算器平台/原始评分体系,MDCalc Harvey-Bradshaw Index for Crohn Disease,https://www.mdcalc.com/calc/3123/harvey-bradshaw-index-hbi-crohns-disease,医学计算器平台与原始评分体系回源核对,B：临床计算器平台收录并已核公式,中高：临床常见或教学/决策支持常用,已完成公式级外部来源核对并接入Python实现,用于临床决策支持、教学或质量评估；不能替代完整指南和临床判断,,外部来源验证,,Python实现采用预编码临床分项输入。
CALC-0542,消化内镜、IBD与胰胆疾病,,简化内镜克罗恩评分,简化内镜克罗恩评分,"Simple Endoscopic Score for Crohn's Disease, SES-CD",segments,SES-CD总分和内镜活动度解释,各肠段溃疡大小、溃疡面积、受累面积和狭窄四域预评分求和。,分数越高提示克罗恩病内镜活动度越重。,临床评分/决策支持,IBD内镜评分工具,ECCO Simple Endoscopic Score for Crohn Disease calculator,https://www.e-guide.ecco-ibd.eu/resources/calculator/simple-endoscopic-score-ses-cd,外部来源公式级核对并接入Python实现,A：官方/专业协会或原始评分体系来源,中高：临床常见或教学/决策支持常用,已完成公式/规则级外部来源核对并接入Python实现,用于临床决策支持、教学或质量评估；不能替代完整指南和临床判断,,v3深度补充,,Python实现采用预编码或预评分输入，未复刻受版权保护的完整问卷题干。
CALC-0543,消化内镜、IBD与胰胆疾病,,Rutgeerts术后克罗恩复发评分,Rutgeerts术后克罗恩复发评分,Rutgeerts Score,grade,Rutgeerts i0-i4等级和复发阈值,输入i0-i4内镜等级；i2及以上标记术后内镜复发。,i2及以上常提示术后内镜复发。,风险预测/预后评估,医学计算器平台/内镜分级体系,Rutgeerts Score / QxMD,https://qxmd.com/calculate/,外部来源公式级核对并接入Python实现,B：临床计算器平台收录并已核公式,中高：临床常见或教学/决策支持常用,已完成公式/规则级外部来源核对并接入Python实现,用于临床决策支持、教学或质量评估；不能替代完整指南和临床判断,,v3深度补充,,Python实现采用预编码或预评分输入，未复刻受版权保护的完整问卷题干。
CALC-0544,消化内镜、IBD与胰胆疾病,,急性胰腺炎改良CT严重指数,急性胰腺炎改良CT严重指数,"Modified CT Severity Index, MCTSI",pancreatic_inflammation(0/2/4); pancreatic_necrosis_percent; extrapancreatic_complications(bool),MCTSI总分 0-10,MCTSI = 胰腺炎症0/2/4 + 坏死0(0%)或2(<=30%)或4(>30%) + 胰外并发症2分(存在),0-2轻度；4-6中度；8-10重度。,公式计算/生理指标,影像评分体系/医学计算器平台,Modified CT Severity Index for Acute Pancreatitis,https://www.mdcalc.com/calc/3725/modified-ct-severity-index-ctsi-acute-pancreatitis,医学计算器平台与影像评分文献核对,B：临床计算器平台收录并已核公式,中高：临床常见或教学/决策支持常用,已完成公式级外部来源核对并接入Python实现,用于临床决策支持、教学或质量评估；不能替代完整指南和临床判断,,外部来源验证,,Python实现要求影像医师或上游系统给出炎症分档和坏死百分比。
CALC-0545,消化内镜、IBD与胰胆疾病,,Atlanta急性胰腺炎严重度分类,Atlanta急性胰腺炎严重度分类,Revised Atlanta Classification,organ_failure(none/transient/persistent); local_or_systemic_complications,Revised Atlanta轻/中重/重度分类,无器官衰竭且无局部/系统并发症=轻度；一过性器官衰竭或局部/系统并发症=中重度；持续性器官衰竭=重度。,用于急性胰腺炎严重度分类和后续监测/转诊。,临床评分/决策支持,国际分类标准/医学计算器平台,Revised Atlanta Classification for Acute Pancreatitis,https://www.mdcalc.com/calc/10137/revised-atlanta-classification-acute-pancreatitis,医学计算器平台与国际分类标准核对,B：临床计算器平台收录并已核规则,中高：临床常见或教学/决策支持常用,已完成公式级外部来源核对并接入Python实现,用于临床决策支持、教学、筛查或质量评估；不能替代完整指南和临床判断,,外部来源验证,,
CALC-0546,消化内镜、IBD与胰胆疾病,,东京急性胆管炎严重度分级,东京急性胆管炎严重度分级,Tokyo Guidelines Cholangitis Severity,器官功能障碍；年龄；白细胞；发热；胆红素；白蛋白等,Grade I-III,TG18/TG13严重度标准,III级为重症，需紧急处理评估,临床评分/决策支持,网络补充,Tokyo Guidelines,https://www.jshbps.jp/modules/en/index.php?content_id=47,外部来源公式级核对并接入Python实现,A：官方或专业协会来源,高：对应专科真实临床常用或指南推荐,已完成公式/规则级外部来源核对并接入Python实现,用于临床决策支持、教学或质量评估；不能替代完整指南和临床判断,,v3深度补充,,参考 [Tokyo Guidelines](https://www.jshbps.jp/modules/en/index.php?content_id=47)；Python实现采用预编码或预评分输入，未复刻受版权保护的完整问卷题干。
CALC-0547,消化内镜、IBD与胰胆疾病,,东京急性胆囊炎严重度分级,东京急性胆囊炎严重度分级,Tokyo Guidelines Cholecystitis Severity,器官功能障碍；白细胞；包块；症状时长；局部炎症；合并症,Grade I-III,TG18/TG13严重度标准,等级越高，手术和引流策略越需谨慎,临床评分/决策支持,网络补充,Tokyo Guidelines,https://www.jshbps.jp/modules/en/index.php?content_id=47,外部来源公式级核对并接入Python实现,A：官方或专业协会来源,高：对应专科真实临床常用或指南推荐,已完成公式/规则级外部来源核对并接入Python实现,用于临床决策支持、教学或质量评估；不能替代完整指南和临床判断,,v3深度补充,,参考 [Tokyo Guidelines](https://www.jshbps.jp/modules/en/index.php?content_id=47)；Python实现采用预编码或预评分输入，未复刻受版权保护的完整问卷题干。
CALC-0548,肝衰竭、门脉高压与脂肪肝,,ALBI白蛋白胆红素评分,ALBI白蛋白胆红素评分,"Albumin-Bilirubin Grade, ALBI",白蛋白；胆红素,ALBI分值和等级,log10 bilirubin * 0.66 + albumin * -0.085,1级最好，3级最差,临床评分/决策支持,医学计算器平台,MDCalc calculator library,https://www.mdcalc.com/,医学计算器平台汇总,B：临床计算器平台收录，需回源核公式,中高：临床常见或教学/决策支持常用,平台级覆盖；适合候选清单，公式需逐项回源验证,多为真实使用的临床决策支持工具，但不能替代原始指南,,v3深度补充,,参考肝癌肝功能分层工具
CALC-0549,肝衰竭、门脉高压与脂肪肝,,PALBI血小板白蛋白胆红素评分,PALBI血小板白蛋白胆红素评分,"Platelet-Albumin-Bilirubin Grade, PALBI",血小板；白蛋白；胆红素,PALBI等级,PALBI公式,纳入门脉高压相关血小板信息,公式计算/生理指标,医学计算器平台,QxMD Calculate,https://qxmd.com/calculate/,医学计算器平台汇总,B：临床计算器平台收录，需回源核公式,中高：临床常见或教学/决策支持常用,平台级覆盖；适合候选清单，公式需逐项回源验证,多为真实使用的临床决策支持工具，但不能替代原始指南,,v3深度补充,,参考肝癌预后研究工具
CALC-0550,肝衰竭、门脉高压与脂肪肝,,NAFLD纤维化评分,NAFLD纤维化评分,NAFLD Fibrosis Score,年龄；BMI；糖尿病/空腹血糖受损；AST/ALT；血小板；白蛋白,进展期纤维化风险,NFS公式,低值排除，高值提示进展期纤维化风险,风险预测/预后评估,医学计算器平台,MDCalc calculator library,https://www.mdcalc.com/,医学计算器平台汇总,B：临床计算器平台收录，需回源核公式,中高：临床常见或教学/决策支持常用,平台级覆盖；适合候选清单，公式需逐项回源验证,多为真实使用的临床决策支持工具，但不能替代原始指南,,v3深度补充,,参考NAFLD纤维化风险工具
CALC-0551,肝衰竭、门脉高压与脂肪肝,,BARD脂肪肝纤维化评分,BARD脂肪肝纤维化评分,BARD Score,BMI；AST/ALT比值；糖尿病,纤维化风险评分,3项加权,高分提示进展期纤维化风险较高,风险预测/预后评估,医学计算器平台,MDCalc calculator library,https://www.mdcalc.com/,医学计算器平台汇总,B：临床计算器平台收录，需回源核公式,中高：临床常见或教学/决策支持常用,平台级覆盖；适合候选清单，公式需逐项回源验证,多为真实使用的临床决策支持工具，但不能替代原始指南,,v3深度补充,,参考NAFLD简易评分
CALC-0552,肝衰竭、门脉高压与脂肪肝,,King学院急性肝衰竭标准,King学院急性肝衰竭标准,King's College Criteria,"etiology_group; acetaminophen路径: arterial_ph,inr,creatinine_mg_dl,encephalopathy_grade; non_acetaminophen路径: age_years,unfavorable_etiology,jaundice_to_encephalopathy_days,inr,bilirubin_mg_dl",是否满足King学院急性肝衰竭不良预后/移植评估标准,对乙酰氨基酚：pH<7.3 或 INR>6.5且Cr>3.4 mg/dL且III/IV级脑病；非对乙酰氨基酚：INR>6.5 或 年龄<10/>40、不良病因、黄疸至脑病>7天、INR>3.5、胆红素>17.5 mg/dL中任3项。,满足标准提示预后差，应紧急联系/转诊肝移植中心评估。,临床评分/决策支持,原始标准/医学计算器平台,King's College Criteria for Acute Liver Failure,https://www.mdcalc.com/calc/1515/kings-college-criteria-acute-liver-failure,医学计算器平台与急性肝衰竭标准文献核对,B：临床计算器平台收录并已核规则,中高：临床常见或教学/决策支持常用,已完成公式级外部来源核对并接入Python实现,用于临床决策支持、教学或质量评估；不能替代完整指南和临床判断,,外部来源验证,,条件输入模型；注册入口先要求etiology_group，函数内按病因路径校验字段。
CALC-0553,肝衰竭、门脉高压与脂肪肝,,CLIF-C ACLF评分,CLIF-C ACLF评分,CLIF-C Acute-on-Chronic Liver Failure Score,CLIF器官衰竭评分；年龄；白细胞,ACLF短期死亡风险,CLIF-C ACLF公式,分数越高，短期死亡风险越高,风险预测/预后评估,网络补充,EF CLIF tools,https://www.efclif.com/,外部来源公式级核对并接入Python实现,C：可追溯外部来源，需确认版本、版权和适用人群,中：专科、研究或随访场景常用，泛临床频率不一,已完成公式/规则级外部来源核对并接入Python实现,用于临床决策支持、教学或质量评估；不能替代完整指南和临床判断,,v3深度补充,,参考 [EF CLIF tools](https://www.efclif.com/)；Python实现采用预编码或预评分输入，未复刻受版权保护的完整问卷题干。
CALC-0554,肝衰竭、门脉高压与脂肪肝,,CLIF-C AD评分,CLIF-C AD评分,CLIF-C Acute Decompensation Score,年龄；白细胞；肌酐；INR；钠,急性失代偿短期死亡风险,CLIF-C AD公式,用于无ACLF肝硬化急性失代偿患者,风险预测/预后评估,网络补充,EF CLIF tools,https://www.efclif.com/,外部来源公式级核对并接入Python实现,C：可追溯外部来源，需确认版本、版权和适用人群,中：专科、研究或随访场景常用，泛临床频率不一,已完成公式/规则级外部来源核对并接入Python实现,用于临床决策支持、教学或质量评估；不能替代完整指南和临床判断,,v3深度补充,,参考 [EF CLIF tools](https://www.efclif.com/)；Python实现采用预编码或预评分输入，未复刻受版权保护的完整问卷题干。
CALC-0555,肝衰竭、门脉高压与脂肪肝,,VOCAL-Penn肝硬化围手术风险,VOCAL-Penn肝硬化围手术风险,VOCAL-Penn Cirrhosis Surgical Risk Score,年龄；白蛋白；胆红素；血小板；BMI；ASA；手术类型；急诊状态等,30/90/180日死亡风险,VOCAL-Penn模型,用于肝硬化非肝移植手术风险评估,风险预测/预后评估,网络补充,VOCAL-Penn,https://www.vocalpennscore.com/,专业机构/量表官网/大学或研究工具,C：可追溯外部来源，需确认版本、版权和适用人群,中：专科、研究或随访场景常用，泛临床频率不一,可追溯来源覆盖；适合候选清单，实施前需逐项核原始公式,真实存在且可追溯；是否适合上线取决于授权、验证质量和本地化,,v3深度补充,,参考 [VOCAL-Penn](https://www.vocalpennscore.com/)
CALC-0556,肝衰竭、门脉高压与脂肪肝,,门脉高压Baveno非侵入性风险,门脉高压Baveno非侵入性风险,Baveno Criteria for Varices Risk,肝硬度；血小板；病因；失代偿状态,是否可避免筛查内镜或需评估,Baveno VI/VII阈值,低风险可减少不必要内镜，需按指南版本执行,风险预测/预后评估,网络补充,Baveno consensus,https://www.journal-of-hepatology.eu/,外部来源公式级核对并接入Python实现,A：官方或专业协会来源,高：对应专科真实临床常用或指南推荐,已完成公式/规则级外部来源核对并接入Python实现,用于临床决策支持、教学或质量评估；不能替代完整指南和临床判断,,v3深度补充,,参考 [Baveno consensus](https://www.journal-of-hepatology.eu/)；Python实现采用预编码或预评分输入，未复刻受版权保护的完整问卷题干。
CALC-0557,肝衰竭、门脉高压与脂肪肝,,肝性脑病West Haven分级,肝性脑病West Haven分级,West Haven Criteria,grade 0-4,West Haven肝性脑病等级,输入West Haven 0-4级，输出肝性脑病严重度描述。,0最小/无明显脑病；1轻度；2中度；3重度；4昏迷。,临床评分/决策支持,肝性脑病临床分级/医学计算器平台,West Haven Criteria for Hepatic Encephalopathy,https://www.mdcalc.com/calc/10129/west-haven-criteria-hepatic-encephalopathy,医学计算器平台与肝病分级资料核对,B：临床计算器平台收录并已核规则,中高：临床常见或教学/决策支持常用,已完成公式级外部来源核对并接入Python实现,用于临床决策支持、教学、筛查或质量评估；不能替代完整指南和临床判断,,外部来源验证,,
CALC-0558,肝衰竭、门脉高压与脂肪肝,,Lille酒精性肝炎治疗反应模型,Lille酒精性肝炎治疗反应模型,Lille Model,年龄；白蛋白；肌酐；PT；胆红素第0天和第7天,糖皮质激素反应和预后,Lille公式,>0.45常提示治疗反应差,风险预测/预后评估,医学计算器平台,MDCalc calculator library,https://www.mdcalc.com/,外部来源公式级核对并接入Python实现,B：临床计算器平台收录，需回源核公式,中高：临床常见或教学/决策支持常用,已完成公式/规则级外部来源核对并接入Python实现,用于临床决策支持、教学或质量评估；不能替代完整指南和临床判断,,v3深度补充,,参考酒精性肝炎预后模型；Python实现采用预编码或预评分输入，未复刻受版权保护的完整问卷题干。
CALC-0559,肝衰竭、门脉高压与脂肪肝,,肝硬化低钠预后校正,肝硬化低钠预后校正,Cirrhosis Sodium Risk Support,血钠；MELD或MELD-Na；腹水；肾功能,低钠相关风险提示,基于MELD-Na和低钠阈值解释,低钠提示肝硬化预后不良和并发症风险,风险预测/预后评估,医学计算器平台,MDCalc calculator library,https://www.mdcalc.com/,医学计算器平台汇总,B：临床计算器平台收录，需回源核公式,中高：临床常见或教学/决策支持常用,平台级覆盖；适合候选清单，公式需逐项回源验证,多为真实使用的临床决策支持工具，但不能替代原始指南,,v3深度补充,,参考肝硬化预后评估
CALC-0560,肾脏AKI、透析充分性与结石,,KDIGO急性肾损伤分期,KDIGO急性肾损伤分期,KDIGO AKI Staging,肌酐变化；尿量；时间窗；肾替代治疗,AKI 1-3期,KDIGO肌酐和尿量标准,分期越高，AKI越重,分期/分级,网络补充,KDIGO guidelines,https://kdigo.org/guidelines/,官方指南/专业协会/监管或分期体系,A：官方或专业协会来源,高：对应专科真实临床常用或指南推荐,指南级覆盖；适合做正式模块，但需锁定版本,真实临床使用；实现时需核对最新指南、适用人群和授权,,v3深度补充,,参考 [KDIGO guidelines](https://kdigo.org/guidelines/)
CALC-0561,肾脏AKI、透析充分性与结石,,AKIN急性肾损伤分期,AKIN急性肾损伤分期,AKIN AKI Criteria,baseline_creatinine_mg_dl; current_creatinine_mg_dl; urine_output_ml_kg_hr; urine_output_duration_hours; anuria_duration_hours; renal_replacement_therapy,AKIN 0-3期,按肌酐倍数/绝对升高、尿量持续时间和肾替代治疗取最严重AKIN分期。,分期越高AKI越重。,分期/分级,官方指南/专业协会,KDIGO AKI guideline / AKIN criteria,https://kdigo.org/guidelines/,外部来源公式级核对并接入Python实现,A：官方/专业协会或原始评分体系来源,高：对应专科真实临床常用或指南推荐,已完成公式/规则级外部来源核对并接入Python实现,用于临床决策支持、教学或质量评估；不能替代完整指南和临床判断,,v3深度补充,,Python实现采用预编码或预评分输入，未复刻受版权保护的完整问卷题干。
CALC-0562,肾脏AKI、透析充分性与结石,,RIFLE急性肾损伤分类,RIFLE急性肾损伤分类,RIFLE Criteria,baseline_creatinine_mg_dl; current_creatinine_mg_dl; urine_output_ml_kg_hr; urine_output_duration_hours; anuria_duration_hours,RIFLE Risk/Injury/Failure分类,按肌酐倍数/绝对升高和尿量持续时间取Risk、Injury、Failure中最严重分类。,从Risk到Failure严重度增加。,风险预测/预后评估,官方指南/专业协会,KDIGO AKI guideline / RIFLE criteria,https://kdigo.org/guidelines/,外部来源公式级核对并接入Python实现,A：官方/专业协会或原始评分体系来源,高：对应专科真实临床常用或指南推荐,已完成公式/规则级外部来源核对并接入Python实现,用于临床决策支持、教学或质量评估；不能替代完整指南和临床判断,,v3深度补充,,Python实现采用预编码或预评分输入，未复刻受版权保护的完整问卷题干。
CALC-0563,肾脏AKI、透析充分性与结石,,肾脏替代治疗启动风险提示,肾脏替代治疗启动风险提示,AKI Dialysis Risk Support,高钾；酸中毒；容量超负荷；尿毒症并发症；毒物；尿量,RRT适应证提示,AEIOU框架,用于提醒，不替代肾脏专科决策,风险预测/预后评估,官方指南/专业协会,KDIGO AKI guideline,https://kdigo.org/guidelines/,官方指南/专业协会/监管或分期体系,A：官方或专业协会来源,高：对应专科真实临床常用或指南推荐,指南级覆盖；适合做正式模块，但需锁定版本,真实临床使用；实现时需核对最新指南、适用人群和授权,,v3深度补充,,参考急性透析适应证框架
CALC-0564,肾脏AKI、透析充分性与结石,,标准化Kt/V透析充分性,标准化Kt/V透析充分性,Standard Kt/V,尿素清除率；透析时间；体液分布容积；频率,stdKt/V,Daugirdas或标准化模型,用于不同透析频率方案比较,临床评分/决策支持,官方指南/专业协会,KDOQI hemodialysis adequacy guideline,https://www.kidney.org/professionals/guidelines,官方指南/专业协会/监管或分期体系,A：官方或专业协会来源,高：对应专科真实临床常用或指南推荐,指南级覆盖；适合做正式模块，但需锁定版本,真实临床使用；实现时需核对最新指南、适用人群和授权,,v3深度补充,,参考透析充分性指标
CALC-0565,肾脏AKI、透析充分性与结石,,腹膜透析Kt/V,腹膜透析Kt/V,Peritoneal Dialysis Kt/V,serum_urea_mg_dl; dialysate_urea_mg_dl; dialysate_volume_l; urine_urea_mg_dl; urine_volume_l; urea_distribution_volume_l; collection_hours,总每周Kt/V、腹透Kt/V、残肾Kt/V,按收集时长折算至每周，合并透析液和尿液尿素清除/尿素分布容积。,用于腹膜透析充分性评估，需结合KDOQI/ISPD目标和临床状态。,临床评分/决策支持,透析充分性公式/专业指南,KDOQI dialysis adequacy,https://www.kidney.org/professionals/guidelines,外部来源公式级核对并接入Python实现,A：官方/专业协会或原始评分体系来源,高：对应专科真实临床常用或指南推荐,已完成公式/规则级外部来源核对并接入Python实现,用于临床决策支持、教学或质量评估；不能替代完整指南和临床判断,,v3深度补充,,Python实现返回总、腹透和残肾每周Kt/V。
CALC-0566,肾脏AKI、透析充分性与结石,,腹膜平衡试验分类,腹膜平衡试验分类,"Peritoneal Equilibration Test, PET",dialysate_plasma_creatinine_ratio_4h; dialysate_initial_glucose_ratio_4h,PET腹膜转运类型,按4小时透析液/血浆肌酐比分类为高、高平均、低平均、低转运。,用于腹膜透析处方和溶质转运评估。,临床评分/决策支持,腹膜透析功能分类/专业指南,International Society for Peritoneal Dialysis / PET,https://ispd.org/,外部来源公式级核对并接入Python实现,A：官方/专业协会或原始评分体系来源,高：对应专科真实临床常用或指南推荐,已完成公式/规则级外部来源核对并接入Python实现,用于临床决策支持、教学或质量评估；不能替代完整指南和临床判断,,v3深度补充,,Python实现采用4小时D/P肌酐阈值分类。
CALC-0567,肾脏AKI、透析充分性与结石,,24小时尿肌酐排泄估算,24小时尿肌酐排泄估算,24-hour Urine Creatinine Excretion Estimate,年龄；性别；体重；尿肌酐；尿量,收集完整性辅助,预测肌酐排泄与实测比较,偏离明显提示24小时尿收集可能不完整,临床评分/决策支持,医学计算器平台,Merck Manual clinical calculators,https://www.merckmanuals.com/professional/pages-with-widgets/clinical-calculators,外部来源公式级核对并接入Python实现,B：临床计算器平台收录，需回源核公式,中高：临床常见或教学/决策支持常用,已完成公式/规则级外部来源核对并接入Python实现,用于临床决策支持、教学或质量评估；不能替代完整指南和临床判断,,v3深度补充,,参考肾脏病实验室解释；Python实现采用预编码或预评分输入，未复刻受版权保护的完整问卷题干。
CALC-0568,肾脏AKI、透析充分性与结石,,Tiselius结石复发风险指数,Tiselius结石复发风险指数,Tiselius Stone Risk Index,尿钙；尿草酸；尿枸橼酸；尿量；尿酸等,结石形成风险,尿液过饱和风险模型,风险越高，复发风险越大,风险预测/预后评估,医学计算器平台,QxMD Calculate,https://qxmd.com/calculate/,医学计算器平台汇总,B：临床计算器平台收录，需回源核公式,中高：临床常见或教学/决策支持常用,平台级覆盖；适合候选清单，公式需逐项回源验证,多为真实使用的临床决策支持工具，但不能替代原始指南,,v3深度补充,,参考泌尿结石代谢评估
CALC-0569,肾脏AKI、透析充分性与结石,,Guy肾结石评分,Guy肾结石评分,Guy's Stone Score,结石数量；位置；解剖异常；鹿角形态,PCNL复杂度等级,公开表格中的GSS 1-4分级规则,等级越高，经皮肾镜复杂度越高,临床评分/决策支持,文献研究模型,Guy's Stone Score published table,https://europepmc.org/articles/PMC12004994,外部来源公式级核对并接入Python实现,C：可追溯外部来源，需确认版本、版权和适用人群,中高：临床常见或教学/决策支持常用,已按公开分级表接入Python实现,用于PCNL复杂度分层；不能替代泌尿外科手术决策,2024,v3深度补充,,参考公开分级表Table 1
CALC-0570,肾脏AKI、透析充分性与结石,,S.T.O.N.E.肾结石评分,S.T.O.N.E.肾结石评分,S.T.O.N.E. Nephrolithometry,结石大小；皮肤到结石距离；梗阻；肾盏数；密度,PCNL复杂度评分,5项加权,分数越高，手术复杂度越高,临床评分/决策支持,医学计算器平台,MDCalc calculator library,https://www.mdcalc.com/,外部来源公式级核对并接入Python实现,B：临床计算器平台收录，需回源核公式,中高：临床常见或教学/决策支持常用,已完成公式/规则级外部来源核对并接入Python实现,用于临床决策支持、教学或质量评估；不能替代完整指南和临床判断,,v3深度补充,,参考肾结石手术评分；Python实现采用预编码或预评分输入，未复刻受版权保护的完整问卷题干。
CALC-0571,肾脏AKI、透析充分性与结石,,R.E.N.A.L.肾肿瘤评分,R.E.N.A.L.肾肿瘤评分,R.E.N.A.L. Nephrometry Score,半径；外生/内生；距集合系统；前后位置；极线位置,肾肿瘤解剖复杂度,R.E.N.A.L.评分,分数越高，保肾手术复杂度越高,临床评分/决策支持,医学计算器平台,MDCalc calculator library,https://www.mdcalc.com/,外部来源公式级核对并接入Python实现,B：临床计算器平台收录，需回源核公式,中高：临床常见或教学/决策支持常用,已完成公式/规则级外部来源核对并接入Python实现,用于临床决策支持、教学或质量评估；不能替代完整指南和临床判断,,v3深度补充,,参考肾肿瘤影像评分；Python实现采用预编码或预评分输入，未复刻受版权保护的完整问卷题干。
CALC-0572,感染、HIV/TB与抗菌药管理,,VACS HIV死亡风险指数,VACS HIV死亡风险指数,"Veterans Aging Cohort Study Index, VACS Index",年龄；CD4；HIV RNA；血红蛋白；FIB-4；eGFR；HCV,全因死亡风险指数,VACS加权模型,分数越高，死亡风险越高,风险预测/预后评估,网络补充,VACS Index,https://vacs.med.yale.edu/,专业机构/量表官网/大学或研究工具,C：可追溯外部来源，需确认版本、版权和适用人群,中：专科、研究或随访场景常用，泛临床频率不一,可追溯来源覆盖；适合候选清单，实施前需逐项核原始公式,真实存在且可追溯；是否适合上线取决于授权、验证质量和本地化,,v3深度补充,,参考 [VACS Index](https://vacs.med.yale.edu/)
CALC-0573,感染、HIV/TB与抗菌药管理,,HIV暴露后PEP适应证辅助,HIV暴露后PEP适应证辅助,HIV Post-Exposure Prophylaxis Support,暴露类型；体液；源患者HIV状态；时间；黏膜/皮肤完整性,PEP风险和时效提示,暴露风险算法,通常72小时内评估，需按当地指南执行,风险预测/预后评估,官方指南/专业协会,CDC HIV PEP guidance,https://www.cdc.gov/hivnexus/hcp/pep/index.html,官方指南/专业协会/监管或分期体系,A：官方或专业协会来源,高：对应专科真实临床常用或指南推荐,指南级覆盖；适合做正式模块，但需锁定版本,真实临床使用；实现时需核对最新指南、适用人群和授权,,v3深度补充,,参考CDC/WHO PEP指南
CALC-0574,感染、HIV/TB与抗菌药管理,,HIV PrEP适应证筛查,HIV PrEP适应证筛查,HIV PrEP Eligibility Support,性行为风险；伴侣HIV状态；近期STI；注射毒品；肾功能；HBV,PrEP候选提示,指南阈值和禁忌检查,用于预防咨询，不替代感染科评估,临床评分/决策支持,官方指南/专业协会,CDC HIV PrEP guidance,https://www.cdc.gov/hivnexus/hcp/prep/index.html,官方指南/专业协会/监管或分期体系,A：官方或专业协会来源,高：对应专科真实临床常用或指南推荐,指南级覆盖；适合做正式模块，但需锁定版本,真实临床使用；实现时需核对最新指南、适用人群和授权,,v3深度补充,,参考CDC/WHO PrEP指南
CALC-0575,感染、HIV/TB与抗菌药管理,,Thwaites结核性脑膜炎评分,Thwaites结核性脑膜炎评分,Thwaites Diagnostic Score,年龄；病程；白细胞；脑脊液白细胞；中性粒比例,TBM与细菌性脑膜炎鉴别辅助,Thwaites模型,低分更支持结核性脑膜炎,临床评分/决策支持,医学计算器平台,MDCalc calculator library,https://www.mdcalc.com/,外部来源公式级核对并接入Python实现,B：临床计算器平台收录，需回源核公式,中高：临床常见或教学/决策支持常用,已完成公式/规则级外部来源核对并接入Python实现,用于临床决策支持、教学或质量评估；不能替代完整指南和临床判断,,v3深度补充,,参考TBM鉴别诊断研究；Python实现采用预编码或预评分输入，未复刻受版权保护的完整问卷题干。
CALC-0576,感染、HIV/TB与抗菌药管理,,结核感染TST解释,结核感染TST解释,Tuberculin Skin Test Interpretation,induration_mm; risk_threshold_mm,TST阴性/阳性解释,硬结毫米数与按风险组选择的5/10/15 mm阈值比较。,达到对应风险阈值为阳性；需结合暴露史、BCG、免疫状态和后续检测。,风险预测/预后评估,CDC检测解释规则,CDC Tuberculin Skin Test interpretation,https://www.cdc.gov/tb/hcp/testing-diagnosis/tuberculin-skin-test.html,外部来源公式级核对并接入Python实现,A：官方/专业协会或原始评分体系来源,高：对应专科真实临床常用或指南推荐,已完成公式/规则级外部来源核对并接入Python实现,用于临床决策支持、教学或质量评估；不能替代完整指南和临床判断,,v3深度补充,,Python实现采用预编码或预评分输入，未复刻受版权保护的完整问卷题干。
CALC-0577,感染、HIV/TB与抗菌药管理,,肺结核治疗失败风险提示,肺结核治疗失败风险提示,Tuberculosis Treatment Risk Support,HIV；空洞；涂片阳性；耐药风险；依从性；糖尿病；体重,失败/复发风险提示,风险因素清单,用于随访强度和耐药检测提醒,风险预测/预后评估,官方指南/专业协会,WHO tuberculosis guidelines,https://www.who.int/teams/global-tuberculosis-programme/guidelines,官方指南/专业协会/监管或分期体系,A：官方或专业协会来源,高：对应专科真实临床常用或指南推荐,指南级覆盖；适合做正式模块，但需锁定版本,真实临床使用；实现时需核对最新指南、适用人群和授权,,v3深度补充,,参考WHO/CDC TB管理框架
CALC-0578,感染、HIV/TB与抗菌药管理,,Clostridioides difficile严重度分级,Clostridioides difficile严重度分级,C. difficile Infection Severity,wbc_10e9_l; creatinine_mg_dl; hypotension_or_shock; ileus; megacolon,C. difficile感染非重症/重症/暴发性分级,按WBC、肌酐以及低血压/休克、肠梗阻、巨结肠判断IDSA/SHEA严重度。,暴发性特征优先；重症阈值提示更高风险和治疗升级。,临床评分/决策支持,IDSA/SHEA指南规则,IDSA/SHEA Clostridioides difficile infection guideline,https://www.idsociety.org/practice-guideline/clostridium-difficile/,外部来源公式级核对并接入Python实现,A：官方/专业协会或原始评分体系来源,高：对应专科真实临床常用或指南推荐,已完成公式/规则级外部来源核对并接入Python实现,用于临床决策支持、教学或质量评估；不能替代完整指南和临床判断,,v3深度补充,,Python实现采用预编码或预评分输入，未复刻受版权保护的完整问卷题干。
CALC-0579,感染、HIV/TB与抗菌药管理,,皮肤软组织感染坏死性筋膜炎风险,皮肤软组织感染坏死性筋膜炎风险,LRINEC Score,crp_mg_l; wbc_10e9_l; hemoglobin_g_dl; sodium_mEq_l; creatinine_mg_dl; glucose_mg_dl,LRINEC总分 0-13,CRP>=150加4；WBC 15-25加1、>25加2；Hb 11-13.5加1、<11加2；Na<135加2；Cr>1.6加2；Glucose>180加1。,<6低风险；6-7中等风险；>=8高风险。敏感性有限，不能排除坏死性筋膜炎。,风险预测/预后评估,医学计算器平台/原始评分体系,MDCalc LRINEC Score,https://www.mdcalc.com/calc/387/lrinec-score-necrotizing-soft-tissue-infection,医学计算器平台与原始评分文献核对,B：临床计算器平台收录并已核公式,中高：临床常见或教学/决策支持常用,已完成公式级外部来源核对并接入Python实现,用于临床决策支持、教学或质量评估；不能替代完整指南和临床判断,,外部来源验证,,用于辅助风险分层，不替代外科评估。
CALC-0580,感染、HIV/TB与抗菌药管理,,抗菌药肾功能剂量调整提示,抗菌药肾功能剂量调整提示,Renal Antimicrobial Dose Adjustment,药物；CrCl/eGFR；感染部位；透析方式；严重程度,剂量调整范围提示,肾功能分层和药物说明书,必须结合药师和本地指南,药物剂量/治疗监测,官方指南/专业协会,IDSA clinical practice guidelines,https://www.idsociety.org/practice-guideline/,官方指南/专业协会/监管或分期体系,A：官方或专业协会来源,高：对应专科真实临床常用或指南推荐,指南级覆盖；适合做正式模块，但需锁定版本,真实临床使用；实现时需核对最新指南、适用人群和授权,,v3深度补充,,参考抗菌药说明书和机构指南
CALC-0581,感染、HIV/TB与抗菌药管理,,氨基糖苷Hartford间隔列线图,氨基糖苷Hartford间隔列线图,Hartford Aminoglycoside Nomogram,药物；剂量；给药后随机浓度；采血时间；肾功能,延长间隔给药建议,Hartford nomogram,仅适用于特定给药策略和排除人群,药物剂量/治疗监测,医学计算器平台,QxMD Calculate,https://qxmd.com/calculate/,医学计算器平台汇总,B：临床计算器平台收录，需回源核公式,中高：临床常见或教学/决策支持常用,平台级覆盖；适合候选清单，公式需逐项回源验证,多为真实使用的临床决策支持工具，但不能替代原始指南,,v3深度补充,,参考TDM给药列线图
CALC-0582,感染、HIV/TB与抗菌药管理,,β内酰胺过敏风险分层,β内酰胺过敏风险分层,Beta-lactam Allergy Risk Stratification,反应类型；时间；严重皮肤反应；过敏性休克；耐受史,低/中/高风险,PEN-FAST或机构算法,低风险可考虑去标签流程,风险预测/预后评估,官方指南/专业协会,AAAAI drug allergy resources,https://www.aaaai.org/,官方指南/专业协会/监管或分期体系,A：官方或专业协会来源,高：对应专科真实临床常用或指南推荐,指南级覆盖；适合做正式模块，但需锁定版本,真实临床使用；实现时需核对最新指南、适用人群和授权,,v3深度补充,,参考抗菌药过敏评估工具
CALC-0583,感染、HIV/TB与抗菌药管理,,PEN-FAST青霉素过敏评分,PEN-FAST青霉素过敏评分,PEN-FAST Score,reaction_within_5_years; anaphylaxis_or_angioedema; severe_cutaneous_adverse_reaction; treatment_required,PEN-FAST总分 0-5,5年内反应2分；过敏性休克/血管性水肿或严重皮肤反应2分；需治疗1分。,<3通常为低风险；>=3非低风险/阳性过敏测试风险升高。,临床评分/决策支持,同行评议原始模型,Trubiano et al. PEN-FAST clinical decision rule,https://pmc.ncbi.nlm.nih.gov/articles/PMC7076536/,PMC开放全文原始模型,A：同行评议原始模型开放全文,中高：临床常见或教学/决策支持常用,已完成公式级外部来源核对并接入Python实现,用于临床决策支持、教学或质量评估；不能替代完整指南和临床判断,,外部来源验证,,Python实现采用二值化临床特征。
CALC-0584,急诊毒理、环境与高压氧医学,,水杨酸中毒严重度解释,水杨酸中毒严重度解释,Salicylate Toxicity Interpretation,血水杨酸浓度；摄入时间；pH；症状；肾功能,中毒严重度和处置提示,浓度、酸碱和症状综合解释,慢性中毒浓度可低但风险高,症状/功能量表,医学计算器平台,MDCalc calculator library,https://www.mdcalc.com/,医学计算器平台汇总,B：临床计算器平台收录，需回源核公式,中高：临床常见或教学/决策支持常用,平台级覆盖；适合候选清单，公式需逐项回源验证,多为真实使用的临床决策支持工具，但不能替代原始指南,,v3深度补充,,参考毒理学临床管理
CALC-0585,急诊毒理、环境与高压氧医学,,锂中毒EXTRIP透析建议,锂中毒EXTRIP透析建议,Lithium Poisoning EXTRIP Support,lithium_mmol_l; expected_time_to_lithium_below_1_mmol_l_hours; impaired_kidney_function; decreased_level_of_consciousness; seizure; life_threatening_dysrhythmia; significant_confusion,EXTRIP体外清除推荐/建议状态和触发条件,按EXTRIP锂中毒体外清除推荐和建议条件进行规则判断。,recommended或suggested提示需紧急毒物/肾脏专科评估体外清除。,诊断/分类辅助,毒理专业共识规则,EXTRIP workgroup lithium poisoning recommendations,https://www.extrip-workgroup.org/,外部来源公式级核对并接入Python实现,A：官方/专业协会或原始评分体系来源,中：专科、研究或随访场景常用，泛临床频率不一,已完成公式/规则级外部来源核对并接入Python实现,用于临床决策支持、教学或质量评估；不能替代完整指南和临床判断,,v3深度补充,,Python实现为EXTRIP关键推荐/建议条件的结构化规则。
CALC-0586,急诊毒理、环境与高压氧医学,,甲醇中毒体外清除建议,甲醇中毒体外清除建议,Methanol Poisoning EXTRIP Support,甲醇浓度；pH；视力症状；阴离子间隙；肾功能,透析/解毒治疗提示,EXTRIP和毒理阈值,严重酸中毒或视觉症状高危,临床评分/决策支持,网络补充,EXTRIP,https://www.extrip-workgroup.org/,专业机构/量表官网/大学或研究工具,C：可追溯外部来源，需确认版本、版权和适用人群,中：专科、研究或随访场景常用，泛临床频率不一,可追溯来源覆盖；适合候选清单，实施前需逐项核原始公式,真实存在且可追溯；是否适合上线取决于授权、验证质量和本地化,,v3深度补充,,参考 [EXTRIP](https://www.extrip-workgroup.org/)
CALC-0587,急诊毒理、环境与高压氧医学,,乙二醇中毒体外清除建议,乙二醇中毒体外清除建议,Ethylene Glycol Poisoning EXTRIP Support,乙二醇浓度；pH；肾损伤；阴离子间隙；临床状态,透析/解毒治疗提示,EXTRIP和毒理阈值,严重酸中毒或肾损伤提示高危,临床评分/决策支持,网络补充,EXTRIP,https://www.extrip-workgroup.org/,专业机构/量表官网/大学或研究工具,C：可追溯外部来源，需确认版本、版权和适用人群,中：专科、研究或随访场景常用，泛临床频率不一,可追溯来源覆盖；适合候选清单，实施前需逐项核原始公式,真实存在且可追溯；是否适合上线取决于授权、验证质量和本地化,,v3深度补充,,参考 [EXTRIP](https://www.extrip-workgroup.org/)
CALC-0588,急诊毒理、环境与高压氧医学,,一氧化碳中毒高压氧适应证,一氧化碳中毒高压氧适应证,Carbon Monoxide Hyperbaric Oxygen Support,COHb；意识丧失；神经症状；心肌缺血；妊娠；酸中毒,HBO评估提示,高危因素清单,有高危因素需高压氧中心评估,临床评分/决策支持,官方指南/专业协会,Undersea and Hyperbaric Medical Society,https://www.uhms.org/,官方指南/专业协会/监管或分期体系,A：官方或专业协会来源,高：对应专科真实临床常用或指南推荐,指南级覆盖；适合做正式模块，但需锁定版本,真实临床使用；实现时需核对最新指南、适用人群和授权,,v3深度补充,,参考高压氧医学指南
CALC-0589,急诊毒理、环境与高压氧医学,,高铁血红蛋白血症严重度,高铁血红蛋白血症严重度,Methemoglobinemia Severity,MetHb百分比；症状；贫血；心肺病；氧饱和度,严重度和亚甲蓝评估提示,浓度和症状分层,症状与基础病可改变处理阈值,症状/功能量表,医学计算器平台,Merck Manual clinical calculators,https://www.merckmanuals.com/professional/pages-with-widgets/clinical-calculators,医学计算器平台汇总,B：临床计算器平台收录，需回源核公式,中高：临床常见或教学/决策支持常用,平台级覆盖；适合候选清单，公式需逐项回源验证,多为真实使用的临床决策支持工具，但不能替代原始指南,,v3深度补充,,参考毒理学急诊管理
CALC-0590,急诊毒理、环境与高压氧医学,,有机磷中毒严重度,有机磷中毒严重度,Organophosphate Poisoning Severity,瞳孔；分泌物；支气管痉挛；肌束颤动；意识；胆碱酯酶,中毒严重度,临床严重度分层,重症需气道、阿托品和肟类评估,临床评分/决策支持,医学计算器平台,Merck Manual clinical calculators,https://www.merckmanuals.com/professional/pages-with-widgets/clinical-calculators,医学计算器平台汇总,B：临床计算器平台收录，需回源核公式,中高：临床常见或教学/决策支持常用,平台级覆盖；适合候选清单，公式需逐项回源验证,多为真实使用的临床决策支持工具，但不能替代原始指南,,v3深度补充,,参考毒理学管理框架
CALC-0591,急诊毒理、环境与高压氧医学,,蛇咬伤严重度评分,蛇咬伤严重度评分,Snakebite Severity Score,局部肿胀；凝血；出血；神经；心血管；胃肠；实验室,SSS总分,多系统加权评分,分数越高，中毒越重,临床评分/决策支持,医学计算器平台,QxMD Calculate,https://qxmd.com/calculate/,医学计算器平台汇总,B：临床计算器平台收录，需回源核公式,中高：临床常见或教学/决策支持常用,平台级覆盖；适合候选清单，公式需逐项回源验证,多为真实使用的临床决策支持工具，但不能替代原始指南,,v3深度补充,,参考蛇咬伤临床研究评分
CALC-0592,急诊毒理、环境与高压氧医学,,热射病严重度风险提示,热射病严重度风险提示,Heat Stroke Severity Support,核心体温；意识；凝血；肝肾功能；横纹肌溶解；乳酸,重症风险提示,器官损伤和温度综合评估,多器官损伤提示高危,风险预测/预后评估,官方指南/专业协会,CDC heat and health,https://www.cdc.gov/heat-health/,官方指南/专业协会/监管或分期体系,A：官方或专业协会来源,高：对应专科真实临床常用或指南推荐,指南级覆盖；适合做正式模块，但需锁定版本,真实临床使用；实现时需核对最新指南、适用人群和授权,,v3深度补充,,参考热射病救治共识
CALC-0593,急诊毒理、环境与高压氧医学,,低温症分期,低温症分期,Hypothermia Staging,mental_status; shivering; vital_signs_present,Swiss低温症临床分期,依据意识状态、寒战和生命体征存在与否映射低温症临床分期。,分期越高提示临床低温症越重；需结合核心温度和复温资源。,分期/分级,急诊低温症临床分期,Swiss hypothermia staging / accidental hypothermia review,https://www.acep.org/siteassets/uploads/uploaded-files/acep/continuing-education/moc-resource-center/llsa-articles/nejm-accidental-hypothermia.pdf,外部来源公式级核对并接入Python实现,A：官方/专业协会或原始评分体系来源,中高：临床常见或教学/决策支持常用,已完成公式/规则级外部来源核对并接入Python实现,用于临床决策支持、教学或质量评估；不能替代完整指南和临床判断,,v3深度补充,,Python实现采用预编码或预评分输入，未复刻受版权保护的完整问卷题干。
CALC-0594,急诊毒理、环境与高压氧医学,,潜水减压病严重度提示,潜水减压病严重度提示,Decompression Illness Severity Support,潜水深度时间；症状；神经体征；皮肤；肺部；休克,DCI风险和转运提示,症状分型和高危特征,神经或肺部症状需高压氧评估,风险预测/预后评估,官方指南/专业协会,Divers Alert Network,https://dan.org/,官方指南/专业协会/监管或分期体系,A：官方或专业协会来源,高：对应专科真实临床常用或指南推荐,指南级覆盖；适合做正式模块，但需锁定版本,真实临床使用；实现时需核对最新指南、适用人群和授权,,v3深度补充,,参考潜水医学管理
CALC-0595,急诊毒理、环境与高压氧医学,,辐射暴露淋巴细胞递减估算,辐射暴露淋巴细胞递减估算,Radiation Exposure Lymphocyte Depletion,暴露后时间；绝对淋巴细胞计数；症状,估计辐射剂量风险,淋巴细胞递减曲线,用于事故分诊辅助，需专业机构确认,药物剂量/治疗监测,官方指南/专业协会,CDC Radiation Emergencies,https://www.cdc.gov/radiation-emergencies/,官方指南/专业协会/监管或分期体系,A：官方或专业协会来源,高：对应专科真实临床常用或指南推荐,指南级覆盖；适合做正式模块，但需锁定版本,真实临床使用；实现时需核对最新指南、适用人群和授权,,v3深度补充,,参考放射应急医学
CALC-0596,内分泌、糖尿病足与骨代谢,,Burch-Wartofsky甲状腺危象评分,Burch-Wartofsky甲状腺危象评分,Burch-Wartofsky Point Scale,体温；中枢神经；胃肠肝；心率；心衰；房颤；诱因,甲状腺危象可能性,加权评分,>=45支持甲状腺危象，25-44提示迫近,临床评分/决策支持,医学计算器平台,MDCalc calculator library,https://www.mdcalc.com/,外部来源公式级核对并接入Python实现,B：临床计算器平台收录，需回源核公式,中高：临床常见或教学/决策支持常用,已完成公式/规则级外部来源核对并接入Python实现,用于临床决策支持、教学或质量评估；不能替代完整指南和临床判断,,v3深度补充,,参考甲状腺危象评分；Python实现采用预编码或预评分输入，未复刻受版权保护的完整问卷题干。
CALC-0597,内分泌、糖尿病足与骨代谢,,日本甲状腺危象诊断标准,日本甲状腺危象诊断标准,Japanese Thyroid Storm Criteria,甲亢证据；中枢神经；发热；心动过速；心衰；胃肠肝表现,确诊/疑似甲状腺危象,JTA标准,用于甲状腺危象分类辅助,诊断/分类辅助,官方指南/专业协会,Japan Thyroid Association,https://www.japanthyroid.jp/en/,官方指南/专业协会/监管或分期体系,A：官方或专业协会来源,高：对应专科真实临床常用或指南推荐,指南级覆盖；适合做正式模块，但需锁定版本,真实临床使用；实现时需核对最新指南、适用人群和授权,,v3深度补充,,参考日本甲状腺协会标准
CALC-0598,内分泌、糖尿病足与骨代谢,,DKA严重度分级,DKA严重度分级,Diabetic Ketoacidosis Severity,beta_hydroxybutyrate_mmol_l; ph; bicarbonate_mmol_l; mental_status,DKA severity category,"Classify diabetic ketoacidosis severity from beta-hydroxybutyrate, pH, bicarbonate, and mental status using the worst severity criterion.","Returns mild, moderate, or severe DKA; requires beta-hydroxybutyrate at least 3 mmol/L and clinical correlation.",诊断/分类辅助,国际共识/专业协会规则,Hyperglycemic crises consensus report DKA severity table,https://link.springer.com/article/10.1007/s00125-024-06183-8/tables/2,外部来源公式级核对并接入Python实现,A：官方/专业协会或国际共识来源,高：对应专科真实临床常用或指南推荐,已完成规则级外部来源核对并接入Python实现,用于临床决策支持、教学或质量评估；不能替代完整指南和临床判断,,v3深度补充,,Python实现采用编码输入，未复刻受版权保护的完整文本。
CALC-0599,内分泌、糖尿病足与骨代谢,,高渗高血糖状态严重度,高渗高血糖状态严重度,Hyperosmolar Hyperglycemic State Support,血糖；有效渗透压；酮体；pH；意识；脱水,HHS诊断和严重度提示,指南阈值解释,高渗和意识改变提示高危,诊断/分类辅助,官方指南/专业协会,American Diabetes Association Standards of Care,https://diabetesjournals.org/care/issue,官方指南/专业协会/监管或分期体系,A：官方或专业协会来源,高：对应专科真实临床常用或指南推荐,指南级覆盖；适合做正式模块，但需锁定版本,真实临床使用；实现时需核对最新指南、适用人群和授权,,v3深度补充,,参考糖尿病急症指南
CALC-0600,内分泌、糖尿病足与骨代谢,,糖尿病足Wagner分级,糖尿病足Wagner分级,Wagner Diabetic Foot Ulcer Classification,溃疡深度；脓肿/骨髓炎；坏疽范围,Wagner 0-5级,临床分级,等级越高，糖尿病足越重,临床评分/决策支持,医学计算器平台,MDCalc calculator library,https://www.mdcalc.com/,外部来源公式级核对并接入Python实现,B：临床计算器平台收录，需回源核公式,中高：临床常见或教学/决策支持常用,已完成公式/规则级外部来源核对并接入Python实现,用于临床决策支持、教学或质量评估；不能替代完整指南和临床判断,,v3深度补充,,参考糖尿病足常用分级；Python实现采用预编码或预评分输入，未复刻受版权保护的完整问卷题干。
CALC-0601,内分泌、糖尿病足与骨代谢,,德州大学糖尿病足分级,德州大学糖尿病足分级,University of Texas Diabetic Foot Classification,溃疡深度；感染；缺血,分级和分期,Grade 0-3 + Stage A-D,同时描述深度、感染和缺血,分期/分级,医学计算器平台,QxMD Calculate,https://qxmd.com/calculate/,外部来源公式级核对并接入Python实现,A：官方或专业协会来源,高：对应专科真实临床常用或指南推荐,已完成公式/规则级外部来源核对并接入Python实现,用于临床决策支持、教学或质量评估；不能替代完整指南和临床判断,,v3深度补充,,参考糖尿病足常用分级；Python实现采用预编码或预评分输入，未复刻受版权保护的完整问卷题干。
CALC-0602,内分泌、糖尿病足与骨代谢,,PEDIS糖尿病足分类,PEDIS糖尿病足分类,PEDIS Classification,灌注；范围；深度；感染；感觉,PEDIS各域等级,IWGDF PEDIS分类,用于糖尿病足标准化描述,临床评分/决策支持,网络补充,IWGDF guidelines,https://iwgdfguidelines.org/,官方指南/专业协会/监管或分期体系,A：官方或专业协会来源,高：对应专科真实临床常用或指南推荐,指南级覆盖；适合做正式模块，但需锁定版本,真实临床使用；实现时需核对最新指南、适用人群和授权,,v3深度补充,,参考 [IWGDF guidelines](https://iwgdfguidelines.org/)
CALC-0603,内分泌、糖尿病足与骨代谢,,骨质疏松T值解释,骨质疏松T值解释,Bone Mineral Density T-score Interpretation,t_score; fragility_fracture,骨密度T值分类,T值>=-1正常；-2.5<T<-1骨量减少；T<=-2.5骨质疏松；合并脆性骨折标记严重骨质疏松。,用于DXA T值解释，需结合年龄、部位和临床背景。,临床评分/决策支持,官方指南/专业协会,WHO/ISCD BMD T-score interpretation,https://iscd.org/learn/official-positions/,外部来源公式级核对并接入Python实现,A：官方/专业协会或原始评分体系来源,高：对应专科真实临床常用或指南推荐,已完成公式/规则级外部来源核对并接入Python实现,用于临床决策支持、教学或质量评估；不能替代完整指南和临床判断,,v3深度补充,,Python实现采用预编码或预评分输入，未复刻受版权保护的完整问卷题干。
CALC-0604,内分泌、糖尿病足与骨代谢,,继发性甲旁亢风险解释,继发性甲旁亢风险解释,Secondary Hyperparathyroidism Support,PTH；钙；磷；25-OH维生素D；eGFR,可能病因和严重度提示,实验室模式解释,需结合CKD分期和维生素D状态,风险预测/预后评估,官方指南/专业协会,KDIGO CKD-MBD guideline,https://kdigo.org/guidelines/,官方指南/专业协会/监管或分期体系,A：官方或专业协会来源,高：对应专科真实临床常用或指南推荐,指南级覆盖；适合做正式模块，但需锁定版本,真实临床使用；实现时需核对最新指南、适用人群和授权,,v3深度补充,,参考内分泌/肾脏病指南
CALC-0605,内分泌、糖尿病足与骨代谢,,低血糖意识障碍Clarke评分,低血糖意识障碍Clarke评分,Clarke Hypoglycemia Awareness Score,impaired_awareness_responses：Clarke问卷中提示感知受损的预编码响应数（0-8）,Clarke低血糖感知分类,预编码响应数0-8；>=4提示低血糖感知受损，3为边界,>=4提示低血糖感知受损；3为边界；0-2为感知正常范围,风险预测/预后评估,患者报告量表；预编码计分实现,Clarke hypoglycemia awareness score references,https://pmc.ncbi.nlm.nih.gov/articles/PMC7336879/,同行评议文献/公开计分说明,B：公开量表计分/专科常用筛查工具,中高：临床常见或教学/决策支持常用,已实现预编码受损响应计数和>=4界值；不包含问卷正文,用于糖尿病低血糖感知障碍筛查；需结合低血糖史和治疗方案调整,,v3深度补充,,permission-safe prescored response-count implementation
CALC-0606,内分泌、糖尿病足与骨代谢,,Gold低血糖感知评分,Gold低血糖感知评分,Gold Score,对低血糖识别能力1-7自评,低血糖感知状态,单项评分,>=4常提示感知受损,临床评分/决策支持,医学计算器平台,QxMD Calculate,https://qxmd.com/calculate/,官方指南/专业协会/监管或分期体系,A：官方或专业协会来源,高：对应专科真实临床常用或指南推荐,指南级覆盖；适合做正式模块，但需锁定版本,真实临床使用；实现时需核对最新指南、适用人群和授权,,v3深度补充,,参考糖尿病低血糖评估
CALC-0607,内分泌、糖尿病足与骨代谢,,胰岛素敏感因子估算,胰岛素敏感因子估算,Insulin Sensitivity Factor Estimate,total_daily_insulin_units; insulin_type,estimated glucose drop per 1 unit insulin,Rapid-acting insulin sensitivity factor = 1800 / total daily insulin units; regular insulin = 1500 / total daily insulin units.,Educational estimate of mg/dL glucose lowering per unit; individual response and safety checks are required.,药物剂量/治疗监测,糖尿病教育资料/常用胰岛素规则,Insulin therapy 1800 and 1500 rules,https://diabetesed.net/wp-content/uploads/2023/11/Insulin-Therapy-2023-Slide-Handouts.pdf,外部来源公式级核对并接入Python实现,B：可靠医学教育资料并已核公式,中高：临床常见或教学/决策支持常用,已完成公式级外部来源核对并接入Python实现,用于教育估算和剂量复核；不能替代个体化胰岛素调整和低血糖风险评估,,v3深度补充,,默认rapid_acting采用1800规则；regular采用1500规则。
CALC-0608,神经肌病、癫痫、多发性硬化与睡眠,,改良疲劳影响量表,改良疲劳影响量表,"Modified Fatigue Impact Scale, MFIS",认知、躯体、心理社会疲劳条目,MFIS总分和分域,问卷计分,分数越高，疲劳影响越重,症状/功能量表,临床量表/患者报告结局工具,Modified Fatigue Impact Scale,https://www.nationalmssociety.org/,临床量表/患者报告结局工具,C：标准量表或PRO工具，需确认版权和版本,中：专科门诊、研究或随访常用,量表型覆盖；适合症状评估和随访,真实使用，但部分量表有授权、翻译版本和计分版权限制,,v3深度补充,,参考多发性硬化疲劳评估
CALC-0609,神经肌病、癫痫、多发性硬化与睡眠,,扩展残疾状态量表,扩展残疾状态量表,"Expanded Disability Status Scale, EDSS",神经功能系统评分；步行能力,EDSS 0-10,Kurtzke EDSS,分数越高，MS残疾越重,症状/功能量表,临床量表/患者报告结局工具,Neurostatus EDSS,https://www.neurostatus.net/,外部来源公式级核对并接入Python实现,C：可追溯外部来源，需确认版本、版权和适用人群,中：专科、研究或随访场景常用，泛临床频率不一,已完成公式/规则级外部来源核对并接入Python实现,用于临床决策支持、教学或质量评估；不能替代完整指南和临床判断,,v3深度补充,,参考多发性硬化通用量表；Python实现采用预编码或预评分输入，未复刻受版权保护的完整问卷题干。
CALC-0610,神经肌病、癫痫、多发性硬化与睡眠,,多发性硬化功能复合评分,多发性硬化功能复合评分,"Multiple Sclerosis Functional Composite, MSFC",25英尺步行；9孔插板；PASAT或认知测试,MSFC Z分,三项标准化组合,用于MS功能随访和研究,症状/功能量表,临床量表/患者报告结局工具,National Multiple Sclerosis Society,https://www.nationalmssociety.org/,外部来源公式级核对并接入Python实现,C：标准量表或PRO工具，需确认版权和版本,中：专科门诊、研究或随访常用,已完成公式/规则级外部来源核对并接入Python实现,用于临床决策支持、教学或质量评估；不能替代完整指南和临床判断,,v3深度补充,,参考MS临床试验工具；Python实现采用预编码或预评分输入，未复刻受版权保护的完整问卷题干。
CALC-0611,神经肌病、癫痫、多发性硬化与睡眠,,ALS功能评定修订量表,ALS功能评定修订量表,"ALS Functional Rating Scale-Revised, ALSFRS-R",球部、精细运动、粗大运动、呼吸12项,ALSFRS-R 0-48,12题0-4分加总,分数越低，功能受损越重,症状/功能量表,临床量表/患者报告结局工具,ALSFRS-R,https://www.als.org/,外部来源公式级核对并接入Python实现,C：标准量表或PRO工具，需确认版权和版本,中：专科门诊、研究或随访常用,已完成公式/规则级外部来源核对并接入Python实现,用于临床决策支持、教学或质量评估；不能替代完整指南和临床判断,,v3深度补充,,参考ALS临床试验常用量表；Python实现采用预编码或预评分输入，未复刻受版权保护的完整问卷题干。
CALC-0612,神经肌病、癫痫、多发性硬化与睡眠,,重症肌无力日常活动评分,重症肌无力日常活动评分,"Myasthenia Gravis Activities of Daily Living, MG-ADL",说话；咀嚼；吞咽；呼吸；刷牙梳头；起立；复视；眼睑下垂,MG-ADL 0-24,8项0-3分加总,分数越高，MG症状越重,临床评分/决策支持,临床量表/患者报告结局工具,Myasthenia Gravis Foundation of America,https://myasthenia.org/,外部来源公式级核对并接入Python实现,C：标准量表或PRO工具，需确认版权和版本,中：专科门诊、研究或随访常用,已完成公式/规则级外部来源核对并接入Python实现,用于临床决策支持、教学或质量评估；不能替代完整指南和临床判断,,v3深度补充,,参考MG临床评估工具；Python实现采用预编码或预评分输入，未复刻受版权保护的完整问卷题干。
CALC-0613,神经肌病、癫痫、多发性硬化与睡眠,,重症肌无力量化评分,重症肌无力量化评分,"Quantitative Myasthenia Gravis Score, QMG",眼、球、肢体、呼吸等定量项目,QMG总分,13项定量评分,分数越高，疾病越重,临床评分/决策支持,临床量表/患者报告结局工具,Myasthenia Gravis Foundation of America,https://myasthenia.org/,外部来源公式级核对并接入Python实现,C：标准量表或PRO工具，需确认版权和版本,中：专科门诊、研究或随访常用,已完成公式/规则级外部来源核对并接入Python实现,用于临床决策支持、教学或质量评估；不能替代完整指南和临床判断,,v3深度补充,,参考MG研究评分；Python实现采用预编码或预评分输入，未复刻受版权保护的完整问卷题干。
CALC-0614,神经肌病、癫痫、多发性硬化与睡眠,,UPDRS帕金森病评分,UPDRS帕金森病评分,"Unified Parkinson's Disease Rating Scale, UPDRS",非运动、日常活动、运动检查、并发症,UPDRS或MDS-UPDRS分数,多部分评分,分数越高，帕金森病负担越重,临床评分/决策支持,临床量表/患者报告结局工具,MDS-UPDRS,https://www.movementdisorders.org/MDS/MDS-Rating-Scales/MDS-Unified-Parkinsons-Disease-Rating-Scale-MDS-UPDRS.htm,外部来源公式级核对并接入Python实现,A：官方或专业协会来源,高：对应专科真实临床常用或指南推荐,已完成公式/规则级外部来源核对并接入Python实现,用于临床决策支持、教学或质量评估；不能替代完整指南和临床判断,,v3深度补充,,参考MDS-UPDRS；Python实现采用预编码或预评分输入，未复刻受版权保护的完整问卷题干。
CALC-0615,神经肌病、癫痫、多发性硬化与睡眠,,Hoehn-Yahr帕金森分期,Hoehn-Yahr帕金森分期,Hoehn and Yahr Scale,单侧/双侧症状；姿势不稳；独立行走能力,H-Y 1-5期,临床分期,分期越高，疾病越进展,分期/分级,医学计算器平台,QxMD Calculate,https://qxmd.com/calculate/,外部来源公式级核对并接入Python实现,B：临床计算器平台收录，需回源核公式,中高：临床常见或教学/决策支持常用,已完成公式/规则级外部来源核对并接入Python实现,用于临床决策支持、教学或质量评估；不能替代完整指南和临床判断,,v3深度补充,,参考帕金森病通用分期；Python实现采用预编码或预评分输入，未复刻受版权保护的完整问卷题干。
CALC-0616,神经肌病、癫痫、多发性硬化与睡眠,,SUDEP-7癫痫猝死风险,SUDEP-7癫痫猝死风险,SUDEP-7 Inventory,"tonic_clonic_seizures_last_year; seizures_any_type_last_year; more_than_50_seizures_per_month; duration_epilepsy_years; concurrent_antiseizure_medications; developmental_disability_or_iq_below_70",SUDEP-7 v2.0总分0-10,"强直-阵挛发作0/1/2分；任意发作频率0/1/2分且高频规则优先；病程>30年3分；同时使用≥3种抗发作药1分；发育障碍或IQ<70为2分。",仅报告风险因素清单总分；不得转换为个体SUDEP概率或替代癫痫控制评估与沟通。,风险预测/预后评估,开放获取研究,Novak et al. SUDEP-7 Inventory v2.0,https://pmc.ncbi.nlm.nih.gov/articles/PMC4673971/,公开论文完整权重表与病例核对并接入Python实现,A：开放获取评分研究,中高：癫痫SUDEP风险因素沟通,已完成互斥规则、严格边界和病例测试,用于结构化风险因素回顾；不能替代神经科评估、发作控制或SUDEP知情沟通。,2015 / v2.0,v3深度补充,,论文未提供可安全用于个体预测的分数概率映射。
CALC-0617,神经肌病、癫痫、多发性硬化与睡眠,,Liverpool癫痫发作严重度量表,Liverpool癫痫发作严重度量表,Liverpool Seizure Severity Scale,发作期间和发作后症状影响,发作严重度评分,问卷计分,分数越高，发作影响越大,症状/功能量表,医学计算器平台,QxMD Calculate,https://qxmd.com/calculate/,医学计算器平台汇总,B：临床计算器平台收录，需回源核公式,中高：临床常见或教学/决策支持常用,平台级覆盖；适合候选清单，公式需逐项回源验证,多为真实使用的临床决策支持工具，但不能替代原始指南,,v3深度补充,,参考癫痫结局量表
CALC-0618,神经肌病、癫痫、多发性硬化与睡眠,,失眠严重度指数,失眠严重度指数,"Insomnia Severity Index, ISI",入睡、维持、早醒、满意度、影响、担忧等7项,ISI 0-28,7题0-4分,0-7无；8-14亚阈值；15-21中；22-28重,公式计算/生理指标,医学计算器平台,QxMD Calculate,https://qxmd.com/calculate/,外部来源公式级核对并接入Python实现,B：临床计算器平台收录，需回源核公式,中高：临床常见或教学/决策支持常用,已完成公式/规则级外部来源核对并接入Python实现,用于临床决策支持、教学或质量评估；不能替代完整指南和临床判断,,v3深度补充,,参考睡眠医学常用量表；Python实现采用预编码或预评分输入，未复刻受版权保护的完整问卷题干。
CALC-0619,神经肌病、癫痫、多发性硬化与睡眠,,柏林睡眠呼吸暂停问卷,柏林睡眠呼吸暂停问卷,Berlin Questionnaire,category_1_positive；category_2_positive；category_3_positive：Berlin问卷三个类别预评分阳性标记,Berlin睡眠呼吸暂停风险分类,三个预评分类别中>=2个阳性为高风险,高风险提示阻塞性睡眠呼吸暂停风险增加，需结合临床和睡眠检查,风险预测/预后评估,患者报告筛查量表；预评分分类实现,Berlin Questionnaire scoring category rule,https://pmc.ncbi.nlm.nih.gov/articles/PMC5337590/,同行评议文献/公开计分说明,B：公开量表计分/临床常用筛查工具,中高：临床常见或教学/决策支持常用,已实现三个类别预评分阳性计数和高风险分类；不包含问卷正文,用于OSA风险筛查；不能替代多导睡眠监测或临床诊断,,v3深度补充,,permission-safe prescored category implementation
CALC-0620,妇科肿瘤、生殖内分泌与盆底,,卵巢恶性肿瘤风险指数,卵巢恶性肿瘤风险指数,"Risk of Malignancy Index, RMI",CA-125；超声特征；绝经状态,RMI分值,U * M * CA125,高分提示附件包块恶性风险增加,风险预测/预后评估,医学计算器平台,MDCalc calculator library,https://www.mdcalc.com/,医学计算器平台汇总,B：临床计算器平台收录，需回源核公式,中高：临床常见或教学/决策支持常用,平台级覆盖；适合候选清单，公式需逐项回源验证,多为真实使用的临床决策支持工具，但不能替代原始指南,,v3深度补充,,参考妇科肿瘤术前评估
CALC-0621,妇科肿瘤、生殖内分泌与盆底,,IOTA简单规则,IOTA简单规则,IOTA Simple Rules,良性和恶性超声特征,良性/恶性/不确定,IOTA B和M特征规则,用于附件肿块超声风险分层,临床评分/决策支持,网络补充,IOTA group,https://www.iotagroup.org/,外部来源公式级核对并接入Python实现,C：可追溯外部来源，需确认版本、版权和适用人群,中：专科、研究或随访场景常用，泛临床频率不一,已完成公式/规则级外部来源核对并接入Python实现,用于临床决策支持、教学或质量评估；不能替代完整指南和临床判断,,v3深度补充,,参考 [IOTA group](https://www.iotagroup.org/)；Python实现采用预编码或预评分输入，未复刻受版权保护的完整问卷题干。
CALC-0622,妇科肿瘤、生殖内分泌与盆底,,ADNEX附件肿瘤模型,ADNEX附件肿瘤模型,IOTA ADNEX Model,年龄；CA-125；肿瘤最大径；实性部分；乳头状突起；声影；腹水；中心类型,良恶性及亚型概率,ADNEX多变量模型,输出不同附件肿瘤类型概率,临床评分/决策支持,网络补充,IOTA ADNEX,https://www.iotagroup.org/,专业机构/量表官网/大学或研究工具,C：可追溯外部来源，需确认版本、版权和适用人群,中：专科、研究或随访场景常用，泛临床频率不一,可追溯来源覆盖；适合候选清单，实施前需逐项核原始公式,真实存在且可追溯；是否适合上线取决于授权、验证质量和本地化,,v3深度补充,,参考 [IOTA ADNEX](https://www.iotagroup.org/)
CALC-0623,妇科肿瘤、生殖内分泌与盆底,,ROMA卵巢癌风险算法,ROMA卵巢癌风险算法,Risk of Ovarian Malignancy Algorithm,CA-125；HE4；绝经状态,上皮性卵巢癌风险,ROMA公式,高风险提示需妇瘤评估,风险预测/预后评估,研究模型,HE4Test ROMA,https://www.he4test.com/,外部来源公式级核对并接入Python实现,C：可追溯外部来源，需确认版本、版权和适用人群,中：专科、研究或随访场景常用，泛临床频率不一,已完成公式/规则级外部来源核对并接入Python实现,用于临床决策支持、教学或质量评估；不能替代完整指南和临床判断,,v3深度补充,,参考卵巢癌生物标志物算法；Python实现采用预编码或预评分输入，未复刻受版权保护的完整问卷题干。
CALC-0624,妇科肿瘤、生殖内分泌与盆底,,FIGO宫颈癌分期,FIGO宫颈癌分期,FIGO Cervical Cancer Staging,肿瘤大小；阴道/宫旁受累；淋巴结；远处转移；影像病理,FIGO分期,FIGO分期规则,分期越高，疾病越进展,分期/分级,网络补充,FIGO staging,https://www.figo.org/,官方指南/专业协会/监管或分期体系,A：官方或专业协会来源,高：对应专科真实临床常用或指南推荐,指南级覆盖；适合做正式模块，但需锁定版本,真实临床使用；实现时需核对最新指南、适用人群和授权,,v3深度补充,,参考 [FIGO staging](https://www.figo.org/)
CALC-0625,妇科肿瘤、生殖内分泌与盆底,,FIGO子宫内膜癌分期,FIGO子宫内膜癌分期,FIGO Endometrial Cancer Staging,肌层浸润；宫颈间质；浆膜附件；阴道宫旁；淋巴结；远处转移,FIGO分期,FIGO分期规则,用于治疗和预后分层,分期/分级,网络补充,FIGO,https://www.figo.org/,官方指南/专业协会/监管或分期体系,A：官方或专业协会来源,高：对应专科真实临床常用或指南推荐,指南级覆盖；适合做正式模块，但需锁定版本,真实临床使用；实现时需核对最新指南、适用人群和授权,,v3深度补充,,参考 [FIGO](https://www.figo.org/)
CALC-0626,妇科肿瘤、生殖内分泌与盆底,,FIGO卵巢输卵管腹膜癌分期,FIGO卵巢输卵管腹膜癌分期,FIGO Ovarian/Fallopian/Peritoneal Cancer Staging,肿瘤部位；盆腔/腹腔扩散；淋巴结；远处转移,FIGO分期,FIGO分期规则,分期越高，预后通常越差,分期/分级,网络补充,FIGO,https://www.figo.org/,官方指南/专业协会/监管或分期体系,A：官方或专业协会来源,高：对应专科真实临床常用或指南推荐,指南级覆盖；适合做正式模块，但需锁定版本,真实临床使用；实现时需核对最新指南、适用人群和授权,,v3深度补充,,参考 [FIGO](https://www.figo.org/)
CALC-0627,妇科肿瘤、生殖内分泌与盆底,,Rotterdam多囊卵巢综合征判定,Rotterdam多囊卵巢综合征判定,Rotterdam PCOS Criteria,排卵稀发/无排卵；高雄激素；多囊卵巢形态；排除其他病因,是否符合PCOS,三项中满足两项,需排除其他高雄激素或排卵异常病因,诊断/分类辅助,官方指南/专业协会,ASRM Rotterdam PCOS criteria,https://www.asrm.org/practice-guidance/practice-committee-documents/,外部来源公式级核对并接入Python实现,A：官方或专业协会来源,高：对应专科真实临床常用或指南推荐,已完成公式/规则级外部来源核对并接入Python实现,用于临床决策支持、教学或质量评估；不能替代完整指南和临床判断,,v3深度补充,,参考PCOS诊断标准；Python实现采用预编码或预评分输入，未复刻受版权保护的完整问卷题干。
CALC-0628,妇科肿瘤、生殖内分泌与盆底,,多毛症Ferriman-Gallwey评分,多毛症Ferriman-Gallwey评分,Modified Ferriman-Gallwey Score,9个雄激素敏感部位毛发生长程度,多毛评分,每部位0-4分加总,阈值依种族人群不同,临床评分/决策支持,医学计算器平台,QxMD Calculate,https://qxmd.com/calculate/,外部来源公式级核对并接入Python实现,B：临床计算器平台收录，需回源核公式,中高：临床常见或教学/决策支持常用,已完成公式/规则级外部来源核对并接入Python实现,用于临床决策支持、教学或质量评估；不能替代完整指南和临床判断,,v3深度补充,,参考高雄激素评估；Python实现采用预编码或预评分输入，未复刻受版权保护的完整问卷题干。
CALC-0629,妇科肿瘤、生殖内分泌与盆底,,盆腔器官脱垂POP-Q分期,盆腔器官脱垂POP-Q分期,Pelvic Organ Prolapse Quantification,Aa、Ba、C、D、Ap、Bp、GH、PB、TVL,POP-Q分期,ICS POP-Q测量系统,0-IV期描述脱垂程度,分期/分级,官方指南/专业协会,AUGS POP-Q Tool,https://www.augs.org/clinical-practice/archived-clinical-tools/pop-q-tool/,外部来源公式级核对并接入Python实现,A：官方或专业协会来源,高：对应专科真实临床常用或指南推荐,已完成公式/规则级外部来源核对并接入Python实现,用于临床决策支持、教学或质量评估；不能替代完整指南和临床判断,,v3深度补充,,参考盆底医学标准；Python实现采用预编码或预评分输入，未复刻受版权保护的完整问卷题干。
CALC-0630,妇科肿瘤、生殖内分泌与盆底,,尿失禁影响问卷简版,尿失禁影响问卷简版,"Incontinence Impact Questionnaire-7, IIQ-7",7项尿失禁生活影响,IIQ-7分数,问卷换算,分数越高，生活影响越大,症状/功能量表,临床量表/患者报告结局工具,IIQ-7,https://eprovide.mapi-trust.org/,专业机构/量表官网/大学或研究工具,C：可追溯外部来源，需确认版本、版权和适用人群,中：专科、研究或随访场景常用，泛临床频率不一,可追溯来源覆盖；适合候选清单，实施前需逐项核原始公式,真实存在且可追溯；是否适合上线取决于授权、验证质量和本地化,,v3深度补充,,参考盆底功能评估
CALC-0631,妇科肿瘤、生殖内分泌与盆底,,盆底困扰量表简版,盆底困扰量表简版,"Pelvic Floor Distress Inventory-20, PFDI-20",盆腔脱垂、结直肠肛门、泌尿困扰条目,PFDI-20总分,三个分域换算求和,分数越高，盆底症状困扰越重,症状/功能量表,临床量表/患者报告结局工具,PFDI-20,https://eprovide.mapi-trust.org/,专业机构/量表官网/大学或研究工具,C：可追溯外部来源，需确认版本、版权和适用人群,中：专科、研究或随访场景常用，泛临床频率不一,可追溯来源覆盖；适合候选清单，实施前需逐项核原始公式,真实存在且可追溯；是否适合上线取决于授权、验证质量和本地化,,v3深度补充,,参考盆底疾病PRO量表
CALC-0632,男科、泌尿肿瘤与下尿路功能,,SHIM勃起功能简表,SHIM勃起功能简表,"Sexual Health Inventory for Men, SHIM",5项勃起信心、硬度、维持和满意度,SHIM 1-25,IIEF-5变体,分数越低，ED越重,症状/功能量表,临床量表/患者报告结局工具,Sexual Health Inventory for Men,https://www.auanet.org/,临床量表/患者报告结局工具,C：标准量表或PRO工具，需确认版权和版本,中：专科门诊、研究或随访常用,量表型覆盖；适合症状评估和随访,真实使用，但部分量表有授权、翻译版本和计分版权限制,,v3深度补充,,参考男科常用量表
CALC-0633,男科、泌尿肿瘤与下尿路功能,,NIH慢性前列腺炎症状指数,NIH慢性前列腺炎症状指数,"NIH Chronic Prostatitis Symptom Index, NIH-CPSI",疼痛；排尿；生活质量,NIH-CPSI总分和分域,9题分域评分,分数越高，症状越重,症状/功能量表,官方指南/专业协会,NIH-CPSI,https://www.niddk.nih.gov/,官方指南/专业协会/监管或分期体系,A：官方或专业协会来源,高：对应专科真实临床常用或指南推荐,指南级覆盖；适合做正式模块，但需锁定版本,真实临床使用；实现时需核对最新指南、适用人群和授权,,v3深度补充,,参考慢性前列腺炎评估
CALC-0634,男科、泌尿肿瘤与下尿路功能,,OABSS膀胱过度活动症评分,OABSS膀胱过度活动症评分,Overactive Bladder Symptom Score,daytime_frequency 0-2；nighttime_frequency 0-3；urgency 0-5；urgency_incontinence 0-5,OABSS总分、严重度和OAB诊断支持标记,4项预编码分相加，总分0-15；urgency>=2且总分>=3支持OAB；0-5轻度、6-11中度、12-15重度,分数越高OAB症状越重；诊断支持需满足尿急和总分阈值,临床评分/决策支持,症状量表；预编码计分实现,Overactive Bladder Symptom Score references,https://pmc.ncbi.nlm.nih.gov/articles/PMC6059913/,同行评议文献/公开计分说明,B：公开量表计分/泌尿专科常用工具,中高：临床常见或教学/决策支持常用,已实现4项预编码求和、OAB支持阈值和严重度分层；不包含问卷正文,用于OAB症状评估和随访；需排除感染、结石等其他病因,,v3深度补充,,permission-safe coded component implementation
CALC-0635,男科、泌尿肿瘤与下尿路功能,,IPSS生活质量单项,IPSS生活质量单项,IPSS Quality of Life Item,对当前排尿状况的生活质量满意度,QoL 0-6,IPSS第8题,分数越高，困扰越重,症状/功能量表,官方指南/专业协会,International Prostate Symptom Score,https://www.uroweb.org/guidelines/,官方指南/专业协会/监管或分期体系,A：官方或专业协会来源,高：对应专科真实临床常用或指南推荐,指南级覆盖；适合做正式模块，但需锁定版本,真实临床使用；实现时需核对最新指南、适用人群和授权,,v3深度补充,,可作为前列腺症状评分补充
CALC-0636,男科、泌尿肿瘤与下尿路功能,,前列腺癌D'Amico风险分层,前列腺癌D'Amico风险分层,D'Amico Prostate Cancer Risk Classification,PSA；Gleason/Grade Group；临床T分期,低/中/高风险,D'Amico规则,用于局限性前列腺癌治疗风险分层,风险预测/预后评估,医学计算器平台,MDCalc calculator library,https://www.mdcalc.com/,外部来源公式级核对并接入Python实现,B：临床计算器平台收录，需回源核公式,中高：临床常见或教学/决策支持常用,已完成公式/规则级外部来源核对并接入Python实现,用于临床决策支持、教学或质量评估；不能替代完整指南和临床判断,,v3深度补充,,参考前列腺癌临床分层；Python实现采用预编码或预评分输入，未复刻受版权保护的完整问卷题干。
CALC-0637,男科、泌尿肿瘤与下尿路功能,,前列腺癌NCCN风险分层,前列腺癌NCCN风险分层,NCCN Prostate Cancer Risk Group,PSA；Grade Group；T分期；阳性针数；影像等,很低至很高风险,NCCN风险组,治疗策略需按指南版本,风险预测/预后评估,网络补充,NCCN guidelines,https://www.nccn.org/,官方指南/专业协会/监管或分期体系,A：官方或专业协会来源,高：肿瘤专科分期/路径常用,肿瘤分期覆盖；需按癌种和版本维护,真实临床使用；实现时需核对最新指南、适用人群和授权,,v3深度补充,,参考 [NCCN guidelines](https://www.nccn.org/)
CALC-0638,男科、泌尿肿瘤与下尿路功能,,Partin前列腺癌病理分期表,Partin前列腺癌病理分期表,Partin Tables,PSA；临床分期；Gleason/Grade Group,器官局限、包膜外、精囊、淋巴结概率,Partin列线图,用于根治术前病理范围估计,分期/分级,研究模型,Johns Hopkins Partin Tables,https://urology.jhu.edu/prostate/partintables.php,文献研究模型/预测模型,C：研究验证模型，需确认外部验证和适用人群,中：专病或研究场景常用，泛临床频率不一,专病模型覆盖；上线前需评估校准和本地化,真实存在且可能使用；是否适合临床产品取决于验证质量,,v3深度补充,,参考Johns Hopkins Partin Tables
CALC-0639,男科、泌尿肿瘤与下尿路功能,,Briganti淋巴结侵犯风险,Briganti淋巴结侵犯风险,Briganti Nomogram,PSA；临床T；Grade Group；阳性针比例等,盆腔淋巴结侵犯概率,Briganti列线图,高风险可影响淋巴结清扫决策,风险预测/预后评估,医学计算器平台,QxMD Calculate,https://qxmd.com/calculate/,医学计算器平台汇总,B：临床计算器平台收录，需回源核公式,中高：临床常见或教学/决策支持常用,平台级覆盖；适合候选清单，公式需逐项回源验证,多为真实使用的临床决策支持工具，但不能替代原始指南,,v3深度补充,,参考前列腺癌术前列线图
CALC-0640,男科、泌尿肿瘤与下尿路功能,,RENAL之外PADUA肾肿瘤评分,RENAL之外PADUA肾肿瘤评分,PADUA Nephrometry Score,肿瘤位置、大小、集合系统关系、肾窦、极线等,PADUA复杂度,PADUA评分,分数越高，部分肾切复杂度越高,临床评分/决策支持,医学计算器平台,QxMD Calculate,https://qxmd.com/calculate/,外部来源公式级核对并接入Python实现,B：临床计算器平台收录，需回源核公式,中高：临床常见或教学/决策支持常用,已完成公式/规则级外部来源核对并接入Python实现,用于临床决策支持、教学或质量评估；不能替代完整指南和临床判断,,v3深度补充,,参考肾肿瘤手术评分；Python实现采用预编码或预评分输入，未复刻受版权保护的完整问卷题干。
CALC-0641,男科、泌尿肿瘤与下尿路功能,,睾丸肿瘤IGCCCG风险分层,睾丸肿瘤IGCCCG风险分层,IGCCCG Germ Cell Tumor Risk Classification,组织类型；原发部位；转移部位；AFP；hCG；LDH,良好/中等/不良风险,IGCCCG分类,用于转移性生殖细胞肿瘤预后分层,风险预测/预后评估,官方指南/专业协会,International Germ Cell Cancer Collaborative Group,https://www.igcccg.org/,官方指南/专业协会/监管或分期体系,A：官方或专业协会来源,高：对应专科真实临床常用或指南推荐,指南级覆盖；适合做正式模块，但需锁定版本,真实临床使用；实现时需核对最新指南、适用人群和授权,,v3深度补充,,参考IGCCCG标准
CALC-0642,男科、泌尿肿瘤与下尿路功能,,Ta/T1非肌层浸润膀胱癌,膀胱癌EORTC复发进展风险,EORTC NMIBC Risk Calculator,肿瘤数目；最大肿瘤是否达到3cm；既往复发频率；Ta或T1；伴随CIS；WHO 1973 G1至G3分级,复发与进展评分及1年和5年风险百分比,EORTC 2006六因素复发0至17分和进展0至23分风险表,主要适用于未接受BCG的Ta/T1 NMIBC；原队列风险可能高估当前临床实践,风险预测/预后评估,EORTC原始风险表及EAU指南,EORTC 2006 risk tables for Ta T1 bladder cancer,https://www.eortc.be/tools/bladdercalculator/,EORTC官方计算器及EAU指南回源,C：研究验证模型，需确认外部验证和适用人群,中：专科、研究或随访场景常用，泛临床频率不一,已实现六因素权重以及1年和5年复发进展风险映射,不能将2006 EORTC表直接替代BCG治疗人群适用的2016 EORTC或CUETO模型,2006,官方风险表实现,source_backed_implementation,原始研究PMID 16442208；doi:10.1016/j.eururo.2005.12.031
CALC-0643,男科、泌尿肿瘤与下尿路功能,,CUETO膀胱癌BCG后风险,CUETO膀胱癌BCG后风险,CUETO NMIBC Risk Calculator,年龄；性别；复发；肿瘤数目；T分期；CIS；分级,BCG治疗后复发/进展风险,CUETO模型,更适用于接受BCG的NMIBC人群,风险预测/预后评估,研究模型,CUETO NMIBC risk calculator,https://www.eortc.be/tools/bladdercalculator/,专业机构/量表官网/大学或研究工具,C：可追溯外部来源，需确认版本、版权和适用人群,中：专科、研究或随访场景常用，泛临床频率不一,可追溯来源覆盖；适合候选清单，实施前需逐项核原始公式,真实存在且可追溯；是否适合上线取决于授权、验证质量和本地化,,v3深度补充,,参考CUETO风险模型
CALC-0644,血栓、止血、输血与血液专病,,ISTH弥散性血管内凝血评分,ISTH弥散性血管内凝血评分,ISTH DIC Score,platelets_10e9_l; fibrin_marker_increase(none/moderate/strong); pt_prolongation_seconds; fibrinogen_g_l,ISTH overt DIC总分,血小板>100=0、50-100=1、<50=2；纤维蛋白相关标志物无=0、中度=2、强=3；PT延长<3=0、3-6=1、>6=2；纤维蛋白原<=1 g/L=1。,>=5支持显性DIC；<5建议随病情动态复评。,临床评分/决策支持,专业协会标准/医学计算器平台,ISTH overt DIC scoring algorithm,https://practical-haemostasis.com/Useful%20information/dic_score.html,ISTH评分算法资料与临床计算器交叉核对,A：专业协会评分算法,高：对应专科真实临床常用或指南推荐,已完成公式级外部来源核对并接入Python实现,用于临床决策支持、教学或质量评估；不能替代完整指南和临床判断,,外部来源验证,,应在存在可导致DIC的基础疾病时使用。
CALC-0645,血栓、止血、输血与血液专病,,JAAM急性期DIC评分,JAAM急性期DIC评分,JAAM DIC Score,SIRS；血小板；FDP；PT比值,急性期DIC评分,JAAM标准,用于急诊/重症早期DIC评估,临床评分/决策支持,医学计算器平台,QxMD Calculate,https://qxmd.com/calculate/,外部来源公式级核对并接入Python实现,B：临床计算器平台收录，需回源核公式,中高：临床常见或教学/决策支持常用,已完成公式/规则级外部来源核对并接入Python实现,用于临床决策支持、教学或质量评估；不能替代完整指南和临床判断,,v3深度补充,,参考JAAM DIC标准；Python实现采用预编码或预评分输入，未复刻受版权保护的完整问卷题干。
CALC-0646,血栓、止血、输血与血液专病,,IMPROVE住院VTE风险评分,IMPROVE住院VTE风险评分,IMPROVE VTE Risk Score,previous_vte; known_thrombophilia; lower_limb_paralysis; current_cancer; immobilized_7_days; icu_or_ccu_stay; age_years,IMPROVE VTE总分,既往VTE 3；血栓倾向2；下肢瘫痪2；当前癌症2；卧床/制动>=7天1；ICU/CCU 1；年龄>60岁1。,>=4通常视为较高VTE风险；需结合出血风险评估预防策略。,风险预测/预后评估,医学计算器平台/原始模型,IMPROVE VTE Risk Score,https://www.mdcalc.com/calc/10200/improve-risk-score-venous-thromboembolism-vte,医学计算器平台与原始模型核对,B：临床计算器平台收录并已核公式,中高：临床常见或教学/决策支持常用,已完成公式级外部来源核对并接入Python实现,用于临床决策支持、教学或质量评估；不能替代完整指南和临床判断,,外部来源验证,,
CALC-0647,血栓、止血、输血与血液专病,,IMPROVE出血风险评分,IMPROVE出血风险评分,IMPROVE Bleeding Risk Score,active_gastroduodenal_ulcer; bleeding_within_3_months; platelets_10e9_l; age_years; hepatic_failure_inr_gt_1_5; gfr_ml_min; icu_or_ccu_stay; central_venous_catheter; rheumatic_disease; current_cancer; sex,IMPROVE Bleeding总分,活动性胃十二指肠溃疡4.5；3月内出血4；血小板<50=4；年龄>=85=3.5、40-84=1.5；肝衰INR>1.5=2.5；GFR<30=2.5、30-59=1；ICU/CCU=2.5；中心静脉导管2；风湿病2；当前癌症2；男性1。,>=7提示较高出血风险。,风险预测/预后评估,医学计算器平台/原始模型,IMPROVE Bleeding Risk Score,https://www.mdcalc.com/calc/10201/improve-bleeding-risk-score,医学计算器平台与原始模型核对,B：临床计算器平台收录并已核公式,中高：临床常见或教学/决策支持常用,已完成公式级外部来源核对并接入Python实现,用于临床决策支持、教学或质量评估；不能替代完整指南和临床判断,,外部来源验证,,
CALC-0648,血栓、止血、输血与血液专病,,VTE-BLEED抗凝出血风险,VTE-BLEED抗凝出血风险,VTE-BLEED Score,active_cancer; male_with_uncontrolled_hypertension; anemia; history_of_bleeding; age_years; renal_dysfunction,VTE-BLEED总分和抗凝出血风险层级,活动癌症、男性未控制高血压、贫血、出血史、年龄>=60、肾功能不全按VTE-BLEED权重加分。,>=2分为较高出血风险。,风险预测/预后评估,VTE抗凝出血风险评分/医学计算器,VTE-BLEED Score / MDCalc,https://www.mdcalc.com/calc/10267/vte-bleed-score,外部来源公式级核对并接入Python实现,A：官方/专业协会或原始评分体系来源,中高：临床常见或教学/决策支持常用,已完成公式/规则级外部来源核对并接入Python实现,用于临床决策支持、教学或质量评估；不能替代完整指南和临床判断,,v3深度补充,,Python实现采用预编码或预评分输入，未复刻受版权保护的完整问卷题干。
CALC-0649,血栓、止血、输血与血液专病,,DASH停抗凝后VTE复发风险,DASH停抗凝后VTE复发风险,DASH Score,abnormal_d_dimer_after_anticoagulation; age_years; sex; hormone_associated_vte,DASH总分和停抗凝后VTE复发风险提示,D-二聚体异常+2，年龄<=50 +1，男性+1，女性激素相关VTE -2。,分值越高提示停抗凝后VTE复发风险越高。,风险预测/预后评估,VTE复发风险评分/医学计算器,DASH Score / MDCalc,https://www.mdcalc.com/,外部来源公式级核对并接入Python实现,B：临床计算器平台收录，需回源核公式,中高：临床常见或教学/决策支持常用,已完成公式/规则级外部来源核对并接入Python实现,用于临床决策支持、教学或质量评估；不能替代完整指南和临床判断,,v3深度补充,,Python实现采用编码风险因素输入。
CALC-0650,血栓、止血、输血与血液专病,,Vienna VTE复发模型,Vienna VTE复发模型,Vienna Prediction Model,性别；VTE部位；D-二聚体,VTE复发风险,Vienna模型,用于停抗凝决策辅助,风险预测/预后评估,医学计算器平台,QxMD Calculate,https://qxmd.com/calculate/,医学计算器平台汇总,B：临床计算器平台收录，需回源核公式,中高：临床常见或教学/决策支持常用,平台级覆盖；适合候选清单，公式需逐项回源验证,多为真实使用的临床决策支持工具，但不能替代原始指南,,v3深度补充,,参考VTE复发预测
CALC-0651,血栓、止血、输血与血液专病,,RIETE肺栓塞出血风险,RIETE肺栓塞出血风险,RIETE Bleeding Score,年龄；近期出血；肌酐；贫血；癌症；PE表现等,PE抗凝出血风险,RIETE模型,高分提示出血风险增加,风险预测/预后评估,医学计算器平台,MDCalc calculator library,https://www.mdcalc.com/,外部来源公式级核对并接入Python实现,B：临床计算器平台收录，需回源核公式,中高：临床常见或教学/决策支持常用,已完成公式/规则级外部来源核对并接入Python实现,用于临床决策支持、教学或质量评估；不能替代完整指南和临床判断,,v3深度补充,,参考RIETE注册研究；Python实现采用预编码或预评分输入，未复刻受版权保护的完整问卷题干。
CALC-0652,血栓、止血、输血与血液专病,,输血反应严重度分级,输血反应严重度分级,Transfusion Reaction Severity Grading,发热；低血压；呼吸；溶血；过敏；实验室,反应类型和严重度,AABB/CDC NHSN框架,用于输血不良反应初筛和上报,临床评分/决策支持,官方指南/专业协会,AABB transfusion reaction resources,https://www.aabb.org/,官方指南/专业协会/监管或分期体系,A：官方或专业协会来源,高：对应专科真实临床常用或指南推荐,指南级覆盖；适合做正式模块，但需锁定版本,真实临床使用；实现时需核对最新指南、适用人群和授权,,v3深度补充,,参考输血医学监测标准
CALC-0653,血栓、止血、输血与血液专病,,血小板输注校正增量,血小板输注校正增量,"Corrected Count Increment, CCI",输注血小板数量；体表面积；输注前后血小板,CCI,CCI = 增量 * BSA / 输入血小板数,低CCI提示输注无效风险,临床评分/决策支持,医学计算器平台,QxMD Calculate,https://qxmd.com/calculate/,医学计算器平台汇总,B：临床计算器平台收录，需回源核公式,中高：临床常见或教学/决策支持常用,平台级覆盖；适合候选清单，公式需逐项回源验证,多为真实使用的临床决策支持工具，但不能替代原始指南,,v3深度补充,,参考血小板输注评估
CALC-0654,血栓、止血、输血与血液专病,,骨髓纤维化DIPSS评分,骨髓纤维化DIPSS评分,Dynamic International Prognostic Scoring System,年龄；血红蛋白；白细胞；外周原始细胞；全身症状,DIPSS风险组,5项加权,低、中1、中2、高风险,风险预测/预后评估,医学计算器平台,MDCalc calculator library,https://www.mdcalc.com/,外部来源公式级核对并接入Python实现,B：临床计算器平台收录，需回源核公式,中高：临床常见或教学/决策支持常用,已完成公式/规则级外部来源核对并接入Python实现,用于临床决策支持、教学或质量评估；不能替代完整指南和临床判断,,v3深度补充,,参考骨髓纤维化预后模型；Python实现采用预编码或预评分输入，未复刻受版权保护的完整问卷题干。
CALC-0655,血栓、止血、输血与血液专病,,真性红细胞增多症血栓风险,真性红细胞增多症血栓风险,Polycythemia Vera Thrombosis Risk,age_years; prior_thrombosis,真性红细胞增多症血栓低/高风险,年龄>60岁或既往血栓史为高风险，否则低风险。,高风险提示血栓风险更高，治疗策略需结合完整指南。,风险预测/预后评估,血液肿瘤风险分层/专业指南,Polycythemia Vera Thrombosis Risk / NCCN Guidelines,https://www.nccn.org/,外部来源公式级核对并接入Python实现,A：官方/专业协会或原始评分体系来源,高：肿瘤专科分期/路径常用,已完成公式/规则级外部来源核对并接入Python实现,用于临床决策支持、教学或质量评估；不能替代完整指南和临床判断,,v3深度补充,,Python实现覆盖年龄和血栓史核心风险分层。
CALC-0656,临床营养、肥胖与代谢手术,,Harris-Benedict基础能量消耗,Harris-Benedict基础能量消耗,Harris-Benedict Equation,性别；年龄；身高；体重,BEE/BMR,Harris-Benedict公式,用于营养需求估算，需活动/应激系数,公式计算/生理指标,医学计算器平台,MDCalc calculator library,https://www.mdcalc.com/,医学计算器平台汇总,B：临床计算器平台收录，需回源核公式,中高：临床常见或教学/决策支持常用,平台级覆盖；适合候选清单，公式需逐项回源验证,多为真实使用的临床决策支持工具，但不能替代原始指南,,v3深度补充,,参考临床营养常用公式
CALC-0657,临床营养、肥胖与代谢手术,,Mifflin-St Jeor静息能量消耗,Mifflin-St Jeor静息能量消耗,Mifflin-St Jeor Equation,性别；年龄；身高；体重,REE,Mifflin-St Jeor公式,成人能量估算常用公式,公式计算/生理指标,医学计算器平台,MDCalc calculator library,https://www.mdcalc.com/,医学计算器平台汇总,B：临床计算器平台收录，需回源核公式,中高：临床常见或教学/决策支持常用,平台级覆盖；适合候选清单，公式需逐项回源验证,多为真实使用的临床决策支持工具，但不能替代原始指南,,v3深度补充,,参考营养评估公式
CALC-0658,临床营养、肥胖与代谢手术,,Penn State危重症能量公式,Penn State危重症能量公式,Penn State Equation,sex; weight_kg; height_cm; age_years; max_temperature_c; minute_ventilation_l_min,Penn State估算能量消耗(kcal/day),0.96*Mifflin-St Jeor + 167*Tmax(C) + 31*VE - 6218。,用于机械通气危重患者能量需求估算。,公式计算/生理指标,临床营养能量公式,Penn State Equation / QxMD Calculate,https://qxmd.com/calculate/,外部来源公式级核对并接入Python实现,A：官方/专业协会或原始评分体系来源,中高：临床常见或教学/决策支持常用,已完成公式/规则级外部来源核对并接入Python实现,用于临床决策支持、教学或质量评估；不能替代完整指南和临床判断,,v3深度补充,,Python实现内部计算Mifflin-St Jeor基础值。
CALC-0659,临床营养、肥胖与代谢手术,,Ireton-Jones能量公式,Ireton-Jones能量公式,Ireton-Jones Equation,ventilation; age_years; weight_kg; sex; trauma; burn; obesity,Ireton-Jones估算能量消耗(kcal/day),通气患者和自主呼吸患者使用对应Ireton-Jones方程。,用于住院或危重患者能量需求估算。,公式计算/生理指标,临床营养能量公式,Ireton-Jones Equation / QxMD Calculate,https://qxmd.com/calculate/,外部来源公式级核对并接入Python实现,A：官方/专业协会或原始评分体系来源,中高：临床常见或教学/决策支持常用,已完成公式/规则级外部来源核对并接入Python实现,用于临床决策支持、教学或质量评估；不能替代完整指南和临床判断,,v3深度补充,,Python实现按ventilated/spontaneous选择公式。
CALC-0660,临床营养、肥胖与代谢手术,,营养风险指数,营养风险指数,"Nutritional Risk Index, NRI",albumin_g_dl; current_weight_kg; usual_weight_kg,NRI分值和营养风险分层,NRI = 1.519*白蛋白(g/L) + 41.7*(当前体重/通常体重)。,分值越低提示营养风险越高。,风险预测/预后评估,营养风险指数/同行评议资料,Nutrition Risk Index formula reference,https://indianjnephrol.org/validity-of-nutrition-risk-index-as-a-malnutrition-screening-tool-compared-with-subjective-global-assessment-in-end-stage-renal-disease-patients-on-peritoneal-dialysis/,外部来源公式级核对并接入Python实现,A：官方/专业协会或原始评分体系来源,中高：临床常见或教学/决策支持常用,已完成公式/规则级外部来源核对并接入Python实现,用于临床决策支持、教学或质量评估；不能替代完整指南和临床判断,,v3深度补充,,Python实现采用预编码或预评分输入，未复刻受版权保护的完整问卷题干。
CALC-0661,临床营养、肥胖与代谢手术,,老年营养风险指数,老年营养风险指数,"Geriatric Nutritional Risk Index, GNRI",albumin_g_dl; current_weight_kg; ideal_weight_kg,GNRI分值和老年营养风险分层,"GNRI = 1.489*白蛋白(g/L) + 41.7*min(当前体重/理想体重, 1)。",分值越低提示老年营养相关风险越高。,风险预测/预后评估,老年营养风险指数/原始研究,Geriatric Nutritional Risk Index original formula,https://ajcn.nutrition.org/article/S0002-9165(23)29637-9/fulltext,外部来源公式级核对并接入Python实现,A：官方/专业协会或原始评分体系来源,中高：临床常见或教学/决策支持常用,已完成公式/规则级外部来源核对并接入Python实现,用于临床决策支持、教学或质量评估；不能替代完整指南和临床判断,,v3深度补充,,Python实现采用预编码或预评分输入，未复刻受版权保护的完整问卷题干。
CALC-0662,临床营养、肥胖与代谢手术,,CONUT营养状态评分,CONUT营养状态评分,Controlling Nutritional Status Score,albumin_g_dl; total_lymphocytes_per_mm3; total_cholesterol_mg_dl,CONUT总分和营养不良风险等级,白蛋白、总淋巴细胞数和总胆固醇按CONUT阈值评分后求和。,分数越高提示营养不良风险越高。,临床评分/决策支持,营养状态评分/同行评议资料,CONUT scoring table,https://www.jcancer.org/v10/p3883/jcav10p3883s1.pdf,外部来源公式级核对并接入Python实现,A：官方/专业协会或原始评分体系来源,中高：临床常见或教学/决策支持常用,已完成公式/规则级外部来源核对并接入Python实现,用于临床决策支持、教学或质量评估；不能替代完整指南和临床判断,,v3深度补充,,Python实现采用预编码或预评分输入，未复刻受版权保护的完整问卷题干。
CALC-0663,临床营养、肥胖与代谢手术,,GLIM营养不良诊断框架,GLIM营养不良诊断框架,GLIM Malnutrition Criteria,weight_loss; low_bmi; reduced_muscle_mass; reduced_food_intake_or_assimilation; inflammation_or_disease_burden; severe_phenotypic_criterion,是否符合GLIM营养不良及严重度,至少1项表型标准 + 至少1项病因标准诊断GLIM营养不良；严重表型标准用于重度分层。,可分未分类、中度和重度营养不良。,诊断/分类辅助,官方指南/专业协会,GLIM malnutrition criteria / ESPEN,https://www.espen.org/,外部来源公式级核对并接入Python实现,A：官方/专业协会或原始评分体系来源,高：对应专科真实临床常用或指南推荐,已完成公式/规则级外部来源核对并接入Python实现,用于临床决策支持、教学或质量评估；不能替代完整指南和临床判断,,v3深度补充,,Python实现采用预编码或预评分输入，未复刻受版权保护的完整问卷题干。
CALC-0664,临床营养、肥胖与代谢手术,,SARC-F肌少症筛查,SARC-F肌少症筛查,SARC-F Questionnaire,力量；辅助行走；起立；爬楼；跌倒,肌少症风险,5项0-2分加总,>=4提示肌少症风险,风险预测/预后评估,临床量表/患者报告结局工具,SARC-F,https://www.sarcopenia.com/,专业机构/量表官网/大学或研究工具,C：可追溯外部来源，需确认版本、版权和适用人群,中：专科、研究或随访场景常用，泛临床频率不一,可追溯来源覆盖；适合候选清单，实施前需逐项核原始公式,真实存在且可追溯；是否适合上线取决于授权、验证质量和本地化,,v3深度补充,,参考肌少症筛查工具
CALC-0665,临床营养、肥胖与代谢手术,,代谢手术死亡风险OS-MRS,代谢手术死亡风险OS-MRS,Obesity Surgery Mortality Risk Score,BMI；男性；高血压；肺栓塞风险；年龄,代谢手术死亡风险等级,5项各1分,A、B、C级风险递增,风险预测/预后评估,医学计算器平台,MDCalc calculator library,https://www.mdcalc.com/,医学计算器平台汇总,B：临床计算器平台收录，需回源核公式,中高：临床常见或教学/决策支持常用,平台级覆盖；适合候选清单，公式需逐项回源验证,多为真实使用的临床决策支持工具，但不能替代原始指南,,v3深度补充,,参考减重手术风险模型
CALC-0666,临床营养、肥胖与代谢手术,,减重手术预期多余体重下降,减重手术预期多余体重下降,Percent Excess Weight Loss,术前体重；当前体重；理想体重,%EWL,(术前-当前)/(术前-理想)*100,用于减重手术疗效随访,临床评分/决策支持,官方指南/专业协会,ASMBS clinical resources,https://asmbs.org/resources/,官方指南/专业协会/监管或分期体系,A：官方或专业协会来源,高：对应专科真实临床常用或指南推荐,指南级覆盖；适合做正式模块，但需锁定版本,真实临床使用；实现时需核对最新指南、适用人群和授权,,v3深度补充,,参考减重手术结局指标
CALC-0667,临床营养、肥胖与代谢手术,,再喂养综合征风险筛查,再喂养综合征风险筛查,Refeeding Syndrome Risk,bmi; unintentional_weight_loss_percent; little_or_no_nutritional_intake_days; low_potassium_phosphate_or_magnesium_before_feeding; alcohol_misuse_or_relevant_drugs,NICE再喂养综合征高风险判定和触发项,按NICE CG32一个主要标准或两个次要标准判定再喂养问题高风险。,高风险提示开始营养支持前需按NICE建议谨慎补充和监测。,风险预测/预后评估,NICE指南规则,NICE CG32 Nutrition support for adults,https://www.nice.org.uk/guidance/cg32/chapter/Recommendations,外部来源公式级核对并接入Python实现,A：官方/专业协会或原始评分体系来源,高：对应专科真实临床常用或指南推荐,已完成公式/规则级外部来源核对并接入Python实现,用于临床决策支持、教学或质量评估；不能替代完整指南和临床判断,,v3深度补充,,Python实现采用预编码或预评分输入，未复刻受版权保护的完整问卷题干。
CALC-0668,遗传、罕见病与公共卫生筛查,,ACMG/AMP变异分类,ACMG/AMP变异分类,ACMG/AMP Variant Classification,致病证据；人群频率；功能；分离；计算预测；家系；文献,致病性分类,PVS/PS/PM/PP与BA/BS/BP证据组合,致病、可能致病、意义未明、可能良性、良性,临床评分/决策支持,网络补充,ACMG/AMP standards,https://www.acmg.net/,官方指南/专业协会/监管或分期体系,A：官方或专业协会来源,高：对应专科真实临床常用或指南推荐,指南级覆盖；适合做正式模块，但需锁定版本,真实临床使用；实现时需核对最新指南、适用人群和授权,,v3深度补充,,参考 [ACMG/AMP standards](https://www.acmg.net/)
CALC-0669,遗传、罕见病与公共卫生筛查,,Sherloc遗传变异分类,Sherloc遗传变异分类,Sherloc Variant Classification,变异类型；频率；功能；家系；表型匹配；文献证据,致病性分类,Sherloc证据评分,ACMG框架的结构化扩展,临床评分/决策支持,官方指南/专业协会,ACMG/AMP sequence variant interpretation,https://www.acmg.net/,官方指南/专业协会/监管或分期体系,A：官方或专业协会来源,高：对应专科真实临床常用或指南推荐,指南级覆盖；适合做正式模块，但需锁定版本,真实临床使用；实现时需核对最新指南、适用人群和授权,,v3深度补充,,参考遗传变异解释工具
CALC-0670,遗传、罕见病与公共卫生筛查,,CADD变异有害性评分解释,CADD变异有害性评分解释,CADD Score Interpretation,SNV/indel变异；CADD PHRED分数,有害性预测提示,CADD PHRED排序分,分数越高，预测有害性越强,临床评分/决策支持,网络补充,CADD,https://cadd.gs.washington.edu/,外部来源公式级核对并接入Python实现,C：可追溯外部来源，需确认版本、版权和适用人群,中：专科、研究或随访场景常用，泛临床频率不一,已完成公式/规则级外部来源核对并接入Python实现,用于临床决策支持、教学或质量评估；不能替代完整指南和临床判断,,v3深度补充,,参考 [CADD](https://cadd.gs.washington.edu/)；Python实现采用预编码或预评分输入，未复刻受版权保护的完整问卷题干。
CALC-0671,遗传、罕见病与公共卫生筛查,,REVEL错义变异预测解释,REVEL错义变异预测解释,REVEL Score Interpretation,错义变异REVEL分数,致病性预测提示,REVEL集成模型,分数越高，错义变异越可能有害,临床评分/决策支持,研究模型,REVEL score,https://sites.google.com/site/revelgenomics/,外部来源公式级核对并接入Python实现,C：研究验证模型，需确认外部验证和适用人群,中：专病或研究场景常用，泛临床频率不一,已完成公式/规则级外部来源核对并接入Python实现,用于临床决策支持、教学或质量评估；不能替代完整指南和临床判断,,v3深度补充,,参考遗传变异预测工具；Python实现采用预编码或预评分输入，未复刻受版权保护的完整问卷题干。
CALC-0672,遗传、罕见病与公共卫生筛查,,GERP保守性评分解释,GERP保守性评分解释,GERP Conservation Score,变异位点GERP分数,进化保守性提示,保守性评分,高保守性可作为辅助证据，不能单独定性,临床评分/决策支持,研究模型,GERP conservation score,http://mendel.stanford.edu/SidowLab/downloads/gerp/,外部来源公式级核对并接入Python实现,C：可追溯外部来源，需确认版本、版权和适用人群,中：专科、研究或随访场景常用，泛临床频率不一,已完成公式/规则级外部来源核对并接入Python实现,用于临床决策支持、教学或质量评估；不能替代完整指南和临床判断,,v3深度补充,,参考基因组保守性指标；Python实现采用预编码或预评分输入，未复刻受版权保护的完整问卷题干。
CALC-0673,遗传、罕见病与公共卫生筛查,,曼彻斯特BRCA评分,曼彻斯特BRCA评分,Manchester Scoring System for BRCA,乳腺/卵巢癌家族史；发病年龄；双侧；男性乳腺癌等,BRCA1/2突变概率分层,Manchester家族史评分,高分提示遗传咨询/检测价值更高,临床评分/决策支持,医学计算器平台,QxMD Calculate,https://qxmd.com/calculate/,医学计算器平台汇总,B：临床计算器平台收录，需回源核公式,中高：临床常见或教学/决策支持常用,平台级覆盖；适合候选清单，公式需逐项回源验证,多为真实使用的临床决策支持工具，但不能替代原始指南,,v3深度补充,,参考遗传性乳腺卵巢癌评估
CALC-0674,遗传、罕见病与公共卫生筛查,,Tyrer-Cuzick乳腺癌风险模型,Tyrer-Cuzick乳腺癌风险模型,IBIS/Tyrer-Cuzick Breast Cancer Risk,年龄；家族史；生殖史；乳腺密度；BMI；良性病变；遗传因素,10年和终身乳腺癌风险,IBIS模型,高风险可影响筛查和预防策略,风险预测/预后评估,网络补充,IBIS risk evaluator,https://ems-trials.org/riskevaluator/,专业机构/量表官网/大学或研究工具,C：可追溯外部来源，需确认版本、版权和适用人群,中：专科、研究或随访场景常用，泛临床频率不一,可追溯来源覆盖；适合候选清单，实施前需逐项核原始公式,真实存在且可追溯；是否适合上线取决于授权、验证质量和本地化,,v3深度补充,,参考 [IBIS risk evaluator](https://ems-trials.org/riskevaluator/)
CALC-0675,遗传、罕见病与公共卫生筛查,,Gail乳腺癌风险模型,Gail乳腺癌风险模型,Gail Model,年龄；月经初潮；初产年龄；一级亲属；活检；非典型增生；种族,5年和终身乳腺癌风险,BCRAT/Gail模型,用于一般人群乳腺癌风险估计,风险预测/预后评估,网络补充,NCI BCRAT,https://bcrisktool.cancer.gov/,官方指南/专业协会/监管或分期体系,A：官方或专业协会来源,高：对应专科真实临床常用或指南推荐,指南级覆盖；适合做正式模块，但需锁定版本,真实临床使用；实现时需核对最新指南、适用人群和授权,,v3深度补充,,参考 [NCI BCRAT](https://bcrisktool.cancer.gov/)
CALC-0676,遗传、罕见病与公共卫生筛查,,Lynch综合征PREMM5模型,Lynch综合征PREMM5模型,PREMM5 Model,个人和家族结直肠、子宫内膜及相关癌史；年龄,Lynch相关基因突变概率,PREMM5模型,达阈值提示遗传检测/咨询,临床评分/决策支持,网络补充,PREMM5,https://premm.dfci.harvard.edu/,专业机构/量表官网/大学或研究工具,C：可追溯外部来源，需确认版本、版权和适用人群,中：专科、研究或随访场景常用，泛临床频率不一,可追溯来源覆盖；适合候选清单，实施前需逐项核原始公式,真实存在且可追溯；是否适合上线取决于授权、验证质量和本地化,,v3深度补充,,参考 [PREMM5](https://premm.dfci.harvard.edu/)
CALC-0677,遗传、罕见病与公共卫生筛查,,Framingham糖尿病风险,Framingham糖尿病风险,Framingham Diabetes Risk Score,年龄；性别；BMI；血压；血糖；HDL；甘油三酯；父母糖尿病,未来糖尿病风险,Framingham模型,用于人群筛查和风险沟通,风险预测/预后评估,医学计算器平台,QxMD Calculate,https://qxmd.com/calculate/,医学计算器平台汇总,B：临床计算器平台收录，需回源核公式,中高：临床常见或教学/决策支持常用,平台级覆盖；适合候选清单，公式需逐项回源验证,多为真实使用的临床决策支持工具，但不能替代原始指南,,v3深度补充,,参考Framingham风险模型
CALC-0678,遗传、罕见病与公共卫生筛查,,FINDRISC扩展生活方式干预优先级,FINDRISC扩展生活方式干预优先级,FINDRISC Intervention Priority,FINDRISC分数；BMI；腰围；血糖；家族史,糖尿病预防优先级,FINDRISC分层扩展解释,高风险适合强化生活方式干预,临床评分/决策支持,官方指南/专业协会,Finnish Diabetes Risk Score,https://www.diabetes.fi/,官方指南/专业协会/监管或分期体系,A：官方或专业协会来源,高：对应专科真实临床常用或指南推荐,指南级覆盖；适合做正式模块，但需锁定版本,真实临床使用；实现时需核对最新指南、适用人群和授权,,v3深度补充,,避免与v1条目重名，作为干预优先级模块
CALC-0679,遗传、罕见病与公共卫生筛查,,QRISK3心血管风险,QRISK3心血管风险,QRISK3 Cardiovascular Risk,年龄；性别；种族；吸烟；血压；BMI；合并症；药物；家族史等,10年CVD风险,QRISK3模型,用于英国人群风险估计，外部人群需校准,风险预测/预后评估,网络补充,QRISK3,https://qrisk.org/,专业机构/量表官网/大学或研究工具,C：可追溯外部来源，需确认版本、版权和适用人群,中：专科、研究或随访场景常用，泛临床频率不一,可追溯来源覆盖；适合候选清单，实施前需逐项核原始公式,真实存在且可追溯；是否适合上线取决于授权、验证质量和本地化,,v3深度补充,,参考 [QRISK3](https://qrisk.org/)
CALC-0680,急诊、院前与灾难医学,晕厥/胸痛,晕厥,加拿大晕厥风险评分,Canadian Syncope Risk Score,predisposition_to_vasovagal_syncope; history_of_heart_disease; any_systolic_bp_less_90_or_greater_180; elevated_troponin; abnormal_qrs_axis; qrs_duration_gt_130_ms; qtc_gt_480_ms; ed_diagnosis,加拿大晕厥风险评分总分和30日严重结局风险层级,血管迷走倾向、心脏病史、极端收缩压、肌钙蛋白、心电图指标和ED诊断按权重加总。,分数越高提示30日严重不良事件风险越高。,风险预测/预后评估,急诊预测评分/医学计算器,Canadian Syncope Risk Score / MDCalc,https://www.mdcalc.com/calc/3811/canadian-syncope-risk-score,外部来源公式级核对并接入Python实现,A：官方/专业协会或原始评分体系来源,中高：临床常见或教学/决策支持常用,已完成公式/规则级外部来源核对并接入Python实现,用于临床决策支持、教学或质量评估；不能替代完整指南和临床判断,,外部来源扩展补充,,Python实现采用预编码或预评分输入，未复刻受版权保护的完整问卷题干。
CALC-0681,急诊、院前与灾难医学,晕厥/胸痛,晕厥,旧金山晕厥规则,San Francisco Syncope Rule,CHF史；血细胞比容；心电图异常；气短；收缩压,短期严重结局风险,CHESS规则,任一阳性提示高风险,风险预测/预后评估,研究模型,San Francisco Syncope Rule,https://www.mdcalc.com/,官方指南/专业协会/监管或分期体系,A：官方或专业协会来源,高：对应专科真实临床常用或指南推荐,指南级覆盖；适合做正式模块，但需锁定版本,真实临床使用；实现时需核对最新指南、适用人群和授权,,外部来源扩展补充,,
CALC-0682,急诊、院前与灾难医学,创伤影像,踝部损伤,渥太华踝关节规则,Ottawa Ankle Rules,骨性压痛部位；负重能力；年龄和损伤机制,是否建议踝/足X线,Ottawa ankle and foot criteria,阴性可减少不必要影像,影像检查决策,临床决策规则,Ottawa Rules,https://www.mdcalc.com/,医学计算器平台汇总,B：临床计算器平台收录，需回源核公式,中高：临床常见或教学/决策支持常用,平台级覆盖；适合候选清单，公式需逐项回源验证,多为真实使用的临床决策支持工具，但不能替代原始指南,,外部来源扩展补充,,
CALC-0683,急诊、院前与灾难医学,创伤影像,膝部损伤,渥太华膝关节规则,Ottawa Knee Rule,年龄；腓骨头压痛；髌骨压痛；屈膝能力；负重能力,是否建议膝关节X线,Ottawa knee criteria,任一阳性建议影像评估,影像检查决策,临床决策规则,Ottawa Rules,https://www.mdcalc.com/,医学计算器平台汇总,B：临床计算器平台收录，需回源核公式,中高：临床常见或教学/决策支持常用,平台级覆盖；适合候选清单，公式需逐项回源验证,多为真实使用的临床决策支持工具，但不能替代原始指南,,外部来源扩展补充,,
CALC-0684,急诊、院前与灾难医学,创伤影像,儿童头外伤,PECARN儿童头部损伤规则,PECARN Pediatric Head Injury Rule,年龄组；GCS；颅骨骨折体征；意识改变；呕吐；机制；头痛等,临床重要TBI风险,PECARN分层规则,低危可减少CT，需适用人群限制,影像检查决策,研究模型/指南,PECARN,https://www.mdcalc.com/,外部来源公式级核对并接入Python实现,B：临床计算器平台收录，需回源核公式,中高：临床常见或教学/决策支持常用,已完成公式/规则级外部来源核对并接入Python实现,用于临床决策支持、教学或质量评估；不能替代完整指南和临床判断,,外部来源扩展补充,,Python实现采用预编码或预评分输入，未复刻受版权保护的完整问卷题干。
CALC-0685,急诊、院前与灾难医学,创伤影像,儿童腹部钝伤,PECARN儿童腹部损伤规则,PECARN Blunt Abdominal Trauma Rule,腹壁创伤；GCS；腹部压痛；胸壁创伤；腹痛；呼吸音；呕吐,腹部CT或观察风险辅助,PECARN腹部钝伤规则,阴性提示低风险,影像检查决策,研究模型,PECARN,https://www.mdcalc.com/,外部来源公式级核对并接入Python实现,B：临床计算器平台收录，需回源核公式,中高：临床常见或教学/决策支持常用,已完成公式/规则级外部来源核对并接入Python实现,用于临床决策支持、教学或质量评估；不能替代完整指南和临床判断,,外部来源扩展补充,,Python实现采用预编码或预评分输入，未复刻受版权保护的完整问卷题干。
CALC-0686,急诊、院前与灾难医学,创伤影像,胸部钝伤,NEXUS胸部CT主要损伤规则,NEXUS Chest CT Major Injury Rule,异常胸片；快速减速；胸壁压痛；胸骨/胸椎/肩胛压痛等,胸部CT主要损伤风险,NEXUS Chest CT criteria,低风险可减少CT,影像检查决策,临床决策规则,NEXUS,https://www.mdcalc.com/,外部来源公式级核对并接入Python实现,B：临床计算器平台收录，需回源核公式,中高：临床常见或教学/决策支持常用,已完成公式/规则级外部来源核对并接入Python实现,用于临床决策支持、教学或质量评估；不能替代完整指南和临床判断,,外部来源扩展补充,,Python实现采用预编码或预评分输入，未复刻受版权保护的完整问卷题干。
CALC-0687,急诊、院前与灾难医学,出血/休克,大量输血,ABC大量输血评分,Assessment of Blood Consumption Score,穿透伤；急诊FAST阳性；收缩压；心率,大量输血需求风险,4项各1分,>=2提示大量输血可能性较高,风险预测/预后评估,研究模型,ABC Score,https://www.mdcalc.com/,医学计算器平台汇总,B：临床计算器平台收录，需回源核公式,中高：临床常见或教学/决策支持常用,平台级覆盖；适合候选清单，公式需逐项回源验证,多为真实使用的临床决策支持工具，但不能替代原始指南,,外部来源扩展补充,,
CALC-0688,急诊、院前与灾难医学,出血/休克,创伤出血,TASH创伤相关严重出血评分,Trauma Associated Severe Hemorrhage Score,血红蛋白；碱剩余；收缩压；心率；FAST；骨盆/股骨骨折；性别,大量输血风险,TASH加权模型,分数越高，严重出血风险越高,风险预测/预后评估,研究模型,TASH Score,https://www.mdcalc.com/,外部来源公式级核对并接入Python实现,B：临床计算器平台收录，需回源核公式,中高：临床常见或教学/决策支持常用,已完成公式/规则级外部来源核对并接入Python实现,用于临床决策支持、教学或质量评估；不能替代完整指南和临床判断,,外部来源扩展补充,,Python实现采用预编码或预评分输入，未复刻受版权保护的完整问卷题干。
CALC-0689,急诊、院前与灾难医学,院前分诊,重大创伤,修订创伤分诊标准,Field Triage Decision Scheme,生命体征；解剖损伤；机制；特殊人群/抗凝等,创伤中心转运建议,CDC/ACS分诊框架,用于院前分诊辅助,分诊/流程决策,官方指南,CDC Field Triage,https://www.cdc.gov/fieldtriage/,官方指南/专业协会/监管或分期体系,A：官方或专业协会来源,高：对应专科真实临床常用或指南推荐,指南级覆盖；适合做正式模块，但需锁定版本,真实临床使用；实现时需核对最新指南、适用人群和授权,,外部来源扩展补充,,
CALC-0690,急诊、院前与灾难医学,儿科急诊,儿童发热,罗切斯特婴儿发热低危标准,Rochester Criteria,年龄；外观；既往健康；白细胞；尿检；粪便白细胞等,严重细菌感染低危判断,Rochester criteria,符合低危标准提示SBI风险较低,诊断/分类辅助,研究标准,Rochester Criteria,https://www.mdcalc.com/,外部来源公式级核对并接入Python实现,B：临床计算器平台收录，需回源核公式,中高：临床常见或教学/决策支持常用,已完成公式/规则级外部来源核对并接入Python实现,用于临床决策支持、教学或质量评估；不能替代完整指南和临床判断,,外部来源扩展补充,,Python实现采用预编码或预评分输入，未复刻受版权保护的完整问卷题干。
CALC-0691,急诊、院前与灾难医学,儿科急诊,儿童发热,费城婴儿发热标准,Philadelphia Criteria,年龄；外观；血尿脑脊液检查；胸片；粪检等,严重细菌感染低危判断,Philadelphia criteria,用于特定年龄段发热婴儿评估,诊断/分类辅助,研究标准,Philadelphia Criteria,https://www.mdcalc.com/,外部来源公式级核对并接入Python实现,B：临床计算器平台收录，需回源核公式,中高：临床常见或教学/决策支持常用,已完成公式/规则级外部来源核对并接入Python实现,用于临床决策支持、教学或质量评估；不能替代完整指南和临床判断,,外部来源扩展补充,,Python实现采用预编码或预评分输入，未复刻受版权保护的完整问卷题干。
CALC-0692,外科、围术期与质量评估,普外风险,通用手术风险,ACS NSQIP手术风险计算器,ACS NSQIP Surgical Risk Calculator,手术CPT；年龄；功能状态；ASA；合并症；实验室等,术后并发症、死亡、再入院等风险,ACS NSQIP模型,用于术前风险沟通,风险预测/预后评估,官方/专业协会工具,ACS NSQIP,https://riskcalculator.facs.org/,官方指南/专业协会/监管或分期体系,A：官方或专业协会来源,高：对应专科真实临床常用或指南推荐,指南级覆盖；适合做正式模块，但需锁定版本,真实临床使用；实现时需核对最新指南、适用人群和授权,,外部来源扩展补充,,
CALC-0693,外科、围术期与质量评估,普外风险,术前衰弱筛查,修订风险分析指数,"Risk Analysis Index, RAI",年龄；性别；播散性癌症；非意愿性体重下降；食欲差；肾衰竭；慢性或充血性心衰；呼吸困难；非独立居住；认知下降；活动进食如厕和个人卫生四项ADL各0至4,0至81分RAI-C-rev及筛查分层,2020修订临床版RAI；含年龄与癌症交互以及ADL与认知交互权重表,常见研究阈值包括30分和37分；用于触发进一步老年评估而非决定手术资格,风险预测/预后评估,开放获取原始修订与外部验证研究,Recalibration and External Validation of the Risk Analysis Index,https://europepmc.org/articles/PMC8785437,原始论文表3回源,C：研究验证模型，需确认外部验证和适用人群,中：专病或研究场景常用，泛临床频率不一,已实现RAI-C-rev完整0至81分表并直接采集四项ADL,筛查阈值应结合资源和人群校准；不能替代综合老年评估或共同决策,2020,开放原始文献实现,source_backed_implementation,Ann Surg 2020;272:996-1005
CALC-0694,外科、围术期与质量评估,普外风险,术后并发症,Clavien-Dindo手术并发症分级,Clavien-Dindo Classification,death; icu_management; organ_dysfunction; intervention; grade_ii_therapy; disability_at_discharge,Clavien-Dindo grade,"Rule-based postoperative complication grade from therapy intensity, ICU organ dysfunction, death, and disability suffix.",Higher grade indicates more severe postoperative complication; death is grade V.,分期/分级,原始分类体系,Dindo et al. Annals of Surgery 2004 Clavien-Dindo classification,https://pmc.ncbi.nlm.nih.gov/articles/PMC1360123/,外部来源规则级核对并接入Python实现,A：原始评分/分类体系来源,中高：临床常见或教学/决策支持常用,已完成规则级外部来源核对并接入Python实现,用于术后并发症严重度标准化记录；不能替代完整病例审查,,外部来源扩展补充,,Python实现采用编码输入，未复刻受版权保护的完整文本。
CALC-0695,外科、围术期与质量评估,普外风险,术后并发症,综合并发症指数,"Comprehensive Complication Index, CCI",所有Clavien-Dindo分级并发症,CCI 0-100,并发症加权综合公式,越高表示术后并发症总体负担越大,结局评价,研究模型,CCI,https://www.assessurgery.com/,外部来源公式级核对并接入Python实现,C：可追溯外部来源，需确认版本、版权和适用人群,中：专科、研究或随访场景常用，泛临床频率不一,已完成公式/规则级外部来源核对并接入Python实现,用于临床决策支持、教学或质量评估；不能替代完整指南和临床判断,,外部来源扩展补充,,Python实现采用预编码或预评分输入，未复刻受版权保护的完整问卷题干。
CALC-0696,外科、围术期与质量评估,胃肠外科,吻合口漏,结直肠吻合口漏风险评分,Colon Leakage Score,性别；ASA；BMI；急诊；吻合位置；失血；手术时长等,吻合口漏风险,Colon Leakage Score,高分提示漏风险增加,风险预测/预后评估,研究模型,Colon Leakage Score,https://www.mdcalc.com/,医学计算器平台汇总,B：临床计算器平台收录，需回源核公式,中高：临床常见或教学/决策支持常用,平台级覆盖；适合候选清单，公式需逐项回源验证,多为真实使用的临床决策支持工具，但不能替代原始指南,,外部来源扩展补充,,
CALC-0697,外科、围术期与质量评估,急腹症,阑尾炎,成人阑尾炎反应评分,"Appendicitis Inflammatory Response Score, AIR",呕吐；右下腹痛；反跳/肌卫；体温；白细胞；中性粒；CRP,阑尾炎概率风险,AIR评分,低、中、高风险分层,诊断/分类辅助,研究模型,AIR Score,https://www.mdcalc.com/,医学计算器平台汇总,B：临床计算器平台收录，需回源核公式,中高：临床常见或教学/决策支持常用,平台级覆盖；适合候选清单，公式需逐项回源验证,多为真实使用的临床决策支持工具，但不能替代原始指南,,外部来源扩展补充,,
CALC-0698,外科、围术期与质量评估,急腹症,阑尾炎,Alvarado阑尾炎评分,Alvarado Score,迁移痛；厌食；恶心呕吐；右下腹压痛；反跳痛；发热；白细胞；左移,阑尾炎可能性,MANTRELS评分,高分支持阑尾炎可能,诊断/分类辅助,研究模型,Alvarado Score,https://www.mdcalc.com/,医学计算器平台汇总,B：临床计算器平台收录，需回源核公式,中高：临床常见或教学/决策支持常用,平台级覆盖；适合候选清单，公式需逐项回源验证,多为真实使用的临床决策支持工具，但不能替代原始指南,,外部来源扩展补充,,
CALC-0699,外科、围术期与质量评估,胃肠外科,结直肠术后恢复,ERAS依从性评分,ERAS Compliance Score,围术期ERAS项目完成情况,ERAS依从率,完成项目数/适用项目数,依从率越高，路径执行越完整,质量改进/流程评估,专业协会路径,ERAS Society,https://erassociety.org/,外部来源公式级核对并接入Python实现,A：官方或专业协会来源,高：对应专科真实临床常用或指南推荐,已完成公式/规则级外部来源核对并接入Python实现,用于临床决策支持、教学或质量评估；不能替代完整指南和临床判断,,外部来源扩展补充,,Python实现采用预编码或预评分输入，未复刻受版权保护的完整问卷题干。
CALC-0700,外科、围术期与质量评估,血管外科,主动脉瘤,腹主动脉瘤破裂风险辅助,Abdominal Aortic Aneurysm Rupture Risk Support,最大直径；增长速度；症状；性别；吸烟；血压,破裂风险提示,指南阈值和危险因素,直径越大或增长快风险越高,风险预测/预后评估,指南阈值,SVS Guidelines,https://vascular.org/,官方指南/专业协会/监管或分期体系,A：官方或专业协会来源,高：对应专科真实临床常用或指南推荐,指南级覆盖；适合做正式模块，但需锁定版本,真实临床使用；实现时需核对最新指南、适用人群和授权,,外部来源扩展补充,,
CALC-0701,外科、围术期与质量评估,胸外科,胸外科住院死亡风险,Thoracoscore胸外科死亡风险,Thoracoscore,年龄；性别；ASA分级；ECOG体能状态；MRC呼吸困难等级；急诊或紧急手术；全肺切除；恶性诊断；合并症数,院内死亡风险百分比,截距-7.3737加九组分类系数后经Logistic转换,外部验证显示不同人群可能明显失准；应结合本地胸外科评估而非单独决定手术,风险预测/预后评估,SFAR官方公开计算器,Thoracoscore official coefficient calculator,https://sfar.org/scores2/thoracoscore2.php,SFAR官方源码及原始论文回源,A：官方计算器公开完整系数,中高：临床常见或教学/决策支持常用,已实现官方九组系数、截距及概率转换,原模型来自法国胸外科队列；印度等外部验证报告校准不足,2007,官方公开算法实现,source_backed_implementation,原始研究PMID 17258556；doi:10.1016/j.jtcvs.2006.09.020
CALC-0702,外科、围术期与质量评估,胸外科,食管癌手术,O-POSSUM食管胃手术风险,O-POSSUM,POSSUM生理评分；手术严重度；食管胃手术变量,术后死亡/并发症风险,O-POSSUM模型,用于上消化道大手术风险沟通,风险预测/预后评估,研究模型,O-POSSUM,https://qxmd.com/calculate/,医学计算器平台汇总,B：临床计算器平台收录，需回源核公式,中高：临床常见或教学/决策支持常用,平台级覆盖；适合候选清单，公式需逐项回源验证,多为真实使用的临床决策支持工具，但不能替代原始指南,,外部来源扩展补充,,
CALC-0703,外科、围术期与质量评估,烧伤外科,烧伤预后,修订Baux评分,Revised Baux Score,年龄；烧伤面积TBSA；吸入性损伤,烧伤死亡风险,Age + TBSA + 17*吸入性损伤,分数越高死亡风险越高,风险预测/预后评估,研究模型,Revised Baux,https://www.mdcalc.com/,医学计算器平台汇总,B：临床计算器平台收录，需回源核公式,中高：临床常见或教学/决策支持常用,平台级覆盖；适合候选清单，公式需逐项回源验证,多为真实使用的临床决策支持工具，但不能替代原始指南,,外部来源扩展补充,,
CALC-0704,心血管医学,肺高压,肺动脉高压,REVEAL 2.0肺动脉高压风险评分,REVEAL 2.0 Risk Score,病因；性别；年龄；NYHA/WHO FC；生命体征；6MWD；BNP；肾功能；住院史等,1年生存风险,REVEAL 2.0模型,低、中、高风险分层,风险预测/预后评估,研究模型,REVEAL 2.0,https://www.mdcalc.com/,外部来源公式级核对并接入Python实现,B：临床计算器平台收录，需回源核公式,中高：临床常见或教学/决策支持常用,已完成公式/规则级外部来源核对并接入Python实现,用于临床决策支持、教学或质量评估；不能替代完整指南和临床判断,,外部来源扩展补充,,Python实现采用预编码或预评分输入，未复刻受版权保护的完整问卷题干。
CALC-0705,心血管医学,肺高压,肺动脉高压,ESC/ERS肺高压四层风险评估,ESC/ERS PAH Four-Strata Risk Assessment,WHO功能分级；6MWD；BNP/NT-proBNP；血流动力学；影像等,低、中低、中高、高风险,ESC/ERS风险表,用于PAH随访和治疗目标评估,风险预测/预后评估,官方指南,ESC/ERS Pulmonary Hypertension Guidelines,https://www.escardio.org/Guidelines,外部来源公式级核对并接入Python实现,A：官方或专业协会来源,高：对应专科真实临床常用或指南推荐,已完成公式/规则级外部来源核对并接入Python实现,用于临床决策支持、教学或质量评估；不能替代完整指南和临床判断,2022,外部来源扩展补充,,Python实现采用预编码或预评分输入，未复刻受版权保护的完整问卷题干。
CALC-0706,心血管医学,瓣膜病,主动脉瓣狭窄,主动脉瓣狭窄严重度,Aortic Stenosis Severity Grading,peak_velocity_m_s; mean_gradient_mm_hg; aortic_valve_area_cm2,主动脉瓣狭窄轻/中/重度和参数一致性提示,按峰值流速、平均跨瓣压差、瓣口面积阈值取最重等级。,重度或参数不一致时需结合流量状态、症状和完整超声评估。,分期/分级,瓣膜病超声分级/指南,ACC/AHA/ESC valve guidelines,https://www.escardio.org/Guidelines,外部来源公式级核对并接入Python实现,A：官方/专业协会或原始评分体系来源,高：对应专科真实临床常用或指南推荐,已完成公式/规则级外部来源核对并接入Python实现,用于临床决策支持、教学或质量评估；不能替代完整指南和临床判断,,外部来源扩展补充,,Python实现返回最重分级及discordant标志。
CALC-0707,心血管医学,瓣膜病,二尖瓣反流,二尖瓣反流严重度,Mitral Regurgitation Severity Grading,vena_contracta_width_cm; eroa_cm2; regurgitant_volume_ml; regurgitant_fraction_percent,二尖瓣反流轻/中/重度和参数一致性提示,按vena contracta、EROA、反流量、反流分数阈值取最重等级。,分级需结合机制、图像质量、症状和完整超声评估。,分期/分级,瓣膜病超声分级/指南,ESC Valve Guidelines,https://www.escardio.org/Guidelines,外部来源公式级核对并接入Python实现,A：官方/专业协会或原始评分体系来源,高：对应专科真实临床常用或指南推荐,已完成公式/规则级外部来源核对并接入Python实现,用于临床决策支持、教学或质量评估；不能替代完整指南和临床判断,,外部来源扩展补充,,Python实现返回最重分级及discordant标志。
CALC-0708,心血管医学,心电,宽QRS心动过速,Brugada室速鉴别算法,Brugada Criteria for Wide Complex Tachycardia,胸前导联RS缺如；RS间期；房室分离；形态标准,VT或SVT伴差传可能性,Brugada四步算法,符合标准支持室速,诊断/分类辅助,研究算法,Brugada Criteria,https://www.mdcalc.com/,外部来源公式级核对并接入Python实现,B：临床计算器平台收录，需回源核公式,中高：临床常见或教学/决策支持常用,已完成公式/规则级外部来源核对并接入Python实现,用于临床决策支持、教学或质量评估；不能替代完整指南和临床判断,,外部来源扩展补充,,Python实现采用预编码或预评分输入，未复刻受版权保护的完整问卷题干。
CALC-0709,心血管医学,心电,宽QRS心动过速,Vereckei aVR室速算法,Vereckei aVR Algorithm,aVR初始R波；初始q/r宽度；切迹；vi/vt等,VT或SVT鉴别辅助,Vereckei算法,用于宽QRS心动过速鉴别,诊断/分类辅助,研究算法,Vereckei Criteria,https://qxmd.com/calculate/,外部来源公式级核对并接入Python实现,B：临床计算器平台收录，需回源核公式,中高：临床常见或教学/决策支持常用,已完成公式/规则级外部来源核对并接入Python实现,用于临床决策支持、教学或质量评估；不能替代完整指南和临床判断,,外部来源扩展补充,,Python实现采用预编码或预评分输入，未复刻受版权保护的完整问卷题干。
CALC-0710,心血管医学,房颤,房颤症状,EHRA房颤症状评分,EHRA Symptom Scale,class,EHRA房颤症状I、IIa、IIb、III或IV级,EHRA症状功能分级映射。,级别越高，症状和日常活动受限越重。,症状/功能量表,专业协会症状分级,EHRA Symptom Scale,https://www.escardio.org/Guidelines,外部来源公式级核对并接入Python实现,A：官方/专业协会或原始评分体系来源,高：对应专科真实临床常用或指南推荐,已完成公式/规则级外部来源核对并接入Python实现,用于临床决策支持、教学或质量评估；不能替代完整指南和临床判断,,外部来源扩展补充,,Python实现采用预编码EHRA等级输入。
CALC-0711,心血管医学,房颤,房颤抗凝,GARFIELD-AF死亡和出血风险,GARFIELD-AF Risk Calculator,年龄；体重；脉搏；舒张压；种族；性别；出血史；心衰或LVEF小于40%；卒中史；中重度CKD；冠心病或外周血管病；糖尿病；吸烟；痴呆；抗血小板药；颈动脉闭塞病,6个月、1年和2年死亡、缺血性卒中或系统性栓塞、严重出血风险及无OAC/VKA/NOAC情景估计,GARFIELD-AF 2017三结局比例风险模型、基线生存率和治疗情景项,治疗情景为观察性模型估计而非随机因果疗效；不能单独用于选择或停用抗凝药,风险预测/预后评估,原始开放研究及公开计算器,GARFIELD-AF integrated risk model,https://qxmd.com/calculate/calculator_685/garfield-af-risk-calculator,文献研究模型/预测模型,C：研究验证模型，需确认外部验证和适用人群,中：专病或研究场景常用，泛临床频率不一,已实现全部16项输入、三个结局、三个时间窗、三种治疗情景和公开系数,适用于新诊断非瓣膜性房颤且至少有一项临床判断卒中危险因素的成人；地区校准和治疗选择仍需当前指南,2017,source_backed_implementation,,开放原始研究PMID 29273652；PMCID PMC5778339；doi:10.1136/bmjopen-2017-017157
CALC-0712,心血管医学,心肌病,肥厚型心肌病,HCM猝死风险,HCM Risk-SCD,年龄；最大左室壁厚度；左房前后径；最大LVOT压差；猝死家族史；非持续性室速；不明原因晕厥,5年心源性猝死风险百分比及2014 ESC风险档位,原始HCM Risk-SCD预后指数与1−0.998^exp(PI)方程,2014 ESC风险档位为小于4%、4%至小于6%、至少6%；当前ICD决策还需适用的最新指南、风险修饰因素和共享决策,风险预测/预后评估,原始研究及公开计算器,Original HCM Risk-SCD model and 2014 ESC bands,https://qxmd.com/calculate/calculator_303/hcm-risk-scd,医学计算器平台汇总,A：官方或专业协会来源,高：对应专科真实临床常用或指南推荐,已实现完整七变量方程、公开输入范围和2014 ESC风险档位,不适用于小于16岁、竞技运动员、代谢或综合征相关HCM、既往心脏骤停或持续性室性心律失常；室间隔减容术后需谨慎,2014,source_backed_implementation,,原始模型PMID 24126876；doi:10.1093/eurheartj/eht439；本地实现明确锁定2014版而非当前完整ICD路径
CALC-0713,心血管医学,心肌病,肥厚型心肌病,HCM-AF房颤风险,HCM-AF Risk Score,年龄；左房大小；心衰症状；瓣膜病；其他HCM变量,房颤发生风险,HCM-AF模型,用于HCM随访风险评估,风险预测/预后评估,研究模型,HCM-AF,https://qxmd.com/calculate/,医学计算器平台汇总,B：临床计算器平台收录，需回源核公式,中高：临床常见或教学/决策支持常用,平台级覆盖；适合候选清单，公式需逐项回源验证,多为真实使用的临床决策支持工具，但不能替代原始指南,,外部来源扩展补充,,
CALC-0714,心血管医学,血脂,家族性高胆固醇血症,家族性高胆固醇血症DLCN评分,Dutch Lipid Clinic Network Criteria,LDL-C；家族史；早发ASCVD；体征；基因检测,FH可能性分类,DLCN分组加权评分；每组只取最高适用分值,>8确诊；6-8很可能；3-5可能；0-2不太可能,诊断/分类辅助,专业共识,European Atherosclerosis Society consensus statement,https://europepmc.org/articles/PMC3844152,外部来源公式级核对并接入Python实现,A：官方或专业协会来源,中高：临床常见或教学/决策支持常用,已按EAS共识Table 1接入Python实现,适用于成人FH分类；需排除继发性LDL-C升高并结合专科评估,2013,外部来源扩展补充,,DLCN每个分组只计最高分
CALC-0715,心血管医学,血脂,家族性高胆固醇血症,Simon Broome家族性高胆固醇血症标准,Simon Broome Criteria,胆固醇；肌腱黄瘤；DNA；家族史；早发心血管病,确定/可能FH,Simon Broome标准,用于FH临床分类,诊断/分类辅助,专业标准,Simon Broome,https://qxmd.com/calculate/,外部来源公式级核对并接入Python实现,B：临床计算器平台收录，需回源核公式,中高：临床常见或教学/决策支持常用,已完成公式/规则级外部来源核对并接入Python实现,用于临床决策支持、教学或质量评估；不能替代完整指南和临床判断,,外部来源扩展补充,,Python实现采用预编码或预评分输入，未复刻受版权保护的完整问卷题干。
CALC-0716,呼吸、睡眠与肺血管医学,哮喘,哮喘控制,哮喘控制测试,"Asthma Control Test, ACT",items,ACT总分和哮喘控制分层,5个预评分条目各1-5分求和。,>=20控制良好；16-19控制不佳；<=15控制很差。,症状/功能量表,患者报告量表/量表官网,"Asthma Control Test, ACT",https://www.asthmacontroltest.com/,外部来源公式级核对并接入Python实现,C：可追溯外部来源，需确认版本、版权和适用人群,中：专科、研究或随访场景常用，泛临床频率不一,已完成公式/规则级外部来源核对并接入Python实现,用于临床决策支持、教学或质量评估；不能替代完整指南和临床判断,,外部来源扩展补充,,Python实现采用预评分条目输入，未复刻受版权保护的完整问卷题干。
CALC-0717,呼吸、睡眠与肺血管医学,哮喘,儿童哮喘控制,儿童哮喘控制测试,"Childhood Asthma Control Test, C-ACT",7个预编码C-ACT条目分值（不包含题干文本）,儿童哮喘控制测试总分,7项预编码分值求和，总分0-27,总分>=20提示可能控制良好；<20提示控制不佳,症状/功能量表,患者报告量表,Childhood Asthma Control Test,https://www.asthmacontroltest.com/,专业机构/量表官网/大学或研究工具,C：可追溯外部来源，需确认版本、版权和适用人群,中：专科、研究或随访场景常用，泛临床频率不一,可追溯来源覆盖；适合候选清单，实施前需逐项核原始公式,真实存在且可追溯；是否适合上线取决于授权、验证质量和本地化,,外部来源扩展补充,,
CALC-0718,呼吸、睡眠与肺血管医学,哮喘,急性哮喘,成人急性哮喘严重度分层,Acute Asthma Severity Assessment,PEF/FEV1；SpO2；说话能力；呼吸频率；心率；意识；PaCO2,轻中重/危重哮喘,指南阈值综合判断,用于急性发作分级和处置强度,分期/分级,官方指南,GINA,https://ginasthma.org/,官方指南/专业协会/监管或分期体系,A：官方或专业协会来源,高：对应专科真实临床常用或指南推荐,指南级覆盖；适合做正式模块，但需锁定版本,真实临床使用；实现时需核对最新指南、适用人群和授权,,外部来源扩展补充,,
CALC-0719,呼吸、睡眠与肺血管医学,COPD,COPD,COPD综合评估,GOLD COPD Group Assessment,症状评分CAT或mMRC；急性加重次数；住院史,GOLD A/B/E或旧ABCD组,GOLD分组,用于COPD初始治疗路径,分期/分级,官方指南,GOLD COPD,https://goldcopd.org/,官方指南/专业协会/监管或分期体系,A：官方或专业协会来源,高：对应专科真实临床常用或指南推荐,指南级覆盖；适合做正式模块，但需锁定版本,真实临床使用；实现时需核对最新指南、适用人群和授权,,外部来源扩展补充,,
CALC-0720,呼吸、睡眠与肺血管医学,COPD,COPD急性加重,DECAF COPD急性加重死亡风险,DECAF Score,emrcd_grade; eosinophils_10e9_l; consolidation; arterial_ph; atrial_fibrillation,DECAF总分和AECOPD住院死亡风险层级,eMRCD呼吸困难、嗜酸细胞减少、实变、酸中毒和房颤按DECAF权重加分。,分数越高提示COPD急性加重住院死亡风险越高。,风险预测/预后评估,COPD急性加重预后评分/原始研究,DECAF derivation study,https://www.healthinnovationnenc.org.uk/wp-content/uploads/2021/08/DECAF-Derivation-Thorax.pdf,外部来源公式级核对并接入Python实现,A：官方/专业协会或原始评分体系来源,中高：临床常见或教学/决策支持常用,已完成公式/规则级外部来源核对并接入Python实现,用于临床决策支持、教学或质量评估；不能替代完整指南和临床判断,,外部来源扩展补充,,Python实现采用预编码或预评分输入，未复刻受版权保护的完整问卷题干。
CALC-0721,呼吸、睡眠与肺血管医学,肺纤维化,特发性肺纤维化,GAP特发性肺纤维化分期,GAP Index for IPF,age_years; sex; fvc_percent_predicted; dlco_percent_predicted; dlco_unable,GAP指数总分和IPF死亡风险分期,年龄、性别、FVC和DLCO/无法测DLCO按GAP指数加分并映射I-III期。,GAP分期越高提示IPF死亡风险越高。,风险预测/预后评估,IPF预后模型/医学计算器,GAP Index for IPF / original model,https://www.mdcalc.com/calc/2157/gap-index-idiopathic-pulmonary-fibrosis-ipf-mortality,外部来源公式级核对并接入Python实现,A：官方/专业协会或原始评分体系来源,中高：临床常见或教学/决策支持常用,已完成公式/规则级外部来源核对并接入Python实现,用于临床决策支持、教学或质量评估；不能替代完整指南和临床判断,,外部来源扩展补充,,Python实现采用预编码或预评分输入，未复刻受版权保护的完整问卷题干。
CALC-0722,呼吸、睡眠与肺血管医学,肺栓塞,肺栓塞,简化PESI肺栓塞风险,"Simplified Pulmonary Embolism Severity Index, sPESI",年龄；癌症；心肺病；心率；收缩压；SpO2,30日死亡风险分层,6项各1分,0分低危；>=1高危,风险预测/预后评估,研究模型,sPESI,https://www.mdcalc.com/,医学计算器平台汇总,B：临床计算器平台收录，需回源核公式,中高：临床常见或教学/决策支持常用,平台级覆盖；适合候选清单，公式需逐项回源验证,多为真实使用的临床决策支持工具，但不能替代原始指南,,外部来源扩展补充,,
CALC-0723,呼吸、睡眠与肺血管医学,肺栓塞,肺栓塞,BOVA肺栓塞并发症风险,Bova Score,systolic_bp; elevated_troponin; right_ventricular_dysfunction; heart_rate,Bova总分和肺栓塞并发症风险分期,稳定肺栓塞患者按收缩压、肌钙蛋白、右室功能不全和心率加权评分。,I-III期提示短期PE相关并发症风险递增；不适用于血流动力学不稳定者。,风险预测/预后评估,肺栓塞风险评分/医学计算器,Bova Score / MDCalc,https://www.mdcalc.com/calc/4004/bova-score-pulmonary-embolism-complications,外部来源公式级核对并接入Python实现,A：官方/专业协会或原始评分体系来源,中高：临床常见或教学/决策支持常用,已完成公式/规则级外部来源核对并接入Python实现,用于临床决策支持、教学或质量评估；不能替代完整指南和临床判断,,外部来源扩展补充,,Python实现采用预编码或预评分输入，未复刻受版权保护的完整问卷题干。
CALC-0724,呼吸、睡眠与肺血管医学,睡眠,白天嗜睡,Karolinska嗜睡量表,"Karolinska Sleepiness Scale, KSS",当前主观嗜睡程度1-9级,KSS等级,Karolinska Sleepiness Scale单项1-9等级,等级越高表示越困倦；9级为非常困倦并努力保持清醒,症状/功能量表,患者报告量表,Karolinska Sleepiness Scale,https://qxmd.com/calculate/,医学计算器平台汇总,B：临床计算器平台收录，需回源核公式,中高：临床常见或教学/决策支持常用,平台级覆盖；适合候选清单，公式需逐项回源验证,多为真实使用的临床决策支持工具，但不能替代原始指南,,外部来源扩展补充,,
CALC-0725,呼吸、睡眠与肺血管医学,睡眠,睡眠质量,匹兹堡睡眠质量指数,"Pittsburgh Sleep Quality Index, PSQI",component_scores：7个PSQI成分预评分（每项0-3）,PSQI总分（0-21分）,7个成分预评分相加,>5常用作睡眠质量差筛查界值；分数越高睡眠质量越差,症状/功能量表,患者报告量表；预评分计分实现,University of Pittsburgh PSQI scoring instructions,https://www.sleep.pitt.edu/psqi,公开量表计分说明,B：公开量表计分/临床常用筛查工具,中高：临床常见或教学/决策支持常用,已实现7个成分预评分求和与常用>5界值解读；不包含问卷正文,用于睡眠质量筛查和随访；需结合临床背景，不替代睡眠障碍诊断,,外部来源扩展补充,,permission-safe prescored component implementation
CALC-0726,呼吸、睡眠与肺血管医学,睡眠,昼夜节律/轮班,MEQ晨晚型问卷,Morningness-Eveningness Questionnaire,score：MEQ总分（16-86分）,晨晚型分类,按总分区间分类：16-30明确晚型；31-41中度晚型；42-58中间型；59-69中度晨型；70-86明确晨型,用于昼夜节律偏好分型，分数越高越偏晨型,症状/功能量表,患者报告量表；预评分分类实现,American Thoracic Society MEQ scoring description,https://site.thoracic.org/assemblies/srn/sleep-related-questionnaires/meq,专业学会问卷说明,B：公开量表计分/临床研究常用工具,中高：临床常见或教学/决策支持常用,已实现总分输入的分型；不包含问卷正文,用于晨晚型倾向评估；排班、睡眠医学或研究场景需结合病史,,外部来源扩展补充,,permission-safe total score implementation
CALC-0727,呼吸、睡眠与肺血管医学,呼吸力学,呼吸机撤机,浅快呼吸指数,"Rapid Shallow Breathing Index, RSBI",respiratory_rate_bpm; tidal_volume_l 或 tidal_volume_ml,RSBI breaths/min/L,RSBI = 呼吸频率 / 潮气量(L),<=105通常对自主呼吸试验/撤机成功更有利；>105较不利。,公式计算/生理指标,医学计算器平台/原始研究,Rapid Shallow Breathing Index,https://www.mdcalc.com/calc/3626/rapid-shallow-breathing-index-rsbi,医学计算器平台与撤机指数文献核对,B：临床计算器平台收录并已核公式,中高：临床常见或教学/决策支持常用,已完成公式级外部来源核对并接入Python实现,用于临床决策支持、教学或质量评估；不能替代完整指南和临床判断,,外部来源验证,,
CALC-0728,消化、肝胆、内镜与营养,上消化道出血,非静脉曲张上消化道出血,AIMS65上消化道出血评分,AIMS65 Score,白蛋白；INR；意识；收缩压；年龄,院内死亡风险,5项各1分,分数越高死亡风险越高,风险预测/预后评估,研究模型,AIMS65,https://www.mdcalc.com/,医学计算器平台汇总,B：临床计算器平台收录，需回源核公式,中高：临床常见或教学/决策支持常用,平台级覆盖；适合候选清单，公式需逐项回源验证,多为真实使用的临床决策支持工具，但不能替代原始指南,,外部来源扩展补充,,
CALC-0729,消化、肝胆、内镜与营养,上消化道出血,上消化道出血,完整Rockall评分,Full Rockall Score,年龄；休克；合并病；内镜诊断；近期出血征象,再出血和死亡风险,临床+内镜评分,分数越高风险越高,风险预测/预后评估,研究模型,Rockall,https://www.mdcalc.com/,外部来源公式级核对并接入Python实现,B：临床计算器平台收录，需回源核公式,中高：临床常见或教学/决策支持常用,已完成公式/规则级外部来源核对并接入Python实现,用于临床决策支持、教学或质量评估；不能替代完整指南和临床判断,,外部来源扩展补充,,Python实现采用预编码或预评分输入，未复刻受版权保护的完整问卷题干。
CALC-0730,消化、肝胆、内镜与营养,IBD,克罗恩病,蒙特利尔克罗恩病分类,Montreal Classification for Crohn's Disease,age_at_diagnosis_years; location; upper_gi_modifier; behavior; perianal_modifier,蒙特利尔克罗恩病A/L/B分类代码,按诊断年龄、病变部位、上消化道修饰、行为和肛周修饰组合分类。,用于IBD表型描述，不代表活动度或治疗建议。,诊断/分类辅助,IBD分类体系,Montreal classification for IBD,https://crohnsandcolitis.ca/About-Crohn-s-Colitis/IBD-Journey/Recently-Diagnosed/Classification-of-IBD,外部来源公式级核对并接入Python实现,A：官方/专业协会或原始评分体系来源,中高：临床常见或教学/决策支持常用,已完成公式/规则级外部来源核对并接入Python实现,用于临床决策支持、教学或质量评估；不能替代完整指南和临床判断,,外部来源扩展补充,,Python实现采用预编码或预评分输入，未复刻受版权保护的完整问卷题干。
CALC-0731,消化、肝胆、内镜与营养,IBD,溃疡性结肠炎,蒙特利尔溃疡性结肠炎分类,Montreal Classification for Ulcerative Colitis,extent; severity,蒙特利尔溃疡性结肠炎E/S分类代码,按病变范围和严重度编码组合分类。,用于UC表型描述，不替代内镜和临床活动度评估。,诊断/分类辅助,IBD分类体系,Montreal classification for IBD,https://crohnsandcolitis.ca/About-Crohn-s-Colitis/IBD-Journey/Recently-Diagnosed/Classification-of-IBD,外部来源公式级核对并接入Python实现,A：官方/专业协会或原始评分体系来源,中高：临床常见或教学/决策支持常用,已完成公式/规则级外部来源核对并接入Python实现,用于临床决策支持、教学或质量评估；不能替代完整指南和临床判断,,外部来源扩展补充,,Python实现采用预编码或预评分输入，未复刻受版权保护的完整问卷题干。
CALC-0732,消化、肝胆、内镜与营养,肠易激综合征,肠易激综合征,IBS严重度评分,"IBS Severity Scoring System, IBS-SSS",腹痛程度和频率；腹胀；排便满意度；生活影响,IBS-SSS总分,5项VAS合计,轻、中、重度症状分层,症状/功能量表,患者报告量表,IBS-SSS,https://qxmd.com/calculate/,外部来源公式级核对并接入Python实现,B：临床计算器平台收录，需回源核公式,中高：临床常见或教学/决策支持常用,已完成公式/规则级外部来源核对并接入Python实现,用于临床决策支持、教学或质量评估；不能替代完整指南和临床判断,,外部来源扩展补充,,Python实现采用预编码或预评分输入，未复刻受版权保护的完整问卷题干。
CALC-0733,消化、肝胆、内镜与营养,GERD,胃食管反流病,GERD问卷,"GERD Questionnaire, GERD-Q",items：6个GERD-Q预评分项目（每项0-3）,GERD-Q总分（0-18分）,6个预评分项目相加,>=8支持GERD可能性增加；分数越高症状负担越重,症状/功能量表,患者报告量表；预评分计分实现,Jones et al. GerdQ development and validation,https://pubmed.ncbi.nlm.nih.gov/19440290/,同行评议文献/公开计分规则,B：公开量表计分/临床研究常用工具,中高：临床常见或教学/决策支持常用,已实现6项预评分求和和常用>=8界值；不包含问卷正文,用于GERD症状评估和初筛；报警症状或复杂病例需进一步评估,,外部来源扩展补充,,permission-safe prescored item implementation
CALC-0734,消化、肝胆、内镜与营养,内镜,结肠镜质量,腺瘤检出率,"Adenoma Detection Rate, ADR",colonoscopies_with_at_least_one_adenoma; total_screening_colonoscopies,ADR百分比,ADR = 至少检出一个腺瘤的筛查结肠镜例数 / 筛查结肠镜总数 * 100,用于结肠镜质量评估；目标阈值应按最新ASGE/ACG质量指标和人群类型执行。,质量改进/流程评估,专业学会质量指标,ASGE/ACG Quality Indicators for Colonoscopy,https://www.asge.org/docs/default-source/education/practice_guidelines/doc-quality-indicators-for-colonoscopy.pdf,专业学会指南/质量指标,A：专业学会指南/质量指标,高：对应专科真实临床常用或指南推荐,已完成公式级外部来源核对并接入Python实现,用于临床决策支持、教学或质量评估；不能替代完整指南和临床判断,,外部来源验证,,
CALC-0735,消化、肝胆、内镜与营养,内镜,肠道准备,波士顿肠道准备量表,"Boston Bowel Preparation Scale, BBPS",right_colon; transverse_colon; left_colon,BBPS总分和肠道准备充分性解释,右半结肠、横结肠、左半结肠各0-3分求和，满分9分。,分数越高表示肠道准备越充分；低段分或低总分提示检查质量不足。,分期/分级,内镜质量评分,Boston Bowel Preparation Scale,https://www.endoscopy-campus.com/en/classifications/boston-bowel-preparation-scale-bbps/,外部来源公式级核对并接入Python实现,A：官方/专业协会或原始评分体系来源,中高：临床常见或教学/决策支持常用,已完成公式/规则级外部来源核对并接入Python实现,用于临床决策支持、教学或质量评估；不能替代完整指南和临床判断,,外部来源扩展补充,,Python实现采用预编码或预评分输入，未复刻受版权保护的完整问卷题干。
CALC-0736,消化、肝胆、内镜与营养,肝病,肝纤维化,Forns肝纤维化指数,Forns Index,age_years; ggt_u_l; cholesterol_mg_dl; platelets_10e9_l,Forns Index,Forns = 7.811 - 3.131*ln(platelets) + 0.781*ln(GGT) + 3.467*ln(age) - 0.014*cholesterol,<4.2显著纤维化概率低；>6.9显著纤维化概率高；中间区间不确定。,风险预测/预后评估,原始论文/循证综述,Forns Index for liver fibrosis,https://www.aafp.org/pubs/afp/issues/2011/1215/p1353.html,循证医学资料与原始模型核对,B：可靠医学资料并已核公式,中高：临床常见或教学/决策支持常用,已完成公式级外部来源核对并接入Python实现,用于临床决策支持、教学或质量评估；不能替代完整指南和临床判断,,外部来源验证,,公式中胆固醇单位按mg/dL实现。
CALC-0737,消化、肝胆、内镜与营养,肝病,肝纤维化,AST/ALT比值,AST to ALT Ratio,AST；ALT,AST/ALT比值,AST / ALT,比值升高可见进展纤维化或酒精相关肝病，需结合背景,公式计算/生理指标,医学计算器平台,MDCalc calculator library,https://www.mdcalc.com/,医学计算器平台汇总,B：临床计算器平台收录，需回源核公式,中高：临床常见或教学/决策支持常用,平台级覆盖；适合候选清单，公式需逐项回源验证,多为真实使用的临床决策支持工具，但不能替代原始指南,,外部来源扩展补充,,
CALC-0738,消化、肝胆、内镜与营养,胰腺,自身免疫性胰腺炎,HISORt自身免疫性胰腺炎标准,HISORt Criteria,组织学；影像；血清IgG4；其他器官受累；激素反应,AIP诊断支持,HISORt框架,用于AIP诊断辅助,诊断/分类辅助,专业标准,HISORt,https://qxmd.com/calculate/,外部来源公式级核对并接入Python实现,B：临床计算器平台收录，需回源核公式,中高：临床常见或教学/决策支持常用,已完成公式/规则级外部来源核对并接入Python实现,用于临床决策支持、教学或质量评估；不能替代完整指南和临床判断,,外部来源扩展补充,,Python实现采用预编码或预评分输入，未复刻受版权保护的完整问卷题干。
CALC-0739,消化、肝胆、内镜与营养,肝癌,肝细胞癌,BCLC肝癌分期,Barcelona Clinic Liver Cancer Staging,ecog_performance_status; child_pugh_class; single_tumor; tumor_count; largest_tumor_cm; portal_invasion; extrahepatic_spread,BCLC 0、A、B、C或D期,按ECOG、Child-Pugh、肿瘤负荷、血管侵犯和肝外转移映射BCLC分期。,分期越高通常提示预后更差和治疗强度/路径不同。,分期/分级,肝癌指南分期体系,Barcelona Clinic Liver Cancer Staging / EASL,https://www.easl.eu/,外部来源公式级核对并接入Python实现,A：官方/专业协会或原始评分体系来源,高：对应专科真实临床常用或指南推荐,已完成公式/规则级外部来源核对并接入Python实现,用于临床决策支持、教学或质量评估；不能替代完整指南和临床判断,,外部来源扩展补充,,Python实现为简化结构化分期映射。
CALC-0740,肾脏、泌尿与男科,CKD,慢性肾病,CKD-EPI肌酐-胱抑素C联合方程,CKD-EPI Creatinine-Cystatin C Equation,age_years; serum_creatinine_mg_dl; cystatin_c_mg_l; sex,eGFR mL/min/1.73m^2,"2021 CKD-EPI creatinine-cystatin C equation using age, sex, serum creatinine, and cystatin C.",Estimated GFR for adults; values require steady-state kidney function and clinical context.,公式计算/生理指标,官方/专业协会公式工具,NKF CKD-EPI creatinine-cystatin equation 2021,https://www.kidney.org/professionals/ckd-epi-creatinine-cystatin-equation-2021,外部来源公式级核对并接入Python实现,A：官方或专业协会来源,高：对应专科真实临床常用或指南推荐,已完成公式级外部来源核对并接入Python实现,用于成人eGFR估算；不能替代完整CKD评估和实验室校准要求,,外部来源扩展补充,,成人公式，Python实现要求age_years >= 18。
CALC-0741,肾脏、泌尿与男科,CKD,白蛋白尿,蛋白肌酐比换算,Protein-to-Creatinine Ratio Interpretation,尿蛋白；尿肌酐；单位,PCR和蛋白尿分级,尿蛋白/尿肌酐,用于蛋白尿量化，单位需严格,公式计算/生理指标,临床指标,KDIGO CKD,https://kdigo.org/guidelines/,官方指南/专业协会/监管或分期体系,A：官方或专业协会来源,高：对应专科真实临床常用或指南推荐,指南级覆盖；适合做正式模块，但需锁定版本,真实临床使用；实现时需核对最新指南、适用人群和授权,,外部来源扩展补充,,
CALC-0742,肾脏、泌尿与男科,AKI,肾小管功能,尿渗透压间隙,Urine Osmolal Gap,measured_urine_osmolality_mOsm_kg; urine_sodium_mEq_l; urine_potassium_mEq_l; urine_urea_nitrogen_mg_dl; urine_glucose_mg_dl,urine osmolal gap mOsm/kg,Urine osmolal gap = measured urine osmolality - [2*(urine sodium + urine potassium) + urine urea nitrogen/2.8 + urine glucose/18].,Positive gap can support indirect urinary ammonium estimation in appropriate acid-base contexts.,公式计算/生理指标,临床公式/研究资料,Urine osmolal gap and urinary ammonium estimation formula,https://www.nature.com/articles/s41598-025-05249-w,外部来源公式级核对并接入Python实现,B：可靠医学资料并已核公式,中高：临床常见或教学/决策支持常用,已完成公式级外部来源核对并接入Python实现,用于酸碱评估辅助；不能替代直接尿铵测定或完整临床判断,,外部来源扩展补充,,尿素氮和葡萄糖按mg/dL换算。
CALC-0743,肾脏、泌尿与男科,AKI,代谢性酸中毒,尿铵估算,Estimated Urinary Ammonium,measured_urine_osmolality_mOsm_kg; urine_sodium_mEq_l; urine_potassium_mEq_l; urine_urea_nitrogen_mg_dl; urine_glucose_mg_dl,estimated urinary ammonium mEq/L,Estimated urinary ammonium = urine osmolal gap / 2.,Indirect ammonium estimate for metabolic acidosis workup; interpret with urine electrolytes and clinical context.,诊断/分类辅助,临床公式/研究资料,Urine osmolal gap and urinary ammonium estimation formula,https://www.nature.com/articles/s41598-025-05249-w,外部来源公式级核对并接入Python实现,B：可靠医学资料并已核公式,中高：临床常见或教学/决策支持常用,已完成公式级外部来源核对并接入Python实现,用于酸碱评估辅助；不能替代直接尿铵测定或完整临床判断,,外部来源扩展补充,,基于尿渗透压间隙除以2的间接估算。
CALC-0744,肾脏、泌尿与男科,透析,血液透析,Daugirdas二代Kt/V,Daugirdas Second-Generation Kt/V,pre_bun_mg_dl; post_bun_mg_dl; dialysis_hours; ultrafiltration_l; post_weight_kg,单室Kt/V,spKt/V = -ln(R - 0.008*t) + (4 - 3.5*R) * UF / W；R=透后BUN/透前BUN，t=小时，UF=L，W=透后体重kg。,用于血液透析充分性评估；目标阈值按KDOQI等透析充分性指南解释。,公式计算/生理指标,专业指南/透析充分性公式,Daugirdas second-generation single-pool Kt/V / KDOQI Hemodialysis Adequacy,https://www.kidney.org/professionals/guidelines,肾脏专业指南与公式资料核对,A：专业指南/常用透析公式,高：对应专科真实临床常用或指南推荐,已完成公式级外部来源核对并接入Python实现,用于临床决策支持、教学或质量评估；不能替代完整指南和临床判断,,外部来源验证,,复用现有Daugirdas II Python实现。
CALC-0745,肾脏、泌尿与男科,透析,透析通路,透析通路感染风险提示,Dialysis Access Infection Risk Support,通路类型；发热；局部表现；血培养；透析龄；既往感染,感染风险和处理提示,风险因素清单,用于提醒血培养和通路评估,风险预测/预后评估,指南框架,KDOQI Vascular Access,https://www.kidney.org/professionals/guidelines,官方指南/专业协会/监管或分期体系,A：官方或专业协会来源,高：对应专科真实临床常用或指南推荐,指南级覆盖；适合做正式模块，但需锁定版本,真实临床使用；实现时需核对最新指南、适用人群和授权,,外部来源扩展补充,,
CALC-0746,肾脏、泌尿与男科,泌尿结石,成人急性肾绞痛,CHOKAI输尿管结石预测,CHOKAI Score,恶心或呕吐；肾积水；尿隐血；结石史；性别；年龄；6小时内疼痛减轻,0–13分CHOKAI总分,恶心呕吐1分；肾积水4分；尿隐血3分；结石史1分；男性1分；年龄小于60岁1分；6小时内疼痛减轻2分,2026年前瞻性验证队列中大于等于8分为最佳阈值；敏感度88%；特异度80%；不可单独决定影像检查,诊断/分类辅助,开放获取前瞻性验证研究,Evaluation of STONE modified STONE and CHOKAI scores for predicting ureteric stone disease,https://europepmc.org/articles/PMC12818773,原始文献回源,C：研究验证模型，需确认外部验证和适用人群,中高：临床常见或教学/决策支持常用,已回源完整项目表并实现；验证阈值具有队列依赖性,适用于因急性腰腹痛接受输尿管结石评估的成人；不能排除其他病因或替代影像判断,2026,开放原始文献实现,source_backed_implementation,
CALC-0747,肾脏、泌尿与男科,下尿路,排尿症状,丹麦前列腺症状评分,DAN-PSS,symptom_scores; bother_scores,DAN-PSS总分和逐项乘积分,每项症状频率分*困扰分后求和。,分数越高提示下尿路症状负担越重。,症状/功能量表,患者报告量表/医学计算器,DAN-PSS / QxMD Calculate,https://qxmd.com/calculate/,外部来源公式级核对并接入Python实现,B：临床计算器平台收录，需回源核公式,中高：临床常见或教学/决策支持常用,已完成公式/规则级外部来源核对并接入Python实现,用于临床决策支持、教学或质量评估；不能替代完整指南和临床判断,,外部来源扩展补充,,Python实现采用预评分症状和困扰输入，未复刻受版权保护的完整问卷题干。
CALC-0748,肾脏、泌尿与男科,尿失禁,压力性尿失禁,ICIQ尿失禁简表,ICIQ-UI Short Form,frequency：漏尿频率评分0-5；amount：漏尿量评分0-6；life_impact：生活影响评分0-10,ICIQ-UI SF总分（0-21分）,frequency + amount + life_impact,分数越高尿失禁症状和生活影响越重,症状/功能量表,患者报告结局工具；预评分计分实现,ICIQ-UI Short Form official scoring,https://iciq.net/iciq-ui-sf,官方量表平台,C：标准PRO工具，需遵守授权和版本要求,中：专科门诊、研究或随访常用,已实现3个计分域求和；不包含问卷正文或翻译文本,用于尿失禁症状负担和随访；使用正式问卷文本需遵守ICIQ授权,,外部来源扩展补充,,permission-safe scored-domain implementation
CALC-0749,肾脏、泌尿与男科,膀胱癌,膀胱癌,肌层浸润膀胱癌TNM分期,Bladder Cancer TNM Staging,膀胱壁侵犯；淋巴结；远处转移,TNM分期,AJCC TNM规则,用于治疗和预后分层,分期/分级,官方分期,AJCC,https://www.facs.org/quality-programs/cancer-programs/american-joint-committee-on-cancer/,官方指南/专业协会/监管或分期体系,A：官方或专业协会来源,高：肿瘤专科分期/路径常用,肿瘤分期覆盖；需按癌种和版本维护,真实临床使用；实现时需核对最新指南、适用人群和授权,,外部来源扩展补充,,
CALC-0750,肾脏、泌尿与男科,肾癌,肾细胞癌,肾细胞癌TNM分期,Renal Cell Carcinoma TNM Staging,肿瘤大小/侵犯；区域淋巴结；远处转移,RCC TNM分期,AJCC TNM规则,用于肾癌治疗路径和预后,分期/分级,官方分期,AJCC,https://www.facs.org/quality-programs/cancer-programs/american-joint-committee-on-cancer/,官方指南/专业协会/监管或分期体系,A：官方或专业协会来源,高：肿瘤专科分期/路径常用,肿瘤分期覆盖；需按癌种和版本维护,真实临床使用；实现时需核对最新指南、适用人群和授权,,外部来源扩展补充,,
CALC-0751,肾脏、泌尿与男科,男科,早泄,早泄诊断工具,"Premature Ejaculation Diagnostic Tool, PEDT",items：5个PEDT预评分项目（每项0-4）,PEDT总分（0-20分）,5个预评分项目相加,<=8不支持早泄；9-10可能；>=11提示可能性高,症状/功能量表,患者报告量表；预评分计分实现,Symonds et al. Premature Ejaculation Diagnostic Tool validation,https://pubmed.ncbi.nlm.nih.gov/17482915/,同行评议文献/公开计分规则,B：公开量表计分/专科常用筛查工具,中高：临床常见或教学/决策支持常用,已实现5项预评分求和和常用阈值分类；不包含问卷正文,用于早泄症状筛查和沟通；诊断仍需结合病史和临床判断,,外部来源扩展补充,,permission-safe prescored item implementation
CALC-0752,感染、抗菌药与旅行医学,感染性心内膜炎,心内膜炎,PREDICT心内膜炎风险,PREDICT Score for Infective Endocarditis,血培养菌种；心脏装置；既往IE；瓣膜病；社区获得等,IE风险和超声需求辅助,PREDICT模型,高风险提示TEE评估价值,风险预测/预后评估,研究模型,PREDICT IE,https://qxmd.com/calculate/,外部来源公式级核对并接入Python实现,B：临床计算器平台收录，需回源核公式,中高：临床常见或教学/决策支持常用,已完成公式/规则级外部来源核对并接入Python实现,用于临床决策支持、教学或质量评估；不能替代完整指南和临床判断,,外部来源扩展补充,,Python实现采用预编码或预评分输入，未复刻受版权保护的完整问卷题干。
CALC-0753,感染、抗菌药与旅行医学,菌血症,金黄色葡萄球菌菌血症,VIRSTA金葡菌菌血症心内膜炎风险,VIRSTA Score,社区获得；持续菌血症；栓塞；脑膜炎；装置；既往瓣膜病等,IE风险,VIRSTA加权评分,低分可辅助识别低IE风险,风险预测/预后评估,研究模型,VIRSTA,https://www.mdcalc.com/,外部来源公式级核对并接入Python实现,B：临床计算器平台收录，需回源核公式,中高：临床常见或教学/决策支持常用,已完成公式/规则级外部来源核对并接入Python实现,用于临床决策支持、教学或质量评估；不能替代完整指南和临床判断,,外部来源扩展补充,,Python实现采用预编码或预评分输入，未复刻受版权保护的完整问卷题干。
CALC-0754,感染、抗菌药与旅行医学,脑膜炎,细菌性脑膜炎,脑膜炎细菌性预测评分,Bacterial Meningitis Score,脑脊液中性粒；蛋白；外周中性粒；癫痫；CSF革兰染色,儿童细菌性脑膜炎风险,BMS评分,低危可辅助减少不必要治疗，需严格适用,风险预测/预后评估,研究模型,Bacterial Meningitis Score,https://www.mdcalc.com/,外部来源公式级核对并接入Python实现,B：临床计算器平台收录，需回源核公式,中高：临床常见或教学/决策支持常用,已完成公式/规则级外部来源核对并接入Python实现,用于临床决策支持、教学或质量评估；不能替代完整指南和临床判断,,外部来源扩展补充,,Python实现采用预编码或预评分输入，未复刻受版权保护的完整问卷题干。
CALC-0755,感染、抗菌药与旅行医学,脑膜炎,成人脑膜炎,Hoen细菌性脑膜炎评分,Hoen Score,癫痫；颈强直；CSF中性粒；CSF蛋白；血糖/CSF糖等,细菌性脑膜炎可能性,Hoen模型,用于成人脑膜炎鉴别辅助,诊断/分类辅助,研究模型,Hoen Score,https://qxmd.com/calculate/,医学计算器平台汇总,B：临床计算器平台收录，需回源核公式,中高：临床常见或教学/决策支持常用,平台级覆盖；适合候选清单，公式需逐项回源验证,多为真实使用的临床决策支持工具，但不能替代原始指南,,外部来源扩展补充,,
CALC-0756,感染、抗菌药与旅行医学,HIV,机会感染,AIDS机会感染风险按CD4分层,Opportunistic Infection Risk by CD4 Count,CD4计数；HIV RNA；既往OI；预防用药,OI风险和预防提示,CD4阈值和疾病清单,低CD4提示特定OI预防和筛查,风险预测/预后评估,官方指南,NIH HIV OI Guidelines,https://clinicalinfo.hiv.gov/,官方指南/专业协会/监管或分期体系,A：官方或专业协会来源,高：对应专科真实临床常用或指南推荐,指南级覆盖；适合做正式模块，但需锁定版本,真实临床使用；实现时需核对最新指南、适用人群和授权,,外部来源扩展补充,,
CALC-0757,感染、抗菌药与旅行医学,HCV,丙肝治疗,HCV治疗前肝硬化失代偿风险提示,HCV Cirrhosis Treatment Risk Support,Child-Pugh；MELD；药物禁忌；肾功能；HBV；相互作用,治疗风险和转诊提示,指南检查清单,用于抗病毒治疗前安全核对,治疗路径/安全核对,官方指南,AASLD-IDSA HCV Guidance,https://www.hcvguidelines.org/,官方指南/专业协会/监管或分期体系,A：官方或专业协会来源,高：对应专科真实临床常用或指南推荐,指南级覆盖；适合做正式模块，但需锁定版本,真实临床使用；实现时需核对最新指南、适用人群和授权,,外部来源扩展补充,,
CALC-0758,感染、抗菌药与旅行医学,COVID-19,COVID-19住院风险,ISARIC 4C恶化评分,ISARIC 4C Deterioration Score,年龄；性别；院内感染；胸片浸润；氧疗；GCS低于15；呼吸频率；血氧饱和度；尿素；CRP；淋巴细胞,住院恶化概率百分比,含截距和二分类系数的多变量Logistic模型；连续变量使用论文补充表3限定性三次样条结点,结局为住院期间需要通气支持或进入重症监护或死亡；跨地区使用前需验证校准,风险预测/预后评估,开放获取原始预测模型,Development and validation of the ISARIC 4C Deterioration model for adults hospitalised with COVID-19,https://europepmc.org/articles/PMC7832571,原始论文及补充材料回源,C：研究验证模型，需确认外部验证和适用人群,中：专病或研究场景常用，泛临床频率不一,已按补充表3实现全部系数和样条结点并与官方计算器交叉核对,适用于住院COVID-19成人入院时风险估计；源自英国早期疫情队列；跨时间和地区使用需重新验证,2021,开放原始文献实现,source_backed_implementation,
CALC-0759,感染、抗菌药与旅行医学,旅行医学,疟疾严重度,重症疟疾WHO标准,WHO Severe Malaria Criteria,parasitemia_percent; hemoglobin_g_dl; impaired_consciousness; seizures; shock; pulmonary_edema_or_ards; acidosis; acute_kidney_injury; abnormal_bleeding_or_dic; jaundice,是否符合重症疟疾标准及满足条件列表,按CDC/WHO重症疟疾实验室和临床标准逐项判断。,任一重症标准阳性提示需紧急治疗和高级别监护评估。,诊断/分类辅助,传染病指南诊断标准,CDC/WHO Severe Malaria Criteria,https://www.who.int/,外部来源公式级核对并接入Python实现,A：官方/专业协会或原始评分体系来源,高：对应专科真实临床常用或指南推荐,已完成公式/规则级外部来源核对并接入Python实现,用于临床决策支持、教学或质量评估；不能替代完整指南和临床判断,,外部来源扩展补充,,Python实现采用结构化临床和实验室标准输入。
CALC-0760,感染、抗菌药与旅行医学,旅行医学,登革热,WHO登革热警示征象,WHO Dengue Warning Signs,abdominal_pain_or_tenderness; persistent_vomiting; clinical_fluid_accumulation; mucosal_bleeding; lethargy_or_restlessness; liver_enlargement_gt_2cm; hematocrit_increase_with_rapid_platelet_decrease,WHO登革热警示征象有无、数量和条目列表,WHO登革热警示征象任一阳性即提示有警示征象。,有警示征象提示需严密观察、补液和住院评估。,分诊/流程决策,传染病指南分类标准,WHO Dengue Warning Signs,https://www.who.int/,外部来源公式级核对并接入Python实现,A：官方/专业协会或原始评分体系来源,高：对应专科真实临床常用或指南推荐,已完成公式/规则级外部来源核对并接入Python实现,用于临床决策支持、教学或质量评估；不能替代完整指南和临床判断,,外部来源扩展补充,,Python实现采用布尔警示征象输入。
CALC-0761,感染、抗菌药与旅行医学,旅行医学,狂犬病暴露,WHO狂犬病暴露分类,WHO Rabies Exposure Category,transdermal_bite_or_scratch; mucous_membrane_saliva_contact; lick_on_broken_skin; bat_exposure; nibbling_uncovered_skin; minor_scratch_or_abrasion_without_bleeding; touching_or_feeding_animals; licks_on_intact_skin,WHO狂犬病暴露类别和处置提示,按WHO I/II/III类暴露规则取最高适用暴露类别。,II/III类通常需疫苗；III类还需评估狂犬病免疫球蛋白。,分诊/流程决策,传染病暴露分类/WHO指南,WHO Rabies Exposure Category,https://www.who.int/,外部来源公式级核对并接入Python实现,A：官方/专业协会或原始评分体系来源,高：对应专科真实临床常用或指南推荐,已完成公式/规则级外部来源核对并接入Python实现,用于临床决策支持、教学或质量评估；不能替代完整指南和临床判断,,外部来源扩展补充,,Python实现采用结构化暴露类型布尔输入。
CALC-0762,感染、抗菌药与旅行医学,抗菌药,抗菌药 stewardship,抗菌药去阶梯化适宜性检查,Antimicrobial De-escalation Checklist,培养结果；感染源控制；临床稳定；窄谱可选；疗程；过敏,去阶梯化候选提示,AMS检查清单,用于抗菌药管理团队审核,治疗路径/安全核对,指南/质量改进,CDC Core Elements,https://www.cdc.gov/antibiotic-use/core-elements/,官方指南/专业协会/监管或分期体系,A：官方或专业协会来源,高：对应专科真实临床常用或指南推荐,指南级覆盖；适合做正式模块，但需锁定版本,真实临床使用；实现时需核对最新指南、适用人群和授权,,外部来源扩展补充,,
CALC-0763,感染、抗菌药与旅行医学,感染控制,手术部位感染,NHSN手术部位感染分类,NHSN Surgical Site Infection Classification,感染深度；器官腔隙；时间窗；培养；临床证据,浅表/深部/器官腔隙SSI,CDC NHSN定义,用于感染监测和上报,诊断/分类辅助,官方监测标准,CDC NHSN,https://www.cdc.gov/nhsn/,官方指南/专业协会/监管或分期体系,A：官方或专业协会来源,高：对应专科真实临床常用或指南推荐,指南级覆盖；适合做正式模块，但需锁定版本,真实临床使用；实现时需核对最新指南、适用人群和授权,,外部来源扩展补充,,
CALC-0764,妇产、儿科与新生儿,产科高危,早产,QUiPP早产风险,QUiPP Preterm Birth Risk,孕周；既往早产；宫颈长度；胎儿纤连蛋白；症状,短期或孕期早产风险,QUiPP模型,用于早产风险咨询和分流,风险预测/预后评估,研究模型,QUiPP,https://quipp.org/,文献研究模型/预测模型,C：研究验证模型，需确认外部验证和适用人群,中：专病或研究场景常用，泛临床频率不一,专病模型覆盖；上线前需评估校准和本地化,真实存在且可能使用；是否适合临床产品取决于验证质量,,外部来源扩展补充,,
CALC-0765,妇产、儿科与新生儿,产科高危,子痫前期,fullPIERS子痫前期风险模型,fullPIERS Model,入组时孕周；胸痛或呼吸困难；血清肌酐；血小板；AST；SpO2,48小时严重不良母体结局风险百分比,原始fullPIERS多变量Logistic方程（含血小板平方、AST平方及肌酐×血小板、血小板×AST、血小板×SpO2交互项）,仅适用于已确诊并住院的子痫前期患者；不是筛查或诊断工具，不得延迟监护、转诊或分娩决策,风险预测/预后评估,原始研究及开放外部验证,fullPIERS original equation and external validation,https://pmc.ncbi.nlm.nih.gov/articles/PMC7643272/,文献研究模型/预测模型,C：可追溯研究模型，需确认外部验证和适用人群,中高：临床常见或教学/决策支持常用,已实现完整原始方程、交互项和48小时风险分层；开放外部验证论文独立复述方程,开发队列为三级医疗机构收治的子痫前期患者；采用结局发生前最异常预测值；缺失SpO2的原研究约定为97%,2011,source_backed_implementation,,原始研究PMID 21185591；doi:10.1016/S0140-6736(10)61351-7；方程开放复述doi:10.1186/s12884-020-03332-w
CALC-0766,妇产、儿科与新生儿,产科高危,产科预警,改良产科早期预警评分,"Modified Obstetric Early Warning Score, MEOWS",呼吸；SpO2；体温；心率；血压；意识；疼痛；尿量等,产科恶化风险,MEOWS参数阈值,异常触发升级评估,分诊/流程决策,安全预警工具,MEOWS,https://qxmd.com/calculate/,外部来源公式级核对并接入Python实现,B：临床计算器平台收录，需回源核公式,中高：临床常见或教学/决策支持常用,已完成公式/规则级外部来源核对并接入Python实现,用于临床决策支持、教学或质量评估；不能替代完整指南和临床判断,,外部来源扩展补充,,Python实现采用预编码或预评分输入，未复刻受版权保护的完整问卷题干。
CALC-0767,妇产、儿科与新生儿,产科高危,肩难产,肩难产风险提示,Shoulder Dystocia Risk Support,既往肩难产；胎儿体重估计；糖尿病；产程；器械助产；BMI,肩难产风险提示,风险因素清单,用于分娩准备，不可准确预测个体事件,风险预测/预后评估,指南框架,ACOG Shoulder Dystocia,https://www.acog.org/,官方指南/专业协会/监管或分期体系,A：官方或专业协会来源,高：对应专科真实临床常用或指南推荐,指南级覆盖；适合做正式模块，但需锁定版本,真实临床使用；实现时需核对最新指南、适用人群和授权,,外部来源扩展补充,,
CALC-0768,妇产、儿科与新生儿,产科高危,产科肛门括约肌损伤,OASIS风险提示,Obstetric Anal Sphincter Injury Risk Support,初产；胎儿体重；器械助产；枕后位；肩难产；会阴切开类型,OASIS风险提示,风险因素清单,用于分娩咨询和保护策略,风险预测/预后评估,指南框架,RCOG OASIS,https://www.rcog.org.uk/,官方指南/专业协会/监管或分期体系,A：官方或专业协会来源,高：对应专科真实临床常用或指南推荐,指南级覆盖；适合做正式模块，但需锁定版本,真实临床使用；实现时需核对最新指南、适用人群和授权,,外部来源扩展补充,,
CALC-0769,妇产、儿科与新生儿,生殖医学,卵巢反应,POSEIDON低预后分类,POSEIDON Criteria,年龄；卵巢储备；既往获卵数；AFC/AMH,POSEIDON组别,四组分类,用于辅助生殖低预后患者分层,诊断/分类辅助,专业标准,POSEIDON,https://qxmd.com/calculate/,外部来源公式级核对并接入Python实现,B：临床计算器平台收录，需回源核公式,中高：临床常见或教学/决策支持常用,已完成公式/规则级外部来源核对并接入Python实现,用于临床决策支持、教学或质量评估；不能替代完整指南和临床判断,,外部来源扩展补充,,Python实现采用预编码或预评分输入，未复刻受版权保护的完整问卷题干。
CALC-0770,妇产、儿科与新生儿,生殖医学,胚胎质量,Gardner囊胚评分,Gardner Blastocyst Grading,囊胚扩张度；内细胞团；滋养外胚层,囊胚等级,Gardner分级,用于胚胎实验室标准化描述,分期/分级,实验室分级,Gardner Grading,https://qxmd.com/calculate/,外部来源公式级核对并接入Python实现,B：临床计算器平台收录，需回源核公式,中高：临床常见或教学/决策支持常用,已完成公式/规则级外部来源核对并接入Python实现,用于临床决策支持、教学或质量评估；不能替代完整指南和临床判断,,外部来源扩展补充,,Python实现采用预编码或预评分输入，未复刻受版权保护的完整问卷题干。
CALC-0771,妇产、儿科与新生儿,新生儿,早产儿,CRIB-II新生儿风险评分,Clinical Risk Index for Babies II,出生体重；胎龄；性别；体温；碱剩余,新生儿死亡风险评分,CRIB-II模型,分数越高风险越高,风险预测/预后评估,研究模型,CRIB-II,https://www.mdcalc.com/,医学计算器平台汇总,B：临床计算器平台收录，需回源核公式,中高：临床常见或教学/决策支持常用,平台级覆盖；适合候选清单，公式需逐项回源验证,多为真实使用的临床决策支持工具，但不能替代原始指南,,外部来源扩展补充,,
CALC-0772,妇产、儿科与新生儿,新生儿,早产儿,新生儿呼吸支持风险指数,Neonatal Respiratory Severity Score,平均气道压；FiO2；氧合指标,呼吸严重度指标,RSS = MAP * FiO2,越高提示呼吸支持强度越高,公式计算/生理指标,临床指标,RSS,https://qxmd.com/calculate/,医学计算器平台汇总,B：临床计算器平台收录，需回源核公式,中高：临床常见或教学/决策支持常用,平台级覆盖；适合候选清单，公式需逐项回源验证,多为真实使用的临床决策支持工具，但不能替代原始指南,,外部来源扩展补充,,
CALC-0773,妇产、儿科与新生儿,儿科心血管,川崎病,Kobayashi IVIG无反应评分,Kobayashi Score,钠；AST；治疗前病日；中性粒；CRP；年龄；血小板,IVIG无反应风险,Kobayashi加权评分,高分提示IVIG无反应风险较高,风险预测/预后评估,研究模型,Kobayashi Score,https://www.mdcalc.com/,外部来源公式级核对并接入Python实现,B：临床计算器平台收录，需回源核公式,中高：临床常见或教学/决策支持常用,已完成公式/规则级外部来源核对并接入Python实现,用于临床决策支持、教学或质量评估；不能替代完整指南和临床判断,,外部来源扩展补充,,Python实现采用预编码或预评分输入，未复刻受版权保护的完整问卷题干。
CALC-0774,妇产、儿科与新生儿,儿科心血管,川崎病,Harada冠脉病变风险评分,Harada Score,白细胞；血小板；CRP；血细胞比容；白蛋白；年龄；性别,冠脉病变风险,Harada标准,用于川崎病冠脉风险辅助,风险预测/预后评估,研究模型,Harada Score,https://qxmd.com/calculate/,外部来源公式级核对并接入Python实现,B：临床计算器平台收录，需回源核公式,中高：临床常见或教学/决策支持常用,已完成公式/规则级外部来源核对并接入Python实现,用于临床决策支持、教学或质量评估；不能替代完整指南和临床判断,,外部来源扩展补充,,Python实现采用预编码或预评分输入，未复刻受版权保护的完整问卷题干。
CALC-0775,妇产、儿科与新生儿,儿科内分泌,儿童肥胖,儿童肥胖严重度百分比BMI,Percent of the 95th Percentile BMI,年龄；性别；BMI；CDC第95百分位BMI,%BMIp95,BMI / BMI95 * 100,用于严重肥胖分级,公式计算/生理指标,官方曲线衍生指标,CDC Growth Charts,https://www.cdc.gov/growthcharts/,官方指南/专业协会/监管或分期体系,A：官方或专业协会来源,高：对应专科真实临床常用或指南推荐,指南级覆盖；适合做正式模块，但需锁定版本,真实临床使用；实现时需核对最新指南、适用人群和授权,,外部来源扩展补充,,
CALC-0776,神经、精神、老年与行为医学,精神,双相障碍,Young躁狂量表,"Young Mania Rating Scale, YMRS",11个预编码YMRS组成分值,YMRS总分0-60,11个预编码组成分值求和，最高60分,分数越高提示躁狂症状越重,症状/功能量表,临床评定量表,Young Mania Rating Scale,https://qxmd.com/calculate/,医学计算器平台汇总,B：临床计算器平台收录，需回源核公式,中高：临床常见或教学/决策支持常用,平台级覆盖；适合候选清单，公式需逐项回源验证,多为真实使用的临床决策支持工具，但不能替代原始指南,,外部来源扩展补充,,
CALC-0777,神经、精神、老年与行为医学,精神,抑郁,蒙哥马利抑郁评定量表,"Montgomery-Asberg Depression Rating Scale, MADRS",10个预编码MADRS条目分值0-6,MADRS总分0-60,10项0-6分预编码条目求和,分数越高提示抑郁症状越重,症状/功能量表,临床评定量表,Montgomery-Asberg Depression Rating Scale,https://qxmd.com/calculate/,医学计算器平台汇总,B：临床计算器平台收录，需回源核公式,中高：临床常见或教学/决策支持常用,平台级覆盖；适合候选清单，公式需逐项回源验证,多为真实使用的临床决策支持工具，但不能替代原始指南,,外部来源扩展补充,,
CALC-0778,神经、精神、老年与行为医学,精神,自杀风险,哥伦比亚自杀严重度量表,"Columbia-Suicide Severity Rating Scale, C-SSRS",自杀意念；计划；行为；严重度；近期性,自杀风险等级,C-SSRS结构化问题,阳性需按安全流程处理,风险预测/预后评估,临床量表,C-SSRS,https://cssrs.columbia.edu/,外部来源公式级核对并接入Python实现,C：标准量表或PRO工具，需确认版权和版本,中：专科门诊、研究或随访常用,已完成公式/规则级外部来源核对并接入Python实现,用于临床决策支持、教学或质量评估；不能替代完整指南和临床判断,,外部来源扩展补充,,Python实现采用预编码或预评分输入，未复刻受版权保护的完整问卷题干。
CALC-0779,神经、精神、老年与行为医学,精神,精神分裂症,阳性与阴性症状量表,"Positive and Negative Syndrome Scale, PANSS",PANSS阳性7项、阴性7项、一般精神病理16项预编码1-7分,PANSS阳性、阴性、一般精神病理和总分,各子量表1-7分条目求和；总分30-210,分数越高提示精神病性症状负担越重,症状/功能量表,临床评定量表,Positive and Negative Syndrome Scale,https://qxmd.com/calculate/,医学计算器平台汇总,B：临床计算器平台收录，需回源核公式,中高：临床常见或教学/决策支持常用,平台级覆盖；适合候选清单，公式需逐项回源验证,多为真实使用的临床决策支持工具，但不能替代原始指南,,外部来源扩展补充,,
CALC-0780,神经、精神、老年与行为医学,精神,强迫症,耶鲁布朗强迫量表,"Yale-Brown Obsessive Compulsive Scale, Y-BOCS",10个预编码Y-BOCS条目分值0-4,Y-BOCS总分0-40,10项0-4分预编码条目求和,0-7亚临床，8-15轻度，16-23中度，24-31重度，32-40极重度,症状/功能量表,临床评定量表,Yale-Brown Obsessive Compulsive Scale,https://qxmd.com/calculate/,医学计算器平台汇总,B：临床计算器平台收录，需回源核公式,中高：临床常见或教学/决策支持常用,平台级覆盖；适合候选清单，公式需逐项回源验证,多为真实使用的临床决策支持工具，但不能替代原始指南,,外部来源扩展补充,,
CALC-0781,神经、精神、老年与行为医学,认知,轻度认知障碍,蒙特利尔认知评估,"Montreal Cognitive Assessment, MoCA",视空间执行；命名；记忆；注意；语言；抽象；定向,MoCA总分,30分量表,低分提示认知障碍风险，需教育年限校正,症状/功能量表,认知筛查,MoCA,https://mocacognition.com/,官方指南/专业协会/监管或分期体系,A：官方或专业协会来源,高：对应专科真实临床常用或指南推荐,指南级覆盖；适合做正式模块，但需锁定版本,真实临床使用；实现时需核对最新指南、适用人群和授权,,外部来源扩展补充,,
CALC-0782,神经、精神、老年与行为医学,认知,痴呆筛查,简易精神状态检查,"Mini-Mental State Examination, MMSE",score：MMSE总分（0-30分）,MMSE总分和常用筛查解读,直接输入总分；<24按常用界值提示可能认知障碍,<24提示可能认知障碍；需结合教育、语言、年龄和临床背景,症状/功能量表,认知筛查量表；预评分总分解读实现,Mini-Mental State Examination scoring references,https://www.mdcalc.com/calc/1728/mini-mental-state-examination-mmse,医学计算器平台/公开计分说明,C：标准认知筛查工具，需遵守授权和版本要求,中高：临床常见或教学/决策支持常用,已实现总分输入与常用<24界值提示；不包含测试题目,用于认知筛查；教育程度、语言和文化背景会影响解读,,外部来源扩展补充,,permission-safe total score implementation
CALC-0783,神经、精神、老年与行为医学,卒中,大血管闭塞筛查,RACE卒中量表,Rapid Arterial Occlusion Evaluation Scale,面瘫；臂力；腿力；凝视；失语/失认,LVO风险评分,RACE评分,高分提示大血管闭塞可能,分诊/流程决策,院前卒中量表,RACE Scale,https://www.mdcalc.com/,外部来源公式级核对并接入Python实现,B：临床计算器平台收录，需回源核公式,中高：临床常见或教学/决策支持常用,已完成公式/规则级外部来源核对并接入Python实现,用于临床决策支持、教学或质量评估；不能替代完整指南和临床判断,,外部来源扩展补充,,Python实现采用预编码或预评分输入，未复刻受版权保护的完整问卷题干。
CALC-0784,神经、精神、老年与行为医学,卒中,大血管闭塞筛查,LAMS洛杉矶运动量表,Los Angeles Motor Scale,面瘫；上肢下垂；握力,LVO风险评分,LAMS 0-5,高分提示严重卒中/LVO风险,分诊/流程决策,院前卒中量表,LAMS,https://www.mdcalc.com/,医学计算器平台汇总,B：临床计算器平台收录，需回源核公式,中高：临床常见或教学/决策支持常用,平台级覆盖；适合候选清单，公式需逐项回源验证,多为真实使用的临床决策支持工具，但不能替代原始指南,,外部来源扩展补充,,
CALC-0785,神经、精神、老年与行为医学,老年,衰弱,临床衰弱量表,"Clinical Frailty Scale, CFS",日常功能；合并症；依赖程度；终末状态,CFS 1-9级,临床等级评分,等级越高衰弱越重,症状/功能量表,专业量表,Clinical Frailty Scale,https://www.dal.ca/sites/gmr/our-tools/clinical-frailty-scale.html,外部来源公式级核对并接入Python实现,C：标准量表或PRO工具，需确认版权和版本,中：专科门诊、研究或随访常用,已完成公式/规则级外部来源核对并接入Python实现,用于临床决策支持、教学或质量评估；不能替代完整指南和临床判断,,外部来源扩展补充,,Python实现采用预编码或预评分输入，未复刻受版权保护的完整问卷题干。
CALC-0786,神经、精神、老年与行为医学,老年,衰弱,埃德蒙顿衰弱量表,Edmonton Frail Scale,认知；健康；功能；社交；药物；营养；情绪；失禁；表现测试,EFS总分,多域评分,分数越高衰弱越重,症状/功能量表,专业量表,Edmonton Frail Scale,https://qxmd.com/calculate/,外部来源公式级核对并接入Python实现,B：临床计算器平台收录，需回源核公式,中高：临床常见或教学/决策支持常用,已完成公式/规则级外部来源核对并接入Python实现,用于临床决策支持、教学或质量评估；不能替代完整指南和临床判断,,外部来源扩展补充,,Python实现采用预编码或预评分输入，未复刻受版权保护的完整问卷题干。
CALC-0787,神经、精神、老年与行为医学,老年,合并症,Charlson合并症指数,"Charlson Comorbidity Index, CCI",age_years; 19个合并症布尔项,Charlson合并症指数含年龄校正分,按Charlson合并症权重加总，年龄50-59加1、60-69加2、70-79加3、>=80加4。,分数越高提示合并症负担和长期死亡风险越高。,风险预测/预后评估,医学计算器平台/原始指数,Charlson Comorbidity Index,https://www.mdcalc.com/calc/3917/charlson-comorbidity-index-cci,医学计算器平台与原始指数核对,B：临床计算器平台收录并已核公式,中高：临床常见或教学/决策支持常用,已完成公式级外部来源核对并接入Python实现,用于临床决策支持、教学或质量评估；不能替代完整指南和临床判断,,外部来源验证,,Python实现返回总分、合并症分和年龄分。
CALC-0788,肿瘤、放疗与姑息,乳腺癌,早期乳腺癌,PREDICT乳腺癌生存获益模型,PREDICT Breast Cancer,年龄；肿瘤大小；淋巴结；分级；ER/HER2；Ki-67；治疗方案,生存率和治疗获益估计,PREDICT模型,用于辅助治疗沟通,风险预测/预后评估,研究模型,PREDICT Breast,https://breast.predict.nhs.uk/,文献研究模型/预测模型,C：研究验证模型，需确认外部验证和适用人群,中：专病或研究场景常用，泛临床频率不一,专病模型覆盖；上线前需评估校准和本地化,真实存在且可能使用；是否适合临床产品取决于验证质量,,外部来源扩展补充,,
CALC-0789,肿瘤、放疗与姑息,乳腺癌,局部复发,Van Nuys DCIS预后指数,Van Nuys Prognostic Index,肿瘤大小；切缘；病理分级；年龄,DCIS复发风险评分,VNPI加权评分,用于DCIS治疗策略辅助,风险预测/预后评估,研究模型,Van Nuys Prognostic Index,https://qxmd.com/calculate/,外部来源公式级核对并接入Python实现,B：临床计算器平台收录，需回源核公式,中高：临床常见或教学/决策支持常用,已完成公式/规则级外部来源核对并接入Python实现,用于临床决策支持、教学或质量评估；不能替代完整指南和临床判断,,外部来源扩展补充,,Python实现采用预编码或预评分输入，未复刻受版权保护的完整问卷题干。
CALC-0790,肿瘤、放疗与姑息,结直肠癌,结直肠癌,MSKCC结肠癌术后复发列线图,MSKCC Colon Cancer Recurrence Nomogram,病理分期；淋巴结；分级；侵犯；治疗等,复发风险,MSKCC列线图,用于术后风险沟通,风险预测/预后评估,机构列线图,MSKCC Nomograms,https://www.mskcc.org/nomograms,官方指南/专业协会/监管或分期体系,A：官方或专业协会来源,高：对应专科真实临床常用或指南推荐,指南级覆盖；适合做正式模块，但需锁定版本,真实临床使用；实现时需核对最新指南、适用人群和授权,,外部来源扩展补充,,
CALC-0791,肿瘤、放疗与姑息,黑色素瘤,黑色素瘤,黑色素瘤AJCC风险分期,Melanoma AJCC Staging,Breslow厚度；溃疡；有丝分裂；淋巴结；转移,AJCC分期,AJCC TNM规则,用于治疗和预后分层,分期/分级,官方分期,AJCC,https://www.facs.org/quality-programs/cancer-programs/american-joint-committee-on-cancer/,官方指南/专业协会/监管或分期体系,A：官方或专业协会来源,高：肿瘤专科分期/路径常用,肿瘤分期覆盖；需按癌种和版本维护,真实临床使用；实现时需核对最新指南、适用人群和授权,,外部来源扩展补充,,
CALC-0792,肿瘤、放疗与姑息,胃癌,胃癌,胃癌TNM分期,Gastric Cancer TNM Staging,胃壁侵犯；淋巴结；远处转移,AJCC TNM分期,TNM规则,用于治疗和预后分层,分期/分级,官方分期,AJCC,https://www.facs.org/quality-programs/cancer-programs/american-joint-committee-on-cancer/,官方指南/专业协会/监管或分期体系,A：官方或专业协会来源,高：肿瘤专科分期/路径常用,肿瘤分期覆盖；需按癌种和版本维护,真实临床使用；实现时需核对最新指南、适用人群和授权,,外部来源扩展补充,,
CALC-0793,肿瘤、放疗与姑息,食管癌,食管癌,食管癌TNM分期,Esophageal Cancer TNM Staging,肿瘤浸润；淋巴结；转移；组织类型；位置；分级,AJCC分期,TNM和预后分组,用于治疗路径和预后,分期/分级,官方分期,AJCC,https://www.facs.org/quality-programs/cancer-programs/american-joint-committee-on-cancer/,官方指南/专业协会/监管或分期体系,A：官方或专业协会来源,高：肿瘤专科分期/路径常用,肿瘤分期覆盖；需按癌种和版本维护,真实临床使用；实现时需核对最新指南、适用人群和授权,,外部来源扩展补充,,
CALC-0794,肿瘤、放疗与姑息,头颈肿瘤,头颈鳞癌,头颈癌TNM分期,Head and Neck Cancer TNM Staging,原发部位；T；N；M；HPV/p16状态等,AJCC分期,部位特异TNM规则,分期需按具体原发部位和HPV状态,分期/分级,官方分期,AJCC,https://www.facs.org/quality-programs/cancer-programs/american-joint-committee-on-cancer/,官方指南/专业协会/监管或分期体系,A：官方或专业协会来源,高：肿瘤专科分期/路径常用,肿瘤分期覆盖；需按癌种和版本维护,真实临床使用；实现时需核对最新指南、适用人群和授权,,外部来源扩展补充,,
CALC-0795,肿瘤、放疗与姑息,神经肿瘤,胶质瘤,RANO高级别胶质瘤疗效评价,RANO Criteria for High-Grade Glioma,增强病灶；T2/FLAIR；新病灶；激素；临床状态,CR/PR/SD/PD,RANO规则,用于脑肿瘤疗效评价,疗效评价,专业标准,RANO,https://qxmd.com/calculate/,医学计算器平台汇总,B：临床计算器平台收录，需回源核公式,中高：临床常见或教学/决策支持常用,平台级覆盖；适合候选清单，公式需逐项回源验证,多为真实使用的临床决策支持工具，但不能替代原始指南,,外部来源扩展补充,,
CALC-0796,肿瘤、放疗与姑息,淋巴瘤,淋巴瘤疗效,Lugano淋巴瘤疗效评价,Lugano Response Criteria,PET Deauville评分；CT病灶；骨髓；新病灶,CR/PR/SD/PD,Lugano 2014标准,用于淋巴瘤分期和疗效评价,疗效评价,专业标准,Lugano Classification,https://qxmd.com/calculate/,医学计算器平台汇总,B：临床计算器平台收录，需回源核公式,中高：临床常见或教学/决策支持常用,平台级覆盖；适合候选清单，公式需逐项回源验证,多为真实使用的临床决策支持工具，但不能替代原始指南,,外部来源扩展补充,,
CALC-0797,肿瘤、放疗与姑息,放疗,放疗正常组织,等效2Gy分割剂量,"Equivalent Dose in 2 Gy Fractions, EQD2",总剂量；分次剂量；alpha/beta,EQD2,D * ((d + a/b) / (2 + a/b)),用于不同分割方案生物等效比较,公式计算/生理指标,放疗生物模型,EQD2,https://qxmd.com/calculate/,医学计算器平台汇总,B：临床计算器平台收录，需回源核公式,中高：临床常见或教学/决策支持常用,平台级覆盖；适合候选清单，公式需逐项回源验证,多为真实使用的临床决策支持工具，但不能替代原始指南,,外部来源扩展补充,,
CALC-0798,肿瘤、放疗与姑息,放疗,放疗正常组织,生物有效剂量,"Biologically Effective Dose, BED",总剂量；分次剂量；alpha/beta,BED,nd * (1 + d/(a/b)),用于放疗方案比较,公式计算/生理指标,放疗生物模型,BED,https://qxmd.com/calculate/,医学计算器平台汇总,B：临床计算器平台收录，需回源核公式,中高：临床常见或教学/决策支持常用,平台级覆盖；适合候选清单，公式需逐项回源验证,多为真实使用的临床决策支持工具，但不能替代原始指南,,外部来源扩展补充,,
CALC-0799,肿瘤、放疗与姑息,姑息,癌痛,简明疼痛量表,"Brief Pain Inventory, BPI",4个疼痛严重度预编码分值0-10；7个疼痛干扰预编码分值0-10,疼痛严重度和干扰总分/均分,严重度4项求和和均分；干扰7项求和和均分,均分越高提示疼痛严重度或功能干扰越重,症状/功能量表,患者报告量表,Brief Pain Inventory scoring,https://qxmd.com/calculate/,医学计算器平台汇总,B：临床计算器平台收录，需回源核公式,中高：临床常见或教学/决策支持常用,平台级覆盖；适合候选清单，公式需逐项回源验证,多为真实使用的临床决策支持工具，但不能替代原始指南,,外部来源扩展补充,,
CALC-0800,血液、免疫、风湿与皮肤,止血,出血倾向,ISTH出血评估工具,"ISTH Bleeding Assessment Tool, ISTH-BAT",鼻出血；皮肤；月经过多；术后/拔牙/产后出血；家族史等,出血评分,ISTH-BAT条目计分,高分提示遗传性出血病可能,诊断/分类辅助,专业协会工具,ISTH-BAT,https://www.isth.org/,外部来源公式级核对并接入Python实现,A：官方或专业协会来源,高：对应专科真实临床常用或指南推荐,已完成公式/规则级外部来源核对并接入Python实现,用于临床决策支持、教学或质量评估；不能替代完整指南和临床判断,,外部来源扩展补充,,Python实现采用预编码或预评分输入，未复刻受版权保护的完整问卷题干。
CALC-0801,血液、免疫、风湿与皮肤,凝血,血友病,血友病关节健康评分,"Hemophilia Joint Health Score, HJHS",肘、膝、踝关节肿胀、肌萎缩、活动、疼痛、步态等,HJHS总分,关节评估计分,分数越高关节病变越重,症状/功能量表,专业量表,HJHS,https://qxmd.com/calculate/,医学计算器平台汇总,B：临床计算器平台收录，需回源核公式,中高：临床常见或教学/决策支持常用,平台级覆盖；适合候选清单，公式需逐项回源验证,多为真实使用的临床决策支持工具，但不能替代原始指南,,外部来源扩展补充,,
CALC-0802,血液、免疫、风湿与皮肤,血栓,抗磷脂综合征,调整后GAPSS抗磷脂综合征风险,"Adjusted Global APS Score, aGAPSS",抗心磷脂；抗β2GPI；狼疮抗凝物；高血压；高脂血症,血栓/妊娠风险评分,aGAPSS加权评分,分数越高血栓风险越高,风险预测/预后评估,研究模型,aGAPSS,https://qxmd.com/calculate/,医学计算器平台汇总,B：临床计算器平台收录，需回源核公式,中高：临床常见或教学/决策支持常用,平台级覆盖；适合候选清单，公式需逐项回源验证,多为真实使用的临床决策支持工具，但不能替代原始指南,,外部来源扩展补充,,
CALC-0803,血液、免疫、风湿与皮肤,血液肿瘤,AML,ELN急性髓系白血病风险分层,ELN AML Risk Stratification,细胞遗传学；分子突变；治疗相关因素,良好/中等/不良风险,ELN遗传风险分类,用于AML预后和治疗分层,分期/分级,官方指南/专业协会,European LeukemiaNet AML recommendations,https://www.nature.com/articles/s41375-022-01613-1,外部来源公式级核对并接入Python实现,A：官方或专业协会来源,高：对应专科真实临床常用或指南推荐,已完成公式/规则级外部来源核对并接入Python实现,用于临床决策支持、教学或质量评估；不能替代完整指南和临床判断,,外部来源扩展补充,,Python实现采用预编码或预评分输入，未复刻受版权保护的完整问卷题干。
CALC-0804,血液、免疫、风湿与皮肤,血液肿瘤,MDS,IPSS-M骨髓增生异常综合征,"Molecular International Prognostic Scoring System, IPSS-M",血细胞；骨髓原始细胞；细胞遗传学；基因突变,MDS分子风险组,IPSS-M模型,比IPSS-R纳入更多分子信息,风险预测/预后评估,研究模型,IPSS-M,https://mds-risk-model.com/,文献研究模型/预测模型,C：研究验证模型，需确认外部验证和适用人群,中：专病或研究场景常用，泛临床频率不一,专病模型覆盖；上线前需评估校准和本地化,真实存在且可能使用；是否适合临床产品取决于验证质量,,外部来源扩展补充,,
CALC-0805,血液、免疫、风湿与皮肤,风湿,银屑病关节炎,DAPSA银屑病关节炎活动度,"Disease Activity Index for Psoriatic Arthritis, DAPSA",tender_joint_count_68; swollen_joint_count_66; patient_global_assessment; patient_pain; crp_mg_dl,DAPSA总分和银屑病关节炎活动度分级,DAPSA = 68压痛关节数 + 66肿胀关节数 + 患者总体VAS + 疼痛VAS + CRP。,按缓解、低、中、高疾病活动度阈值解释。,症状/功能量表,风湿病活动度评分/同行评议资料,DAPSA formula and activity cutoffs,https://pmc.ncbi.nlm.nih.gov/articles/PMC6242028/,外部来源公式级核对并接入Python实现,A：官方/专业协会或原始评分体系来源,中高：临床常见或教学/决策支持常用,已完成公式/规则级外部来源核对并接入Python实现,用于临床决策支持、教学或质量评估；不能替代完整指南和临床判断,,外部来源扩展补充,,Python实现采用预编码或预评分输入，未复刻受版权保护的完整问卷题干。
CALC-0806,血液、免疫、风湿与皮肤,风湿,硬皮病,改良Rodnan皮肤评分,"Modified Rodnan Skin Score, mRSS",site_scores,改良Rodnan皮肤评分总分,17个皮肤部位预评分0-3求和，总分0-51。,分数越高提示系统性硬化皮肤增厚越重。,症状/功能量表,皮肤/风湿评分/同行评议资料,Modified Rodnan Skin Score references,https://pmc.ncbi.nlm.nih.gov/articles/PMC1798331/,外部来源公式级核对并接入Python实现,A：官方/专业协会或原始评分体系来源,中高：临床常见或教学/决策支持常用,已完成公式/规则级外部来源核对并接入Python实现,用于临床决策支持、教学或质量评估；不能替代完整指南和临床判断,,外部来源扩展补充,,Python实现采用预编码或预评分输入，未复刻受版权保护的完整问卷题干。
CALC-0807,血液、免疫、风湿与皮肤,风湿,肌炎,肌炎疾病活动评估,"Myositis Disease Activity Assessment Tool, MDAAT",肌肉、皮肤、肺、心、胃肠、关节等器官活动,肌炎活动度评分,器官系统评分,用于炎性肌病活动度评估,症状/功能量表,专业量表,MDAAT,https://qxmd.com/calculate/,医学计算器平台汇总,B：临床计算器平台收录，需回源核公式,中高：临床常见或教学/决策支持常用,平台级覆盖；适合候选清单，公式需逐项回源验证,多为真实使用的临床决策支持工具，但不能替代原始指南,,外部来源扩展补充,,
CALC-0808,血液、免疫、风湿与皮肤,皮肤,黑色素瘤筛查,ABCDE黑色素瘤警示规则,ABCDE Rule for Melanoma,不对称；边界不规则；颜色变化；直径>6mm；演变,ABCDE阳性警示征数量和是否任一阳性,ABCDE五项黑色素瘤警示征布尔计数,任一警示征阳性提示需结合皮肤科检查进一步评估,筛查/预警,临床规则,American Academy of Dermatology ABCDEs of melanoma,https://www.aad.org/public/diseases/skin-cancer/find/at-risk/abcdes,官方指南/专业协会/监管或分期体系,A：官方或专业协会来源,高：对应专科真实临床常用或指南推荐,指南级覆盖；适合做正式模块，但需锁定版本,真实临床使用；实现时需核对最新指南、适用人群和授权,,外部来源扩展补充,,
CALC-0809,血液、免疫、风湿与皮肤,皮肤,痤疮,全球痤疮分级系统,"Global Acne Grading System, GAGS",forehead; right_cheek; left_cheek; nose; chin; chest_upper_back,GAGS总分和痤疮严重度分级,各区域局部分级0-4乘以区域因子后求和。,总分越高提示痤疮严重度越高。,分期/分级,皮肤科严重度评分/同行评议资料,Global Acne Grading System references,https://pmc.ncbi.nlm.nih.gov/articles/PMC7532287/,外部来源公式级核对并接入Python实现,A：官方/专业协会或原始评分体系来源,中高：临床常见或教学/决策支持常用,已完成公式/规则级外部来源核对并接入Python实现,用于临床决策支持、教学或质量评估；不能替代完整指南和临床判断,,外部来源扩展补充,,Python实现采用预编码或预评分输入，未复刻受版权保护的完整问卷题干。
CALC-0810,血液、免疫、风湿与皮肤,皮肤,玫瑰痤疮,研究者总体评估玫瑰痤疮,Investigator Global Assessment for Rosacea,红斑；丘疹脓疱；毛细血管扩张；总体严重度,IGA等级,0-4或0-5分级,等级越高越重,分期/分级,临床试验量表,IGA Rosacea,https://qxmd.com/calculate/,医学计算器平台汇总,B：临床计算器平台收录，需回源核公式,中高：临床常见或教学/决策支持常用,平台级覆盖；适合候选清单，公式需逐项回源验证,多为真实使用的临床决策支持工具，但不能替代原始指南,,外部来源扩展补充,,
CALC-0811,血液、免疫、风湿与皮肤,过敏,过敏性鼻炎控制,过敏性鼻炎控制测试,"Rhinitis Control Assessment Test, RCAT",items：6个RCAT预评分条目（每项1-5分）,RCAT总分（6-30分）和控制分类,6项预评分相加；<=21提示鼻炎控制不佳,分数越高鼻炎控制越好；<=21为控制不佳常用阈值,症状/功能量表,患者报告量表；预评分计分实现,Rhinitis Control Assessment Test validation references,https://pubmed.ncbi.nlm.nih.gov/23219170/,同行评议文献/公开计分说明,B：公开量表计分/专科常用筛查工具,中高：临床常见或教学/决策支持常用,已实现6项预评分求和和<=21控制阈值；不包含问卷正文,用于过敏性鼻炎控制程度评估和随访；需结合症状、用药和暴露史,,外部来源扩展补充,,permission-safe prescored item implementation
CALC-0812,影像、实验室、遗传与公共卫生,影像RADS,肺结节,Fleischner肺结节随访建议,Fleischner Pulmonary Nodule Follow-up,结节大小；实性/亚实性；数量；高危因素；年龄,随访CT建议,Fleischner指南表,用于偶发肺结节随访,影像随访决策,官方/专业协会指南,Fleischner Society,https://pubs.rsna.org/,官方指南/专业协会/监管或分期体系,A：官方或专业协会来源,高：对应专科真实临床常用或指南推荐,指南级覆盖；适合做正式模块，但需锁定版本,真实临床使用；实现时需核对最新指南、适用人群和授权,,外部来源扩展补充,,
CALC-0813,影像、实验室、遗传与公共卫生,影像RADS,肾囊性病变,Bosniak肾囊肿分类2019,Bosniak Classification v2019,囊壁/分隔；强化；钙化；结节；MRI/CT特征,Bosniak I-IV类,Bosniak v2019规则,类别越高恶性风险越高,分期/分级,专业协会分类,Bosniak v2019,https://www.acr.org/Clinical-Resources/Reporting-and-Data-Systems,官方指南/专业协会/监管或分期体系,A：官方或专业协会来源,高：对应专科真实临床常用或指南推荐,指南级覆盖；适合做正式模块，但需锁定版本,真实临床使用；实现时需核对最新指南、适用人群和授权,2019,外部来源扩展补充,,
CALC-0814,影像、实验室、遗传与公共卫生,影像RADS,头部外伤,Marshall CT颅脑损伤分类,Marshall CT Classification,visible_intracranial_pathology; cisterns; midline_shift_mm; high_or_mixed_density_lesion_volume_ml; mass_lesion_evacuated,Marshall CT class I-VI,"Rule-based Marshall CT traumatic brain injury classification from pathology visibility, cisterns, midline shift, lesion volume, and evacuated mass lesion.",Higher class generally reflects more severe CT injury pattern; class V/VI indicate mass lesion categories.,分期/分级,原始分类体系/影像评分,Marshall CT traumatic brain injury classification,https://siren.network/wp-content/uploads/2023/11/BCM-TBI-CDEs-CT-Scoring_Schemes-Refresher.pdf,外部来源规则级核对并接入Python实现,A：原始评分/分类体系来源,中高：临床常见或教学/决策支持常用,已完成规则级外部来源核对并接入Python实现,用于TBI影像分类和教学；不能替代影像医师报告和完整临床评估,,外部来源扩展补充,,Python实现采用编码输入。
CALC-0815,影像、实验室、遗传与公共卫生,影像RADS,创伤性脑损伤,Rotterdam CT评分,Rotterdam CT Score,basal_cisterns; midline_shift_mm; epidural_mass_lesion_present; intraventricular_or_traumatic_sah,Rotterdam CT score,Rotterdam CT score = 1 + basal cistern points + midline shift >5 mm + absent epidural mass lesion point + intraventricular or traumatic SAH point.,Higher score is associated with worse prognosis after traumatic brain injury.,风险预测/预后评估,原始评分体系/影像评分,Rotterdam CT score for traumatic brain injury,https://pacs.de/term/rotterdam-classification-of-traumatic-brain-injury,外部来源公式级核对并接入Python实现,A：原始评分/分类体系来源,中高：临床常见或教学/决策支持常用,已完成公式/规则级外部来源核对并接入Python实现,用于TBI影像预后辅助；不能替代影像医师报告和完整临床评估,,外部来源扩展补充,,原始论文见PubMed PMID 16195609。
CALC-0816,影像、实验室、遗传与公共卫生,实验室,贫血,Mentzer指数,Mentzer Index,MCV；红细胞计数,地中海贫血/缺铁倾向,MCV/RBC,<13倾向地贫，>13倾向缺铁，需确认检测,诊断/分类辅助,临床指标,Mentzer Index,https://www.mdcalc.com/,医学计算器平台汇总,B：临床计算器平台收录，需回源核公式,中高：临床常见或教学/决策支持常用,平台级覆盖；适合候选清单，公式需逐项回源验证,多为真实使用的临床决策支持工具，但不能替代原始指南,,外部来源扩展补充,,
CALC-0817,影像、实验室、遗传与公共卫生,实验室,铁代谢,可溶性转铁蛋白受体指数,Soluble Transferrin Receptor Index,sTfR；铁蛋白,缺铁性贫血辅助指标,sTfR/log ferritin,辅助区分炎症性贫血和缺铁,诊断/分类辅助,临床指标,sTfR Index,https://qxmd.com/calculate/,医学计算器平台汇总,B：临床计算器平台收录，需回源核公式,中高：临床常见或教学/决策支持常用,平台级覆盖；适合候选清单，公式需逐项回源验证,多为真实使用的临床决策支持工具，但不能替代原始指南,,外部来源扩展补充,,
CALC-0818,影像、实验室、遗传与公共卫生,遗传,药物基因组,CPIC药物基因型表型解释,CPIC Pharmacogenomic Phenotype Interpreter,基因；等位基因；药物；表型,代谢表型和用药建议级别,CPIC diplotype-to-phenotype,需按CPIC具体药物指南执行,药物剂量/治疗监测,专业指南,CPIC Guidelines,https://cpicpgx.org/guidelines/,官方指南/专业协会/监管或分期体系,A：官方或专业协会来源,中高：药物基因组场景常用,药物基因组覆盖；需按CPIC/DPWG版本维护,真实临床使用；实现时需核对最新指南、适用人群和授权,,外部来源扩展补充,,
CALC-0819,影像、实验室、遗传与公共卫生,遗传,肿瘤遗传,NCCN遗传性癌症检测适应证核对,NCCN Hereditary Cancer Testing Criteria Support,癌种；年龄；家族史；多原发；病理；祖源；已知突变,是否符合遗传咨询/检测标准,NCCN标准核对,需按授权指南版本使用,筛查/预警,专业指南,NCCN Genetic/Familial High-Risk Assessment,https://www.nccn.org/,官方指南/专业协会/监管或分期体系,A：官方或专业协会来源,高：肿瘤专科分期/路径常用,肿瘤分期覆盖；需按癌种和版本维护,真实临床使用；实现时需核对最新指南、适用人群和授权,,外部来源扩展补充,,
CALC-0820,影像、实验室、遗传与公共卫生,公共卫生,疫苗,成人疫苗适应证核对,Adult Immunization Schedule Support,年龄；妊娠；免疫状态；基础病；职业；旅行；疫苗史,推荐/禁忌/注意事项,CDC/ACIP免疫程序规则,用于免疫接种提醒,筛查/预警,官方指南,CDC Adult Immunization Schedule,https://www.cdc.gov/vaccines/schedules/,官方指南/专业协会/监管或分期体系,A：官方或专业协会来源,高：对应专科真实临床常用或指南推荐,指南级覆盖；适合做正式模块，但需锁定版本,真实临床使用；实现时需核对最新指南、适用人群和授权,,外部来源扩展补充,,
CALC-0821,影像、实验室、遗传与公共卫生,公共卫生,癌症筛查,USPSTF癌症筛查资格核对,USPSTF Cancer Screening Eligibility Support,年龄；性别；吸烟；家族史；既往筛查；风险因素,筛查候选和间隔提示,USPSTF推荐规则,用于乳腺、宫颈、结直肠、肺癌筛查提醒,筛查/预警,官方指南,USPSTF,https://www.uspreventiveservicestaskforce.org/,官方指南/专业协会/监管或分期体系,A：官方或专业协会来源,高：对应专科真实临床常用或指南推荐,指南级覆盖；适合做正式模块，但需锁定版本,真实临床使用；实现时需核对最新指南、适用人群和授权,,外部来源扩展补充,,
CALC-0822,影像、实验室、遗传与公共卫生,公共卫生,心血管筛查,生命简单8项心血管健康评分,Life's Essential 8,饮食；运动；尼古丁；睡眠；BMI；血脂；血糖；血压,心血管健康评分,AHA LE8评分,分数越高心血管健康越好,筛查/预警,专业协会工具,AHA Life's Essential 8,https://www.heart.org/,官方指南/专业协会/监管或分期体系,A：官方或专业协会来源,高：对应专科真实临床常用或指南推荐,指南级覆盖；适合做正式模块，但需锁定版本,真实临床使用；实现时需核对最新指南、适用人群和授权,,外部来源扩展补充,,
CALC-0823,重症、麻醉、疼痛与姑息,ICU严重度,重症患者,SAPS II简化急性生理评分,"Simplified Acute Physiology Score II, SAPS II",年龄；入ICU类型；生命体征；实验室；GCS；慢性病；入院类型,院内死亡风险,SAPS II模型,分数越高死亡风险越高,风险预测/预后评估,研究模型,SAPS II,https://www.mdcalc.com/,外部来源公式级核对并接入Python实现,B：临床计算器平台收录，需回源核公式,中高：临床常见或教学/决策支持常用,已完成公式/规则级外部来源核对并接入Python实现,用于临床决策支持、教学或质量评估；不能替代完整指南和临床判断,,外部来源扩展补充,,Python实现采用预编码或预评分输入，未复刻受版权保护的完整问卷题干。
CALC-0824,重症、麻醉、疼痛与姑息,ICU严重度,重症患者,SAPS 3简化急性生理评分,"Simplified Acute Physiology Score 3, SAPS 3",入ICU前情况；入ICU原因；生理异常；地区校准,院内死亡风险,SAPS 3模型,用于ICU入院风险校准,风险预测/预后评估,研究模型,SAPS 3,https://qxmd.com/calculate/,医学计算器平台汇总,B：临床计算器平台收录，需回源核公式,中高：临床常见或教学/决策支持常用,平台级覆盖；适合候选清单，公式需逐项回源验证,多为真实使用的临床决策支持工具，但不能替代原始指南,,外部来源扩展补充,,
CALC-0825,重症、麻醉、疼痛与姑息,ICU严重度,重症患者,MPM0-III死亡概率模型,Mortality Probability Model III at ICU Admission,年龄；慢性病；生理；诊断；机械通气；CPR；入院来源等,ICU死亡概率,MPM0-III模型,用于ICU入院死亡风险估计,风险预测/预后评估,研究模型,MPM0-III,https://qxmd.com/calculate/,医学计算器平台汇总,B：临床计算器平台收录，需回源核公式,中高：临床常见或教学/决策支持常用,平台级覆盖；适合候选清单，公式需逐项回源验证,多为真实使用的临床决策支持工具，但不能替代原始指南,,外部来源扩展补充,,
CALC-0826,重症、麻醉、疼痛与姑息,ICU营养,危重症营养,NUTRIC营养风险评分,NUTRIC Score,年龄；APACHE II；SOFA；合并症；入ICU前住院天数；IL-6可选,营养风险,NUTRIC/mNUTRIC评分,高分提示可能更受益于积极营养支持,风险预测/预后评估,研究模型,NUTRIC Score,https://www.mdcalc.com/,外部来源公式级核对并接入Python实现,B：临床计算器平台收录，需回源核公式,中高：临床常见或教学/决策支持常用,已完成公式/规则级外部来源核对并接入Python实现,用于临床决策支持、教学或质量评估；不能替代完整指南和临床判断,,外部来源扩展补充,,Python实现采用预编码或预评分输入，未复刻受版权保护的完整问卷题干。
CALC-0827,重症、麻醉、疼痛与姑息,ICU神经,意识障碍,FOUR昏迷评分,Full Outline of UnResponsiveness Score,眼反应；运动反应；脑干反射；呼吸模式,FOUR总分0-16,4项0-4分加总,分数越低意识障碍越重,症状/功能量表,临床量表,FOUR Score,https://www.mdcalc.com/,医学计算器平台汇总,B：临床计算器平台收录，需回源核公式,中高：临床常见或教学/决策支持常用,平台级覆盖；适合候选清单，公式需逐项回源验证,多为真实使用的临床决策支持工具，但不能替代原始指南,,外部来源扩展补充,,
CALC-0828,重症、麻醉、疼痛与姑息,ICU谵妄,谵妄,ICU谵妄筛查清单,"Intensive Care Delirium Screening Checklist, ICDSC",意识、注意、定向、幻觉、精神运动、言语/情绪、睡眠、波动,ICDSC 0-8,8项0/1分,>=4常提示谵妄,症状/功能量表,临床量表,ICDSC,https://qxmd.com/calculate/,外部来源公式级核对并接入Python实现,B：临床计算器平台收录，需回源核公式,中高：临床常见或教学/决策支持常用,已完成公式/规则级外部来源核对并接入Python实现,用于临床决策支持、教学或质量评估；不能替代完整指南和临床判断,,外部来源扩展补充,,Python实现采用预编码或预评分输入，未复刻受版权保护的完整问卷题干。
CALC-0829,重症、麻醉、疼痛与姑息,气道,困难气道,LEMON困难气道评估,LEMON Airway Assessment,look_external_abnormal; evaluate_332_abnormal; mallampati_ge_3; obstruction_present; neck_mobility_limited,count of LEMON difficult-airway features,"Count five coded LEMON difficult-airway features: Look, Evaluate 3-3-2, Mallampati, Obstruction, Neck mobility.",More present features suggest greater difficult-airway concern; no universal cutoff is applied.,风险预测/预后评估,临床评估规则/验证研究,LEMON-method airway assessment validation,https://pmc.ncbi.nlm.nih.gov/articles/PMC1726680/,外部来源规则级核对并接入Python实现,B：验证研究/可靠医学资料并已核规则,中高：临床常见或教学/决策支持常用,已完成规则级外部来源核对并接入Python实现,用于困难气道评估辅助；不能替代气道专家判断和完整检查,,外部来源扩展补充,,Python实现采用编码输入。
CALC-0830,重症、麻醉、疼痛与姑息,气道,喉镜暴露,Cormack-Lehane喉镜分级,Cormack-Lehane Classification,grade,Cormack-Lehane grade and difficult laryngoscopy flag,Pre-coded Cormack-Lehane laryngoscopy grade 1-4; grades 3-4 indicate difficult laryngoscopy.,Higher grade indicates poorer laryngoscopic view.,分期/分级,原始分类体系,Cormack-Lehane laryngoscopy classification,https://pubmed.ncbi.nlm.nih.gov/6507827/,外部来源规则级核对并接入Python实现,A：原始评分/分类体系来源,中高：临床常见或教学/决策支持常用,已完成规则级外部来源核对并接入Python实现,用于喉镜视野记录和教学；不能替代麻醉气道评估,,外部来源扩展补充,,Python实现采用预编码等级输入。
CALC-0831,重症、麻醉、疼痛与姑息,麻醉药理,吸入麻醉,年龄校正MAC,Age-Adjusted Minimum Alveolar Concentration,年龄；吸入麻醉药；目标MAC倍数,年龄校正MAC或呼末浓度,MAC随年龄校正公式,用于麻醉深度和剂量沟通，需结合临床,药物剂量/治疗监测,麻醉药理公式,Age-adjusted MAC,https://qxmd.com/calculate/,医学计算器平台汇总,B：临床计算器平台收录，需回源核公式,中高：临床常见或教学/决策支持常用,平台级覆盖；适合候选清单，公式需逐项回源验证,多为真实使用的临床决策支持工具，但不能替代原始指南,,外部来源扩展补充,,
CALC-0832,重症、麻醉、疼痛与姑息,神经肌阻滞,肌松恢复,四个成串比值,Train-of-Four Ratio,TOF第1和第4次肌颤搐幅度,TOF ratio,T4/T1,>=0.9常作为肌松恢复目标,公式计算/生理指标,医学计算器平台,Merck Manual clinical calculators,https://www.merckmanuals.com/professional/pages-with-widgets/clinical-calculators,医学计算器平台汇总,B：临床计算器平台收录，需回源核公式,中高：临床常见或教学/决策支持常用,平台级覆盖；适合候选清单，公式需逐项回源验证,多为真实使用的临床决策支持工具，但不能替代原始指南,,外部来源扩展补充,,
CALC-0833,重症、麻醉、疼痛与姑息,疼痛,神经病理性疼痛,DN4神经病理性疼痛问卷,"Douleur Neuropathique 4 Questions, DN4",item_scores,DN4总分和神经病理性疼痛筛查提示,10个预评分0/1条目求和。,>=4分支持神经病理性疼痛筛查阳性。,诊断/分类辅助,疼痛筛查量表/医学计算器,"Douleur Neuropathique 4 Questions, DN4 / MDCalc",https://www.mdcalc.com/,外部来源公式级核对并接入Python实现,B：临床计算器平台收录，需回源核公式,中高：临床常见或教学/决策支持常用,已完成公式/规则级外部来源核对并接入Python实现,用于临床决策支持、教学或质量评估；不能替代完整指南和临床判断,,外部来源扩展补充,,Python实现采用预评分条目输入，未复刻受版权保护的完整问卷题干。
CALC-0834,重症、麻醉、疼痛与姑息,疼痛,神经病理性疼痛,LANSS疼痛量表,Leeds Assessment of Neuropathic Symptoms and Signs,疼痛症状；感觉检查；诱发痛,LANSS总分,症状和体征加权评分,高分支持神经病理性疼痛,诊断/分类辅助,临床量表,LANSS,https://qxmd.com/calculate/,外部来源公式级核对并接入Python实现,B：临床计算器平台收录，需回源核公式,中高：临床常见或教学/决策支持常用,已完成公式/规则级外部来源核对并接入Python实现,用于临床决策支持、教学或质量评估；不能替代完整指南和临床判断,,外部来源扩展补充,,Python实现采用预编码或预评分输入，未复刻受版权保护的完整问卷题干。
CALC-0835,重症、麻醉、疼痛与姑息,疼痛,慢性疼痛,疼痛灾难化量表,"Pain Catastrophizing Scale, PCS",反刍；放大；无助等13项,PCS总分,13题0-4分,分数越高灾难化思维越强,症状/功能量表,患者报告量表,PCS,https://qxmd.com/calculate/,外部来源公式级核对并接入Python实现,B：临床计算器平台收录，需回源核公式,中高：临床常见或教学/决策支持常用,已完成公式/规则级外部来源核对并接入Python实现,用于临床决策支持、教学或质量评估；不能替代完整指南和临床判断,,外部来源扩展补充,,Python实现采用预编码或预评分输入，未复刻受版权保护的完整问卷题干。
CALC-0836,重症、麻醉、疼痛与姑息,疼痛,阿片风险,阿片风险工具,"Opioid Risk Tool, ORT",个人/家族物质使用史；年龄；心理疾病；性侵史,阿片误用风险,ORT加权评分,低、中、高风险分层,风险预测/预后评估,临床量表,ORT,https://www.mdcalc.com/,外部来源公式级核对并接入Python实现,B：临床计算器平台收录，需回源核公式,中高：临床常见或教学/决策支持常用,已完成公式/规则级外部来源核对并接入Python实现,用于临床决策支持、教学或质量评估；不能替代完整指南和临床判断,,外部来源扩展补充,,Python实现采用预编码或预评分输入，未复刻受版权保护的完整问卷题干。
CALC-0837,重症、麻醉、疼痛与姑息,姑息,晚期疾病,Edmonton症状评估系统,"Edmonton Symptom Assessment System, ESAS",疼痛、疲乏、恶心、抑郁、焦虑、嗜睡、食欲、舒适感、气短等,症状负担分,0-10数字评分组合,分数越高症状越重,症状/功能量表,姑息量表,ESAS,https://qxmd.com/calculate/,外部来源公式级核对并接入Python实现,B：临床计算器平台收录，需回源核公式,中高：临床常见或教学/决策支持常用,已完成公式/规则级外部来源核对并接入Python实现,用于临床决策支持、教学或质量评估；不能替代完整指南和临床判断,,外部来源扩展补充,,Python实现采用预编码或预评分输入，未复刻受版权保护的完整问卷题干。
CALC-0838,重症、麻醉、疼痛与姑息,姑息,晚期疾病,姑息预后指数,"Palliative Prognostic Index, PPI",PPS；口服摄入；水肿；静息呼吸困难；谵妄,短期生存风险,PPI加权评分,分数越高短期预后越差,风险预测/预后评估,研究模型,PPI,https://www.mdcalc.com/,外部来源公式级核对并接入Python实现,B：临床计算器平台收录，需回源核公式,中高：临床常见或教学/决策支持常用,已完成公式/规则级外部来源核对并接入Python实现,用于临床决策支持、教学或质量评估；不能替代完整指南和临床判断,,外部来源扩展补充,,Python实现采用预编码或预评分输入，未复刻受版权保护的完整问卷题干。
CALC-0839,骨科、运动医学与康复扩展,足踝,足踝功能,AOFAS踝-后足评分,AOFAS Ankle-Hindfoot Score,疼痛；功能；对线,AOFAS 0-100,分域加权评分,越高功能越好,症状/功能量表,专业量表,AOFAS,https://qxmd.com/calculate/,医学计算器平台汇总,B：临床计算器平台收录，需回源核公式,中高：临床常见或教学/决策支持常用,平台级覆盖；适合候选清单，公式需逐项回源验证,多为真实使用的临床决策支持工具，但不能替代原始指南,,外部来源扩展补充,,
CALC-0840,骨科、运动医学与康复扩展,足踝,足踝功能,足踝能力测量,"Foot and Ankle Ability Measure, FAAM",FAAM日常生活21项和/或运动8项预编码0-4分，可用None表示缺失,FAAM日常生活和/或运动百分比分,子量表百分比 = 已完成条目分值和/(4*已完成条目数)*100,百分比越高提示足踝功能越好,症状/功能量表,患者报告量表,Foot and Ankle Ability Measure,https://qxmd.com/calculate/,医学计算器平台汇总,B：临床计算器平台收录，需回源核公式,中高：临床常见或教学/决策支持常用,平台级覆盖；适合候选清单，公式需逐项回源验证,多为真实使用的临床决策支持工具，但不能替代原始指南,,外部来源扩展补充,,
CALC-0841,骨科、运动医学与康复扩展,运动医学,运动活动水平,Tegner活动量表,Tegner Activity Scale,Tegner活动等级0-10,Tegner活动等级,0-10级活动水平分级,等级越高表示工作/运动活动水平越高；10级为精英竞技运动水平,症状/功能量表,运动医学量表,Tegner Activity Scale,https://qxmd.com/calculate/,医学计算器平台汇总,B：临床计算器平台收录，需回源核公式,中高：临床常见或教学/决策支持常用,平台级覆盖；适合候选清单，公式需逐项回源验证,多为真实使用的临床决策支持工具，但不能替代原始指南,,外部来源扩展补充,,
CALC-0842,骨科、运动医学与康复扩展,运动医学,膝前痛,Kujala髌股关节评分,Kujala Anterior Knee Pain Scale,Kujala髌股关节评分预编码组成分值,Kujala总分0-100,预编码组成分值求和，最高100分,分数越高提示膝前痛相关功能越好,症状/功能量表,运动医学量表,Kujala Anterior Knee Pain Scale,https://qxmd.com/calculate/,医学计算器平台汇总,B：临床计算器平台收录，需回源核公式,中高：临床常见或教学/决策支持常用,平台级覆盖；适合候选清单，公式需逐项回源验证,多为真实使用的临床决策支持工具，但不能替代原始指南,,外部来源扩展补充,,
CALC-0843,骨科、运动医学与康复扩展,运动医学,跟腱病,VISA-A跟腱病评分,"Victorian Institute of Sport Assessment-Achilles, VISA-A",8个预编码VISA-A条目分值,VISA-A总分0-100,8个预编码条目求和，最高100分,分数越高提示跟腱功能越好/症状越轻,症状/功能量表,患者报告量表,VISA-A,https://qxmd.com/calculate/,医学计算器平台汇总,B：临床计算器平台收录，需回源核公式,中高：临床常见或教学/决策支持常用,平台级覆盖；适合候选清单，公式需逐项回源验证,多为真实使用的临床决策支持工具，但不能替代原始指南,,外部来源扩展补充,,
CALC-0844,骨科、运动医学与康复扩展,运动医学,髌腱病,VISA-P髌腱病评分,"Victorian Institute of Sport Assessment-Patella, VISA-P",8个预编码VISA-P条目分值,VISA-P总分0-100,8个预编码条目求和，最高100分,分数越高提示髌腱功能越好/症状越轻,症状/功能量表,患者报告量表,VISA-P,https://qxmd.com/calculate/,医学计算器平台汇总,B：临床计算器平台收录，需回源核公式,中高：临床常见或教学/决策支持常用,平台级覆盖；适合候选清单，公式需逐项回源验证,多为真实使用的临床决策支持工具，但不能替代原始指南,,外部来源扩展补充,,
CALC-0845,骨科、运动医学与康复扩展,上肢,上肢功能,QuickDASH上肢功能简表,QuickDASH,11个预编码QuickDASH条目分值1-5，允许最多1项缺失,QuickDASH 0-100分,((已完成条目均分 - 1) * 25)，至少10项有效,0为最少残障，100为最重残障/症状负担,症状/功能量表,患者报告量表,QuickDASH scoring,https://dash.iwh.on.ca/scoring,专业机构/量表官网/大学或研究工具,C：可追溯外部来源，需确认版本、版权和适用人群,中：专科、研究或随访场景常用，泛临床频率不一,可追溯来源覆盖；适合候选清单，实施前需逐项核原始公式,真实存在且可追溯；是否适合上线取决于授权、验证质量和本地化,,外部来源扩展补充,,
CALC-0846,骨科、运动医学与康复扩展,肩关节,肩关节不稳,WOSI肩关节不稳指数,Western Ontario Shoulder Instability Index,身体症状；运动工作；生活方式；情绪,WOSI分数,问卷计分,分数越高生活质量受损越重,症状/功能量表,患者报告量表,WOSI,https://qxmd.com/calculate/,医学计算器平台汇总,B：临床计算器平台收录，需回源核公式,中高：临床常见或教学/决策支持常用,平台级覆盖；适合候选清单，公式需逐项回源验证,多为真实使用的临床决策支持工具，但不能替代原始指南,,外部来源扩展补充,,
CALC-0847,骨科、运动医学与康复扩展,创伤骨科,踝关节骨折,Olerud-Molander踝关节评分,Olerud-Molander Ankle Score,疼痛、僵硬、肿胀、楼梯、跑、跳、蹲、支撑、工作/日常活动预编码分值,Olerud-Molander踝关节评分0-100,9个预编码域分值求和，最高100分,分数越高表示踝关节功能越好,症状/功能量表,专业量表,Olerud-Molander Ankle Score,https://qxmd.com/calculate/,医学计算器平台汇总,B：临床计算器平台收录，需回源核公式,中高：临床常见或教学/决策支持常用,平台级覆盖；适合候选清单，公式需逐项回源验证,多为真实使用的临床决策支持工具，但不能替代原始指南,,外部来源扩展补充,,
CALC-0848,骨科、运动医学与康复扩展,脊柱,胸腰椎损伤,胸腰椎损伤分类与严重度评分,"Thoracolumbar Injury Classification and Severity Score, TLICS",morphology；posterior_ligamentous_complex；neurologic_status：TLICS三个域编码或点数,TLICS总分和治疗倾向,形态、后方韧带复合体、神经状态三域点数相加；0-3非手术，4可手术或非手术，>=5倾向手术,总分越高胸腰椎损伤不稳定性/手术指征越强,分诊/流程决策,创伤分类评分；编码规则实现,TLICS scoring references,https://radiopaedia.org/articles/thoracolumbar-injury-classification-and-severity-score-tlics-1,医学计算器平台/公开影像规则说明,B：公开评分规则/临床常用分类工具,中高：临床常见或教学/决策支持常用,已实现三个编码域求和和常用治疗倾向阈值,用于胸腰椎损伤结构化评估；治疗需结合影像、神经查体和脊柱外科判断,,外部来源扩展补充,,coded component implementation
CALC-0849,骨科、运动医学与康复扩展,脊柱肿瘤,脊柱转移瘤,脊柱不稳定性肿瘤评分,"Spinal Instability Neoplastic Score, SINS",location；pain；bone_lesion；alignment；vertebral_body_collapse；posterolateral_involvement：SINS六域编码或点数,SINS总分和稳定性分类,六个域点数相加，总分0-18；0-6稳定，7-12潜在不稳定，13-18不稳定,分数越高肿瘤相关脊柱不稳定风险越高,风险预测/预后评估,肿瘤脊柱稳定性评分；编码规则实现,Spinal Instability Neoplastic Score references,https://radiopaedia.org/articles/spinal-instability-neoplastic-score,医学计算器平台/公开影像规则说明,B：公开评分规则/临床常用分类工具,中高：临床常见或教学/决策支持常用,已实现六个编码域求和和稳定性分类,用于肿瘤相关脊柱不稳定筛查；需结合影像、疼痛性质和脊柱肿瘤团队评估,,外部来源扩展补充,,coded component implementation
CALC-0850,骨科、运动医学与康复扩展,康复,行走能力,功能性步行分级,"Functional Ambulation Category, FAC",grade,功能性步行分级FAC 0-5级解释,按预编码FAC 0-5级返回步行依赖程度。,等级越高提示步行独立性越好。,症状/功能量表,康复步行分级/原始研究,Functional Ambulation Category Holden references,https://pubmed.ncbi.nlm.nih.gov/6691052/,外部来源公式级核对并接入Python实现,A：官方/专业协会或原始评分体系来源,中高：临床常见或教学/决策支持常用,已完成公式/规则级外部来源核对并接入Python实现,用于临床决策支持、教学或质量评估；不能替代完整指南和临床判断,,外部来源扩展补充,,Python实现采用预编码或预评分输入，未复刻受版权保护的完整问卷题干。
CALC-0851,骨科、运动医学与康复扩展,康复,移动能力,计时起立行走测试,"Timed Up and Go Test, TUG",seconds,TUG用时和跌倒风险提示,记录计时起立行走测试秒数，并按12秒老年跌倒风险阈值提示。,用时越长提示活动能力越差；>=12秒可提示老年跌倒风险升高。,症状/功能量表,康复功能测试/CDC STEADI,CDC STEADI Timed Up and Go assessment,https://www.cdc.gov/steadi/media/pdfs/STEADI-Assessment-TUG-508.pdf,外部来源公式级核对并接入Python实现,A：官方/专业协会或原始评分体系来源,中高：临床常见或教学/决策支持常用,已完成公式/规则级外部来源核对并接入Python实现,用于临床决策支持、教学或质量评估；不能替代完整指南和临床判断,,外部来源扩展补充,,Python实现采用预编码或预评分输入，未复刻受版权保护的完整问卷题干。
CALC-0852,骨科、运动医学与康复扩展,康复,平衡,Tinetti平衡与步态评估,Tinetti Performance-Oriented Mobility Assessment,balance_score; gait_score,Tinetti POMA总分和跌倒风险分层,平衡0-16分和步态0-12分预评分小计相加，满分28分。,<19高跌倒风险；19-24中等风险；25-28低风险。,风险预测/预后评估,康复平衡步态量表,Tinetti Balance and Gait POMA scoring form,https://www.leadingagemn.org/assets/docs/Tinetti-Balance-Gait--POMA.pdf,外部来源公式级核对并接入Python实现,A：官方/专业协会或原始评分体系来源,中高：临床常见或教学/决策支持常用,已完成公式/规则级外部来源核对并接入Python实现,用于临床决策支持、教学或质量评估；不能替代完整指南和临床判断,,外部来源扩展补充,,Python实现采用预编码或预评分输入，未复刻受版权保护的完整问卷题干。
CALC-0853,眼耳鼻喉、口腔与头颈扩展,眼科,白内障/视功能,VF-14视觉功能指数,"Visual Function Index-14, VF-14",14项日常视觉功能困难程度,VF-14分数,问卷换算,越高视觉功能越好,症状/功能量表,患者报告量表,VF-14,https://qxmd.com/calculate/,医学计算器平台汇总,B：临床计算器平台收录，需回源核公式,中高：临床常见或教学/决策支持常用,平台级覆盖；适合候选清单，公式需逐项回源验证,多为真实使用的临床决策支持工具，但不能替代原始指南,,外部来源扩展补充,,
CALC-0854,眼耳鼻喉、口腔与头颈扩展,眼科,视觉生活质量,NEI视觉功能问卷25项,"NEI Visual Function Questionnaire-25, NEI VFQ-25",总体视力；近远活动；社会功能；心理；角色限制等,VFQ-25总分和分域,问卷换算,越高视觉相关生活质量越好,症状/功能量表,患者报告量表,NEI VFQ-25,https://www.nei.nih.gov/,临床量表/患者报告结局工具,C：标准量表或PRO工具，需确认版权和版本,中：专科门诊、研究或随访常用,量表型覆盖；适合症状评估和随访,真实使用，但部分量表有授权、翻译版本和计分版权限制,,外部来源扩展补充,,
CALC-0855,眼耳鼻喉、口腔与头颈扩展,眼科,干眼,SPEED干眼问卷,"Standard Patient Evaluation of Eye Dryness, SPEED",干涩、异物感、烧灼、疲劳频率和严重度,SPEED总分,症状频率和严重度计分,越高干眼症状越重,症状/功能量表,患者报告量表,SPEED,https://qxmd.com/calculate/,医学计算器平台汇总,B：临床计算器平台收录，需回源核公式,中高：临床常见或教学/决策支持常用,平台级覆盖；适合候选清单，公式需逐项回源验证,多为真实使用的临床决策支持工具，但不能替代原始指南,,外部来源扩展补充,,
CALC-0856,眼耳鼻喉、口腔与头颈扩展,眼科,眼睑痉挛,Jankovic眼睑痉挛评分,Jankovic Rating Scale,眼睑痉挛严重度和频率,JRS总分,严重度+频率评分,越高症状越重,症状/功能量表,临床量表,Jankovic Rating Scale,https://qxmd.com/calculate/,外部来源公式级核对并接入Python实现,B：临床计算器平台收录，需回源核公式,中高：临床常见或教学/决策支持常用,已完成公式/规则级外部来源核对并接入Python实现,用于临床决策支持、教学或质量评估；不能替代完整指南和临床判断,,外部来源扩展补充,,Python实现采用预编码或预评分输入，未复刻受版权保护的完整问卷题干。
CALC-0857,眼耳鼻喉、口腔与头颈扩展,耳鼻喉,面神经麻痹,House-Brackmann面神经分级,House-Brackmann Facial Nerve Grading System,grade,House-Brackmann grade and severity label,Pre-coded House-Brackmann facial nerve grade 1-6.,Higher grade indicates more severe facial nerve dysfunction.,分期/分级,临床分级体系,House-Brackmann facial paralysis scale,https://iowaprotocols.medicine.uiowa.edu/protocols/house-brackmann-facial-paralysis-scale,外部来源规则级核对并接入Python实现,B：可靠医学资料并已核规则,中高：临床常见或教学/决策支持常用,已完成规则级外部来源核对并接入Python实现,用于面神经功能分级记录；不能替代专科查体,,外部来源扩展补充,,Python实现采用预编码等级输入。
CALC-0858,眼耳鼻喉、口腔与头颈扩展,耳鼻喉,阻塞性睡眠呼吸暂停,Friedman舌位和扁桃体分期,Friedman Staging System,friedman_tongue_position; tonsil_size; bmi; significant_craniofacial_or_anatomic_deformity,Friedman stage I-IV,"Rule-based Friedman staging from tongue position, tonsil size, BMI, and significant anatomic deformity.",Stage reflects anatomic pattern relevant to sleep surgery selection; stage IV includes BMI >40 or significant deformity.,分期/分级,原始分类体系,Friedman staging system,https://doi.org/10.1097/00005537-200404000-00013,外部来源规则级核对并接入Python实现,A：原始评分/分类体系来源,中高：临床常见或教学/决策支持常用,已完成规则级外部来源核对并接入Python实现,用于解剖分期和教学；不能替代睡眠医学/耳鼻喉完整评估,,外部来源扩展补充,,Python实现采用编码输入。
CALC-0859,眼耳鼻喉、口腔与头颈扩展,耳鼻喉,儿童扁桃体,Brodsky扁桃体大小分级,Brodsky Tonsil Grading Scale,tonsillar_airway_occupation_percent; tonsils_within_fossa,Brodsky tonsil grade 0-4,"Brodsky tonsil grade from percent airway occupation, with grade 0 for tonsils within fossa.",Higher grade indicates larger tonsillar airway occupation.,分期/分级,临床分级体系,Brodsky tonsil grading scale,https://jamanetwork.com/journals/jamaotolaryngology/fullarticle/495945,外部来源规则级核对并接入Python实现,B：可靠医学资料并已核规则,中高：临床常见或教学/决策支持常用,已完成规则级外部来源核对并接入Python实现,用于扁桃体大小分级记录；不能替代专科查体,,外部来源扩展补充,,Python实现采用编码/数值输入。
CALC-0860,眼耳鼻喉、口腔与头颈扩展,口腔,口腔卫生,菌斑指数,Plaque Index,牙面菌斑厚度和覆盖情况,菌斑指数,Silness-Loe或O'Leary计分,越高口腔卫生越差,症状/功能量表,口腔指数,Plaque Index,https://www.who.int/,外部来源公式级核对并接入Python实现,A：官方或专业协会来源,高：对应专科真实临床常用或指南推荐,已完成公式/规则级外部来源核对并接入Python实现,用于临床决策支持、教学或质量评估；不能替代完整指南和临床判断,,外部来源扩展补充,,Python实现采用预编码或预评分输入，未复刻受版权保护的完整问卷题干。
CALC-0861,眼耳鼻喉、口腔与头颈扩展,口腔,牙龈炎,牙龈指数,Gingival Index,牙龈颜色、水肿、出血倾向,GI分数,Loe-Silness牙龈指数,越高牙龈炎症越重,症状/功能量表,口腔指数,Gingival Index,https://www.who.int/,外部来源公式级核对并接入Python实现,A：官方或专业协会来源,高：对应专科真实临床常用或指南推荐,已完成公式/规则级外部来源核对并接入Python实现,用于临床决策支持、教学或质量评估；不能替代完整指南和临床判断,,外部来源扩展补充,,Python实现采用预编码或预评分输入，未复刻受版权保护的完整问卷题干。
CALC-0862,眼耳鼻喉、口腔与头颈扩展,口腔,牙齿外伤,牙外伤IADT分类支持,IADT Dental Trauma Classification Support,牙折裂类型；脱位；牙根发育；时间；保存介质,损伤分类和处理路径提示,IADT指南分类,用于牙外伤急诊分流,分诊/流程决策,专业指南,IADT Guidelines,https://www.iadt-dentaltrauma.org/,官方指南/专业协会/监管或分期体系,A：官方或专业协会来源,高：对应专科真实临床常用或指南推荐,指南级覆盖；适合做正式模块，但需锁定版本,真实临床使用；实现时需核对最新指南、适用人群和授权,,外部来源扩展补充,,
CALC-0863,公共卫生、职业医学与生活方式,吸烟,烟草依赖,Fagerstrom尼古丁依赖测试,Fagerstrom Test for Nicotine Dependence,晨起吸烟时间；每日支数；禁烟场所困难；最难放弃支；早晨更多；病中吸烟,尼古丁依赖程度,6题计分,分数越高依赖越重,筛查/预警,患者报告量表,Fagerstrom Test,https://qxmd.com/calculate/,官方指南/专业协会/监管或分期体系,A：官方或专业协会来源,高：对应专科真实临床常用或指南推荐,指南级覆盖；适合做正式模块，但需锁定版本,真实临床使用；实现时需核对最新指南、适用人群和授权,,外部来源扩展补充,,
CALC-0864,公共卫生、职业医学与生活方式,饮酒,饮酒风险,AUDIT酒精使用障碍识别测试,"Alcohol Use Disorders Identification Test, AUDIT",饮酒频率；饮酒量；失控；伤害；依赖相关问题,AUDIT总分,10题计分,高分提示有害饮酒或依赖风险,筛查/预警,WHO筛查工具,WHO AUDIT,https://www.who.int/,外部来源公式级核对并接入Python实现,A：官方或专业协会来源,高：对应专科真实临床常用或指南推荐,已完成公式/规则级外部来源核对并接入Python实现,用于临床决策支持、教学或质量评估；不能替代完整指南和临床判断,,外部来源扩展补充,,Python实现采用预编码或预评分输入，未复刻受版权保护的完整问卷题干。
CALC-0865,公共卫生、职业医学与生活方式,药物使用,药物滥用筛查,DAST-10药物滥用筛查,Drug Abuse Screening Test-10,非医疗药物使用相关10项问题,DAST-10总分,10题是/否计分,分数越高药物使用问题越重,筛查/预警,筛查量表,DAST-10,https://qxmd.com/calculate/,外部来源公式级核对并接入Python实现,B：临床计算器平台收录，需回源核公式,中高：临床常见或教学/决策支持常用,已完成公式/规则级外部来源核对并接入Python实现,用于临床决策支持、教学或质量评估；不能替代完整指南和临床判断,,外部来源扩展补充,,Python实现采用预编码或预评分输入，未复刻受版权保护的完整问卷题干。
CALC-0866,公共卫生、职业医学与生活方式,压力,心理压力,压力知觉量表10项,"Perceived Stress Scale-10, PSS-10",过去一个月压力感受和应对感10项,PSS-10总分,10题0-4分,分数越高主观压力越高,症状/功能量表,患者报告量表,PSS-10,https://qxmd.com/calculate/,医学计算器平台汇总,B：临床计算器平台收录，需回源核公式,中高：临床常见或教学/决策支持常用,平台级覆盖；适合候选清单，公式需逐项回源验证,多为真实使用的临床决策支持工具，但不能替代原始指南,,外部来源扩展补充,,
CALC-0867,公共卫生、职业医学与生活方式,运动,体力活动,国际体力活动问卷,"International Physical Activity Questionnaire, IPAQ",步行、中等、高强度活动频率和时长；久坐,MET-min/week和活动等级,IPAQ计分规则,低、中、高体力活动水平,生活方式评估,患者报告量表,IPAQ,https://sites.google.com/view/ipaq/home,专业机构/量表官网/大学或研究工具,C：可追溯外部来源，需确认版本、版权和适用人群,中：专科、研究或随访场景常用，泛临床频率不一,可追溯来源覆盖；适合候选清单，实施前需逐项核原始公式,真实存在且可追溯；是否适合上线取决于授权、验证质量和本地化,,外部来源扩展补充,,
CALC-0868,公共卫生、职业医学与生活方式,肥胖,中心性肥胖,腰臀比,Waist-to-Hip Ratio,sex; waist_cm; hip_cm,腰臀比,WHR = 腰围 / 臀围,WHO常用中心性肥胖风险阈值：男性>=0.90，女性>=0.85。,公式计算/生理指标,公共卫生指南/WHO工具,WHO STEPwise approach anthropometric measurements,https://www.who.int/teams/noncommunicable-diseases/surveillance/systems-tools/steps,WHO公共卫生测量工具,A：官方公共卫生来源,高：对应专科真实临床常用或指南推荐,已完成公式级外部来源核对并接入Python实现,用于临床决策支持、教学或质量评估；不能替代完整指南和临床判断,,外部来源验证,,
CALC-0869,公共卫生、职业医学与生活方式,肥胖,中心性肥胖,腰高比,Waist-to-Height Ratio,waist_cm; height_cm,腰高比,WHtR = 腰围 / 身高,NICE：约0.5及以上提示中心性脂肪相关健康风险增加；0.6及以上风险更高。,公式计算/生理指标,临床指南,NICE obesity guidance: waist-to-height ratio,https://www.nice.org.uk/guidance/cg189/chapter/Recommendations#identifying-and-assessing-overweight-obesity-and-central-adiposity,NICE指南,A：官方指南来源,高：对应专科真实临床常用或指南推荐,已完成公式级外部来源核对并接入Python实现,用于临床决策支持、教学或质量评估；不能替代完整指南和临床判断,,外部来源验证,,
CALC-0870,公共卫生、职业医学与生活方式,职业医学,噪声暴露,噪声剂量和8小时等效声级,Noise Dose and 8-hour Time-Weighted Average,声级；暴露时间；交换率；允许限值,噪声剂量百分比和TWA,OSHA/NIOSH噪声剂量公式,用于职业噪声暴露评估,职业暴露评估,官方标准,NIOSH Noise,https://www.cdc.gov/niosh/noise/,外部来源公式级核对并接入Python实现,A：官方或专业协会来源,高：对应专科真实临床常用或指南推荐,已完成公式/规则级外部来源核对并接入Python实现,用于临床决策支持、教学或质量评估；不能替代完整指南和临床判断,,外部来源扩展补充,,Python实现采用预编码或预评分输入，未复刻受版权保护的完整问卷题干。
CALC-0871,公共卫生、职业医学与生活方式,职业医学,铅暴露,血铅水平解释,Blood Lead Level Interpretation,血铅浓度；年龄；妊娠；症状；职业暴露,风险等级和随访建议,CDC/OSHA阈值解释,儿童和成人阈值不同,职业暴露评估,官方指南,CDC Lead,https://www.cdc.gov/lead-prevention/,官方指南/专业协会/监管或分期体系,A：官方或专业协会来源,高：对应专科真实临床常用或指南推荐,指南级覆盖；适合做正式模块，但需锁定版本,真实临床使用；实现时需核对最新指南、适用人群和授权,,外部来源扩展补充,,
CALC-0872,公共卫生、职业医学与生活方式,职业医学,针刺伤,职业暴露血源病原体风险评估,Occupational Bloodborne Pathogen Exposure Risk Support,暴露体液；针具类型；源患者HBV/HCV/HIV；疫苗；时间,检测和PEP路径提示,CDC职业暴露流程,用于暴露后紧急处理提醒,分诊/流程决策,官方指南,CDC Occupational Exposure,https://www.cdc.gov/,官方指南/专业协会/监管或分期体系,A：官方或专业协会来源,高：对应专科真实临床常用或指南推荐,指南级覆盖；适合做正式模块，但需锁定版本,真实临床使用；实现时需核对最新指南、适用人群和授权,,外部来源扩展补充,,
CALC-0873,公共卫生、职业医学与生活方式,旅行医学,静脉血栓,长途旅行VTE风险提示,Travel-Associated VTE Risk Support,既往VTE；近期手术；癌症；雌激素；妊娠；肥胖；活动受限；飞行时长,旅行相关VTE风险提示,风险因素清单,用于旅行前咨询,风险预测/预后评估,指南框架,CDC Yellow Book,https://wwwnc.cdc.gov/travel/page/yellowbook-home,官方指南/专业协会/监管或分期体系,A：官方或专业协会来源,高：对应专科真实临床常用或指南推荐,指南级覆盖；适合做正式模块，但需锁定版本,真实临床使用；实现时需核对最新指南、适用人群和授权,,外部来源扩展补充,,
CALC-0874,公共卫生、职业医学与生活方式,儿童公共卫生,不良童年经历,ACE不良童年经历评分,Adverse Childhood Experiences Score,虐待、忽视、家庭功能障碍等童年经历,ACE总分,阳性项计数,分数越高长期健康风险相关性越强,筛查/预警,公共卫生量表,CDC ACEs,https://www.cdc.gov/aces/,外部来源公式级核对并接入Python实现,A：官方或专业协会来源,高：对应专科真实临床常用或指南推荐,已完成公式/规则级外部来源核对并接入Python实现,用于临床决策支持、教学或质量评估；不能替代完整指南和临床判断,,外部来源扩展补充,,Python实现采用预编码或预评分输入，未复刻受版权保护的完整问卷题干。
CALC-0875,肿瘤分期与专病路径扩展,AJCC/NCCN肿瘤分期,唇癌,唇癌AJCC/NCCN分期与风险分层,Lip Cancer AJCC/NCCN Staging and Risk Stratification,原发灶T；区域淋巴结N；远处转移M；病理/分子标志物；分级；特殊部位规则,分期、风险组或治疗路径提示,AJCC TNM、NCCN风险分层或肿瘤特异分期规则,分期越高或风险组越高，通常提示预后更差或治疗强度更高,分期/分级,官方分期/专业指南,AJCC Cancer Staging / NCCN Guidelines,https://www.facs.org/quality-programs/cancer-programs/american-joint-committee-on-cancer/,官方指南/专业协会/监管或分期体系,A：官方或专业协会来源,高：肿瘤专科分期/路径常用,肿瘤分期覆盖；需按癌种和版本维护,真实临床使用；实现时需核对最新指南、适用人群和授权,,外部来源扩展补充,,
CALC-0876,肿瘤分期与专病路径扩展,AJCC/NCCN肿瘤分期,口腔癌,口腔癌AJCC/NCCN分期与风险分层,Oral Cavity Cancer AJCC/NCCN Staging and Risk Stratification,原发灶T；区域淋巴结N；远处转移M；病理/分子标志物；分级；特殊部位规则,分期、风险组或治疗路径提示,AJCC TNM、NCCN风险分层或肿瘤特异分期规则,分期越高或风险组越高，通常提示预后更差或治疗强度更高,分期/分级,官方分期/专业指南,AJCC Cancer Staging / NCCN Guidelines,https://www.facs.org/quality-programs/cancer-programs/american-joint-committee-on-cancer/,官方指南/专业协会/监管或分期体系,A：官方或专业协会来源,高：肿瘤专科分期/路径常用,肿瘤分期覆盖；需按癌种和版本维护,真实临床使用；实现时需核对最新指南、适用人群和授权,,外部来源扩展补充,,
CALC-0877,肿瘤分期与专病路径扩展,AJCC/NCCN肿瘤分期,口咽癌HPV阳性,口咽癌HPV阳性AJCC/NCCN分期与风险分层,HPV-Mediated Oropharyngeal Cancer AJCC/NCCN Staging and Risk Stratification,原发灶T；区域淋巴结N；远处转移M；病理/分子标志物；分级；特殊部位规则,分期、风险组或治疗路径提示,AJCC TNM、NCCN风险分层或肿瘤特异分期规则,分期越高或风险组越高，通常提示预后更差或治疗强度更高,分期/分级,官方分期/专业指南,AJCC Cancer Staging / NCCN Guidelines,https://www.facs.org/quality-programs/cancer-programs/american-joint-committee-on-cancer/,官方指南/专业协会/监管或分期体系,A：官方或专业协会来源,高：肿瘤专科分期/路径常用,肿瘤分期覆盖；需按癌种和版本维护,真实临床使用；实现时需核对最新指南、适用人群和授权,,外部来源扩展补充,,
CALC-0878,肿瘤分期与专病路径扩展,AJCC/NCCN肿瘤分期,口咽癌HPV阴性,口咽癌HPV阴性AJCC/NCCN分期与风险分层,HPV-Negative Oropharyngeal Cancer AJCC/NCCN Staging and Risk Stratification,原发灶T；区域淋巴结N；远处转移M；病理/分子标志物；分级；特殊部位规则,分期、风险组或治疗路径提示,AJCC TNM、NCCN风险分层或肿瘤特异分期规则,分期越高或风险组越高，通常提示预后更差或治疗强度更高,分期/分级,官方分期/专业指南,AJCC Cancer Staging / NCCN Guidelines,https://www.facs.org/quality-programs/cancer-programs/american-joint-committee-on-cancer/,官方指南/专业协会/监管或分期体系,A：官方或专业协会来源,高：肿瘤专科分期/路径常用,肿瘤分期覆盖；需按癌种和版本维护,真实临床使用；实现时需核对最新指南、适用人群和授权,,外部来源扩展补充,,
CALC-0879,肿瘤分期与专病路径扩展,AJCC/NCCN肿瘤分期,鼻咽癌,鼻咽癌AJCC/NCCN分期与风险分层,Nasopharyngeal Cancer AJCC/NCCN Staging and Risk Stratification,原发灶T；区域淋巴结N；远处转移M；病理/分子标志物；分级；特殊部位规则,分期、风险组或治疗路径提示,AJCC TNM、NCCN风险分层或肿瘤特异分期规则,分期越高或风险组越高，通常提示预后更差或治疗强度更高,分期/分级,官方分期/专业指南,AJCC Cancer Staging / NCCN Guidelines,https://www.facs.org/quality-programs/cancer-programs/american-joint-committee-on-cancer/,官方指南/专业协会/监管或分期体系,A：官方或专业协会来源,高：肿瘤专科分期/路径常用,肿瘤分期覆盖；需按癌种和版本维护,真实临床使用；实现时需核对最新指南、适用人群和授权,,外部来源扩展补充,,
CALC-0880,肿瘤分期与专病路径扩展,AJCC/NCCN肿瘤分期,下咽癌,下咽癌AJCC/NCCN分期与风险分层,Hypopharyngeal Cancer AJCC/NCCN Staging and Risk Stratification,原发灶T；区域淋巴结N；远处转移M；病理/分子标志物；分级；特殊部位规则,分期、风险组或治疗路径提示,AJCC TNM、NCCN风险分层或肿瘤特异分期规则,分期越高或风险组越高，通常提示预后更差或治疗强度更高,分期/分级,官方分期/专业指南,AJCC Cancer Staging / NCCN Guidelines,https://www.facs.org/quality-programs/cancer-programs/american-joint-committee-on-cancer/,官方指南/专业协会/监管或分期体系,A：官方或专业协会来源,高：肿瘤专科分期/路径常用,肿瘤分期覆盖；需按癌种和版本维护,真实临床使用；实现时需核对最新指南、适用人群和授权,,外部来源扩展补充,,
CALC-0881,肿瘤分期与专病路径扩展,AJCC/NCCN肿瘤分期,喉癌,喉癌AJCC/NCCN分期与风险分层,Laryngeal Cancer AJCC/NCCN Staging and Risk Stratification,原发灶T；区域淋巴结N；远处转移M；病理/分子标志物；分级；特殊部位规则,分期、风险组或治疗路径提示,AJCC TNM、NCCN风险分层或肿瘤特异分期规则,分期越高或风险组越高，通常提示预后更差或治疗强度更高,分期/分级,官方分期/专业指南,AJCC Cancer Staging / NCCN Guidelines,https://www.facs.org/quality-programs/cancer-programs/american-joint-committee-on-cancer/,官方指南/专业协会/监管或分期体系,A：官方或专业协会来源,高：肿瘤专科分期/路径常用,肿瘤分期覆盖；需按癌种和版本维护,真实临床使用；实现时需核对最新指南、适用人群和授权,,外部来源扩展补充,,
CALC-0882,肿瘤分期与专病路径扩展,AJCC/NCCN肿瘤分期,鼻腔和鼻窦癌,鼻腔和鼻窦癌AJCC/NCCN分期与风险分层,Nasal Cavity and Paranasal Sinus Cancer AJCC/NCCN Staging and Risk Stratification,原发灶T；区域淋巴结N；远处转移M；病理/分子标志物；分级；特殊部位规则,分期、风险组或治疗路径提示,AJCC TNM、NCCN风险分层或肿瘤特异分期规则,分期越高或风险组越高，通常提示预后更差或治疗强度更高,分期/分级,官方分期/专业指南,AJCC Cancer Staging / NCCN Guidelines,https://www.facs.org/quality-programs/cancer-programs/american-joint-committee-on-cancer/,官方指南/专业协会/监管或分期体系,A：官方或专业协会来源,高：肿瘤专科分期/路径常用,肿瘤分期覆盖；需按癌种和版本维护,真实临床使用；实现时需核对最新指南、适用人群和授权,,外部来源扩展补充,,
CALC-0883,肿瘤分期与专病路径扩展,AJCC/NCCN肿瘤分期,唾液腺癌,唾液腺癌AJCC/NCCN分期与风险分层,Major Salivary Gland Cancer AJCC/NCCN Staging and Risk Stratification,原发灶T；区域淋巴结N；远处转移M；病理/分子标志物；分级；特殊部位规则,分期、风险组或治疗路径提示,AJCC TNM、NCCN风险分层或肿瘤特异分期规则,分期越高或风险组越高，通常提示预后更差或治疗强度更高,分期/分级,官方分期/专业指南,AJCC Cancer Staging / NCCN Guidelines,https://www.facs.org/quality-programs/cancer-programs/american-joint-committee-on-cancer/,官方指南/专业协会/监管或分期体系,A：官方或专业协会来源,高：肿瘤专科分期/路径常用,肿瘤分期覆盖；需按癌种和版本维护,真实临床使用；实现时需核对最新指南、适用人群和授权,,外部来源扩展补充,,
CALC-0884,肿瘤分期与专病路径扩展,AJCC/NCCN肿瘤分期,甲状腺分化癌,甲状腺分化癌AJCC/NCCN分期与风险分层,Differentiated Thyroid Cancer AJCC/NCCN Staging and Risk Stratification,原发灶T；区域淋巴结N；远处转移M；病理/分子标志物；分级；特殊部位规则,分期、风险组或治疗路径提示,AJCC TNM、NCCN风险分层或肿瘤特异分期规则,分期越高或风险组越高，通常提示预后更差或治疗强度更高,分期/分级,官方分期/专业指南,AJCC Cancer Staging / NCCN Guidelines,https://www.facs.org/quality-programs/cancer-programs/american-joint-committee-on-cancer/,官方指南/专业协会/监管或分期体系,A：官方或专业协会来源,高：肿瘤专科分期/路径常用,肿瘤分期覆盖；需按癌种和版本维护,真实临床使用；实现时需核对最新指南、适用人群和授权,,外部来源扩展补充,,
CALC-0885,肿瘤分期与专病路径扩展,AJCC/NCCN肿瘤分期,甲状腺髓样癌,甲状腺髓样癌AJCC/NCCN分期与风险分层,Medullary Thyroid Cancer AJCC/NCCN Staging and Risk Stratification,原发灶T；区域淋巴结N；远处转移M；病理/分子标志物；分级；特殊部位规则,分期、风险组或治疗路径提示,AJCC TNM、NCCN风险分层或肿瘤特异分期规则,分期越高或风险组越高，通常提示预后更差或治疗强度更高,分期/分级,官方分期/专业指南,AJCC Cancer Staging / NCCN Guidelines,https://www.facs.org/quality-programs/cancer-programs/american-joint-committee-on-cancer/,官方指南/专业协会/监管或分期体系,A：官方或专业协会来源,高：肿瘤专科分期/路径常用,肿瘤分期覆盖；需按癌种和版本维护,真实临床使用；实现时需核对最新指南、适用人群和授权,,外部来源扩展补充,,
CALC-0886,肿瘤分期与专病路径扩展,AJCC/NCCN肿瘤分期,甲状腺未分化癌,甲状腺未分化癌AJCC/NCCN分期与风险分层,Anaplastic Thyroid Cancer AJCC/NCCN Staging and Risk Stratification,原发灶T；区域淋巴结N；远处转移M；病理/分子标志物；分级；特殊部位规则,分期、风险组或治疗路径提示,AJCC TNM、NCCN风险分层或肿瘤特异分期规则,分期越高或风险组越高，通常提示预后更差或治疗强度更高,分期/分级,官方分期/专业指南,AJCC Cancer Staging / NCCN Guidelines,https://www.facs.org/quality-programs/cancer-programs/american-joint-committee-on-cancer/,官方指南/专业协会/监管或分期体系,A：官方或专业协会来源,高：肿瘤专科分期/路径常用,肿瘤分期覆盖；需按癌种和版本维护,真实临床使用；实现时需核对最新指南、适用人群和授权,,外部来源扩展补充,,
CALC-0887,肿瘤分期与专病路径扩展,AJCC/NCCN肿瘤分期,胸腺上皮肿瘤,胸腺上皮肿瘤AJCC/NCCN分期与风险分层,Thymic Epithelial Tumor AJCC/NCCN Staging and Risk Stratification,原发灶T；区域淋巴结N；远处转移M；病理/分子标志物；分级；特殊部位规则,分期、风险组或治疗路径提示,AJCC TNM、NCCN风险分层或肿瘤特异分期规则,分期越高或风险组越高，通常提示预后更差或治疗强度更高,分期/分级,官方分期/专业指南,AJCC Cancer Staging / NCCN Guidelines,https://www.facs.org/quality-programs/cancer-programs/american-joint-committee-on-cancer/,官方指南/专业协会/监管或分期体系,A：官方或专业协会来源,高：肿瘤专科分期/路径常用,肿瘤分期覆盖；需按癌种和版本维护,真实临床使用；实现时需核对最新指南、适用人群和授权,,外部来源扩展补充,,
CALC-0888,肿瘤分期与专病路径扩展,AJCC/NCCN肿瘤分期,恶性胸膜间皮瘤,恶性胸膜间皮瘤AJCC/NCCN分期与风险分层,Malignant Pleural Mesothelioma AJCC/NCCN Staging and Risk Stratification,原发灶T；区域淋巴结N；远处转移M；病理/分子标志物；分级；特殊部位规则,分期、风险组或治疗路径提示,AJCC TNM、NCCN风险分层或肿瘤特异分期规则,分期越高或风险组越高，通常提示预后更差或治疗强度更高,分期/分级,官方分期/专业指南,AJCC Cancer Staging / NCCN Guidelines,https://www.facs.org/quality-programs/cancer-programs/american-joint-committee-on-cancer/,官方指南/专业协会/监管或分期体系,A：官方或专业协会来源,高：肿瘤专科分期/路径常用,肿瘤分期覆盖；需按癌种和版本维护,真实临床使用；实现时需核对最新指南、适用人群和授权,,外部来源扩展补充,,
CALC-0889,肿瘤分期与专病路径扩展,AJCC/NCCN肿瘤分期,小细胞肺癌,小细胞肺癌AJCC/NCCN分期与风险分层,Small Cell Lung Cancer AJCC/NCCN Staging and Risk Stratification,原发灶T；区域淋巴结N；远处转移M；病理/分子标志物；分级；特殊部位规则,分期、风险组或治疗路径提示,AJCC TNM、NCCN风险分层或肿瘤特异分期规则,分期越高或风险组越高，通常提示预后更差或治疗强度更高,分期/分级,官方分期/专业指南,AJCC Cancer Staging / NCCN Guidelines,https://www.facs.org/quality-programs/cancer-programs/american-joint-committee-on-cancer/,官方指南/专业协会/监管或分期体系,A：官方或专业协会来源,高：肿瘤专科分期/路径常用,肿瘤分期覆盖；需按癌种和版本维护,真实临床使用；实现时需核对最新指南、适用人群和授权,,外部来源扩展补充,,
CALC-0890,肿瘤分期与专病路径扩展,AJCC/NCCN肿瘤分期,胃肠道间质瘤,胃肠道间质瘤AJCC/NCCN分期与风险分层,Gastrointestinal Stromal Tumor AJCC/NCCN Staging and Risk Stratification,原发灶T；区域淋巴结N；远处转移M；病理/分子标志物；分级；特殊部位规则,分期、风险组或治疗路径提示,AJCC TNM、NCCN风险分层或肿瘤特异分期规则,分期越高或风险组越高，通常提示预后更差或治疗强度更高,分期/分级,官方分期/专业指南,AJCC Cancer Staging / NCCN Guidelines,https://www.facs.org/quality-programs/cancer-programs/american-joint-committee-on-cancer/,官方指南/专业协会/监管或分期体系,A：官方或专业协会来源,高：肿瘤专科分期/路径常用,肿瘤分期覆盖；需按癌种和版本维护,真实临床使用；实现时需核对最新指南、适用人群和授权,,外部来源扩展补充,,
CALC-0891,肿瘤分期与专病路径扩展,AJCC/NCCN肿瘤分期,小肠腺癌,小肠腺癌AJCC/NCCN分期与风险分层,Small Bowel Adenocarcinoma AJCC/NCCN Staging and Risk Stratification,原发灶T；区域淋巴结N；远处转移M；病理/分子标志物；分级；特殊部位规则,分期、风险组或治疗路径提示,AJCC TNM、NCCN风险分层或肿瘤特异分期规则,分期越高或风险组越高，通常提示预后更差或治疗强度更高,分期/分级,官方分期/专业指南,AJCC Cancer Staging / NCCN Guidelines,https://www.facs.org/quality-programs/cancer-programs/american-joint-committee-on-cancer/,官方指南/专业协会/监管或分期体系,A：官方或专业协会来源,高：肿瘤专科分期/路径常用,肿瘤分期覆盖；需按癌种和版本维护,真实临床使用；实现时需核对最新指南、适用人群和授权,,外部来源扩展补充,,
CALC-0892,肿瘤分期与专病路径扩展,AJCC/NCCN肿瘤分期,阑尾癌,阑尾癌AJCC/NCCN分期与风险分层,Appendiceal Carcinoma AJCC/NCCN Staging and Risk Stratification,原发灶T；区域淋巴结N；远处转移M；病理/分子标志物；分级；特殊部位规则,分期、风险组或治疗路径提示,AJCC TNM、NCCN风险分层或肿瘤特异分期规则,分期越高或风险组越高，通常提示预后更差或治疗强度更高,分期/分级,官方分期/专业指南,AJCC Cancer Staging / NCCN Guidelines,https://www.facs.org/quality-programs/cancer-programs/american-joint-committee-on-cancer/,官方指南/专业协会/监管或分期体系,A：官方或专业协会来源,高：肿瘤专科分期/路径常用,肿瘤分期覆盖；需按癌种和版本维护,真实临床使用；实现时需核对最新指南、适用人群和授权,,外部来源扩展补充,,
CALC-0893,肿瘤分期与专病路径扩展,AJCC/NCCN肿瘤分期,肛管癌,肛管癌AJCC/NCCN分期与风险分层,Anal Cancer AJCC/NCCN Staging and Risk Stratification,原发灶T；区域淋巴结N；远处转移M；病理/分子标志物；分级；特殊部位规则,分期、风险组或治疗路径提示,AJCC TNM、NCCN风险分层或肿瘤特异分期规则,分期越高或风险组越高，通常提示预后更差或治疗强度更高,分期/分级,官方分期/专业指南,AJCC Cancer Staging / NCCN Guidelines,https://www.facs.org/quality-programs/cancer-programs/american-joint-committee-on-cancer/,官方指南/专业协会/监管或分期体系,A：官方或专业协会来源,高：肿瘤专科分期/路径常用,肿瘤分期覆盖；需按癌种和版本维护,真实临床使用；实现时需核对最新指南、适用人群和授权,,外部来源扩展补充,,
CALC-0894,肿瘤分期与专病路径扩展,AJCC/NCCN肿瘤分期,肝内胆管癌,肝内胆管癌AJCC/NCCN分期与风险分层,Intrahepatic Cholangiocarcinoma AJCC/NCCN Staging and Risk Stratification,原发灶T；区域淋巴结N；远处转移M；病理/分子标志物；分级；特殊部位规则,分期、风险组或治疗路径提示,AJCC TNM、NCCN风险分层或肿瘤特异分期规则,分期越高或风险组越高，通常提示预后更差或治疗强度更高,分期/分级,官方分期/专业指南,AJCC Cancer Staging / NCCN Guidelines,https://www.facs.org/quality-programs/cancer-programs/american-joint-committee-on-cancer/,官方指南/专业协会/监管或分期体系,A：官方或专业协会来源,高：肿瘤专科分期/路径常用,肿瘤分期覆盖；需按癌种和版本维护,真实临床使用；实现时需核对最新指南、适用人群和授权,,外部来源扩展补充,,
CALC-0895,肿瘤分期与专病路径扩展,AJCC/NCCN肿瘤分期,肝门部胆管癌,肝门部胆管癌AJCC/NCCN分期与风险分层,Perihilar Cholangiocarcinoma AJCC/NCCN Staging and Risk Stratification,原发灶T；区域淋巴结N；远处转移M；病理/分子标志物；分级；特殊部位规则,分期、风险组或治疗路径提示,AJCC TNM、NCCN风险分层或肿瘤特异分期规则,分期越高或风险组越高，通常提示预后更差或治疗强度更高,分期/分级,官方分期/专业指南,AJCC Cancer Staging / NCCN Guidelines,https://www.facs.org/quality-programs/cancer-programs/american-joint-committee-on-cancer/,官方指南/专业协会/监管或分期体系,A：官方或专业协会来源,高：肿瘤专科分期/路径常用,肿瘤分期覆盖；需按癌种和版本维护,真实临床使用；实现时需核对最新指南、适用人群和授权,,外部来源扩展补充,,
CALC-0896,肿瘤分期与专病路径扩展,AJCC/NCCN肿瘤分期,远端胆管癌,远端胆管癌AJCC/NCCN分期与风险分层,Distal Bile Duct Cancer AJCC/NCCN Staging and Risk Stratification,原发灶T；区域淋巴结N；远处转移M；病理/分子标志物；分级；特殊部位规则,分期、风险组或治疗路径提示,AJCC TNM、NCCN风险分层或肿瘤特异分期规则,分期越高或风险组越高，通常提示预后更差或治疗强度更高,分期/分级,官方分期/专业指南,AJCC Cancer Staging / NCCN Guidelines,https://www.facs.org/quality-programs/cancer-programs/american-joint-committee-on-cancer/,官方指南/专业协会/监管或分期体系,A：官方或专业协会来源,高：肿瘤专科分期/路径常用,肿瘤分期覆盖；需按癌种和版本维护,真实临床使用；实现时需核对最新指南、适用人群和授权,,外部来源扩展补充,,
CALC-0897,肿瘤分期与专病路径扩展,AJCC/NCCN肿瘤分期,胆囊癌,胆囊癌AJCC/NCCN分期与风险分层,Gallbladder Cancer AJCC/NCCN Staging and Risk Stratification,原发灶T；区域淋巴结N；远处转移M；病理/分子标志物；分级；特殊部位规则,分期、风险组或治疗路径提示,AJCC TNM、NCCN风险分层或肿瘤特异分期规则,分期越高或风险组越高，通常提示预后更差或治疗强度更高,分期/分级,官方分期/专业指南,AJCC Cancer Staging / NCCN Guidelines,https://www.facs.org/quality-programs/cancer-programs/american-joint-committee-on-cancer/,官方指南/专业协会/监管或分期体系,A：官方或专业协会来源,高：肿瘤专科分期/路径常用,肿瘤分期覆盖；需按癌种和版本维护,真实临床使用；实现时需核对最新指南、适用人群和授权,,外部来源扩展补充,,
CALC-0898,肿瘤分期与专病路径扩展,AJCC/NCCN肿瘤分期,壶腹癌,壶腹癌AJCC/NCCN分期与风险分层,Ampullary Cancer AJCC/NCCN Staging and Risk Stratification,原发灶T；区域淋巴结N；远处转移M；病理/分子标志物；分级；特殊部位规则,分期、风险组或治疗路径提示,AJCC TNM、NCCN风险分层或肿瘤特异分期规则,分期越高或风险组越高，通常提示预后更差或治疗强度更高,分期/分级,官方分期/专业指南,AJCC Cancer Staging / NCCN Guidelines,https://www.facs.org/quality-programs/cancer-programs/american-joint-committee-on-cancer/,官方指南/专业协会/监管或分期体系,A：官方或专业协会来源,高：肿瘤专科分期/路径常用,肿瘤分期覆盖；需按癌种和版本维护,真实临床使用；实现时需核对最新指南、适用人群和授权,,外部来源扩展补充,,
CALC-0899,肿瘤分期与专病路径扩展,AJCC/NCCN肿瘤分期,胰腺癌,胰腺癌AJCC/NCCN分期与风险分层,Pancreatic Cancer AJCC/NCCN Staging and Risk Stratification,原发灶T；区域淋巴结N；远处转移M；病理/分子标志物；分级；特殊部位规则,分期、风险组或治疗路径提示,AJCC TNM、NCCN风险分层或肿瘤特异分期规则,分期越高或风险组越高，通常提示预后更差或治疗强度更高,分期/分级,官方分期/专业指南,AJCC Cancer Staging / NCCN Guidelines,https://www.facs.org/quality-programs/cancer-programs/american-joint-committee-on-cancer/,官方指南/专业协会/监管或分期体系,A：官方或专业协会来源,高：肿瘤专科分期/路径常用,肿瘤分期覆盖；需按癌种和版本维护,真实临床使用；实现时需核对最新指南、适用人群和授权,,外部来源扩展补充,,
CALC-0900,肿瘤分期与专病路径扩展,AJCC/NCCN肿瘤分期,胰腺神经内分泌肿瘤,胰腺神经内分泌肿瘤AJCC/NCCN分期与风险分层,Pancreatic Neuroendocrine Tumor AJCC/NCCN Staging and Risk Stratification,原发灶T；区域淋巴结N；远处转移M；病理/分子标志物；分级；特殊部位规则,分期、风险组或治疗路径提示,AJCC TNM、NCCN风险分层或肿瘤特异分期规则,分期越高或风险组越高，通常提示预后更差或治疗强度更高,分期/分级,官方分期/专业指南,AJCC Cancer Staging / NCCN Guidelines,https://www.facs.org/quality-programs/cancer-programs/american-joint-committee-on-cancer/,官方指南/专业协会/监管或分期体系,A：官方或专业协会来源,高：肿瘤专科分期/路径常用,肿瘤分期覆盖；需按癌种和版本维护,真实临床使用；实现时需核对最新指南、适用人群和授权,,外部来源扩展补充,,
CALC-0901,肿瘤分期与专病路径扩展,AJCC/NCCN肿瘤分期,胃神经内分泌肿瘤,胃神经内分泌肿瘤AJCC/NCCN分期与风险分层,Gastric Neuroendocrine Tumor AJCC/NCCN Staging and Risk Stratification,原发灶T；区域淋巴结N；远处转移M；病理/分子标志物；分级；特殊部位规则,分期、风险组或治疗路径提示,AJCC TNM、NCCN风险分层或肿瘤特异分期规则,分期越高或风险组越高，通常提示预后更差或治疗强度更高,分期/分级,官方分期/专业指南,AJCC Cancer Staging / NCCN Guidelines,https://www.facs.org/quality-programs/cancer-programs/american-joint-committee-on-cancer/,官方指南/专业协会/监管或分期体系,A：官方或专业协会来源,高：肿瘤专科分期/路径常用,肿瘤分期覆盖；需按癌种和版本维护,真实临床使用；实现时需核对最新指南、适用人群和授权,,外部来源扩展补充,,
CALC-0902,肿瘤分期与专病路径扩展,AJCC/NCCN肿瘤分期,小肠神经内分泌肿瘤,小肠神经内分泌肿瘤AJCC/NCCN分期与风险分层,Small Intestinal Neuroendocrine Tumor AJCC/NCCN Staging and Risk Stratification,原发灶T；区域淋巴结N；远处转移M；病理/分子标志物；分级；特殊部位规则,分期、风险组或治疗路径提示,AJCC TNM、NCCN风险分层或肿瘤特异分期规则,分期越高或风险组越高，通常提示预后更差或治疗强度更高,分期/分级,官方分期/专业指南,AJCC Cancer Staging / NCCN Guidelines,https://www.facs.org/quality-programs/cancer-programs/american-joint-committee-on-cancer/,官方指南/专业协会/监管或分期体系,A：官方或专业协会来源,高：肿瘤专科分期/路径常用,肿瘤分期覆盖；需按癌种和版本维护,真实临床使用；实现时需核对最新指南、适用人群和授权,,外部来源扩展补充,,
CALC-0903,肿瘤分期与专病路径扩展,AJCC/NCCN肿瘤分期,结直肠神经内分泌肿瘤,结直肠神经内分泌肿瘤AJCC/NCCN分期与风险分层,Colorectal Neuroendocrine Tumor AJCC/NCCN Staging and Risk Stratification,原发灶T；区域淋巴结N；远处转移M；病理/分子标志物；分级；特殊部位规则,分期、风险组或治疗路径提示,AJCC TNM、NCCN风险分层或肿瘤特异分期规则,分期越高或风险组越高，通常提示预后更差或治疗强度更高,分期/分级,官方分期/专业指南,AJCC Cancer Staging / NCCN Guidelines,https://www.facs.org/quality-programs/cancer-programs/american-joint-committee-on-cancer/,官方指南/专业协会/监管或分期体系,A：官方或专业协会来源,高：肿瘤专科分期/路径常用,肿瘤分期覆盖；需按癌种和版本维护,真实临床使用；实现时需核对最新指南、适用人群和授权,,外部来源扩展补充,,
CALC-0904,肿瘤分期与专病路径扩展,AJCC/NCCN肿瘤分期,肾盂输尿管癌,肾盂输尿管癌AJCC/NCCN分期与风险分层,Renal Pelvis and Ureter Cancer AJCC/NCCN Staging and Risk Stratification,原发灶T；区域淋巴结N；远处转移M；病理/分子标志物；分级；特殊部位规则,分期、风险组或治疗路径提示,AJCC TNM、NCCN风险分层或肿瘤特异分期规则,分期越高或风险组越高，通常提示预后更差或治疗强度更高,分期/分级,官方分期/专业指南,AJCC Cancer Staging / NCCN Guidelines,https://www.facs.org/quality-programs/cancer-programs/american-joint-committee-on-cancer/,官方指南/专业协会/监管或分期体系,A：官方或专业协会来源,高：肿瘤专科分期/路径常用,肿瘤分期覆盖；需按癌种和版本维护,真实临床使用；实现时需核对最新指南、适用人群和授权,,外部来源扩展补充,,
CALC-0905,肿瘤分期与专病路径扩展,AJCC/NCCN肿瘤分期,尿道癌,尿道癌AJCC/NCCN分期与风险分层,Urethral Cancer AJCC/NCCN Staging and Risk Stratification,原发灶T；区域淋巴结N；远处转移M；病理/分子标志物；分级；特殊部位规则,分期、风险组或治疗路径提示,AJCC TNM、NCCN风险分层或肿瘤特异分期规则,分期越高或风险组越高，通常提示预后更差或治疗强度更高,分期/分级,官方分期/专业指南,AJCC Cancer Staging / NCCN Guidelines,https://www.facs.org/quality-programs/cancer-programs/american-joint-committee-on-cancer/,官方指南/专业协会/监管或分期体系,A：官方或专业协会来源,高：肿瘤专科分期/路径常用,肿瘤分期覆盖；需按癌种和版本维护,真实临床使用；实现时需核对最新指南、适用人群和授权,,外部来源扩展补充,,
CALC-0906,肿瘤分期与专病路径扩展,AJCC/NCCN肿瘤分期,阴茎癌,阴茎癌AJCC/NCCN分期与风险分层,Penile Cancer AJCC/NCCN Staging and Risk Stratification,原发灶T；区域淋巴结N；远处转移M；病理/分子标志物；分级；特殊部位规则,分期、风险组或治疗路径提示,AJCC TNM、NCCN风险分层或肿瘤特异分期规则,分期越高或风险组越高，通常提示预后更差或治疗强度更高,分期/分级,官方分期/专业指南,AJCC Cancer Staging / NCCN Guidelines,https://www.facs.org/quality-programs/cancer-programs/american-joint-committee-on-cancer/,官方指南/专业协会/监管或分期体系,A：官方或专业协会来源,高：肿瘤专科分期/路径常用,肿瘤分期覆盖；需按癌种和版本维护,真实临床使用；实现时需核对最新指南、适用人群和授权,,外部来源扩展补充,,
CALC-0907,肿瘤分期与专病路径扩展,AJCC/NCCN肿瘤分期,睾丸精原细胞瘤,睾丸精原细胞瘤AJCC/NCCN分期与风险分层,Seminoma AJCC/NCCN Staging and Risk Stratification,原发灶T；区域淋巴结N；远处转移M；病理/分子标志物；分级；特殊部位规则,分期、风险组或治疗路径提示,AJCC TNM、NCCN风险分层或肿瘤特异分期规则,分期越高或风险组越高，通常提示预后更差或治疗强度更高,分期/分级,官方分期/专业指南,AJCC Cancer Staging / NCCN Guidelines,https://www.facs.org/quality-programs/cancer-programs/american-joint-committee-on-cancer/,官方指南/专业协会/监管或分期体系,A：官方或专业协会来源,高：肿瘤专科分期/路径常用,肿瘤分期覆盖；需按癌种和版本维护,真实临床使用；实现时需核对最新指南、适用人群和授权,,外部来源扩展补充,,
CALC-0908,肿瘤分期与专病路径扩展,AJCC/NCCN肿瘤分期,睾丸非精原细胞瘤,睾丸非精原细胞瘤AJCC/NCCN分期与风险分层,Nonseminomatous Germ Cell Tumor AJCC/NCCN Staging and Risk Stratification,原发灶T；区域淋巴结N；远处转移M；病理/分子标志物；分级；特殊部位规则,分期、风险组或治疗路径提示,AJCC TNM、NCCN风险分层或肿瘤特异分期规则,分期越高或风险组越高，通常提示预后更差或治疗强度更高,分期/分级,官方分期/专业指南,AJCC Cancer Staging / NCCN Guidelines,https://www.facs.org/quality-programs/cancer-programs/american-joint-committee-on-cancer/,官方指南/专业协会/监管或分期体系,A：官方或专业协会来源,高：肿瘤专科分期/路径常用,肿瘤分期覆盖；需按癌种和版本维护,真实临床使用；实现时需核对最新指南、适用人群和授权,,外部来源扩展补充,,
CALC-0909,肿瘤分期与专病路径扩展,AJCC/NCCN肿瘤分期,阴道癌,阴道癌AJCC/NCCN分期与风险分层,Vaginal Cancer AJCC/NCCN Staging and Risk Stratification,原发灶T；区域淋巴结N；远处转移M；病理/分子标志物；分级；特殊部位规则,分期、风险组或治疗路径提示,AJCC TNM、NCCN风险分层或肿瘤特异分期规则,分期越高或风险组越高，通常提示预后更差或治疗强度更高,分期/分级,官方分期/专业指南,AJCC Cancer Staging / NCCN Guidelines,https://www.facs.org/quality-programs/cancer-programs/american-joint-committee-on-cancer/,官方指南/专业协会/监管或分期体系,A：官方或专业协会来源,高：肿瘤专科分期/路径常用,肿瘤分期覆盖；需按癌种和版本维护,真实临床使用；实现时需核对最新指南、适用人群和授权,,外部来源扩展补充,,
CALC-0910,肿瘤分期与专病路径扩展,AJCC/NCCN肿瘤分期,外阴癌,外阴癌AJCC/NCCN分期与风险分层,Vulvar Cancer AJCC/NCCN Staging and Risk Stratification,原发灶T；区域淋巴结N；远处转移M；病理/分子标志物；分级；特殊部位规则,分期、风险组或治疗路径提示,AJCC TNM、NCCN风险分层或肿瘤特异分期规则,分期越高或风险组越高，通常提示预后更差或治疗强度更高,分期/分级,官方分期/专业指南,AJCC Cancer Staging / NCCN Guidelines,https://www.facs.org/quality-programs/cancer-programs/american-joint-committee-on-cancer/,官方指南/专业协会/监管或分期体系,A：官方或专业协会来源,高：肿瘤专科分期/路径常用,肿瘤分期覆盖；需按癌种和版本维护,真实临床使用；实现时需核对最新指南、适用人群和授权,,外部来源扩展补充,,
CALC-0911,肿瘤分期与专病路径扩展,AJCC/NCCN肿瘤分期,妊娠滋养细胞肿瘤,妊娠滋养细胞肿瘤AJCC/NCCN分期与风险分层,Gestational Trophoblastic Neoplasia AJCC/NCCN Staging and Risk Stratification,原发灶T；区域淋巴结N；远处转移M；病理/分子标志物；分级；特殊部位规则,分期、风险组或治疗路径提示,AJCC TNM、NCCN风险分层或肿瘤特异分期规则,分期越高或风险组越高，通常提示预后更差或治疗强度更高,分期/分级,官方分期/专业指南,AJCC Cancer Staging / NCCN Guidelines,https://www.facs.org/quality-programs/cancer-programs/american-joint-committee-on-cancer/,官方指南/专业协会/监管或分期体系,A：官方或专业协会来源,高：肿瘤专科分期/路径常用,肿瘤分期覆盖；需按癌种和版本维护,真实临床使用；实现时需核对最新指南、适用人群和授权,,外部来源扩展补充,,
CALC-0912,肿瘤分期与专病路径扩展,AJCC/NCCN肿瘤分期,子宫肉瘤,子宫肉瘤AJCC/NCCN分期与风险分层,Uterine Sarcoma AJCC/NCCN Staging and Risk Stratification,原发灶T；区域淋巴结N；远处转移M；病理/分子标志物；分级；特殊部位规则,分期、风险组或治疗路径提示,AJCC TNM、NCCN风险分层或肿瘤特异分期规则,分期越高或风险组越高，通常提示预后更差或治疗强度更高,分期/分级,官方分期/专业指南,AJCC Cancer Staging / NCCN Guidelines,https://www.facs.org/quality-programs/cancer-programs/american-joint-committee-on-cancer/,官方指南/专业协会/监管或分期体系,A：官方或专业协会来源,高：肿瘤专科分期/路径常用,肿瘤分期覆盖；需按癌种和版本维护,真实临床使用；实现时需核对最新指南、适用人群和授权,,外部来源扩展补充,,
CALC-0913,肿瘤分期与专病路径扩展,AJCC/NCCN肿瘤分期,葡萄膜黑色素瘤,葡萄膜黑色素瘤AJCC/NCCN分期与风险分层,Uveal Melanoma AJCC/NCCN Staging and Risk Stratification,原发灶T；区域淋巴结N；远处转移M；病理/分子标志物；分级；特殊部位规则,分期、风险组或治疗路径提示,AJCC TNM、NCCN风险分层或肿瘤特异分期规则,分期越高或风险组越高，通常提示预后更差或治疗强度更高,分期/分级,官方分期/专业指南,AJCC Cancer Staging / NCCN Guidelines,https://www.facs.org/quality-programs/cancer-programs/american-joint-committee-on-cancer/,官方指南/专业协会/监管或分期体系,A：官方或专业协会来源,高：肿瘤专科分期/路径常用,肿瘤分期覆盖；需按癌种和版本维护,真实临床使用；实现时需核对最新指南、适用人群和授权,,外部来源扩展补充,,
CALC-0914,肿瘤分期与专病路径扩展,AJCC/NCCN肿瘤分期,视网膜母细胞瘤,视网膜母细胞瘤AJCC/NCCN分期与风险分层,Retinoblastoma AJCC/NCCN Staging and Risk Stratification,原发灶T；区域淋巴结N；远处转移M；病理/分子标志物；分级；特殊部位规则,分期、风险组或治疗路径提示,AJCC TNM、NCCN风险分层或肿瘤特异分期规则,分期越高或风险组越高，通常提示预后更差或治疗强度更高,分期/分级,官方分期/专业指南,AJCC Cancer Staging / NCCN Guidelines,https://www.facs.org/quality-programs/cancer-programs/american-joint-committee-on-cancer/,官方指南/专业协会/监管或分期体系,A：官方或专业协会来源,高：肿瘤专科分期/路径常用,肿瘤分期覆盖；需按癌种和版本维护,真实临床使用；实现时需核对最新指南、适用人群和授权,,外部来源扩展补充,,
CALC-0915,肿瘤分期与专病路径扩展,AJCC/NCCN肿瘤分期,Merkel细胞癌,Merkel细胞癌AJCC/NCCN分期与风险分层,Merkel Cell Carcinoma AJCC/NCCN Staging and Risk Stratification,原发灶T；区域淋巴结N；远处转移M；病理/分子标志物；分级；特殊部位规则,分期、风险组或治疗路径提示,AJCC TNM、NCCN风险分层或肿瘤特异分期规则,分期越高或风险组越高，通常提示预后更差或治疗强度更高,分期/分级,官方分期/专业指南,AJCC Cancer Staging / NCCN Guidelines,https://www.facs.org/quality-programs/cancer-programs/american-joint-committee-on-cancer/,官方指南/专业协会/监管或分期体系,A：官方或专业协会来源,高：肿瘤专科分期/路径常用,肿瘤分期覆盖；需按癌种和版本维护,真实临床使用；实现时需核对最新指南、适用人群和授权,,外部来源扩展补充,,
CALC-0916,肿瘤分期与专病路径扩展,AJCC/NCCN肿瘤分期,皮肤鳞状细胞癌,皮肤鳞状细胞癌AJCC/NCCN分期与风险分层,Cutaneous Squamous Cell Carcinoma AJCC/NCCN Staging and Risk Stratification,原发灶T；区域淋巴结N；远处转移M；病理/分子标志物；分级；特殊部位规则,分期、风险组或治疗路径提示,AJCC TNM、NCCN风险分层或肿瘤特异分期规则,分期越高或风险组越高，通常提示预后更差或治疗强度更高,分期/分级,官方分期/专业指南,AJCC Cancer Staging / NCCN Guidelines,https://www.facs.org/quality-programs/cancer-programs/american-joint-committee-on-cancer/,官方指南/专业协会/监管或分期体系,A：官方或专业协会来源,高：肿瘤专科分期/路径常用,肿瘤分期覆盖；需按癌种和版本维护,真实临床使用；实现时需核对最新指南、适用人群和授权,,外部来源扩展补充,,
CALC-0917,肿瘤分期与专病路径扩展,AJCC/NCCN肿瘤分期,基底细胞癌,基底细胞癌AJCC/NCCN分期与风险分层,Basal Cell Carcinoma AJCC/NCCN Staging and Risk Stratification,原发灶T；区域淋巴结N；远处转移M；病理/分子标志物；分级；特殊部位规则,分期、风险组或治疗路径提示,AJCC TNM、NCCN风险分层或肿瘤特异分期规则,分期越高或风险组越高，通常提示预后更差或治疗强度更高,分期/分级,官方分期/专业指南,AJCC Cancer Staging / NCCN Guidelines,https://www.facs.org/quality-programs/cancer-programs/american-joint-committee-on-cancer/,官方指南/专业协会/监管或分期体系,A：官方或专业协会来源,高：肿瘤专科分期/路径常用,肿瘤分期覆盖；需按癌种和版本维护,真实临床使用；实现时需核对最新指南、适用人群和授权,,外部来源扩展补充,,
CALC-0918,肿瘤分期与专病路径扩展,AJCC/NCCN肿瘤分期,软组织肉瘤,软组织肉瘤AJCC/NCCN分期与风险分层,Soft Tissue Sarcoma AJCC/NCCN Staging and Risk Stratification,原发灶T；区域淋巴结N；远处转移M；病理/分子标志物；分级；特殊部位规则,分期、风险组或治疗路径提示,AJCC TNM、NCCN风险分层或肿瘤特异分期规则,分期越高或风险组越高，通常提示预后更差或治疗强度更高,分期/分级,官方分期/专业指南,AJCC Cancer Staging / NCCN Guidelines,https://www.facs.org/quality-programs/cancer-programs/american-joint-committee-on-cancer/,官方指南/专业协会/监管或分期体系,A：官方或专业协会来源,高：肿瘤专科分期/路径常用,肿瘤分期覆盖；需按癌种和版本维护,真实临床使用；实现时需核对最新指南、适用人群和授权,,外部来源扩展补充,,
CALC-0919,肿瘤分期与专病路径扩展,AJCC/NCCN肿瘤分期,腹膜后肉瘤,腹膜后肉瘤AJCC/NCCN分期与风险分层,Retroperitoneal Sarcoma AJCC/NCCN Staging and Risk Stratification,原发灶T；区域淋巴结N；远处转移M；病理/分子标志物；分级；特殊部位规则,分期、风险组或治疗路径提示,AJCC TNM、NCCN风险分层或肿瘤特异分期规则,分期越高或风险组越高，通常提示预后更差或治疗强度更高,分期/分级,官方分期/专业指南,AJCC Cancer Staging / NCCN Guidelines,https://www.facs.org/quality-programs/cancer-programs/american-joint-committee-on-cancer/,官方指南/专业协会/监管或分期体系,A：官方或专业协会来源,高：肿瘤专科分期/路径常用,肿瘤分期覆盖；需按癌种和版本维护,真实临床使用；实现时需核对最新指南、适用人群和授权,,外部来源扩展补充,,
CALC-0920,肿瘤分期与专病路径扩展,AJCC/NCCN肿瘤分期,骨肉瘤,骨肉瘤AJCC/NCCN分期与风险分层,Osteosarcoma AJCC/NCCN Staging and Risk Stratification,原发灶T；区域淋巴结N；远处转移M；病理/分子标志物；分级；特殊部位规则,分期、风险组或治疗路径提示,AJCC TNM、NCCN风险分层或肿瘤特异分期规则,分期越高或风险组越高，通常提示预后更差或治疗强度更高,分期/分级,官方分期/专业指南,AJCC Cancer Staging / NCCN Guidelines,https://www.facs.org/quality-programs/cancer-programs/american-joint-committee-on-cancer/,官方指南/专业协会/监管或分期体系,A：官方或专业协会来源,高：肿瘤专科分期/路径常用,肿瘤分期覆盖；需按癌种和版本维护,真实临床使用；实现时需核对最新指南、适用人群和授权,,外部来源扩展补充,,
CALC-0921,肿瘤分期与专病路径扩展,AJCC/NCCN肿瘤分期,尤文肉瘤,尤文肉瘤AJCC/NCCN分期与风险分层,Ewing Sarcoma AJCC/NCCN Staging and Risk Stratification,原发灶T；区域淋巴结N；远处转移M；病理/分子标志物；分级；特殊部位规则,分期、风险组或治疗路径提示,AJCC TNM、NCCN风险分层或肿瘤特异分期规则,分期越高或风险组越高，通常提示预后更差或治疗强度更高,分期/分级,官方分期/专业指南,AJCC Cancer Staging / NCCN Guidelines,https://www.facs.org/quality-programs/cancer-programs/american-joint-committee-on-cancer/,官方指南/专业协会/监管或分期体系,A：官方或专业协会来源,高：肿瘤专科分期/路径常用,肿瘤分期覆盖；需按癌种和版本维护,真实临床使用；实现时需核对最新指南、适用人群和授权,,外部来源扩展补充,,
CALC-0922,肿瘤分期与专病路径扩展,AJCC/NCCN肿瘤分期,软骨肉瘤,软骨肉瘤AJCC/NCCN分期与风险分层,Chondrosarcoma AJCC/NCCN Staging and Risk Stratification,原发灶T；区域淋巴结N；远处转移M；病理/分子标志物；分级；特殊部位规则,分期、风险组或治疗路径提示,AJCC TNM、NCCN风险分层或肿瘤特异分期规则,分期越高或风险组越高，通常提示预后更差或治疗强度更高,分期/分级,官方分期/专业指南,AJCC Cancer Staging / NCCN Guidelines,https://www.facs.org/quality-programs/cancer-programs/american-joint-committee-on-cancer/,官方指南/专业协会/监管或分期体系,A：官方或专业协会来源,高：肿瘤专科分期/路径常用,肿瘤分期覆盖；需按癌种和版本维护,真实临床使用；实现时需核对最新指南、适用人群和授权,,外部来源扩展补充,,
CALC-0923,肿瘤分期与专病路径扩展,AJCC/NCCN肿瘤分期,中枢神经系统肿瘤,中枢神经系统肿瘤AJCC/NCCN分期与风险分层,Central Nervous System Tumor AJCC/NCCN Staging and Risk Stratification,原发灶T；区域淋巴结N；远处转移M；病理/分子标志物；分级；特殊部位规则,分期、风险组或治疗路径提示,AJCC TNM、NCCN风险分层或肿瘤特异分期规则,分期越高或风险组越高，通常提示预后更差或治疗强度更高,分期/分级,官方分期/专业指南,AJCC Cancer Staging / NCCN Guidelines,https://www.facs.org/quality-programs/cancer-programs/american-joint-committee-on-cancer/,官方指南/专业协会/监管或分期体系,A：官方或专业协会来源,高：肿瘤专科分期/路径常用,肿瘤分期覆盖；需按癌种和版本维护,真实临床使用；实现时需核对最新指南、适用人群和授权,,外部来源扩展补充,,
CALC-0924,肿瘤分期与专病路径扩展,AJCC/NCCN肿瘤分期,成人低级别胶质瘤,成人低级别胶质瘤AJCC/NCCN分期与风险分层,Adult Low-Grade Glioma AJCC/NCCN Staging and Risk Stratification,原发灶T；区域淋巴结N；远处转移M；病理/分子标志物；分级；特殊部位规则,分期、风险组或治疗路径提示,AJCC TNM、NCCN风险分层或肿瘤特异分期规则,分期越高或风险组越高，通常提示预后更差或治疗强度更高,分期/分级,官方分期/专业指南,AJCC Cancer Staging / NCCN Guidelines,https://www.facs.org/quality-programs/cancer-programs/american-joint-committee-on-cancer/,官方指南/专业协会/监管或分期体系,A：官方或专业协会来源,高：肿瘤专科分期/路径常用,肿瘤分期覆盖；需按癌种和版本维护,真实临床使用；实现时需核对最新指南、适用人群和授权,,外部来源扩展补充,,
CALC-0925,肿瘤分期与专病路径扩展,AJCC/NCCN肿瘤分期,胶质母细胞瘤,胶质母细胞瘤AJCC/NCCN分期与风险分层,Glioblastoma AJCC/NCCN Staging and Risk Stratification,原发灶T；区域淋巴结N；远处转移M；病理/分子标志物；分级；特殊部位规则,分期、风险组或治疗路径提示,AJCC TNM、NCCN风险分层或肿瘤特异分期规则,分期越高或风险组越高，通常提示预后更差或治疗强度更高,分期/分级,官方分期/专业指南,AJCC Cancer Staging / NCCN Guidelines,https://www.facs.org/quality-programs/cancer-programs/american-joint-committee-on-cancer/,官方指南/专业协会/监管或分期体系,A：官方或专业协会来源,高：肿瘤专科分期/路径常用,肿瘤分期覆盖；需按癌种和版本维护,真实临床使用；实现时需核对最新指南、适用人群和授权,,外部来源扩展补充,,
CALC-0926,肿瘤分期与专病路径扩展,AJCC/NCCN肿瘤分期,脑膜瘤,脑膜瘤AJCC/NCCN分期与风险分层,Meningioma AJCC/NCCN Staging and Risk Stratification,原发灶T；区域淋巴结N；远处转移M；病理/分子标志物；分级；特殊部位规则,分期、风险组或治疗路径提示,AJCC TNM、NCCN风险分层或肿瘤特异分期规则,分期越高或风险组越高，通常提示预后更差或治疗强度更高,分期/分级,官方分期/专业指南,AJCC Cancer Staging / NCCN Guidelines,https://www.facs.org/quality-programs/cancer-programs/american-joint-committee-on-cancer/,官方指南/专业协会/监管或分期体系,A：官方或专业协会来源,高：肿瘤专科分期/路径常用,肿瘤分期覆盖；需按癌种和版本维护,真实临床使用；实现时需核对最新指南、适用人群和授权,,外部来源扩展补充,,
CALC-0927,肿瘤分期与专病路径扩展,AJCC/NCCN肿瘤分期,垂体神经内分泌肿瘤,垂体神经内分泌肿瘤AJCC/NCCN分期与风险分层,Pituitary Neuroendocrine Tumor AJCC/NCCN Staging and Risk Stratification,原发灶T；区域淋巴结N；远处转移M；病理/分子标志物；分级；特殊部位规则,分期、风险组或治疗路径提示,AJCC TNM、NCCN风险分层或肿瘤特异分期规则,分期越高或风险组越高，通常提示预后更差或治疗强度更高,分期/分级,官方分期/专业指南,AJCC Cancer Staging / NCCN Guidelines,https://www.facs.org/quality-programs/cancer-programs/american-joint-committee-on-cancer/,官方指南/专业协会/监管或分期体系,A：官方或专业协会来源,高：肿瘤专科分期/路径常用,肿瘤分期覆盖；需按癌种和版本维护,真实临床使用；实现时需核对最新指南、适用人群和授权,,外部来源扩展补充,,
CALC-0928,肿瘤分期与专病路径扩展,AJCC/NCCN肿瘤分期,霍奇金淋巴瘤,霍奇金淋巴瘤AJCC/NCCN分期与风险分层,Hodgkin Lymphoma AJCC/NCCN Staging and Risk Stratification,原发灶T；区域淋巴结N；远处转移M；病理/分子标志物；分级；特殊部位规则,分期、风险组或治疗路径提示,AJCC TNM、NCCN风险分层或肿瘤特异分期规则,分期越高或风险组越高，通常提示预后更差或治疗强度更高,分期/分级,官方分期/专业指南,AJCC Cancer Staging / NCCN Guidelines,https://www.facs.org/quality-programs/cancer-programs/american-joint-committee-on-cancer/,官方指南/专业协会/监管或分期体系,A：官方或专业协会来源,高：肿瘤专科分期/路径常用,肿瘤分期覆盖；需按癌种和版本维护,真实临床使用；实现时需核对最新指南、适用人群和授权,,外部来源扩展补充,,
CALC-0929,肿瘤分期与专病路径扩展,AJCC/NCCN肿瘤分期,弥漫大B细胞淋巴瘤,弥漫大B细胞淋巴瘤AJCC/NCCN分期与风险分层,Diffuse Large B-Cell Lymphoma AJCC/NCCN Staging and Risk Stratification,原发灶T；区域淋巴结N；远处转移M；病理/分子标志物；分级；特殊部位规则,分期、风险组或治疗路径提示,AJCC TNM、NCCN风险分层或肿瘤特异分期规则,分期越高或风险组越高，通常提示预后更差或治疗强度更高,分期/分级,官方分期/专业指南,AJCC Cancer Staging / NCCN Guidelines,https://www.facs.org/quality-programs/cancer-programs/american-joint-committee-on-cancer/,官方指南/专业协会/监管或分期体系,A：官方或专业协会来源,高：肿瘤专科分期/路径常用,肿瘤分期覆盖；需按癌种和版本维护,真实临床使用；实现时需核对最新指南、适用人群和授权,,外部来源扩展补充,,
CALC-0930,肿瘤分期与专病路径扩展,AJCC/NCCN肿瘤分期,套细胞淋巴瘤,套细胞淋巴瘤AJCC/NCCN分期与风险分层,Mantle Cell Lymphoma AJCC/NCCN Staging and Risk Stratification,原发灶T；区域淋巴结N；远处转移M；病理/分子标志物；分级；特殊部位规则,分期、风险组或治疗路径提示,AJCC TNM、NCCN风险分层或肿瘤特异分期规则,分期越高或风险组越高，通常提示预后更差或治疗强度更高,分期/分级,官方分期/专业指南,AJCC Cancer Staging / NCCN Guidelines,https://www.facs.org/quality-programs/cancer-programs/american-joint-committee-on-cancer/,官方指南/专业协会/监管或分期体系,A：官方或专业协会来源,高：肿瘤专科分期/路径常用,肿瘤分期覆盖；需按癌种和版本维护,真实临床使用；实现时需核对最新指南、适用人群和授权,,外部来源扩展补充,,
CALC-0931,肿瘤分期与专病路径扩展,AJCC/NCCN肿瘤分期,边缘区淋巴瘤,边缘区淋巴瘤AJCC/NCCN分期与风险分层,Marginal Zone Lymphoma AJCC/NCCN Staging and Risk Stratification,原发灶T；区域淋巴结N；远处转移M；病理/分子标志物；分级；特殊部位规则,分期、风险组或治疗路径提示,AJCC TNM、NCCN风险分层或肿瘤特异分期规则,分期越高或风险组越高，通常提示预后更差或治疗强度更高,分期/分级,官方分期/专业指南,AJCC Cancer Staging / NCCN Guidelines,https://www.facs.org/quality-programs/cancer-programs/american-joint-committee-on-cancer/,官方指南/专业协会/监管或分期体系,A：官方或专业协会来源,高：肿瘤专科分期/路径常用,肿瘤分期覆盖；需按癌种和版本维护,真实临床使用；实现时需核对最新指南、适用人群和授权,,外部来源扩展补充,,
CALC-0932,肿瘤分期与专病路径扩展,AJCC/NCCN肿瘤分期,外周T细胞淋巴瘤,外周T细胞淋巴瘤AJCC/NCCN分期与风险分层,Peripheral T-Cell Lymphoma AJCC/NCCN Staging and Risk Stratification,原发灶T；区域淋巴结N；远处转移M；病理/分子标志物；分级；特殊部位规则,分期、风险组或治疗路径提示,AJCC TNM、NCCN风险分层或肿瘤特异分期规则,分期越高或风险组越高，通常提示预后更差或治疗强度更高,分期/分级,官方分期/专业指南,AJCC Cancer Staging / NCCN Guidelines,https://www.facs.org/quality-programs/cancer-programs/american-joint-committee-on-cancer/,官方指南/专业协会/监管或分期体系,A：官方或专业协会来源,高：肿瘤专科分期/路径常用,肿瘤分期覆盖；需按癌种和版本维护,真实临床使用；实现时需核对最新指南、适用人群和授权,,外部来源扩展补充,,
CALC-0933,肿瘤分期与专病路径扩展,AJCC/NCCN肿瘤分期,皮肤T细胞淋巴瘤,皮肤T细胞淋巴瘤AJCC/NCCN分期与风险分层,Cutaneous T-Cell Lymphoma AJCC/NCCN Staging and Risk Stratification,原发灶T；区域淋巴结N；远处转移M；病理/分子标志物；分级；特殊部位规则,分期、风险组或治疗路径提示,AJCC TNM、NCCN风险分层或肿瘤特异分期规则,分期越高或风险组越高，通常提示预后更差或治疗强度更高,分期/分级,官方分期/专业指南,AJCC Cancer Staging / NCCN Guidelines,https://www.facs.org/quality-programs/cancer-programs/american-joint-committee-on-cancer/,官方指南/专业协会/监管或分期体系,A：官方或专业协会来源,高：肿瘤专科分期/路径常用,肿瘤分期覆盖；需按癌种和版本维护,真实临床使用；实现时需核对最新指南、适用人群和授权,,外部来源扩展补充,,
CALC-0934,肿瘤分期与专病路径扩展,AJCC/NCCN肿瘤分期,华氏巨球蛋白血症,华氏巨球蛋白血症AJCC/NCCN分期与风险分层,Waldenstrom Macroglobulinemia AJCC/NCCN Staging and Risk Stratification,原发灶T；区域淋巴结N；远处转移M；病理/分子标志物；分级；特殊部位规则,分期、风险组或治疗路径提示,AJCC TNM、NCCN风险分层或肿瘤特异分期规则,分期越高或风险组越高，通常提示预后更差或治疗强度更高,分期/分级,官方分期/专业指南,AJCC Cancer Staging / NCCN Guidelines,https://www.facs.org/quality-programs/cancer-programs/american-joint-committee-on-cancer/,官方指南/专业协会/监管或分期体系,A：官方或专业协会来源,高：肿瘤专科分期/路径常用,肿瘤分期覆盖；需按癌种和版本维护,真实临床使用；实现时需核对最新指南、适用人群和授权,,外部来源扩展补充,,
CALC-0935,肿瘤分期与专病路径扩展,AJCC/NCCN肿瘤分期,慢性髓性白血病,慢性髓性白血病AJCC/NCCN分期与风险分层,Chronic Myeloid Leukemia AJCC/NCCN Staging and Risk Stratification,原发灶T；区域淋巴结N；远处转移M；病理/分子标志物；分级；特殊部位规则,分期、风险组或治疗路径提示,AJCC TNM、NCCN风险分层或肿瘤特异分期规则,分期越高或风险组越高，通常提示预后更差或治疗强度更高,分期/分级,官方分期/专业指南,AJCC Cancer Staging / NCCN Guidelines,https://www.facs.org/quality-programs/cancer-programs/american-joint-committee-on-cancer/,官方指南/专业协会/监管或分期体系,A：官方或专业协会来源,高：肿瘤专科分期/路径常用,肿瘤分期覆盖；需按癌种和版本维护,真实临床使用；实现时需核对最新指南、适用人群和授权,,外部来源扩展补充,,
CALC-0936,肿瘤分期与专病路径扩展,AJCC/NCCN肿瘤分期,急性淋巴细胞白血病,急性淋巴细胞白血病AJCC/NCCN分期与风险分层,Acute Lymphoblastic Leukemia AJCC/NCCN Staging and Risk Stratification,原发灶T；区域淋巴结N；远处转移M；病理/分子标志物；分级；特殊部位规则,分期、风险组或治疗路径提示,AJCC TNM、NCCN风险分层或肿瘤特异分期规则,分期越高或风险组越高，通常提示预后更差或治疗强度更高,分期/分级,官方分期/专业指南,AJCC Cancer Staging / NCCN Guidelines,https://www.facs.org/quality-programs/cancer-programs/american-joint-committee-on-cancer/,官方指南/专业协会/监管或分期体系,A：官方或专业协会来源,高：肿瘤专科分期/路径常用,肿瘤分期覆盖；需按癌种和版本维护,真实临床使用；实现时需核对最新指南、适用人群和授权,,外部来源扩展补充,,
CALC-0937,肿瘤分期与专病路径扩展,AJCC/NCCN肿瘤分期,慢性淋巴细胞白血病,慢性淋巴细胞白血病AJCC/NCCN分期与风险分层,Chronic Lymphocytic Leukemia AJCC/NCCN Staging and Risk Stratification,原发灶T；区域淋巴结N；远处转移M；病理/分子标志物；分级；特殊部位规则,分期、风险组或治疗路径提示,AJCC TNM、NCCN风险分层或肿瘤特异分期规则,分期越高或风险组越高，通常提示预后更差或治疗强度更高,分期/分级,官方分期/专业指南,AJCC Cancer Staging / NCCN Guidelines,https://www.facs.org/quality-programs/cancer-programs/american-joint-committee-on-cancer/,官方指南/专业协会/监管或分期体系,A：官方或专业协会来源,高：肿瘤专科分期/路径常用,肿瘤分期覆盖；需按癌种和版本维护,真实临床使用；实现时需核对最新指南、适用人群和授权,,外部来源扩展补充,,
CALC-0938,肿瘤分期与专病路径扩展,AJCC/NCCN肿瘤分期,多发性骨髓瘤,多发性骨髓瘤AJCC/NCCN分期与风险分层,Multiple Myeloma AJCC/NCCN Staging and Risk Stratification,原发灶T；区域淋巴结N；远处转移M；病理/分子标志物；分级；特殊部位规则,分期、风险组或治疗路径提示,AJCC TNM、NCCN风险分层或肿瘤特异分期规则,分期越高或风险组越高，通常提示预后更差或治疗强度更高,分期/分级,官方分期/专业指南,AJCC Cancer Staging / NCCN Guidelines,https://www.facs.org/quality-programs/cancer-programs/american-joint-committee-on-cancer/,官方指南/专业协会/监管或分期体系,A：官方或专业协会来源,高：肿瘤专科分期/路径常用,肿瘤分期覆盖；需按癌种和版本维护,真实临床使用；实现时需核对最新指南、适用人群和授权,,外部来源扩展补充,,
CALC-0939,肿瘤分期与专病路径扩展,AJCC/NCCN肿瘤分期,原发性中枢神经系统淋巴瘤,原发性中枢神经系统淋巴瘤AJCC/NCCN分期与风险分层,Primary CNS Lymphoma AJCC/NCCN Staging and Risk Stratification,原发灶T；区域淋巴结N；远处转移M；病理/分子标志物；分级；特殊部位规则,分期、风险组或治疗路径提示,AJCC TNM、NCCN风险分层或肿瘤特异分期规则,分期越高或风险组越高，通常提示预后更差或治疗强度更高,分期/分级,官方分期/专业指南,AJCC Cancer Staging / NCCN Guidelines,https://www.facs.org/quality-programs/cancer-programs/american-joint-committee-on-cancer/,官方指南/专业协会/监管或分期体系,A：官方或专业协会来源,高：肿瘤专科分期/路径常用,肿瘤分期覆盖；需按癌种和版本维护,真实临床使用；实现时需核对最新指南、适用人群和授权,,外部来源扩展补充,,
CALC-0940,肿瘤分期与专病路径扩展,AJCC/NCCN肿瘤分期,儿童神经母细胞瘤,儿童神经母细胞瘤AJCC/NCCN分期与风险分层,Neuroblastoma AJCC/NCCN Staging and Risk Stratification,原发灶T；区域淋巴结N；远处转移M；病理/分子标志物；分级；特殊部位规则,分期、风险组或治疗路径提示,AJCC TNM、NCCN风险分层或肿瘤特异分期规则,分期越高或风险组越高，通常提示预后更差或治疗强度更高,分期/分级,官方分期/专业指南,AJCC Cancer Staging / NCCN Guidelines,https://www.facs.org/quality-programs/cancer-programs/american-joint-committee-on-cancer/,官方指南/专业协会/监管或分期体系,A：官方或专业协会来源,高：肿瘤专科分期/路径常用,肿瘤分期覆盖；需按癌种和版本维护,真实临床使用；实现时需核对最新指南、适用人群和授权,,外部来源扩展补充,,
CALC-0941,肿瘤分期与专病路径扩展,AJCC/NCCN肿瘤分期,Wilms肿瘤,Wilms肿瘤AJCC/NCCN分期与风险分层,Wilms Tumor AJCC/NCCN Staging and Risk Stratification,原发灶T；区域淋巴结N；远处转移M；病理/分子标志物；分级；特殊部位规则,分期、风险组或治疗路径提示,AJCC TNM、NCCN风险分层或肿瘤特异分期规则,分期越高或风险组越高，通常提示预后更差或治疗强度更高,分期/分级,官方分期/专业指南,AJCC Cancer Staging / NCCN Guidelines,https://www.facs.org/quality-programs/cancer-programs/american-joint-committee-on-cancer/,官方指南/专业协会/监管或分期体系,A：官方或专业协会来源,高：肿瘤专科分期/路径常用,肿瘤分期覆盖；需按癌种和版本维护,真实临床使用；实现时需核对最新指南、适用人群和授权,,外部来源扩展补充,,
CALC-0942,肿瘤分期与专病路径扩展,AJCC/NCCN肿瘤分期,儿童横纹肌肉瘤,儿童横纹肌肉瘤AJCC/NCCN分期与风险分层,Rhabdomyosarcoma AJCC/NCCN Staging and Risk Stratification,原发灶T；区域淋巴结N；远处转移M；病理/分子标志物；分级；特殊部位规则,分期、风险组或治疗路径提示,AJCC TNM、NCCN风险分层或肿瘤特异分期规则,分期越高或风险组越高，通常提示预后更差或治疗强度更高,分期/分级,官方分期/专业指南,AJCC Cancer Staging / NCCN Guidelines,https://www.facs.org/quality-programs/cancer-programs/american-joint-committee-on-cancer/,官方指南/专业协会/监管或分期体系,A：官方或专业协会来源,高：肿瘤专科分期/路径常用,肿瘤分期覆盖；需按癌种和版本维护,真实临床使用；实现时需核对最新指南、适用人群和授权,,外部来源扩展补充,,
CALC-0943,肿瘤分期与专病路径扩展,AJCC/NCCN肿瘤分期,儿童肝母细胞瘤,儿童肝母细胞瘤AJCC/NCCN分期与风险分层,Hepatoblastoma AJCC/NCCN Staging and Risk Stratification,原发灶T；区域淋巴结N；远处转移M；病理/分子标志物；分级；特殊部位规则,分期、风险组或治疗路径提示,AJCC TNM、NCCN风险分层或肿瘤特异分期规则,分期越高或风险组越高，通常提示预后更差或治疗强度更高,分期/分级,官方分期/专业指南,AJCC Cancer Staging / NCCN Guidelines,https://www.facs.org/quality-programs/cancer-programs/american-joint-committee-on-cancer/,官方指南/专业协会/监管或分期体系,A：官方或专业协会来源,高：肿瘤专科分期/路径常用,肿瘤分期覆盖；需按癌种和版本维护,真实临床使用；实现时需核对最新指南、适用人群和授权,,外部来源扩展补充,,
CALC-0944,影像适宜性与检查路径扩展,ACR适宜性标准,急性头痛,ACR 急性头痛影像适宜性评分,ACR Appropriateness Criteria for 急性头痛,年龄；妊娠；症状严重度；病程；红旗征象；既往影像；肾功能；对比剂禁忌；临床问题,推荐影像方式和适宜性等级,ACR Appropriateness Criteria场景评分,Usually appropriate、May be appropriate或Usually not appropriate,影像检查决策,专业协会指南,ACR Appropriateness Criteria,https://www.acr.org/Clinical-Resources/ACR-Appropriateness-Criteria,官方指南/专业协会/监管或分期体系,A：官方或专业协会来源,高：放射影像检查路径常用,影像适宜性场景覆盖；需按ACR版本维护,真实临床使用；实现时需核对最新指南、适用人群和授权,,外部来源扩展补充,,
CALC-0945,影像适宜性与检查路径扩展,ACR适宜性标准,慢性头痛,ACR 慢性头痛影像适宜性评分,ACR Appropriateness Criteria for 慢性头痛,年龄；妊娠；症状严重度；病程；红旗征象；既往影像；肾功能；对比剂禁忌；临床问题,推荐影像方式和适宜性等级,ACR Appropriateness Criteria场景评分,Usually appropriate、May be appropriate或Usually not appropriate,影像检查决策,专业协会指南,ACR Appropriateness Criteria,https://www.acr.org/Clinical-Resources/ACR-Appropriateness-Criteria,官方指南/专业协会/监管或分期体系,A：官方或专业协会来源,高：放射影像检查路径常用,影像适宜性场景覆盖；需按ACR版本维护,真实临床使用；实现时需核对最新指南、适用人群和授权,,外部来源扩展补充,,
CALC-0946,影像适宜性与检查路径扩展,ACR适宜性标准,头部外伤,ACR 头部外伤影像适宜性评分,ACR Appropriateness Criteria for 头部外伤,年龄；妊娠；症状严重度；病程；红旗征象；既往影像；肾功能；对比剂禁忌；临床问题,推荐影像方式和适宜性等级,ACR Appropriateness Criteria场景评分,Usually appropriate、May be appropriate或Usually not appropriate,影像检查决策,专业协会指南,ACR Appropriateness Criteria,https://www.acr.org/Clinical-Resources/ACR-Appropriateness-Criteria,官方指南/专业协会/监管或分期体系,A：官方或专业协会来源,高：放射影像检查路径常用,影像适宜性场景覆盖；需按ACR版本维护,真实临床使用；实现时需核对最新指南、适用人群和授权,,外部来源扩展补充,,
CALC-0947,影像适宜性与检查路径扩展,ACR适宜性标准,癫痫首次发作,ACR 癫痫首次发作影像适宜性评分,ACR Appropriateness Criteria for 癫痫首次发作,年龄；妊娠；症状严重度；病程；红旗征象；既往影像；肾功能；对比剂禁忌；临床问题,推荐影像方式和适宜性等级,ACR Appropriateness Criteria场景评分,Usually appropriate、May be appropriate或Usually not appropriate,影像检查决策,专业协会指南,ACR Appropriateness Criteria,https://www.acr.org/Clinical-Resources/ACR-Appropriateness-Criteria,官方指南/专业协会/监管或分期体系,A：官方或专业协会来源,高：放射影像检查路径常用,影像适宜性场景覆盖；需按ACR版本维护,真实临床使用；实现时需核对最新指南、适用人群和授权,,外部来源扩展补充,,
CALC-0948,影像适宜性与检查路径扩展,ACR适宜性标准,成人急性神经缺损,ACR 成人急性神经缺损影像适宜性评分,ACR Appropriateness Criteria for 成人急性神经缺损,年龄；妊娠；症状严重度；病程；红旗征象；既往影像；肾功能；对比剂禁忌；临床问题,推荐影像方式和适宜性等级,ACR Appropriateness Criteria场景评分,Usually appropriate、May be appropriate或Usually not appropriate,影像检查决策,专业协会指南,ACR Appropriateness Criteria,https://www.acr.org/Clinical-Resources/ACR-Appropriateness-Criteria,官方指南/专业协会/监管或分期体系,A：官方或专业协会来源,高：放射影像检查路径常用,影像适宜性场景覆盖；需按ACR版本维护,真实临床使用；实现时需核对最新指南、适用人群和授权,,外部来源扩展补充,,
CALC-0949,影像适宜性与检查路径扩展,ACR适宜性标准,儿童癫痫,ACR 儿童癫痫影像适宜性评分,ACR Appropriateness Criteria for 儿童癫痫,年龄；妊娠；症状严重度；病程；红旗征象；既往影像；肾功能；对比剂禁忌；临床问题,推荐影像方式和适宜性等级,ACR Appropriateness Criteria场景评分,Usually appropriate、May be appropriate或Usually not appropriate,影像检查决策,专业协会指南,ACR Appropriateness Criteria,https://www.acr.org/Clinical-Resources/ACR-Appropriateness-Criteria,官方指南/专业协会/监管或分期体系,A：官方或专业协会来源,高：放射影像检查路径常用,影像适宜性场景覆盖；需按ACR版本维护,真实临床使用；实现时需核对最新指南、适用人群和授权,,外部来源扩展补充,,
CALC-0950,影像适宜性与检查路径扩展,ACR适宜性标准,眩晕和听力损失,ACR 眩晕和听力损失影像适宜性评分,ACR Appropriateness Criteria for 眩晕和听力损失,年龄；妊娠；症状严重度；病程；红旗征象；既往影像；肾功能；对比剂禁忌；临床问题,推荐影像方式和适宜性等级,ACR Appropriateness Criteria场景评分,Usually appropriate、May be appropriate或Usually not appropriate,影像检查决策,专业协会指南,ACR Appropriateness Criteria,https://www.acr.org/Clinical-Resources/ACR-Appropriateness-Criteria,官方指南/专业协会/监管或分期体系,A：官方或专业协会来源,高：放射影像检查路径常用,影像适宜性场景覆盖；需按ACR版本维护,真实临床使用；实现时需核对最新指南、适用人群和授权,,外部来源扩展补充,,
CALC-0951,影像适宜性与检查路径扩展,ACR适宜性标准,颈痛,ACR 颈痛影像适宜性评分,ACR Appropriateness Criteria for 颈痛,年龄；妊娠；症状严重度；病程；红旗征象；既往影像；肾功能；对比剂禁忌；临床问题,推荐影像方式和适宜性等级,ACR Appropriateness Criteria场景评分,Usually appropriate、May be appropriate或Usually not appropriate,影像检查决策,专业协会指南,ACR Appropriateness Criteria,https://www.acr.org/Clinical-Resources/ACR-Appropriateness-Criteria,官方指南/专业协会/监管或分期体系,A：官方或专业协会来源,高：放射影像检查路径常用,影像适宜性场景覆盖；需按ACR版本维护,真实临床使用；实现时需核对最新指南、适用人群和授权,,外部来源扩展补充,,
CALC-0952,影像适宜性与检查路径扩展,ACR适宜性标准,腰痛,ACR 腰痛影像适宜性评分,ACR Appropriateness Criteria for 腰痛,年龄；妊娠；症状严重度；病程；红旗征象；既往影像；肾功能；对比剂禁忌；临床问题,推荐影像方式和适宜性等级,ACR Appropriateness Criteria场景评分,Usually appropriate、May be appropriate或Usually not appropriate,影像检查决策,专业协会指南,ACR Appropriateness Criteria,https://www.acr.org/Clinical-Resources/ACR-Appropriateness-Criteria,官方指南/专业协会/监管或分期体系,A：官方或专业协会来源,高：放射影像检查路径常用,影像适宜性场景覆盖；需按ACR版本维护,真实临床使用；实现时需核对最新指南、适用人群和授权,,外部来源扩展补充,,
CALC-0953,影像适宜性与检查路径扩展,ACR适宜性标准,疑似脊髓压迫,ACR 疑似脊髓压迫影像适宜性评分,ACR Appropriateness Criteria for 疑似脊髓压迫,年龄；妊娠；症状严重度；病程；红旗征象；既往影像；肾功能；对比剂禁忌；临床问题,推荐影像方式和适宜性等级,ACR Appropriateness Criteria场景评分,Usually appropriate、May be appropriate或Usually not appropriate,影像检查决策,专业协会指南,ACR Appropriateness Criteria,https://www.acr.org/Clinical-Resources/ACR-Appropriateness-Criteria,官方指南/专业协会/监管或分期体系,A：官方或专业协会来源,高：放射影像检查路径常用,影像适宜性场景覆盖；需按ACR版本维护,真实临床使用；实现时需核对最新指南、适用人群和授权,,外部来源扩展补充,,
CALC-0954,影像适宜性与检查路径扩展,ACR适宜性标准,脊柱感染,ACR 脊柱感染影像适宜性评分,ACR Appropriateness Criteria for 脊柱感染,年龄；妊娠；症状严重度；病程；红旗征象；既往影像；肾功能；对比剂禁忌；临床问题,推荐影像方式和适宜性等级,ACR Appropriateness Criteria场景评分,Usually appropriate、May be appropriate或Usually not appropriate,影像检查决策,专业协会指南,ACR Appropriateness Criteria,https://www.acr.org/Clinical-Resources/ACR-Appropriateness-Criteria,官方指南/专业协会/监管或分期体系,A：官方或专业协会来源,高：放射影像检查路径常用,影像适宜性场景覆盖；需按ACR版本维护,真实临床使用；实现时需核对最新指南、适用人群和授权,,外部来源扩展补充,,
CALC-0955,影像适宜性与检查路径扩展,ACR适宜性标准,骨质疏松椎体压缩骨折,ACR 骨质疏松椎体压缩骨折影像适宜性评分,ACR Appropriateness Criteria for 骨质疏松椎体压缩骨折,年龄；妊娠；症状严重度；病程；红旗征象；既往影像；肾功能；对比剂禁忌；临床问题,推荐影像方式和适宜性等级,ACR Appropriateness Criteria场景评分,Usually appropriate、May be appropriate或Usually not appropriate,影像检查决策,专业协会指南,ACR Appropriateness Criteria,https://www.acr.org/Clinical-Resources/ACR-Appropriateness-Criteria,官方指南/专业协会/监管或分期体系,A：官方或专业协会来源,高：放射影像检查路径常用,影像适宜性场景覆盖；需按ACR版本维护,真实临床使用；实现时需核对最新指南、适用人群和授权,,外部来源扩展补充,,
CALC-0956,影像适宜性与检查路径扩展,ACR适宜性标准,肩痛,ACR 肩痛影像适宜性评分,ACR Appropriateness Criteria for 肩痛,年龄；妊娠；症状严重度；病程；红旗征象；既往影像；肾功能；对比剂禁忌；临床问题,推荐影像方式和适宜性等级,ACR Appropriateness Criteria场景评分,Usually appropriate、May be appropriate或Usually not appropriate,影像检查决策,专业协会指南,ACR Appropriateness Criteria,https://www.acr.org/Clinical-Resources/ACR-Appropriateness-Criteria,官方指南/专业协会/监管或分期体系,A：官方或专业协会来源,高：放射影像检查路径常用,影像适宜性场景覆盖；需按ACR版本维护,真实临床使用；实现时需核对最新指南、适用人群和授权,,外部来源扩展补充,,
CALC-0957,影像适宜性与检查路径扩展,ACR适宜性标准,肘痛,ACR 肘痛影像适宜性评分,ACR Appropriateness Criteria for 肘痛,年龄；妊娠；症状严重度；病程；红旗征象；既往影像；肾功能；对比剂禁忌；临床问题,推荐影像方式和适宜性等级,ACR Appropriateness Criteria场景评分,Usually appropriate、May be appropriate或Usually not appropriate,影像检查决策,专业协会指南,ACR Appropriateness Criteria,https://www.acr.org/Clinical-Resources/ACR-Appropriateness-Criteria,官方指南/专业协会/监管或分期体系,A：官方或专业协会来源,高：放射影像检查路径常用,影像适宜性场景覆盖；需按ACR版本维护,真实临床使用；实现时需核对最新指南、适用人群和授权,,外部来源扩展补充,,
CALC-0958,影像适宜性与检查路径扩展,ACR适宜性标准,腕手痛,ACR 腕手痛影像适宜性评分,ACR Appropriateness Criteria for 腕手痛,年龄；妊娠；症状严重度；病程；红旗征象；既往影像；肾功能；对比剂禁忌；临床问题,推荐影像方式和适宜性等级,ACR Appropriateness Criteria场景评分,Usually appropriate、May be appropriate或Usually not appropriate,影像检查决策,专业协会指南,ACR Appropriateness Criteria,https://www.acr.org/Clinical-Resources/ACR-Appropriateness-Criteria,官方指南/专业协会/监管或分期体系,A：官方或专业协会来源,高：放射影像检查路径常用,影像适宜性场景覆盖；需按ACR版本维护,真实临床使用；实现时需核对最新指南、适用人群和授权,,外部来源扩展补充,,
CALC-0959,影像适宜性与检查路径扩展,ACR适宜性标准,髋痛,ACR 髋痛影像适宜性评分,ACR Appropriateness Criteria for 髋痛,年龄；妊娠；症状严重度；病程；红旗征象；既往影像；肾功能；对比剂禁忌；临床问题,推荐影像方式和适宜性等级,ACR Appropriateness Criteria场景评分,Usually appropriate、May be appropriate或Usually not appropriate,影像检查决策,专业协会指南,ACR Appropriateness Criteria,https://www.acr.org/Clinical-Resources/ACR-Appropriateness-Criteria,官方指南/专业协会/监管或分期体系,A：官方或专业协会来源,高：放射影像检查路径常用,影像适宜性场景覆盖；需按ACR版本维护,真实临床使用；实现时需核对最新指南、适用人群和授权,,外部来源扩展补充,,
CALC-0960,影像适宜性与检查路径扩展,ACR适宜性标准,膝痛,ACR 膝痛影像适宜性评分,ACR Appropriateness Criteria for 膝痛,年龄；妊娠；症状严重度；病程；红旗征象；既往影像；肾功能；对比剂禁忌；临床问题,推荐影像方式和适宜性等级,ACR Appropriateness Criteria场景评分,Usually appropriate、May be appropriate或Usually not appropriate,影像检查决策,专业协会指南,ACR Appropriateness Criteria,https://www.acr.org/Clinical-Resources/ACR-Appropriateness-Criteria,官方指南/专业协会/监管或分期体系,A：官方或专业协会来源,高：放射影像检查路径常用,影像适宜性场景覆盖；需按ACR版本维护,真实临床使用；实现时需核对最新指南、适用人群和授权,,外部来源扩展补充,,
CALC-0961,影像适宜性与检查路径扩展,ACR适宜性标准,踝足痛,ACR 踝足痛影像适宜性评分,ACR Appropriateness Criteria for 踝足痛,年龄；妊娠；症状严重度；病程；红旗征象；既往影像；肾功能；对比剂禁忌；临床问题,推荐影像方式和适宜性等级,ACR Appropriateness Criteria场景评分,Usually appropriate、May be appropriate或Usually not appropriate,影像检查决策,专业协会指南,ACR Appropriateness Criteria,https://www.acr.org/Clinical-Resources/ACR-Appropriateness-Criteria,官方指南/专业协会/监管或分期体系,A：官方或专业协会来源,高：放射影像检查路径常用,影像适宜性场景覆盖；需按ACR版本维护,真实临床使用；实现时需核对最新指南、适用人群和授权,,外部来源扩展补充,,
CALC-0962,影像适宜性与检查路径扩展,ACR适宜性标准,应力性骨折,ACR 应力性骨折影像适宜性评分,ACR Appropriateness Criteria for 应力性骨折,年龄；妊娠；症状严重度；病程；红旗征象；既往影像；肾功能；对比剂禁忌；临床问题,推荐影像方式和适宜性等级,ACR Appropriateness Criteria场景评分,Usually appropriate、May be appropriate或Usually not appropriate,影像检查决策,专业协会指南,ACR Appropriateness Criteria,https://www.acr.org/Clinical-Resources/ACR-Appropriateness-Criteria,官方指南/专业协会/监管或分期体系,A：官方或专业协会来源,高：放射影像检查路径常用,影像适宜性场景覆盖；需按ACR版本维护,真实临床使用；实现时需核对最新指南、适用人群和授权,,外部来源扩展补充,,
CALC-0963,影像适宜性与检查路径扩展,ACR适宜性标准,骨髓炎疑似,ACR 骨髓炎疑似影像适宜性评分,ACR Appropriateness Criteria for 骨髓炎疑似,年龄；妊娠；症状严重度；病程；红旗征象；既往影像；肾功能；对比剂禁忌；临床问题,推荐影像方式和适宜性等级,ACR Appropriateness Criteria场景评分,Usually appropriate、May be appropriate或Usually not appropriate,影像检查决策,专业协会指南,ACR Appropriateness Criteria,https://www.acr.org/Clinical-Resources/ACR-Appropriateness-Criteria,官方指南/专业协会/监管或分期体系,A：官方或专业协会来源,高：放射影像检查路径常用,影像适宜性场景覆盖；需按ACR版本维护,真实临床使用；实现时需核对最新指南、适用人群和授权,,外部来源扩展补充,,
CALC-0964,影像适宜性与检查路径扩展,ACR适宜性标准,软组织肿块,ACR 软组织肿块影像适宜性评分,ACR Appropriateness Criteria for 软组织肿块,年龄；妊娠；症状严重度；病程；红旗征象；既往影像；肾功能；对比剂禁忌；临床问题,推荐影像方式和适宜性等级,ACR Appropriateness Criteria场景评分,Usually appropriate、May be appropriate或Usually not appropriate,影像检查决策,专业协会指南,ACR Appropriateness Criteria,https://www.acr.org/Clinical-Resources/ACR-Appropriateness-Criteria,官方指南/专业协会/监管或分期体系,A：官方或专业协会来源,高：放射影像检查路径常用,影像适宜性场景覆盖；需按ACR版本维护,真实临床使用；实现时需核对最新指南、适用人群和授权,,外部来源扩展补充,,
CALC-0965,影像适宜性与检查路径扩展,ACR适宜性标准,急性胸痛疑似ACS,ACR 急性胸痛疑似ACS影像适宜性评分,ACR Appropriateness Criteria for 急性胸痛疑似ACS,年龄；妊娠；症状严重度；病程；红旗征象；既往影像；肾功能；对比剂禁忌；临床问题,推荐影像方式和适宜性等级,ACR Appropriateness Criteria场景评分,Usually appropriate、May be appropriate或Usually not appropriate,影像检查决策,专业协会指南,ACR Appropriateness Criteria,https://www.acr.org/Clinical-Resources/ACR-Appropriateness-Criteria,官方指南/专业协会/监管或分期体系,A：官方或专业协会来源,高：放射影像检查路径常用,影像适宜性场景覆盖；需按ACR版本维护,真实临床使用；实现时需核对最新指南、适用人群和授权,,外部来源扩展补充,,
CALC-0966,影像适宜性与检查路径扩展,ACR适宜性标准,急性胸痛疑似肺栓塞,ACR 急性胸痛疑似肺栓塞影像适宜性评分,ACR Appropriateness Criteria for 急性胸痛疑似肺栓塞,年龄；妊娠；症状严重度；病程；红旗征象；既往影像；肾功能；对比剂禁忌；临床问题,推荐影像方式和适宜性等级,ACR Appropriateness Criteria场景评分,Usually appropriate、May be appropriate或Usually not appropriate,影像检查决策,专业协会指南,ACR Appropriateness Criteria,https://www.acr.org/Clinical-Resources/ACR-Appropriateness-Criteria,官方指南/专业协会/监管或分期体系,A：官方或专业协会来源,高：放射影像检查路径常用,影像适宜性场景覆盖；需按ACR版本维护,真实临床使用；实现时需核对最新指南、适用人群和授权,,外部来源扩展补充,,
CALC-0967,影像适宜性与检查路径扩展,ACR适宜性标准,胸主动脉急症,ACR 胸主动脉急症影像适宜性评分,ACR Appropriateness Criteria for 胸主动脉急症,年龄；妊娠；症状严重度；病程；红旗征象；既往影像；肾功能；对比剂禁忌；临床问题,推荐影像方式和适宜性等级,ACR Appropriateness Criteria场景评分,Usually appropriate、May be appropriate或Usually not appropriate,影像检查决策,专业协会指南,ACR Appropriateness Criteria,https://www.acr.org/Clinical-Resources/ACR-Appropriateness-Criteria,官方指南/专业协会/监管或分期体系,A：官方或专业协会来源,高：放射影像检查路径常用,影像适宜性场景覆盖；需按ACR版本维护,真实临床使用；实现时需核对最新指南、适用人群和授权,,外部来源扩展补充,,
CALC-0968,影像适宜性与检查路径扩展,ACR适宜性标准,疑似肺炎,ACR 疑似肺炎影像适宜性评分,ACR Appropriateness Criteria for 疑似肺炎,年龄；妊娠；症状严重度；病程；红旗征象；既往影像；肾功能；对比剂禁忌；临床问题,推荐影像方式和适宜性等级,ACR Appropriateness Criteria场景评分,Usually appropriate、May be appropriate或Usually not appropriate,影像检查决策,专业协会指南,ACR Appropriateness Criteria,https://www.acr.org/Clinical-Resources/ACR-Appropriateness-Criteria,官方指南/专业协会/监管或分期体系,A：官方或专业协会来源,高：放射影像检查路径常用,影像适宜性场景覆盖；需按ACR版本维护,真实临床使用；实现时需核对最新指南、适用人群和授权,,外部来源扩展补充,,
CALC-0969,影像适宜性与检查路径扩展,ACR适宜性标准,慢性咳嗽,ACR 慢性咳嗽影像适宜性评分,ACR Appropriateness Criteria for 慢性咳嗽,年龄；妊娠；症状严重度；病程；红旗征象；既往影像；肾功能；对比剂禁忌；临床问题,推荐影像方式和适宜性等级,ACR Appropriateness Criteria场景评分,Usually appropriate、May be appropriate或Usually not appropriate,影像检查决策,专业协会指南,ACR Appropriateness Criteria,https://www.acr.org/Clinical-Resources/ACR-Appropriateness-Criteria,官方指南/专业协会/监管或分期体系,A：官方或专业协会来源,高：放射影像检查路径常用,影像适宜性场景覆盖；需按ACR版本维护,真实临床使用；实现时需核对最新指南、适用人群和授权,,外部来源扩展补充,,
CALC-0970,影像适宜性与检查路径扩展,ACR适宜性标准,咯血,ACR 咯血影像适宜性评分,ACR Appropriateness Criteria for 咯血,年龄；妊娠；症状严重度；病程；红旗征象；既往影像；肾功能；对比剂禁忌；临床问题,推荐影像方式和适宜性等级,ACR Appropriateness Criteria场景评分,Usually appropriate、May be appropriate或Usually not appropriate,影像检查决策,专业协会指南,ACR Appropriateness Criteria,https://www.acr.org/Clinical-Resources/ACR-Appropriateness-Criteria,官方指南/专业协会/监管或分期体系,A：官方或专业协会来源,高：放射影像检查路径常用,影像适宜性场景覆盖；需按ACR版本维护,真实临床使用；实现时需核对最新指南、适用人群和授权,,外部来源扩展补充,,
CALC-0971,影像适宜性与检查路径扩展,ACR适宜性标准,肺结节,ACR 肺结节影像适宜性评分,ACR Appropriateness Criteria for 肺结节,年龄；妊娠；症状严重度；病程；红旗征象；既往影像；肾功能；对比剂禁忌；临床问题,推荐影像方式和适宜性等级,ACR Appropriateness Criteria场景评分,Usually appropriate、May be appropriate或Usually not appropriate,影像检查决策,专业协会指南,ACR Appropriateness Criteria,https://www.acr.org/Clinical-Resources/ACR-Appropriateness-Criteria,官方指南/专业协会/监管或分期体系,A：官方或专业协会来源,高：放射影像检查路径常用,影像适宜性场景覆盖；需按ACR版本维护,真实临床使用；实现时需核对最新指南、适用人群和授权,,外部来源扩展补充,,
CALC-0972,影像适宜性与检查路径扩展,ACR适宜性标准,间质性肺病,ACR 间质性肺病影像适宜性评分,ACR Appropriateness Criteria for 间质性肺病,年龄；妊娠；症状严重度；病程；红旗征象；既往影像；肾功能；对比剂禁忌；临床问题,推荐影像方式和适宜性等级,ACR Appropriateness Criteria场景评分,Usually appropriate、May be appropriate或Usually not appropriate,影像检查决策,专业协会指南,ACR Appropriateness Criteria,https://www.acr.org/Clinical-Resources/ACR-Appropriateness-Criteria,官方指南/专业协会/监管或分期体系,A：官方或专业协会来源,高：放射影像检查路径常用,影像适宜性场景覆盖；需按ACR版本维护,真实临床使用；实现时需核对最新指南、适用人群和授权,,外部来源扩展补充,,
CALC-0973,影像适宜性与检查路径扩展,ACR适宜性标准,纵隔肿块,ACR 纵隔肿块影像适宜性评分,ACR Appropriateness Criteria for 纵隔肿块,年龄；妊娠；症状严重度；病程；红旗征象；既往影像；肾功能；对比剂禁忌；临床问题,推荐影像方式和适宜性等级,ACR Appropriateness Criteria场景评分,Usually appropriate、May be appropriate或Usually not appropriate,影像检查决策,专业协会指南,ACR Appropriateness Criteria,https://www.acr.org/Clinical-Resources/ACR-Appropriateness-Criteria,官方指南/专业协会/监管或分期体系,A：官方或专业协会来源,高：放射影像检查路径常用,影像适宜性场景覆盖；需按ACR版本维护,真实临床使用；实现时需核对最新指南、适用人群和授权,,外部来源扩展补充,,
CALC-0974,影像适宜性与检查路径扩展,ACR适宜性标准,乳腺疼痛,ACR 乳腺疼痛影像适宜性评分,ACR Appropriateness Criteria for 乳腺疼痛,年龄；妊娠；症状严重度；病程；红旗征象；既往影像；肾功能；对比剂禁忌；临床问题,推荐影像方式和适宜性等级,ACR Appropriateness Criteria场景评分,Usually appropriate、May be appropriate或Usually not appropriate,影像检查决策,专业协会指南,ACR Appropriateness Criteria,https://www.acr.org/Clinical-Resources/ACR-Appropriateness-Criteria,官方指南/专业协会/监管或分期体系,A：官方或专业协会来源,高：放射影像检查路径常用,影像适宜性场景覆盖；需按ACR版本维护,真实临床使用；实现时需核对最新指南、适用人群和授权,,外部来源扩展补充,,
CALC-0975,影像适宜性与检查路径扩展,ACR适宜性标准,乳头溢液,ACR 乳头溢液影像适宜性评分,ACR Appropriateness Criteria for 乳头溢液,年龄；妊娠；症状严重度；病程；红旗征象；既往影像；肾功能；对比剂禁忌；临床问题,推荐影像方式和适宜性等级,ACR Appropriateness Criteria场景评分,Usually appropriate、May be appropriate或Usually not appropriate,影像检查决策,专业协会指南,ACR Appropriateness Criteria,https://www.acr.org/Clinical-Resources/ACR-Appropriateness-Criteria,官方指南/专业协会/监管或分期体系,A：官方或专业协会来源,高：放射影像检查路径常用,影像适宜性场景覆盖；需按ACR版本维护,真实临床使用；实现时需核对最新指南、适用人群和授权,,外部来源扩展补充,,
CALC-0976,影像适宜性与检查路径扩展,ACR适宜性标准,可触及乳腺肿块,ACR 可触及乳腺肿块影像适宜性评分,ACR Appropriateness Criteria for 可触及乳腺肿块,年龄；妊娠；症状严重度；病程；红旗征象；既往影像；肾功能；对比剂禁忌；临床问题,推荐影像方式和适宜性等级,ACR Appropriateness Criteria场景评分,Usually appropriate、May be appropriate或Usually not appropriate,影像检查决策,专业协会指南,ACR Appropriateness Criteria,https://www.acr.org/Clinical-Resources/ACR-Appropriateness-Criteria,官方指南/专业协会/监管或分期体系,A：官方或专业协会来源,高：放射影像检查路径常用,影像适宜性场景覆盖；需按ACR版本维护,真实临床使用；实现时需核对最新指南、适用人群和授权,,外部来源扩展补充,,
CALC-0977,影像适宜性与检查路径扩展,ACR适宜性标准,乳腺筛查,ACR 乳腺筛查影像适宜性评分,ACR Appropriateness Criteria for 乳腺筛查,年龄；妊娠；症状严重度；病程；红旗征象；既往影像；肾功能；对比剂禁忌；临床问题,推荐影像方式和适宜性等级,ACR Appropriateness Criteria场景评分,Usually appropriate、May be appropriate或Usually not appropriate,影像检查决策,专业协会指南,ACR Appropriateness Criteria,https://www.acr.org/Clinical-Resources/ACR-Appropriateness-Criteria,官方指南/专业协会/监管或分期体系,A：官方或专业协会来源,高：放射影像检查路径常用,影像适宜性场景覆盖；需按ACR版本维护,真实临床使用；实现时需核对最新指南、适用人群和授权,,外部来源扩展补充,,
CALC-0978,影像适宜性与检查路径扩展,ACR适宜性标准,腹痛右上腹,ACR 腹痛右上腹影像适宜性评分,ACR Appropriateness Criteria for 腹痛右上腹,年龄；妊娠；症状严重度；病程；红旗征象；既往影像；肾功能；对比剂禁忌；临床问题,推荐影像方式和适宜性等级,ACR Appropriateness Criteria场景评分,Usually appropriate、May be appropriate或Usually not appropriate,影像检查决策,专业协会指南,ACR Appropriateness Criteria,https://www.acr.org/Clinical-Resources/ACR-Appropriateness-Criteria,官方指南/专业协会/监管或分期体系,A：官方或专业协会来源,高：放射影像检查路径常用,影像适宜性场景覆盖；需按ACR版本维护,真实临床使用；实现时需核对最新指南、适用人群和授权,,外部来源扩展补充,,
CALC-0979,影像适宜性与检查路径扩展,ACR适宜性标准,腹痛右下腹,ACR 腹痛右下腹影像适宜性评分,ACR Appropriateness Criteria for 腹痛右下腹,年龄；妊娠；症状严重度；病程；红旗征象；既往影像；肾功能；对比剂禁忌；临床问题,推荐影像方式和适宜性等级,ACR Appropriateness Criteria场景评分,Usually appropriate、May be appropriate或Usually not appropriate,影像检查决策,专业协会指南,ACR Appropriateness Criteria,https://www.acr.org/Clinical-Resources/ACR-Appropriateness-Criteria,官方指南/专业协会/监管或分期体系,A：官方或专业协会来源,高：放射影像检查路径常用,影像适宜性场景覆盖；需按ACR版本维护,真实临床使用；实现时需核对最新指南、适用人群和授权,,外部来源扩展补充,,
CALC-0980,影像适宜性与检查路径扩展,ACR适宜性标准,急性非定位腹痛,ACR 急性非定位腹痛影像适宜性评分,ACR Appropriateness Criteria for 急性非定位腹痛,年龄；妊娠；症状严重度；病程；红旗征象；既往影像；肾功能；对比剂禁忌；临床问题,推荐影像方式和适宜性等级,ACR Appropriateness Criteria场景评分,Usually appropriate、May be appropriate或Usually not appropriate,影像检查决策,专业协会指南,ACR Appropriateness Criteria,https://www.acr.org/Clinical-Resources/ACR-Appropriateness-Criteria,官方指南/专业协会/监管或分期体系,A：官方或专业协会来源,高：放射影像检查路径常用,影像适宜性场景覆盖；需按ACR版本维护,真实临床使用；实现时需核对最新指南、适用人群和授权,,外部来源扩展补充,,
CALC-0981,影像适宜性与检查路径扩展,ACR适宜性标准,疑似小肠梗阻,ACR 疑似小肠梗阻影像适宜性评分,ACR Appropriateness Criteria for 疑似小肠梗阻,年龄；妊娠；症状严重度；病程；红旗征象；既往影像；肾功能；对比剂禁忌；临床问题,推荐影像方式和适宜性等级,ACR Appropriateness Criteria场景评分,Usually appropriate、May be appropriate或Usually not appropriate,影像检查决策,专业协会指南,ACR Appropriateness Criteria,https://www.acr.org/Clinical-Resources/ACR-Appropriateness-Criteria,官方指南/专业协会/监管或分期体系,A：官方或专业协会来源,高：放射影像检查路径常用,影像适宜性场景覆盖；需按ACR版本维护,真实临床使用；实现时需核对最新指南、适用人群和授权,,外部来源扩展补充,,
CALC-0982,影像适宜性与检查路径扩展,ACR适宜性标准,消化道出血,ACR 消化道出血影像适宜性评分,ACR Appropriateness Criteria for 消化道出血,年龄；妊娠；症状严重度；病程；红旗征象；既往影像；肾功能；对比剂禁忌；临床问题,推荐影像方式和适宜性等级,ACR Appropriateness Criteria场景评分,Usually appropriate、May be appropriate或Usually not appropriate,影像检查决策,专业协会指南,ACR Appropriateness Criteria,https://www.acr.org/Clinical-Resources/ACR-Appropriateness-Criteria,官方指南/专业协会/监管或分期体系,A：官方或专业协会来源,高：放射影像检查路径常用,影像适宜性场景覆盖；需按ACR版本维护,真实临床使用；实现时需核对最新指南、适用人群和授权,,外部来源扩展补充,,
CALC-0983,影像适宜性与检查路径扩展,ACR适宜性标准,吞咽困难,ACR 吞咽困难影像适宜性评分,ACR Appropriateness Criteria for 吞咽困难,年龄；妊娠；症状严重度；病程；红旗征象；既往影像；肾功能；对比剂禁忌；临床问题,推荐影像方式和适宜性等级,ACR Appropriateness Criteria场景评分,Usually appropriate、May be appropriate或Usually not appropriate,影像检查决策,专业协会指南,ACR Appropriateness Criteria,https://www.acr.org/Clinical-Resources/ACR-Appropriateness-Criteria,官方指南/专业协会/监管或分期体系,A：官方或专业协会来源,高：放射影像检查路径常用,影像适宜性场景覆盖；需按ACR版本维护,真实临床使用；实现时需核对最新指南、适用人群和授权,,外部来源扩展补充,,
CALC-0984,影像适宜性与检查路径扩展,ACR适宜性标准,黄疸,ACR 黄疸影像适宜性评分,ACR Appropriateness Criteria for 黄疸,年龄；妊娠；症状严重度；病程；红旗征象；既往影像；肾功能；对比剂禁忌；临床问题,推荐影像方式和适宜性等级,ACR Appropriateness Criteria场景评分,Usually appropriate、May be appropriate或Usually not appropriate,影像检查决策,专业协会指南,ACR Appropriateness Criteria,https://www.acr.org/Clinical-Resources/ACR-Appropriateness-Criteria,官方指南/专业协会/监管或分期体系,A：官方或专业协会来源,高：放射影像检查路径常用,影像适宜性场景覆盖；需按ACR版本维护,真实临床使用；实现时需核对最新指南、适用人群和授权,,外部来源扩展补充,,
CALC-0985,影像适宜性与检查路径扩展,ACR适宜性标准,胰腺炎,ACR 胰腺炎影像适宜性评分,ACR Appropriateness Criteria for 胰腺炎,年龄；妊娠；症状严重度；病程；红旗征象；既往影像；肾功能；对比剂禁忌；临床问题,推荐影像方式和适宜性等级,ACR Appropriateness Criteria场景评分,Usually appropriate、May be appropriate或Usually not appropriate,影像检查决策,专业协会指南,ACR Appropriateness Criteria,https://www.acr.org/Clinical-Resources/ACR-Appropriateness-Criteria,官方指南/专业协会/监管或分期体系,A：官方或专业协会来源,高：放射影像检查路径常用,影像适宜性场景覆盖；需按ACR版本维护,真实临床使用；实现时需核对最新指南、适用人群和授权,,外部来源扩展补充,,
CALC-0986,影像适宜性与检查路径扩展,ACR适宜性标准,肝病灶初评,ACR 肝病灶初评影像适宜性评分,ACR Appropriateness Criteria for 肝病灶初评,年龄；妊娠；症状严重度；病程；红旗征象；既往影像；肾功能；对比剂禁忌；临床问题,推荐影像方式和适宜性等级,ACR Appropriateness Criteria场景评分,Usually appropriate、May be appropriate或Usually not appropriate,影像检查决策,专业协会指南,ACR Appropriateness Criteria,https://www.acr.org/Clinical-Resources/ACR-Appropriateness-Criteria,官方指南/专业协会/监管或分期体系,A：官方或专业协会来源,高：放射影像检查路径常用,影像适宜性场景覆盖；需按ACR版本维护,真实临床使用；实现时需核对最新指南、适用人群和授权,,外部来源扩展补充,,
CALC-0987,影像适宜性与检查路径扩展,ACR适宜性标准,肾上腺偶发瘤,ACR 肾上腺偶发瘤影像适宜性评分,ACR Appropriateness Criteria for 肾上腺偶发瘤,年龄；妊娠；症状严重度；病程；红旗征象；既往影像；肾功能；对比剂禁忌；临床问题,推荐影像方式和适宜性等级,ACR Appropriateness Criteria场景评分,Usually appropriate、May be appropriate或Usually not appropriate,影像检查决策,专业协会指南,ACR Appropriateness Criteria,https://www.acr.org/Clinical-Resources/ACR-Appropriateness-Criteria,官方指南/专业协会/监管或分期体系,A：官方或专业协会来源,高：放射影像检查路径常用,影像适宜性场景覆盖；需按ACR版本维护,真实临床使用；实现时需核对最新指南、适用人群和授权,,外部来源扩展补充,,
CALC-0988,影像适宜性与检查路径扩展,ACR适宜性标准,血尿,ACR 血尿影像适宜性评分,ACR Appropriateness Criteria for 血尿,年龄；妊娠；症状严重度；病程；红旗征象；既往影像；肾功能；对比剂禁忌；临床问题,推荐影像方式和适宜性等级,ACR Appropriateness Criteria场景评分,Usually appropriate、May be appropriate或Usually not appropriate,影像检查决策,专业协会指南,ACR Appropriateness Criteria,https://www.acr.org/Clinical-Resources/ACR-Appropriateness-Criteria,官方指南/专业协会/监管或分期体系,A：官方或专业协会来源,高：放射影像检查路径常用,影像适宜性场景覆盖；需按ACR版本维护,真实临床使用；实现时需核对最新指南、适用人群和授权,,外部来源扩展补充,,
CALC-0989,影像适宜性与检查路径扩展,ACR适宜性标准,急性肾盂肾炎,ACR 急性肾盂肾炎影像适宜性评分,ACR Appropriateness Criteria for 急性肾盂肾炎,年龄；妊娠；症状严重度；病程；红旗征象；既往影像；肾功能；对比剂禁忌；临床问题,推荐影像方式和适宜性等级,ACR Appropriateness Criteria场景评分,Usually appropriate、May be appropriate或Usually not appropriate,影像检查决策,专业协会指南,ACR Appropriateness Criteria,https://www.acr.org/Clinical-Resources/ACR-Appropriateness-Criteria,官方指南/专业协会/监管或分期体系,A：官方或专业协会来源,高：放射影像检查路径常用,影像适宜性场景覆盖；需按ACR版本维护,真实临床使用；实现时需核对最新指南、适用人群和授权,,外部来源扩展补充,,
CALC-0990,影像适宜性与检查路径扩展,ACR适宜性标准,尿路结石,ACR 尿路结石影像适宜性评分,ACR Appropriateness Criteria for 尿路结石,年龄；妊娠；症状严重度；病程；红旗征象；既往影像；肾功能；对比剂禁忌；临床问题,推荐影像方式和适宜性等级,ACR Appropriateness Criteria场景评分,Usually appropriate、May be appropriate或Usually not appropriate,影像检查决策,专业协会指南,ACR Appropriateness Criteria,https://www.acr.org/Clinical-Resources/ACR-Appropriateness-Criteria,官方指南/专业协会/监管或分期体系,A：官方或专业协会来源,高：放射影像检查路径常用,影像适宜性场景覆盖；需按ACR版本维护,真实临床使用；实现时需核对最新指南、适用人群和授权,,外部来源扩展补充,,
CALC-0991,影像适宜性与检查路径扩展,ACR适宜性标准,前列腺癌初始分期,ACR 前列腺癌初始分期影像适宜性评分,ACR Appropriateness Criteria for 前列腺癌初始分期,年龄；妊娠；症状严重度；病程；红旗征象；既往影像；肾功能；对比剂禁忌；临床问题,推荐影像方式和适宜性等级,ACR Appropriateness Criteria场景评分,Usually appropriate、May be appropriate或Usually not appropriate,影像检查决策,专业协会指南,ACR Appropriateness Criteria,https://www.acr.org/Clinical-Resources/ACR-Appropriateness-Criteria,官方指南/专业协会/监管或分期体系,A：官方或专业协会来源,高：放射影像检查路径常用,影像适宜性场景覆盖；需按ACR版本维护,真实临床使用；实现时需核对最新指南、适用人群和授权,,外部来源扩展补充,,
CALC-0992,影像适宜性与检查路径扩展,ACR适宜性标准,卵巢附件包块,ACR 卵巢附件包块影像适宜性评分,ACR Appropriateness Criteria for 卵巢附件包块,年龄；妊娠；症状严重度；病程；红旗征象；既往影像；肾功能；对比剂禁忌；临床问题,推荐影像方式和适宜性等级,ACR Appropriateness Criteria场景评分,Usually appropriate、May be appropriate或Usually not appropriate,影像检查决策,专业协会指南,ACR Appropriateness Criteria,https://www.acr.org/Clinical-Resources/ACR-Appropriateness-Criteria,官方指南/专业协会/监管或分期体系,A：官方或专业协会来源,高：放射影像检查路径常用,影像适宜性场景覆盖；需按ACR版本维护,真实临床使用；实现时需核对最新指南、适用人群和授权,,外部来源扩展补充,,
CALC-0993,影像适宜性与检查路径扩展,ACR适宜性标准,异常子宫出血,ACR 异常子宫出血影像适宜性评分,ACR Appropriateness Criteria for 异常子宫出血,年龄；妊娠；症状严重度；病程；红旗征象；既往影像；肾功能；对比剂禁忌；临床问题,推荐影像方式和适宜性等级,ACR Appropriateness Criteria场景评分,Usually appropriate、May be appropriate或Usually not appropriate,影像检查决策,专业协会指南,ACR Appropriateness Criteria,https://www.acr.org/Clinical-Resources/ACR-Appropriateness-Criteria,官方指南/专业协会/监管或分期体系,A：官方或专业协会来源,高：放射影像检查路径常用,影像适宜性场景覆盖；需按ACR版本维护,真实临床使用；实现时需核对最新指南、适用人群和授权,,外部来源扩展补充,,
CALC-0994,影像适宜性与检查路径扩展,ACR适宜性标准,早孕出血,ACR 早孕出血影像适宜性评分,ACR Appropriateness Criteria for 早孕出血,年龄；妊娠；症状严重度；病程；红旗征象；既往影像；肾功能；对比剂禁忌；临床问题,推荐影像方式和适宜性等级,ACR Appropriateness Criteria场景评分,Usually appropriate、May be appropriate或Usually not appropriate,影像检查决策,专业协会指南,ACR Appropriateness Criteria,https://www.acr.org/Clinical-Resources/ACR-Appropriateness-Criteria,官方指南/专业协会/监管或分期体系,A：官方或专业协会来源,高：放射影像检查路径常用,影像适宜性场景覆盖；需按ACR版本维护,真实临床使用；实现时需核对最新指南、适用人群和授权,,外部来源扩展补充,,
CALC-0995,影像适宜性与检查路径扩展,ACR适宜性标准,盆腔疼痛,ACR 盆腔疼痛影像适宜性评分,ACR Appropriateness Criteria for 盆腔疼痛,年龄；妊娠；症状严重度；病程；红旗征象；既往影像；肾功能；对比剂禁忌；临床问题,推荐影像方式和适宜性等级,ACR Appropriateness Criteria场景评分,Usually appropriate、May be appropriate或Usually not appropriate,影像检查决策,专业协会指南,ACR Appropriateness Criteria,https://www.acr.org/Clinical-Resources/ACR-Appropriateness-Criteria,官方指南/专业协会/监管或分期体系,A：官方或专业协会来源,高：放射影像检查路径常用,影像适宜性场景覆盖；需按ACR版本维护,真实临床使用；实现时需核对最新指南、适用人群和授权,,外部来源扩展补充,,
CALC-0996,影像适宜性与检查路径扩展,ACR适宜性标准,子宫肌瘤,ACR 子宫肌瘤影像适宜性评分,ACR Appropriateness Criteria for 子宫肌瘤,年龄；妊娠；症状严重度；病程；红旗征象；既往影像；肾功能；对比剂禁忌；临床问题,推荐影像方式和适宜性等级,ACR Appropriateness Criteria场景评分,Usually appropriate、May be appropriate或Usually not appropriate,影像检查决策,专业协会指南,ACR Appropriateness Criteria,https://www.acr.org/Clinical-Resources/ACR-Appropriateness-Criteria,官方指南/专业协会/监管或分期体系,A：官方或专业协会来源,高：放射影像检查路径常用,影像适宜性场景覆盖；需按ACR版本维护,真实临床使用；实现时需核对最新指南、适用人群和授权,,外部来源扩展补充,,
CALC-0997,影像适宜性与检查路径扩展,ACR适宜性标准,胎儿异常筛查,ACR 胎儿异常筛查影像适宜性评分,ACR Appropriateness Criteria for 胎儿异常筛查,年龄；妊娠；症状严重度；病程；红旗征象；既往影像；肾功能；对比剂禁忌；临床问题,推荐影像方式和适宜性等级,ACR Appropriateness Criteria场景评分,Usually appropriate、May be appropriate或Usually not appropriate,影像检查决策,专业协会指南,ACR Appropriateness Criteria,https://www.acr.org/Clinical-Resources/ACR-Appropriateness-Criteria,官方指南/专业协会/监管或分期体系,A：官方或专业协会来源,高：放射影像检查路径常用,影像适宜性场景覆盖；需按ACR版本维护,真实临床使用；实现时需核对最新指南、适用人群和授权,,外部来源扩展补充,,
CALC-0998,影像适宜性与检查路径扩展,ACR适宜性标准,儿童发热无源,ACR 儿童发热无源影像适宜性评分,ACR Appropriateness Criteria for 儿童发热无源,年龄；妊娠；症状严重度；病程；红旗征象；既往影像；肾功能；对比剂禁忌；临床问题,推荐影像方式和适宜性等级,ACR Appropriateness Criteria场景评分,Usually appropriate、May be appropriate或Usually not appropriate,影像检查决策,专业协会指南,ACR Appropriateness Criteria,https://www.acr.org/Clinical-Resources/ACR-Appropriateness-Criteria,官方指南/专业协会/监管或分期体系,A：官方或专业协会来源,高：放射影像检查路径常用,影像适宜性场景覆盖；需按ACR版本维护,真实临床使用；实现时需核对最新指南、适用人群和授权,,外部来源扩展补充,,
CALC-0999,影像适宜性与检查路径扩展,ACR适宜性标准,儿童腹痛,ACR 儿童腹痛影像适宜性评分,ACR Appropriateness Criteria for 儿童腹痛,年龄；妊娠；症状严重度；病程；红旗征象；既往影像；肾功能；对比剂禁忌；临床问题,推荐影像方式和适宜性等级,ACR Appropriateness Criteria场景评分,Usually appropriate、May be appropriate或Usually not appropriate,影像检查决策,专业协会指南,ACR Appropriateness Criteria,https://www.acr.org/Clinical-Resources/ACR-Appropriateness-Criteria,官方指南/专业协会/监管或分期体系,A：官方或专业协会来源,高：放射影像检查路径常用,影像适宜性场景覆盖；需按ACR版本维护,真实临床使用；实现时需核对最新指南、适用人群和授权,,外部来源扩展补充,,
CALC-1000,影像适宜性与检查路径扩展,ACR适宜性标准,儿童头痛,ACR 儿童头痛影像适宜性评分,ACR Appropriateness Criteria for 儿童头痛,年龄；妊娠；症状严重度；病程；红旗征象；既往影像；肾功能；对比剂禁忌；临床问题,推荐影像方式和适宜性等级,ACR Appropriateness Criteria场景评分,Usually appropriate、May be appropriate或Usually not appropriate,影像检查决策,专业协会指南,ACR Appropriateness Criteria,https://www.acr.org/Clinical-Resources/ACR-Appropriateness-Criteria,官方指南/专业协会/监管或分期体系,A：官方或专业协会来源,高：放射影像检查路径常用,影像适宜性场景覆盖；需按ACR版本维护,真实临床使用；实现时需核对最新指南、适用人群和授权,,外部来源扩展补充,,
CALC-1001,影像适宜性与检查路径扩展,ACR适宜性标准,儿童跛行,ACR 儿童跛行影像适宜性评分,ACR Appropriateness Criteria for 儿童跛行,年龄；妊娠；症状严重度；病程；红旗征象；既往影像；肾功能；对比剂禁忌；临床问题,推荐影像方式和适宜性等级,ACR Appropriateness Criteria场景评分,Usually appropriate、May be appropriate或Usually not appropriate,影像检查决策,专业协会指南,ACR Appropriateness Criteria,https://www.acr.org/Clinical-Resources/ACR-Appropriateness-Criteria,官方指南/专业协会/监管或分期体系,A：官方或专业协会来源,高：放射影像检查路径常用,影像适宜性场景覆盖；需按ACR版本维护,真实临床使用；实现时需核对最新指南、适用人群和授权,,外部来源扩展补充,,
CALC-1002,影像适宜性与检查路径扩展,ACR适宜性标准,儿童尿路感染,ACR 儿童尿路感染影像适宜性评分,ACR Appropriateness Criteria for 儿童尿路感染,年龄；妊娠；症状严重度；病程；红旗征象；既往影像；肾功能；对比剂禁忌；临床问题,推荐影像方式和适宜性等级,ACR Appropriateness Criteria场景评分,Usually appropriate、May be appropriate或Usually not appropriate,影像检查决策,专业协会指南,ACR Appropriateness Criteria,https://www.acr.org/Clinical-Resources/ACR-Appropriateness-Criteria,官方指南/专业协会/监管或分期体系,A：官方或专业协会来源,高：放射影像检查路径常用,影像适宜性场景覆盖；需按ACR版本维护,真实临床使用；实现时需核对最新指南、适用人群和授权,,外部来源扩展补充,,
CALC-1003,影像适宜性与检查路径扩展,ACR适宜性标准,儿童肺炎,ACR 儿童肺炎影像适宜性评分,ACR Appropriateness Criteria for 儿童肺炎,年龄；妊娠；症状严重度；病程；红旗征象；既往影像；肾功能；对比剂禁忌；临床问题,推荐影像方式和适宜性等级,ACR Appropriateness Criteria场景评分,Usually appropriate、May be appropriate或Usually not appropriate,影像检查决策,专业协会指南,ACR Appropriateness Criteria,https://www.acr.org/Clinical-Resources/ACR-Appropriateness-Criteria,官方指南/专业协会/监管或分期体系,A：官方或专业协会来源,高：放射影像检查路径常用,影像适宜性场景覆盖；需按ACR版本维护,真实临床使用；实现时需核对最新指南、适用人群和授权,,外部来源扩展补充,,
CALC-1004,影像适宜性与检查路径扩展,ACR适宜性标准,免疫低下发热,ACR 免疫低下发热影像适宜性评分,ACR Appropriateness Criteria for 免疫低下发热,年龄；妊娠；症状严重度；病程；红旗征象；既往影像；肾功能；对比剂禁忌；临床问题,推荐影像方式和适宜性等级,ACR Appropriateness Criteria场景评分,Usually appropriate、May be appropriate或Usually not appropriate,影像检查决策,专业协会指南,ACR Appropriateness Criteria,https://www.acr.org/Clinical-Resources/ACR-Appropriateness-Criteria,官方指南/专业协会/监管或分期体系,A：官方或专业协会来源,高：放射影像检查路径常用,影像适宜性场景覆盖；需按ACR版本维护,真实临床使用；实现时需核对最新指南、适用人群和授权,,外部来源扩展补充,,
CALC-1005,影像适宜性与检查路径扩展,ACR适宜性标准,癌症骨转移,ACR 癌症骨转移影像适宜性评分,ACR Appropriateness Criteria for 癌症骨转移,年龄；妊娠；症状严重度；病程；红旗征象；既往影像；肾功能；对比剂禁忌；临床问题,推荐影像方式和适宜性等级,ACR Appropriateness Criteria场景评分,Usually appropriate、May be appropriate或Usually not appropriate,影像检查决策,专业协会指南,ACR Appropriateness Criteria,https://www.acr.org/Clinical-Resources/ACR-Appropriateness-Criteria,官方指南/专业协会/监管或分期体系,A：官方或专业协会来源,高：放射影像检查路径常用,影像适宜性场景覆盖；需按ACR版本维护,真实临床使用；实现时需核对最新指南、适用人群和授权,,外部来源扩展补充,,
CALC-1006,影像适宜性与检查路径扩展,ACR适宜性标准,肿瘤疗效影像随访,ACR 肿瘤疗效影像随访影像适宜性评分,ACR Appropriateness Criteria for 肿瘤疗效影像随访,年龄；妊娠；症状严重度；病程；红旗征象；既往影像；肾功能；对比剂禁忌；临床问题,推荐影像方式和适宜性等级,ACR Appropriateness Criteria场景评分,Usually appropriate、May be appropriate或Usually not appropriate,影像检查决策,专业协会指南,ACR Appropriateness Criteria,https://www.acr.org/Clinical-Resources/ACR-Appropriateness-Criteria,官方指南/专业协会/监管或分期体系,A：官方或专业协会来源,高：放射影像检查路径常用,影像适宜性场景覆盖；需按ACR版本维护,真实临床使用；实现时需核对最新指南、适用人群和授权,,外部来源扩展补充,,
CALC-1007,影像适宜性与检查路径扩展,ACR适宜性标准,放疗计划影像,ACR 放疗计划影像影像适宜性评分,ACR Appropriateness Criteria for 放疗计划影像,年龄；妊娠；症状严重度；病程；红旗征象；既往影像；肾功能；对比剂禁忌；临床问题,推荐影像方式和适宜性等级,ACR Appropriateness Criteria场景评分,Usually appropriate、May be appropriate或Usually not appropriate,影像检查决策,专业协会指南,ACR Appropriateness Criteria,https://www.acr.org/Clinical-Resources/ACR-Appropriateness-Criteria,官方指南/专业协会/监管或分期体系,A：官方或专业协会来源,高：放射影像检查路径常用,影像适宜性场景覆盖；需按ACR版本维护,真实临床使用；实现时需核对最新指南、适用人群和授权,,外部来源扩展补充,,
CALC-1008,影像适宜性与检查路径扩展,ACR适宜性标准,肝癌局部治疗随访,ACR 肝癌局部治疗随访影像适宜性评分,ACR Appropriateness Criteria for 肝癌局部治疗随访,年龄；妊娠；症状严重度；病程；红旗征象；既往影像；肾功能；对比剂禁忌；临床问题,推荐影像方式和适宜性等级,ACR Appropriateness Criteria场景评分,Usually appropriate、May be appropriate或Usually not appropriate,影像检查决策,专业协会指南,ACR Appropriateness Criteria,https://www.acr.org/Clinical-Resources/ACR-Appropriateness-Criteria,官方指南/专业协会/监管或分期体系,A：官方或专业协会来源,高：放射影像检查路径常用,影像适宜性场景覆盖；需按ACR版本维护,真实临床使用；实现时需核对最新指南、适用人群和授权,,外部来源扩展补充,,
CALC-1009,影像适宜性与检查路径扩展,ACR适宜性标准,肾癌术后随访,ACR 肾癌术后随访影像适宜性评分,ACR Appropriateness Criteria for 肾癌术后随访,年龄；妊娠；症状严重度；病程；红旗征象；既往影像；肾功能；对比剂禁忌；临床问题,推荐影像方式和适宜性等级,ACR Appropriateness Criteria场景评分,Usually appropriate、May be appropriate或Usually not appropriate,影像检查决策,专业协会指南,ACR Appropriateness Criteria,https://www.acr.org/Clinical-Resources/ACR-Appropriateness-Criteria,官方指南/专业协会/监管或分期体系,A：官方或专业协会来源,高：放射影像检查路径常用,影像适宜性场景覆盖；需按ACR版本维护,真实临床使用；实现时需核对最新指南、适用人群和授权,,外部来源扩展补充,,
CALC-1010,影像适宜性与检查路径扩展,ACR适宜性标准,膀胱癌影像分期,ACR 膀胱癌影像分期影像适宜性评分,ACR Appropriateness Criteria for 膀胱癌影像分期,年龄；妊娠；症状严重度；病程；红旗征象；既往影像；肾功能；对比剂禁忌；临床问题,推荐影像方式和适宜性等级,ACR Appropriateness Criteria场景评分,Usually appropriate、May be appropriate或Usually not appropriate,影像检查决策,专业协会指南,ACR Appropriateness Criteria,https://www.acr.org/Clinical-Resources/ACR-Appropriateness-Criteria,官方指南/专业协会/监管或分期体系,A：官方或专业协会来源,高：放射影像检查路径常用,影像适宜性场景覆盖；需按ACR版本维护,真实临床使用；实现时需核对最新指南、适用人群和授权,,外部来源扩展补充,,
CALC-1011,影像适宜性与检查路径扩展,ACR适宜性标准,头颈癌影像分期,ACR 头颈癌影像分期影像适宜性评分,ACR Appropriateness Criteria for 头颈癌影像分期,年龄；妊娠；症状严重度；病程；红旗征象；既往影像；肾功能；对比剂禁忌；临床问题,推荐影像方式和适宜性等级,ACR Appropriateness Criteria场景评分,Usually appropriate、May be appropriate或Usually not appropriate,影像检查决策,专业协会指南,ACR Appropriateness Criteria,https://www.acr.org/Clinical-Resources/ACR-Appropriateness-Criteria,官方指南/专业协会/监管或分期体系,A：官方或专业协会来源,高：放射影像检查路径常用,影像适宜性场景覆盖；需按ACR版本维护,真实临床使用；实现时需核对最新指南、适用人群和授权,,外部来源扩展补充,,
CALC-1012,影像适宜性与检查路径扩展,ACR适宜性标准,甲状腺结节影像,ACR 甲状腺结节影像影像适宜性评分,ACR Appropriateness Criteria for 甲状腺结节影像,年龄；妊娠；症状严重度；病程；红旗征象；既往影像；肾功能；对比剂禁忌；临床问题,推荐影像方式和适宜性等级,ACR Appropriateness Criteria场景评分,Usually appropriate、May be appropriate或Usually not appropriate,影像检查决策,专业协会指南,ACR Appropriateness Criteria,https://www.acr.org/Clinical-Resources/ACR-Appropriateness-Criteria,官方指南/专业协会/监管或分期体系,A：官方或专业协会来源,高：放射影像检查路径常用,影像适宜性场景覆盖；需按ACR版本维护,真实临床使用；实现时需核对最新指南、适用人群和授权,,外部来源扩展补充,,
CALC-1013,影像适宜性与检查路径扩展,ACR适宜性标准,鼻窦炎影像,ACR 鼻窦炎影像影像适宜性评分,ACR Appropriateness Criteria for 鼻窦炎影像,年龄；妊娠；症状严重度；病程；红旗征象；既往影像；肾功能；对比剂禁忌；临床问题,推荐影像方式和适宜性等级,ACR Appropriateness Criteria场景评分,Usually appropriate、May be appropriate或Usually not appropriate,影像检查决策,专业协会指南,ACR Appropriateness Criteria,https://www.acr.org/Clinical-Resources/ACR-Appropriateness-Criteria,官方指南/专业协会/监管或分期体系,A：官方或专业协会来源,高：放射影像检查路径常用,影像适宜性场景覆盖；需按ACR版本维护,真实临床使用；实现时需核对最新指南、适用人群和授权,,外部来源扩展补充,,
CALC-1014,影像适宜性与检查路径扩展,ACR适宜性标准,牙源性感染影像,ACR 牙源性感染影像影像适宜性评分,ACR Appropriateness Criteria for 牙源性感染影像,年龄；妊娠；症状严重度；病程；红旗征象；既往影像；肾功能；对比剂禁忌；临床问题,推荐影像方式和适宜性等级,ACR Appropriateness Criteria场景评分,Usually appropriate、May be appropriate或Usually not appropriate,影像检查决策,专业协会指南,ACR Appropriateness Criteria,https://www.acr.org/Clinical-Resources/ACR-Appropriateness-Criteria,官方指南/专业协会/监管或分期体系,A：官方或专业协会来源,高：放射影像检查路径常用,影像适宜性场景覆盖；需按ACR版本维护,真实临床使用；实现时需核对最新指南、适用人群和授权,,外部来源扩展补充,,
CALC-1015,影像适宜性与检查路径扩展,ACR适宜性标准,颞下颌关节疼痛,ACR 颞下颌关节疼痛影像适宜性评分,ACR Appropriateness Criteria for 颞下颌关节疼痛,年龄；妊娠；症状严重度；病程；红旗征象；既往影像；肾功能；对比剂禁忌；临床问题,推荐影像方式和适宜性等级,ACR Appropriateness Criteria场景评分,Usually appropriate、May be appropriate或Usually not appropriate,影像检查决策,专业协会指南,ACR Appropriateness Criteria,https://www.acr.org/Clinical-Resources/ACR-Appropriateness-Criteria,官方指南/专业协会/监管或分期体系,A：官方或专业协会来源,高：放射影像检查路径常用,影像适宜性场景覆盖；需按ACR版本维护,真实临床使用；实现时需核对最新指南、适用人群和授权,,外部来源扩展补充,,
CALC-1016,影像适宜性与检查路径扩展,ACR适宜性标准,眼眶病变,ACR 眼眶病变影像适宜性评分,ACR Appropriateness Criteria for 眼眶病变,年龄；妊娠；症状严重度；病程；红旗征象；既往影像；肾功能；对比剂禁忌；临床问题,推荐影像方式和适宜性等级,ACR Appropriateness Criteria场景评分,Usually appropriate、May be appropriate或Usually not appropriate,影像检查决策,专业协会指南,ACR Appropriateness Criteria,https://www.acr.org/Clinical-Resources/ACR-Appropriateness-Criteria,官方指南/专业协会/监管或分期体系,A：官方或专业协会来源,高：放射影像检查路径常用,影像适宜性场景覆盖；需按ACR版本维护,真实临床使用；实现时需核对最新指南、适用人群和授权,,外部来源扩展补充,,
CALC-1017,影像适宜性与检查路径扩展,ACR适宜性标准,视神经病变,ACR 视神经病变影像适宜性评分,ACR Appropriateness Criteria for 视神经病变,年龄；妊娠；症状严重度；病程；红旗征象；既往影像；肾功能；对比剂禁忌；临床问题,推荐影像方式和适宜性等级,ACR Appropriateness Criteria场景评分,Usually appropriate、May be appropriate或Usually not appropriate,影像检查决策,专业协会指南,ACR Appropriateness Criteria,https://www.acr.org/Clinical-Resources/ACR-Appropriateness-Criteria,官方指南/专业协会/监管或分期体系,A：官方或专业协会来源,高：放射影像检查路径常用,影像适宜性场景覆盖；需按ACR版本维护,真实临床使用；实现时需核对最新指南、适用人群和授权,,外部来源扩展补充,,
CALC-1018,影像适宜性与检查路径扩展,ACR适宜性标准,创伤全身CT,ACR 创伤全身CT影像适宜性评分,ACR Appropriateness Criteria for 创伤全身CT,年龄；妊娠；症状严重度；病程；红旗征象；既往影像；肾功能；对比剂禁忌；临床问题,推荐影像方式和适宜性等级,ACR Appropriateness Criteria场景评分,Usually appropriate、May be appropriate或Usually not appropriate,影像检查决策,专业协会指南,ACR Appropriateness Criteria,https://www.acr.org/Clinical-Resources/ACR-Appropriateness-Criteria,官方指南/专业协会/监管或分期体系,A：官方或专业协会来源,高：放射影像检查路径常用,影像适宜性场景覆盖；需按ACR版本维护,真实临床使用；实现时需核对最新指南、适用人群和授权,,外部来源扩展补充,,
CALC-1019,影像适宜性与检查路径扩展,ACR适宜性标准,儿童非意外伤害,ACR 儿童非意外伤害影像适宜性评分,ACR Appropriateness Criteria for 儿童非意外伤害,年龄；妊娠；症状严重度；病程；红旗征象；既往影像；肾功能；对比剂禁忌；临床问题,推荐影像方式和适宜性等级,ACR Appropriateness Criteria场景评分,Usually appropriate、May be appropriate或Usually not appropriate,影像检查决策,专业协会指南,ACR Appropriateness Criteria,https://www.acr.org/Clinical-Resources/ACR-Appropriateness-Criteria,官方指南/专业协会/监管或分期体系,A：官方或专业协会来源,高：放射影像检查路径常用,影像适宜性场景覆盖；需按ACR版本维护,真实临床使用；实现时需核对最新指南、适用人群和授权,,外部来源扩展补充,,
CALC-1020,影像适宜性与检查路径扩展,ACR适宜性标准,异物摄入,ACR 异物摄入影像适宜性评分,ACR Appropriateness Criteria for 异物摄入,年龄；妊娠；症状严重度；病程；红旗征象；既往影像；肾功能；对比剂禁忌；临床问题,推荐影像方式和适宜性等级,ACR Appropriateness Criteria场景评分,Usually appropriate、May be appropriate或Usually not appropriate,影像检查决策,专业协会指南,ACR Appropriateness Criteria,https://www.acr.org/Clinical-Resources/ACR-Appropriateness-Criteria,官方指南/专业协会/监管或分期体系,A：官方或专业协会来源,高：放射影像检查路径常用,影像适宜性场景覆盖；需按ACR版本维护,真实临床使用；实现时需核对最新指南、适用人群和授权,,外部来源扩展补充,,
CALC-1021,影像适宜性与检查路径扩展,ACR适宜性标准,术后发热,ACR 术后发热影像适宜性评分,ACR Appropriateness Criteria for 术后发热,年龄；妊娠；症状严重度；病程；红旗征象；既往影像；肾功能；对比剂禁忌；临床问题,推荐影像方式和适宜性等级,ACR Appropriateness Criteria场景评分,Usually appropriate、May be appropriate或Usually not appropriate,影像检查决策,专业协会指南,ACR Appropriateness Criteria,https://www.acr.org/Clinical-Resources/ACR-Appropriateness-Criteria,官方指南/专业协会/监管或分期体系,A：官方或专业协会来源,高：放射影像检查路径常用,影像适宜性场景覆盖；需按ACR版本维护,真实临床使用；实现时需核对最新指南、适用人群和授权,,外部来源扩展补充,,
CALC-1022,影像适宜性与检查路径扩展,ACR适宜性标准,血管通路并发症,ACR 血管通路并发症影像适宜性评分,ACR Appropriateness Criteria for 血管通路并发症,年龄；妊娠；症状严重度；病程；红旗征象；既往影像；肾功能；对比剂禁忌；临床问题,推荐影像方式和适宜性等级,ACR Appropriateness Criteria场景评分,Usually appropriate、May be appropriate或Usually not appropriate,影像检查决策,专业协会指南,ACR Appropriateness Criteria,https://www.acr.org/Clinical-Resources/ACR-Appropriateness-Criteria,官方指南/专业协会/监管或分期体系,A：官方或专业协会来源,高：放射影像检查路径常用,影像适宜性场景覆盖；需按ACR版本维护,真实临床使用；实现时需核对最新指南、适用人群和授权,,外部来源扩展补充,,
CALC-1023,影像适宜性与检查路径扩展,ACR适宜性标准,透析通路评估,ACR 透析通路评估影像适宜性评分,ACR Appropriateness Criteria for 透析通路评估,年龄；妊娠；症状严重度；病程；红旗征象；既往影像；肾功能；对比剂禁忌；临床问题,推荐影像方式和适宜性等级,ACR Appropriateness Criteria场景评分,Usually appropriate、May be appropriate或Usually not appropriate,影像检查决策,专业协会指南,ACR Appropriateness Criteria,https://www.acr.org/Clinical-Resources/ACR-Appropriateness-Criteria,官方指南/专业协会/监管或分期体系,A：官方或专业协会来源,高：放射影像检查路径常用,影像适宜性场景覆盖；需按ACR版本维护,真实临床使用；实现时需核对最新指南、适用人群和授权,,外部来源扩展补充,,
CALC-1024,影像适宜性与检查路径扩展,ACR适宜性标准,下肢缺血,ACR 下肢缺血影像适宜性评分,ACR Appropriateness Criteria for 下肢缺血,年龄；妊娠；症状严重度；病程；红旗征象；既往影像；肾功能；对比剂禁忌；临床问题,推荐影像方式和适宜性等级,ACR Appropriateness Criteria场景评分,Usually appropriate、May be appropriate或Usually not appropriate,影像检查决策,专业协会指南,ACR Appropriateness Criteria,https://www.acr.org/Clinical-Resources/ACR-Appropriateness-Criteria,官方指南/专业协会/监管或分期体系,A：官方或专业协会来源,高：放射影像检查路径常用,影像适宜性场景覆盖；需按ACR版本维护,真实临床使用；实现时需核对最新指南、适用人群和授权,,外部来源扩展补充,,
CALC-1025,影像适宜性与检查路径扩展,ACR适宜性标准,深静脉血栓,ACR 深静脉血栓影像适宜性评分,ACR Appropriateness Criteria for 深静脉血栓,年龄；妊娠；症状严重度；病程；红旗征象；既往影像；肾功能；对比剂禁忌；临床问题,推荐影像方式和适宜性等级,ACR Appropriateness Criteria场景评分,Usually appropriate、May be appropriate或Usually not appropriate,影像检查决策,专业协会指南,ACR Appropriateness Criteria,https://www.acr.org/Clinical-Resources/ACR-Appropriateness-Criteria,官方指南/专业协会/监管或分期体系,A：官方或专业协会来源,高：放射影像检查路径常用,影像适宜性场景覆盖；需按ACR版本维护,真实临床使用；实现时需核对最新指南、适用人群和授权,,外部来源扩展补充,,
CALC-1026,影像适宜性与检查路径扩展,ACR适宜性标准,慢性肝病HCC筛查,ACR 慢性肝病HCC筛查影像适宜性评分,ACR Appropriateness Criteria for 慢性肝病HCC筛查,年龄；妊娠；症状严重度；病程；红旗征象；既往影像；肾功能；对比剂禁忌；临床问题,推荐影像方式和适宜性等级,ACR Appropriateness Criteria场景评分,Usually appropriate、May be appropriate或Usually not appropriate,影像检查决策,专业协会指南,ACR Appropriateness Criteria,https://www.acr.org/Clinical-Resources/ACR-Appropriateness-Criteria,官方指南/专业协会/监管或分期体系,A：官方或专业协会来源,高：放射影像检查路径常用,影像适宜性场景覆盖；需按ACR版本维护,真实临床使用；实现时需核对最新指南、适用人群和授权,,外部来源扩展补充,,
CALC-1027,影像适宜性与检查路径扩展,ACR适宜性标准,胆道梗阻,ACR 胆道梗阻影像适宜性评分,ACR Appropriateness Criteria for 胆道梗阻,年龄；妊娠；症状严重度；病程；红旗征象；既往影像；肾功能；对比剂禁忌；临床问题,推荐影像方式和适宜性等级,ACR Appropriateness Criteria场景评分,Usually appropriate、May be appropriate或Usually not appropriate,影像检查决策,专业协会指南,ACR Appropriateness Criteria,https://www.acr.org/Clinical-Resources/ACR-Appropriateness-Criteria,官方指南/专业协会/监管或分期体系,A：官方或专业协会来源,高：放射影像检查路径常用,影像适宜性场景覆盖；需按ACR版本维护,真实临床使用；实现时需核对最新指南、适用人群和授权,,外部来源扩展补充,,
CALC-1028,影像适宜性与检查路径扩展,ACR适宜性标准,肠系膜缺血,ACR 肠系膜缺血影像适宜性评分,ACR Appropriateness Criteria for 肠系膜缺血,年龄；妊娠；症状严重度；病程；红旗征象；既往影像；肾功能；对比剂禁忌；临床问题,推荐影像方式和适宜性等级,ACR Appropriateness Criteria场景评分,Usually appropriate、May be appropriate或Usually not appropriate,影像检查决策,专业协会指南,ACR Appropriateness Criteria,https://www.acr.org/Clinical-Resources/ACR-Appropriateness-Criteria,官方指南/专业协会/监管或分期体系,A：官方或专业协会来源,高：放射影像检查路径常用,影像适宜性场景覆盖；需按ACR版本维护,真实临床使用；实现时需核对最新指南、适用人群和授权,,外部来源扩展补充,,
CALC-1029,影像适宜性与检查路径扩展,ACR适宜性标准,主动脉瘤随访,ACR 主动脉瘤随访影像适宜性评分,ACR Appropriateness Criteria for 主动脉瘤随访,年龄；妊娠；症状严重度；病程；红旗征象；既往影像；肾功能；对比剂禁忌；临床问题,推荐影像方式和适宜性等级,ACR Appropriateness Criteria场景评分,Usually appropriate、May be appropriate或Usually not appropriate,影像检查决策,专业协会指南,ACR Appropriateness Criteria,https://www.acr.org/Clinical-Resources/ACR-Appropriateness-Criteria,官方指南/专业协会/监管或分期体系,A：官方或专业协会来源,高：放射影像检查路径常用,影像适宜性场景覆盖；需按ACR版本维护,真实临床使用；实现时需核对最新指南、适用人群和授权,,外部来源扩展补充,,
CALC-1030,影像适宜性与检查路径扩展,ACR适宜性标准,冠状动脉钙化筛查,ACR 冠状动脉钙化筛查影像适宜性评分,ACR Appropriateness Criteria for 冠状动脉钙化筛查,年龄；妊娠；症状严重度；病程；红旗征象；既往影像；肾功能；对比剂禁忌；临床问题,推荐影像方式和适宜性等级,ACR Appropriateness Criteria场景评分,Usually appropriate、May be appropriate或Usually not appropriate,影像检查决策,专业协会指南,ACR Appropriateness Criteria,https://www.acr.org/Clinical-Resources/ACR-Appropriateness-Criteria,官方指南/专业协会/监管或分期体系,A：官方或专业协会来源,高：放射影像检查路径常用,影像适宜性场景覆盖；需按ACR版本维护,真实临床使用；实现时需核对最新指南、适用人群和授权,,外部来源扩展补充,,
CALC-1031,影像适宜性与检查路径扩展,ACR适宜性标准,先天性心脏病影像,ACR 先天性心脏病影像影像适宜性评分,ACR Appropriateness Criteria for 先天性心脏病影像,年龄；妊娠；症状严重度；病程；红旗征象；既往影像；肾功能；对比剂禁忌；临床问题,推荐影像方式和适宜性等级,ACR Appropriateness Criteria场景评分,Usually appropriate、May be appropriate或Usually not appropriate,影像检查决策,专业协会指南,ACR Appropriateness Criteria,https://www.acr.org/Clinical-Resources/ACR-Appropriateness-Criteria,官方指南/专业协会/监管或分期体系,A：官方或专业协会来源,高：放射影像检查路径常用,影像适宜性场景覆盖；需按ACR版本维护,真实临床使用；实现时需核对最新指南、适用人群和授权,,外部来源扩展补充,,
CALC-1032,影像适宜性与检查路径扩展,ACR适宜性标准,心肌病影像,ACR 心肌病影像影像适宜性评分,ACR Appropriateness Criteria for 心肌病影像,年龄；妊娠；症状严重度；病程；红旗征象；既往影像；肾功能；对比剂禁忌；临床问题,推荐影像方式和适宜性等级,ACR Appropriateness Criteria场景评分,Usually appropriate、May be appropriate或Usually not appropriate,影像检查决策,专业协会指南,ACR Appropriateness Criteria,https://www.acr.org/Clinical-Resources/ACR-Appropriateness-Criteria,官方指南/专业协会/监管或分期体系,A：官方或专业协会来源,高：放射影像检查路径常用,影像适宜性场景覆盖；需按ACR版本维护,真实临床使用；实现时需核对最新指南、适用人群和授权,,外部来源扩展补充,,
CALC-1033,影像适宜性与检查路径扩展,ACR适宜性标准,心包疾病,ACR 心包疾病影像适宜性评分,ACR Appropriateness Criteria for 心包疾病,年龄；妊娠；症状严重度；病程；红旗征象；既往影像；肾功能；对比剂禁忌；临床问题,推荐影像方式和适宜性等级,ACR Appropriateness Criteria场景评分,Usually appropriate、May be appropriate或Usually not appropriate,影像检查决策,专业协会指南,ACR Appropriateness Criteria,https://www.acr.org/Clinical-Resources/ACR-Appropriateness-Criteria,官方指南/专业协会/监管或分期体系,A：官方或专业协会来源,高：放射影像检查路径常用,影像适宜性场景覆盖；需按ACR版本维护,真实临床使用；实现时需核对最新指南、适用人群和授权,,外部来源扩展补充,,
CALC-1034,影像适宜性与检查路径扩展,ACR适宜性标准,肺高压影像评估,ACR 肺高压影像评估影像适宜性评分,ACR Appropriateness Criteria for 肺高压影像评估,年龄；妊娠；症状严重度；病程；红旗征象；既往影像；肾功能；对比剂禁忌；临床问题,推荐影像方式和适宜性等级,ACR Appropriateness Criteria场景评分,Usually appropriate、May be appropriate或Usually not appropriate,影像检查决策,专业协会指南,ACR Appropriateness Criteria,https://www.acr.org/Clinical-Resources/ACR-Appropriateness-Criteria,官方指南/专业协会/监管或分期体系,A：官方或专业协会来源,高：放射影像检查路径常用,影像适宜性场景覆盖；需按ACR版本维护,真实临床使用；实现时需核对最新指南、适用人群和授权,,外部来源扩展补充,,
CALC-1035,影像适宜性与检查路径扩展,ACR适宜性标准,睡眠呼吸暂停影像,ACR 睡眠呼吸暂停影像影像适宜性评分,ACR Appropriateness Criteria for 睡眠呼吸暂停影像,年龄；妊娠；症状严重度；病程；红旗征象；既往影像；肾功能；对比剂禁忌；临床问题,推荐影像方式和适宜性等级,ACR Appropriateness Criteria场景评分,Usually appropriate、May be appropriate或Usually not appropriate,影像检查决策,专业协会指南,ACR Appropriateness Criteria,https://www.acr.org/Clinical-Resources/ACR-Appropriateness-Criteria,官方指南/专业协会/监管或分期体系,A：官方或专业协会来源,高：放射影像检查路径常用,影像适宜性场景覆盖；需按ACR版本维护,真实临床使用；实现时需核对最新指南、适用人群和授权,,外部来源扩展补充,,
CALC-1036,影像适宜性与检查路径扩展,ACR适宜性标准,气道异物,ACR 气道异物影像适宜性评分,ACR Appropriateness Criteria for 气道异物,年龄；妊娠；症状严重度；病程；红旗征象；既往影像；肾功能；对比剂禁忌；临床问题,推荐影像方式和适宜性等级,ACR Appropriateness Criteria场景评分,Usually appropriate、May be appropriate或Usually not appropriate,影像检查决策,专业协会指南,ACR Appropriateness Criteria,https://www.acr.org/Clinical-Resources/ACR-Appropriateness-Criteria,官方指南/专业协会/监管或分期体系,A：官方或专业协会来源,高：放射影像检查路径常用,影像适宜性场景覆盖；需按ACR版本维护,真实临床使用；实现时需核对最新指南、适用人群和授权,,外部来源扩展补充,,
CALC-1037,影像适宜性与检查路径扩展,ACR适宜性标准,颈部肿块,ACR 颈部肿块影像适宜性评分,ACR Appropriateness Criteria for 颈部肿块,年龄；妊娠；症状严重度；病程；红旗征象；既往影像；肾功能；对比剂禁忌；临床问题,推荐影像方式和适宜性等级,ACR Appropriateness Criteria场景评分,Usually appropriate、May be appropriate或Usually not appropriate,影像检查决策,专业协会指南,ACR Appropriateness Criteria,https://www.acr.org/Clinical-Resources/ACR-Appropriateness-Criteria,官方指南/专业协会/监管或分期体系,A：官方或专业协会来源,高：放射影像检查路径常用,影像适宜性场景覆盖；需按ACR版本维护,真实临床使用；实现时需核对最新指南、适用人群和授权,,外部来源扩展补充,,
CALC-1038,影像适宜性与检查路径扩展,ACR适宜性标准,不明原发癌,ACR 不明原发癌影像适宜性评分,ACR Appropriateness Criteria for 不明原发癌,年龄；妊娠；症状严重度；病程；红旗征象；既往影像；肾功能；对比剂禁忌；临床问题,推荐影像方式和适宜性等级,ACR Appropriateness Criteria场景评分,Usually appropriate、May be appropriate或Usually not appropriate,影像检查决策,专业协会指南,ACR Appropriateness Criteria,https://www.acr.org/Clinical-Resources/ACR-Appropriateness-Criteria,官方指南/专业协会/监管或分期体系,A：官方或专业协会来源,高：放射影像检查路径常用,影像适宜性场景覆盖；需按ACR版本维护,真实临床使用；实现时需核对最新指南、适用人群和授权,,外部来源扩展补充,,
CALC-1039,影像适宜性与检查路径扩展,偶发发现管理,甲状腺偶发结节,甲状腺偶发结节随访管理建议,ACR Incidental Thyroid Nodule Follow-up Recommendation Support,病灶大小；影像特征；年龄；癌症史；免疫状态；症状；既往影像稳定性,随访、进一步检查或专科转诊建议,ACR/专业协会偶发发现管理白皮书或共识,按低危、高危和病灶特征决定随访强度,影像随访决策,专业协会指南,ACR Incidental Findings / Specialty Consensus,https://www.acr.org/Clinical-Resources/Reporting-and-Data-Systems,官方指南/专业协会/监管或分期体系,A：官方或专业协会来源,高：对应专科真实临床常用或指南推荐,指南级覆盖；适合做正式模块，但需锁定版本,真实临床使用；实现时需核对最新指南、适用人群和授权,,外部来源扩展补充,,
CALC-1040,影像适宜性与检查路径扩展,偶发发现管理,肺部偶发结节,肺部偶发结节随访管理建议,Fleischner Pulmonary Nodule Follow-up Recommendation Support,病灶大小；影像特征；年龄；癌症史；免疫状态；症状；既往影像稳定性,随访、进一步检查或专科转诊建议,ACR/专业协会偶发发现管理白皮书或共识,按低危、高危和病灶特征决定随访强度,影像随访决策,专业协会指南,ACR Incidental Findings / Specialty Consensus,https://www.acr.org/Clinical-Resources/Reporting-and-Data-Systems,官方指南/专业协会/监管或分期体系,A：官方或专业协会来源,高：对应专科真实临床常用或指南推荐,指南级覆盖；适合做正式模块，但需锁定版本,真实临床使用；实现时需核对最新指南、适用人群和授权,,外部来源扩展补充,,
CALC-1041,影像适宜性与检查路径扩展,偶发发现管理,肝脏偶发病灶,肝脏偶发病灶随访管理建议,ACR Incidental Liver Lesion Follow-up Recommendation Support,病灶大小；影像特征；年龄；癌症史；免疫状态；症状；既往影像稳定性,随访、进一步检查或专科转诊建议,ACR/专业协会偶发发现管理白皮书或共识,按低危、高危和病灶特征决定随访强度,影像随访决策,专业协会指南,ACR Incidental Findings / Specialty Consensus,https://www.acr.org/Clinical-Resources/Reporting-and-Data-Systems,官方指南/专业协会/监管或分期体系,A：官方或专业协会来源,高：对应专科真实临床常用或指南推荐,指南级覆盖；适合做正式模块，但需锁定版本,真实临床使用；实现时需核对最新指南、适用人群和授权,,外部来源扩展补充,,
CALC-1042,影像适宜性与检查路径扩展,偶发发现管理,胰腺囊性偶发病灶,胰腺囊性偶发病灶随访管理建议,ACR Incidental Pancreatic Cyst Follow-up Recommendation Support,病灶大小；影像特征；年龄；癌症史；免疫状态；症状；既往影像稳定性,随访、进一步检查或专科转诊建议,ACR/专业协会偶发发现管理白皮书或共识,按低危、高危和病灶特征决定随访强度,影像随访决策,专业协会指南,ACR Incidental Findings / Specialty Consensus,https://www.acr.org/Clinical-Resources/Reporting-and-Data-Systems,官方指南/专业协会/监管或分期体系,A：官方或专业协会来源,高：对应专科真实临床常用或指南推荐,指南级覆盖；适合做正式模块，但需锁定版本,真实临床使用；实现时需核对最新指南、适用人群和授权,,外部来源扩展补充,,
CALC-1043,影像适宜性与检查路径扩展,偶发发现管理,肾脏偶发肿块,肾脏偶发肿块随访管理建议,ACR Incidental Renal Mass Follow-up Recommendation Support,病灶大小；影像特征；年龄；癌症史；免疫状态；症状；既往影像稳定性,随访、进一步检查或专科转诊建议,ACR/专业协会偶发发现管理白皮书或共识,按低危、高危和病灶特征决定随访强度,影像随访决策,专业协会指南,ACR Incidental Findings / Specialty Consensus,https://www.acr.org/Clinical-Resources/Reporting-and-Data-Systems,官方指南/专业协会/监管或分期体系,A：官方或专业协会来源,高：对应专科真实临床常用或指南推荐,指南级覆盖；适合做正式模块，但需锁定版本,真实临床使用；实现时需核对最新指南、适用人群和授权,,外部来源扩展补充,,
CALC-1044,影像适宜性与检查路径扩展,偶发发现管理,肾上腺偶发肿块,肾上腺偶发肿块随访管理建议,ACR Incidental Adrenal Mass Follow-up Recommendation Support,病灶大小；影像特征；年龄；癌症史；免疫状态；症状；既往影像稳定性,随访、进一步检查或专科转诊建议,ACR/专业协会偶发发现管理白皮书或共识,按低危、高危和病灶特征决定随访强度,影像随访决策,专业协会指南,ACR Incidental Findings / Specialty Consensus,https://www.acr.org/Clinical-Resources/Reporting-and-Data-Systems,官方指南/专业协会/监管或分期体系,A：官方或专业协会来源,高：对应专科真实临床常用或指南推荐,指南级覆盖；适合做正式模块，但需锁定版本,真实临床使用；实现时需核对最新指南、适用人群和授权,,外部来源扩展补充,,
CALC-1045,影像适宜性与检查路径扩展,偶发发现管理,脾脏偶发病灶,脾脏偶发病灶随访管理建议,ACR Incidental Splenic Lesion Follow-up Recommendation Support,病灶大小；影像特征；年龄；癌症史；免疫状态；症状；既往影像稳定性,随访、进一步检查或专科转诊建议,ACR/专业协会偶发发现管理白皮书或共识,按低危、高危和病灶特征决定随访强度,影像随访决策,专业协会指南,ACR Incidental Findings / Specialty Consensus,https://www.acr.org/Clinical-Resources/Reporting-and-Data-Systems,官方指南/专业协会/监管或分期体系,A：官方或专业协会来源,高：对应专科真实临床常用或指南推荐,指南级覆盖；适合做正式模块，但需锁定版本,真实临床使用；实现时需核对最新指南、适用人群和授权,,外部来源扩展补充,,
CALC-1046,影像适宜性与检查路径扩展,偶发发现管理,卵巢附件偶发囊肿,卵巢附件偶发囊肿随访管理建议,ACR Incidental Adnexal Cyst Follow-up Recommendation Support,病灶大小；影像特征；年龄；癌症史；免疫状态；症状；既往影像稳定性,随访、进一步检查或专科转诊建议,ACR/专业协会偶发发现管理白皮书或共识,按低危、高危和病灶特征决定随访强度,影像随访决策,专业协会指南,ACR Incidental Findings / Specialty Consensus,https://www.acr.org/Clinical-Resources/Reporting-and-Data-Systems,官方指南/专业协会/监管或分期体系,A：官方或专业协会来源,高：对应专科真实临床常用或指南推荐,指南级覆盖；适合做正式模块，但需锁定版本,真实临床使用；实现时需核对最新指南、适用人群和授权,,外部来源扩展补充,,
CALC-1047,影像适宜性与检查路径扩展,偶发发现管理,淋巴结偶发肿大,淋巴结偶发肿大随访管理建议,ACR Incidental Lymph Node Follow-up Recommendation Support,病灶大小；影像特征；年龄；癌症史；免疫状态；症状；既往影像稳定性,随访、进一步检查或专科转诊建议,ACR/专业协会偶发发现管理白皮书或共识,按低危、高危和病灶特征决定随访强度,影像随访决策,专业协会指南,ACR Incidental Findings / Specialty Consensus,https://www.acr.org/Clinical-Resources/Reporting-and-Data-Systems,官方指南/专业协会/监管或分期体系,A：官方或专业协会来源,高：对应专科真实临床常用或指南推荐,指南级覆盖；适合做正式模块，但需锁定版本,真实临床使用；实现时需核对最新指南、适用人群和授权,,外部来源扩展补充,,
CALC-1048,影像适宜性与检查路径扩展,偶发发现管理,骨偶发病灶,骨偶发病灶随访管理建议,SSR Bone-RADS Follow-up Recommendation Support,病灶大小；影像特征；年龄；癌症史；免疫状态；症状；既往影像稳定性,随访、进一步检查或专科转诊建议,ACR/专业协会偶发发现管理白皮书或共识,按低危、高危和病灶特征决定随访强度,影像随访决策,专业协会指南,ACR Incidental Findings / Specialty Consensus,https://www.acr.org/Clinical-Resources/Reporting-and-Data-Systems,官方指南/专业协会/监管或分期体系,A：官方或专业协会来源,高：对应专科真实临床常用或指南推荐,指南级覆盖；适合做正式模块，但需锁定版本,真实临床使用；实现时需核对最新指南、适用人群和授权,,外部来源扩展补充,,
CALC-1049,影像适宜性与检查路径扩展,偶发发现管理,脑垂体偶发瘤,脑垂体偶发瘤随访管理建议,Pituitary Incidentaloma Follow-up Recommendation Support,病灶大小；影像特征；年龄；癌症史；免疫状态；症状；既往影像稳定性,随访、进一步检查或专科转诊建议,ACR/专业协会偶发发现管理白皮书或共识,按低危、高危和病灶特征决定随访强度,影像随访决策,专业协会指南,ACR Incidental Findings / Specialty Consensus,https://www.acr.org/Clinical-Resources/Reporting-and-Data-Systems,官方指南/专业协会/监管或分期体系,A：官方或专业协会来源,高：对应专科真实临床常用或指南推荐,指南级覆盖；适合做正式模块，但需锁定版本,真实临床使用；实现时需核对最新指南、适用人群和授权,,外部来源扩展补充,,
CALC-1050,影像适宜性与检查路径扩展,偶发发现管理,脑白质偶发改变,脑白质偶发改变随访管理建议,Incidental White Matter Lesions Follow-up Recommendation Support,病灶大小；影像特征；年龄；癌症史；免疫状态；症状；既往影像稳定性,随访、进一步检查或专科转诊建议,ACR/专业协会偶发发现管理白皮书或共识,按低危、高危和病灶特征决定随访强度,影像随访决策,专业协会指南,ACR Incidental Findings / Specialty Consensus,https://www.acr.org/Clinical-Resources/Reporting-and-Data-Systems,官方指南/专业协会/监管或分期体系,A：官方或专业协会来源,高：对应专科真实临床常用或指南推荐,指南级覆盖；适合做正式模块，但需锁定版本,真实临床使用；实现时需核对最新指南、适用人群和授权,,外部来源扩展补充,,
CALC-1051,影像适宜性与检查路径扩展,偶发发现管理,冠状动脉钙化偶发发现,冠状动脉钙化偶发发现随访管理建议,Incidental Coronary Artery Calcium Follow-up Recommendation Support,病灶大小；影像特征；年龄；癌症史；免疫状态；症状；既往影像稳定性,随访、进一步检查或专科转诊建议,ACR/专业协会偶发发现管理白皮书或共识,按低危、高危和病灶特征决定随访强度,影像随访决策,专业协会指南,ACR Incidental Findings / Specialty Consensus,https://www.acr.org/Clinical-Resources/Reporting-and-Data-Systems,官方指南/专业协会/监管或分期体系,A：官方或专业协会来源,高：对应专科真实临床常用或指南推荐,指南级覆盖；适合做正式模块，但需锁定版本,真实临床使用；实现时需核对最新指南、适用人群和授权,,外部来源扩展补充,,
CALC-1052,影像适宜性与检查路径扩展,偶发发现管理,主动脉扩张偶发发现,主动脉扩张偶发发现随访管理建议,Incidental Aortic Dilatation Follow-up Recommendation Support,病灶大小；影像特征；年龄；癌症史；免疫状态；症状；既往影像稳定性,随访、进一步检查或专科转诊建议,ACR/专业协会偶发发现管理白皮书或共识,按低危、高危和病灶特征决定随访强度,影像随访决策,专业协会指南,ACR Incidental Findings / Specialty Consensus,https://www.acr.org/Clinical-Resources/Reporting-and-Data-Systems,官方指南/专业协会/监管或分期体系,A：官方或专业协会来源,高：对应专科真实临床常用或指南推荐,指南级覆盖；适合做正式模块，但需锁定版本,真实临床使用；实现时需核对最新指南、适用人群和授权,,外部来源扩展补充,,
CALC-1053,影像适宜性与检查路径扩展,偶发发现管理,乳腺MRI背景强化,乳腺MRI背景强化随访管理建议,Breast MRI Background Parenchymal Enhancement Follow-up Recommendation Support,病灶大小；影像特征；年龄；癌症史；免疫状态；症状；既往影像稳定性,随访、进一步检查或专科转诊建议,ACR/专业协会偶发发现管理白皮书或共识,按低危、高危和病灶特征决定随访强度,影像随访决策,专业协会指南,ACR Incidental Findings / Specialty Consensus,https://www.acr.org/Clinical-Resources/Reporting-and-Data-Systems,官方指南/专业协会/监管或分期体系,A：官方或专业协会来源,高：对应专科真实临床常用或指南推荐,指南级覆盖；适合做正式模块，但需锁定版本,真实临床使用；实现时需核对最新指南、适用人群和授权,,外部来源扩展补充,,
CALC-1054,影像适宜性与检查路径扩展,偶发发现管理,前列腺MRI偶发发现,前列腺MRI偶发发现随访管理建议,Incidental Prostate MRI Finding Follow-up Recommendation Support,病灶大小；影像特征；年龄；癌症史；免疫状态；症状；既往影像稳定性,随访、进一步检查或专科转诊建议,ACR/专业协会偶发发现管理白皮书或共识,按低危、高危和病灶特征决定随访强度,影像随访决策,专业协会指南,ACR Incidental Findings / Specialty Consensus,https://www.acr.org/Clinical-Resources/Reporting-and-Data-Systems,官方指南/专业协会/监管或分期体系,A：官方或专业协会来源,高：对应专科真实临床常用或指南推荐,指南级覆盖；适合做正式模块，但需锁定版本,真实临床使用；实现时需核对最新指南、适用人群和授权,,外部来源扩展补充,,
CALC-1055,影像适宜性与检查路径扩展,偶发发现管理,胆囊息肉,胆囊息肉随访管理建议,Gallbladder Polyp Management Follow-up Recommendation Support,病灶大小；影像特征；年龄；癌症史；免疫状态；症状；既往影像稳定性,随访、进一步检查或专科转诊建议,ACR/专业协会偶发发现管理白皮书或共识,按低危、高危和病灶特征决定随访强度,影像随访决策,专业协会指南,ACR Incidental Findings / Specialty Consensus,https://www.acr.org/Clinical-Resources/Reporting-and-Data-Systems,官方指南/专业协会/监管或分期体系,A：官方或专业协会来源,高：对应专科真实临床常用或指南推荐,指南级覆盖；适合做正式模块，但需锁定版本,真实临床使用；实现时需核对最新指南、适用人群和授权,,外部来源扩展补充,,
CALC-1056,影像适宜性与检查路径扩展,偶发发现管理,胆管扩张偶发发现,胆管扩张偶发发现随访管理建议,Incidental Bile Duct Dilatation Follow-up Recommendation Support,病灶大小；影像特征；年龄；癌症史；免疫状态；症状；既往影像稳定性,随访、进一步检查或专科转诊建议,ACR/专业协会偶发发现管理白皮书或共识,按低危、高危和病灶特征决定随访强度,影像随访决策,专业协会指南,ACR Incidental Findings / Specialty Consensus,https://www.acr.org/Clinical-Resources/Reporting-and-Data-Systems,官方指南/专业协会/监管或分期体系,A：官方或专业协会来源,高：对应专科真实临床常用或指南推荐,指南级覆盖；适合做正式模块，但需锁定版本,真实临床使用；实现时需核对最新指南、适用人群和授权,,外部来源扩展补充,,
CALC-1057,影像适宜性与检查路径扩展,偶发发现管理,子宫内膜增厚偶发发现,子宫内膜增厚偶发发现随访管理建议,Incidental Endometrial Thickening Follow-up Recommendation Support,病灶大小；影像特征；年龄；癌症史；免疫状态；症状；既往影像稳定性,随访、进一步检查或专科转诊建议,ACR/专业协会偶发发现管理白皮书或共识,按低危、高危和病灶特征决定随访强度,影像随访决策,专业协会指南,ACR Incidental Findings / Specialty Consensus,https://www.acr.org/Clinical-Resources/Reporting-and-Data-Systems,官方指南/专业协会/监管或分期体系,A：官方或专业协会来源,高：对应专科真实临床常用或指南推荐,指南级覆盖；适合做正式模块，但需锁定版本,真实临床使用；实现时需核对最新指南、适用人群和授权,,外部来源扩展补充,,
CALC-1058,影像适宜性与检查路径扩展,偶发发现管理,椎体血管瘤偶发发现,椎体血管瘤偶发发现随访管理建议,Incidental Vertebral Hemangioma Follow-up Recommendation Support,病灶大小；影像特征；年龄；癌症史；免疫状态；症状；既往影像稳定性,随访、进一步检查或专科转诊建议,ACR/专业协会偶发发现管理白皮书或共识,按低危、高危和病灶特征决定随访强度,影像随访决策,专业协会指南,ACR Incidental Findings / Specialty Consensus,https://www.acr.org/Clinical-Resources/Reporting-and-Data-Systems,官方指南/专业协会/监管或分期体系,A：官方或专业协会来源,高：对应专科真实临床常用或指南推荐,指南级覆盖；适合做正式模块，但需锁定版本,真实临床使用；实现时需核对最新指南、适用人群和授权,,外部来源扩展补充,,
CALC-1059,影像适宜性与检查路径扩展,偶发发现管理,脑动脉瘤偶发发现,脑动脉瘤偶发发现随访管理建议,Incidental Intracranial Aneurysm Follow-up Recommendation Support,病灶大小；影像特征；年龄；癌症史；免疫状态；症状；既往影像稳定性,随访、进一步检查或专科转诊建议,ACR/专业协会偶发发现管理白皮书或共识,按低危、高危和病灶特征决定随访强度,影像随访决策,专业协会指南,ACR Incidental Findings / Specialty Consensus,https://www.acr.org/Clinical-Resources/Reporting-and-Data-Systems,官方指南/专业协会/监管或分期体系,A：官方或专业协会来源,高：对应专科真实临床常用或指南推荐,指南级覆盖；适合做正式模块，但需锁定版本,真实临床使用；实现时需核对最新指南、适用人群和授权,,外部来源扩展补充,,
CALC-1060,影像适宜性与检查路径扩展,偶发发现管理,颈动脉狭窄偶发发现,颈动脉狭窄偶发发现随访管理建议,Incidental Carotid Stenosis Follow-up Recommendation Support,病灶大小；影像特征；年龄；癌症史；免疫状态；症状；既往影像稳定性,随访、进一步检查或专科转诊建议,ACR/专业协会偶发发现管理白皮书或共识,按低危、高危和病灶特征决定随访强度,影像随访决策,专业协会指南,ACR Incidental Findings / Specialty Consensus,https://www.acr.org/Clinical-Resources/Reporting-and-Data-Systems,官方指南/专业协会/监管或分期体系,A：官方或专业协会来源,高：对应专科真实临床常用或指南推荐,指南级覆盖；适合做正式模块，但需锁定版本,真实临床使用；实现时需核对最新指南、适用人群和授权,,外部来源扩展补充,,
CALC-1061,影像适宜性与检查路径扩展,偶发发现管理,肺气肿影像偶发发现,肺气肿影像偶发发现随访管理建议,Incidental Emphysema Follow-up Recommendation Support,病灶大小；影像特征；年龄；癌症史；免疫状态；症状；既往影像稳定性,随访、进一步检查或专科转诊建议,ACR/专业协会偶发发现管理白皮书或共识,按低危、高危和病灶特征决定随访强度,影像随访决策,专业协会指南,ACR Incidental Findings / Specialty Consensus,https://www.acr.org/Clinical-Resources/Reporting-and-Data-Systems,官方指南/专业协会/监管或分期体系,A：官方或专业协会来源,高：对应专科真实临床常用或指南推荐,指南级覆盖；适合做正式模块，但需锁定版本,真实临床使用；实现时需核对最新指南、适用人群和授权,,外部来源扩展补充,,
CALC-1062,影像适宜性与检查路径扩展,偶发发现管理,间质性肺异常,间质性肺异常随访管理建议,Interstitial Lung Abnormality Follow-up Recommendation Support,病灶大小；影像特征；年龄；癌症史；免疫状态；症状；既往影像稳定性,随访、进一步检查或专科转诊建议,ACR/专业协会偶发发现管理白皮书或共识,按低危、高危和病灶特征决定随访强度,影像随访决策,专业协会指南,ACR Incidental Findings / Specialty Consensus,https://www.acr.org/Clinical-Resources/Reporting-and-Data-Systems,官方指南/专业协会/监管或分期体系,A：官方或专业协会来源,高：对应专科真实临床常用或指南推荐,指南级覆盖；适合做正式模块，但需锁定版本,真实临床使用；实现时需核对最新指南、适用人群和授权,,外部来源扩展补充,,
CALC-1063,影像适宜性与检查路径扩展,偶发发现管理,肝硬化影像偶发提示,肝硬化影像偶发提示随访管理建议,Incidental Imaging Suggestion of Cirrhosis Follow-up Recommendation Support,病灶大小；影像特征；年龄；癌症史；免疫状态；症状；既往影像稳定性,随访、进一步检查或专科转诊建议,ACR/专业协会偶发发现管理白皮书或共识,按低危、高危和病灶特征决定随访强度,影像随访决策,专业协会指南,ACR Incidental Findings / Specialty Consensus,https://www.acr.org/Clinical-Resources/Reporting-and-Data-Systems,官方指南/专业协会/监管或分期体系,A：官方或专业协会来源,高：对应专科真实临床常用或指南推荐,指南级覆盖；适合做正式模块，但需锁定版本,真实临床使用；实现时需核对最新指南、适用人群和授权,,外部来源扩展补充,,
CALC-1064,影像适宜性与检查路径扩展,偶发发现管理,脂肪肝影像偶发提示,脂肪肝影像偶发提示随访管理建议,Incidental Hepatic Steatosis Follow-up Recommendation Support,病灶大小；影像特征；年龄；癌症史；免疫状态；症状；既往影像稳定性,随访、进一步检查或专科转诊建议,ACR/专业协会偶发发现管理白皮书或共识,按低危、高危和病灶特征决定随访强度,影像随访决策,专业协会指南,ACR Incidental Findings / Specialty Consensus,https://www.acr.org/Clinical-Resources/Reporting-and-Data-Systems,官方指南/专业协会/监管或分期体系,A：官方或专业协会来源,高：对应专科真实临床常用或指南推荐,指南级覆盖；适合做正式模块，但需锁定版本,真实临床使用；实现时需核对最新指南、适用人群和授权,,外部来源扩展补充,,
CALC-1065,影像适宜性与检查路径扩展,偶发发现管理,肾积水偶发发现,肾积水偶发发现随访管理建议,Incidental Hydronephrosis Follow-up Recommendation Support,病灶大小；影像特征；年龄；癌症史；免疫状态；症状；既往影像稳定性,随访、进一步检查或专科转诊建议,ACR/专业协会偶发发现管理白皮书或共识,按低危、高危和病灶特征决定随访强度,影像随访决策,专业协会指南,ACR Incidental Findings / Specialty Consensus,https://www.acr.org/Clinical-Resources/Reporting-and-Data-Systems,官方指南/专业协会/监管或分期体系,A：官方或专业协会来源,高：对应专科真实临床常用或指南推荐,指南级覆盖；适合做正式模块，但需锁定版本,真实临床使用；实现时需核对最新指南、适用人群和授权,,外部来源扩展补充,,
CALC-1066,影像适宜性与检查路径扩展,偶发发现管理,膀胱壁增厚偶发发现,膀胱壁增厚偶发发现随访管理建议,Incidental Bladder Wall Thickening Follow-up Recommendation Support,病灶大小；影像特征；年龄；癌症史；免疫状态；症状；既往影像稳定性,随访、进一步检查或专科转诊建议,ACR/专业协会偶发发现管理白皮书或共识,按低危、高危和病灶特征决定随访强度,影像随访决策,专业协会指南,ACR Incidental Findings / Specialty Consensus,https://www.acr.org/Clinical-Resources/Reporting-and-Data-Systems,官方指南/专业协会/监管或分期体系,A：官方或专业协会来源,高：对应专科真实临床常用或指南推荐,指南级覆盖；适合做正式模块，但需锁定版本,真实临床使用；实现时需核对最新指南、适用人群和授权,,外部来源扩展补充,,
CALC-1067,影像适宜性与检查路径扩展,偶发发现管理,肠壁增厚偶发发现,肠壁增厚偶发发现随访管理建议,Incidental Bowel Wall Thickening Follow-up Recommendation Support,病灶大小；影像特征；年龄；癌症史；免疫状态；症状；既往影像稳定性,随访、进一步检查或专科转诊建议,ACR/专业协会偶发发现管理白皮书或共识,按低危、高危和病灶特征决定随访强度,影像随访决策,专业协会指南,ACR Incidental Findings / Specialty Consensus,https://www.acr.org/Clinical-Resources/Reporting-and-Data-Systems,官方指南/专业协会/监管或分期体系,A：官方或专业协会来源,高：对应专科真实临床常用或指南推荐,指南级覆盖；适合做正式模块，但需锁定版本,真实临床使用；实现时需核对最新指南、适用人群和授权,,外部来源扩展补充,,
CALC-1068,影像适宜性与检查路径扩展,偶发发现管理,腹膜结节偶发发现,腹膜结节偶发发现随访管理建议,Incidental Peritoneal Nodule Follow-up Recommendation Support,病灶大小；影像特征；年龄；癌症史；免疫状态；症状；既往影像稳定性,随访、进一步检查或专科转诊建议,ACR/专业协会偶发发现管理白皮书或共识,按低危、高危和病灶特征决定随访强度,影像随访决策,专业协会指南,ACR Incidental Findings / Specialty Consensus,https://www.acr.org/Clinical-Resources/Reporting-and-Data-Systems,官方指南/专业协会/监管或分期体系,A：官方或专业协会来源,高：对应专科真实临床常用或指南推荐,指南级覆盖；适合做正式模块，但需锁定版本,真实临床使用；实现时需核对最新指南、适用人群和授权,,外部来源扩展补充,,
CALC-1069,临床药理、药物剂量与TDM扩展,药物监测,地高辛剂量和浓度解释,地高辛剂量和浓度解释,Digoxin Dose and Level Interpretation,年龄；体重；体表面积；肾功能；肝功能；药物浓度；基因型；适应证；合并用药；治疗目标,剂量、浓度解释、风险提示或监测建议,说明书、CPIC/DPWG、TDM指南或机构药学规则,仅作剂量核算和安全核对，最终需临床药师/医生审核,药物剂量/治疗监测,药物指南/说明书,CPIC / Lexicomp-style institutional dosing / TDM guidance,https://cpicpgx.org/guidelines/,官方指南/专业协会/监管或分期体系,A：官方或专业协会来源,中高：药物基因组场景常用,药物基因组覆盖；需按CPIC/DPWG版本维护,真实临床使用；实现时需核对最新指南、适用人群和授权,,外部来源扩展补充,,
CALC-1070,临床药理、药物剂量与TDM扩展,抗癫痫药TDM,苯妥英校正浓度,苯妥英校正浓度,Corrected Phenytoin Level,实测总苯妥英浓度；白蛋白；是否肾衰,白蛋白校正总苯妥英浓度,校正浓度 = 实测浓度 / (系数*白蛋白 + 0.1)；非肾衰系数0.275，肾衰系数0.2,报告校正总浓度；治疗窗和毒性判断需结合游离浓度、临床状态和药师/医生审核,药物剂量/治疗监测,药物治疗监测公式,Phenytoin correction calculator,https://www.mdcalc.com/calc/2471/phenytoin-dilantin-correction-calculator,医学计算器平台汇总,A：官方或专业协会来源,中高：药物基因组场景常用,药物基因组覆盖；需按CPIC/DPWG版本维护,真实临床使用；实现时需核对最新指南、适用人群和授权,,外部来源扩展补充,,
CALC-1071,临床药理、药物剂量与TDM扩展,抗癫痫药TDM,丙戊酸游离浓度风险解释,丙戊酸游离浓度风险解释,Valproate Free Level Risk Support,年龄；体重；体表面积；肾功能；肝功能；药物浓度；基因型；适应证；合并用药；治疗目标,剂量、浓度解释、风险提示或监测建议,说明书、CPIC/DPWG、TDM指南或机构药学规则,仅作剂量核算和安全核对，最终需临床药师/医生审核,药物剂量/治疗监测,药物指南/说明书,CPIC / Lexicomp-style institutional dosing / TDM guidance,https://cpicpgx.org/guidelines/,官方指南/专业协会/监管或分期体系,A：官方或专业协会来源,中高：药物基因组场景常用,药物基因组覆盖；需按CPIC/DPWG版本维护,真实临床使用；实现时需核对最新指南、适用人群和授权,,外部来源扩展补充,,
CALC-1072,临床药理、药物剂量与TDM扩展,抗癫痫药TDM,卡马西平浓度解释,卡马西平浓度解释,Carbamazepine Level Interpretation,年龄；体重；体表面积；肾功能；肝功能；药物浓度；基因型；适应证；合并用药；治疗目标,剂量、浓度解释、风险提示或监测建议,说明书、CPIC/DPWG、TDM指南或机构药学规则,仅作剂量核算和安全核对，最终需临床药师/医生审核,药物剂量/治疗监测,药物指南/说明书,CPIC / Lexicomp-style institutional dosing / TDM guidance,https://cpicpgx.org/guidelines/,官方指南/专业协会/监管或分期体系,A：官方或专业协会来源,中高：药物基因组场景常用,药物基因组覆盖；需按CPIC/DPWG版本维护,真实临床使用；实现时需核对最新指南、适用人群和授权,,外部来源扩展补充,,
CALC-1073,临床药理、药物剂量与TDM扩展,药物监测,茶碱浓度解释,茶碱浓度解释,Theophylline Level Interpretation,年龄；体重；体表面积；肾功能；肝功能；药物浓度；基因型；适应证；合并用药；治疗目标,剂量、浓度解释、风险提示或监测建议,说明书、CPIC/DPWG、TDM指南或机构药学规则,仅作剂量核算和安全核对，最终需临床药师/医生审核,药物剂量/治疗监测,药物指南/说明书,CPIC / Lexicomp-style institutional dosing / TDM guidance,https://cpicpgx.org/guidelines/,官方指南/专业协会/监管或分期体系,A：官方或专业协会来源,中高：药物基因组场景常用,药物基因组覆盖；需按CPIC/DPWG版本维护,真实临床使用；实现时需核对最新指南、适用人群和授权,,外部来源扩展补充,,
CALC-1074,临床药理、药物剂量与TDM扩展,移植药物监测,他克莫司谷浓度解释,他克莫司谷浓度解释,Tacrolimus Trough Interpretation,年龄；体重；体表面积；肾功能；肝功能；药物浓度；基因型；适应证；合并用药；治疗目标,剂量、浓度解释、风险提示或监测建议,说明书、CPIC/DPWG、TDM指南或机构药学规则,仅作剂量核算和安全核对，最终需临床药师/医生审核,药物剂量/治疗监测,药物指南/说明书,CPIC / Lexicomp-style institutional dosing / TDM guidance,https://cpicpgx.org/guidelines/,官方指南/专业协会/监管或分期体系,A：官方或专业协会来源,中高：药物基因组场景常用,药物基因组覆盖；需按CPIC/DPWG版本维护,真实临床使用；实现时需核对最新指南、适用人群和授权,,外部来源扩展补充,,
CALC-1075,临床药理、药物剂量与TDM扩展,移植药物监测,环孢素浓度解释,环孢素浓度解释,Cyclosporine Level Interpretation,年龄；体重；体表面积；肾功能；肝功能；药物浓度；基因型；适应证；合并用药；治疗目标,剂量、浓度解释、风险提示或监测建议,说明书、CPIC/DPWG、TDM指南或机构药学规则,仅作剂量核算和安全核对，最终需临床药师/医生审核,药物剂量/治疗监测,药物指南/说明书,CPIC / Lexicomp-style institutional dosing / TDM guidance,https://cpicpgx.org/guidelines/,官方指南/专业协会/监管或分期体系,A：官方或专业协会来源,中高：药物基因组场景常用,药物基因组覆盖；需按CPIC/DPWG版本维护,真实临床使用；实现时需核对最新指南、适用人群和授权,,外部来源扩展补充,,
CALC-1076,临床药理、药物剂量与TDM扩展,移植药物监测,西罗莫司浓度解释,西罗莫司浓度解释,Sirolimus Level Interpretation,年龄；体重；体表面积；肾功能；肝功能；药物浓度；基因型；适应证；合并用药；治疗目标,剂量、浓度解释、风险提示或监测建议,说明书、CPIC/DPWG、TDM指南或机构药学规则,仅作剂量核算和安全核对，最终需临床药师/医生审核,药物剂量/治疗监测,药物指南/说明书,CPIC / Lexicomp-style institutional dosing / TDM guidance,https://cpicpgx.org/guidelines/,官方指南/专业协会/监管或分期体系,A：官方或专业协会来源,中高：药物基因组场景常用,药物基因组覆盖；需按CPIC/DPWG版本维护,真实临床使用；实现时需核对最新指南、适用人群和授权,,外部来源扩展补充,,
CALC-1077,临床药理、药物剂量与TDM扩展,移植药物监测,吗替麦考酚酸暴露解释,吗替麦考酚酸暴露解释,Mycophenolic Acid Exposure Support,年龄；体重；体表面积；肾功能；肝功能；药物浓度；基因型；适应证；合并用药；治疗目标,剂量、浓度解释、风险提示或监测建议,说明书、CPIC/DPWG、TDM指南或机构药学规则,仅作剂量核算和安全核对，最终需临床药师/医生审核,药物剂量/治疗监测,药物指南/说明书,CPIC / Lexicomp-style institutional dosing / TDM guidance,https://cpicpgx.org/guidelines/,官方指南/专业协会/监管或分期体系,A：官方或专业协会来源,中高：药物基因组场景常用,药物基因组覆盖；需按CPIC/DPWG版本维护,真实临床使用；实现时需核对最新指南、适用人群和授权,,外部来源扩展补充,,
CALC-1078,临床药理、药物剂量与TDM扩展,肿瘤药物监测,甲氨蝶呤清除延迟风险,甲氨蝶呤清除延迟风险,High-Dose Methotrexate Delayed Clearance Support,年龄；体重；体表面积；肾功能；肝功能；药物浓度；基因型；适应证；合并用药；治疗目标,剂量、浓度解释、风险提示或监测建议,说明书、CPIC/DPWG、TDM指南或机构药学规则,仅作剂量核算和安全核对，最终需临床药师/医生审核,药物剂量/治疗监测,药物指南/说明书,CPIC / Lexicomp-style institutional dosing / TDM guidance,https://cpicpgx.org/guidelines/,官方指南/专业协会/监管或分期体系,A：官方或专业协会来源,中高：药物基因组场景常用,药物基因组覆盖；需按CPIC/DPWG版本维护,真实临床使用；实现时需核对最新指南、适用人群和授权,,外部来源扩展补充,,
CALC-1079,临床药理、药物剂量与TDM扩展,化疗剂量,卡铂Calvert剂量,卡铂Calvert剂量,Carboplatin Calvert Formula,年龄；体重；体表面积；肾功能；肝功能；药物浓度；基因型；适应证；合并用药；治疗目标,剂量、浓度解释、风险提示或监测建议,说明书、CPIC/DPWG、TDM指南或机构药学规则,仅作剂量核算和安全核对，最终需临床药师/医生审核,药物剂量/治疗监测,药物指南/说明书,CPIC / Lexicomp-style institutional dosing / TDM guidance,https://cpicpgx.org/guidelines/,官方指南/专业协会/监管或分期体系,A：官方或专业协会来源,中高：药物基因组场景常用,药物基因组覆盖；需按CPIC/DPWG版本维护,真实临床使用；实现时需核对最新指南、适用人群和授权,,外部来源扩展补充,,
CALC-1080,临床药理、药物剂量与TDM扩展,化疗剂量,紫杉醇体表面积剂量,紫杉醇体表面积剂量,Paclitaxel BSA Dose,年龄；体重；体表面积；肾功能；肝功能；药物浓度；基因型；适应证；合并用药；治疗目标,剂量、浓度解释、风险提示或监测建议,说明书、CPIC/DPWG、TDM指南或机构药学规则,仅作剂量核算和安全核对，最终需临床药师/医生审核,药物剂量/治疗监测,药物指南/说明书,CPIC / Lexicomp-style institutional dosing / TDM guidance,https://cpicpgx.org/guidelines/,官方指南/专业协会/监管或分期体系,A：官方或专业协会来源,中高：药物基因组场景常用,药物基因组覆盖；需按CPIC/DPWG版本维护,真实临床使用；实现时需核对最新指南、适用人群和授权,,外部来源扩展补充,,
CALC-1081,临床药理、药物剂量与TDM扩展,化疗安全,顺铂肾功能剂量调整,顺铂肾功能剂量调整,Cisplatin Renal Dose Adjustment,年龄；体重；体表面积；肾功能；肝功能；药物浓度；基因型；适应证；合并用药；治疗目标,剂量、浓度解释、风险提示或监测建议,说明书、CPIC/DPWG、TDM指南或机构药学规则,仅作剂量核算和安全核对，最终需临床药师/医生审核,药物剂量/治疗监测,药物指南/说明书,CPIC / Lexicomp-style institutional dosing / TDM guidance,https://cpicpgx.org/guidelines/,官方指南/专业协会/监管或分期体系,A：官方或专业协会来源,中高：药物基因组场景常用,药物基因组覆盖；需按CPIC/DPWG版本维护,真实临床使用；实现时需核对最新指南、适用人群和授权,,外部来源扩展补充,,
CALC-1082,临床药理、药物剂量与TDM扩展,药物基因组,伊立替康UGT1A1风险提示,伊立替康UGT1A1风险提示,Irinotecan UGT1A1 Toxicity Support,年龄；体重；体表面积；肾功能；肝功能；药物浓度；基因型；适应证；合并用药；治疗目标,剂量、浓度解释、风险提示或监测建议,说明书、CPIC/DPWG、TDM指南或机构药学规则,仅作剂量核算和安全核对，最终需临床药师/医生审核,药物剂量/治疗监测,药物指南/说明书,CPIC / Lexicomp-style institutional dosing / TDM guidance,https://cpicpgx.org/guidelines/,官方指南/专业协会/监管或分期体系,A：官方或专业协会来源,中高：药物基因组场景常用,药物基因组覆盖；需按CPIC/DPWG版本维护,真实临床使用；实现时需核对最新指南、适用人群和授权,,外部来源扩展补充,,
CALC-1083,临床药理、药物剂量与TDM扩展,药物基因组,氟尿嘧啶DPYD风险提示,氟尿嘧啶DPYD风险提示,Fluoropyrimidine DPYD Toxicity Support,年龄；体重；体表面积；肾功能；肝功能；药物浓度；基因型；适应证；合并用药；治疗目标,剂量、浓度解释、风险提示或监测建议,说明书、CPIC/DPWG、TDM指南或机构药学规则,仅作剂量核算和安全核对，最终需临床药师/医生审核,药物剂量/治疗监测,药物指南/说明书,CPIC / Lexicomp-style institutional dosing / TDM guidance,https://cpicpgx.org/guidelines/,官方指南/专业协会/监管或分期体系,A：官方或专业协会来源,中高：药物基因组场景常用,药物基因组覆盖；需按CPIC/DPWG版本维护,真实临床使用；实现时需核对最新指南、适用人群和授权,,外部来源扩展补充,,
CALC-1084,临床药理、药物剂量与TDM扩展,药物基因组,硫唑嘌呤TPMT/NUDT15剂量提示,硫唑嘌呤TPMT/NUDT15剂量提示,Azathioprine TPMT NUDT15 Dose Support,年龄；体重；体表面积；肾功能；肝功能；药物浓度；基因型；适应证；合并用药；治疗目标,剂量、浓度解释、风险提示或监测建议,说明书、CPIC/DPWG、TDM指南或机构药学规则,仅作剂量核算和安全核对，最终需临床药师/医生审核,药物剂量/治疗监测,药物指南/说明书,CPIC / Lexicomp-style institutional dosing / TDM guidance,https://cpicpgx.org/guidelines/,官方指南/专业协会/监管或分期体系,A：官方或专业协会来源,中高：药物基因组场景常用,药物基因组覆盖；需按CPIC/DPWG版本维护,真实临床使用；实现时需核对最新指南、适用人群和授权,,外部来源扩展补充,,
CALC-1085,临床药理、药物剂量与TDM扩展,药物基因组,氯吡格雷CYP2C19疗效提示,氯吡格雷CYP2C19疗效提示,Clopidogrel CYP2C19 Response Support,年龄；体重；体表面积；肾功能；肝功能；药物浓度；基因型；适应证；合并用药；治疗目标,剂量、浓度解释、风险提示或监测建议,说明书、CPIC/DPWG、TDM指南或机构药学规则,仅作剂量核算和安全核对，最终需临床药师/医生审核,药物剂量/治疗监测,药物指南/说明书,CPIC / Lexicomp-style institutional dosing / TDM guidance,https://cpicpgx.org/guidelines/,官方指南/专业协会/监管或分期体系,A：官方或专业协会来源,中高：药物基因组场景常用,药物基因组覆盖；需按CPIC/DPWG版本维护,真实临床使用；实现时需核对最新指南、适用人群和授权,,外部来源扩展补充,,
CALC-1086,临床药理、药物剂量与TDM扩展,药物基因组,阿巴卡韦HLA-B5701安全提示,阿巴卡韦HLA-B5701安全提示,Abacavir HLA-B5701 Safety Support,年龄；体重；体表面积；肾功能；肝功能；药物浓度；基因型；适应证；合并用药；治疗目标,剂量、浓度解释、风险提示或监测建议,说明书、CPIC/DPWG、TDM指南或机构药学规则,仅作剂量核算和安全核对，最终需临床药师/医生审核,药物剂量/治疗监测,药物指南/说明书,CPIC / Lexicomp-style institutional dosing / TDM guidance,https://cpicpgx.org/guidelines/,官方指南/专业协会/监管或分期体系,A：官方或专业协会来源,中高：药物基因组场景常用,药物基因组覆盖；需按CPIC/DPWG版本维护,真实临床使用；实现时需核对最新指南、适用人群和授权,,外部来源扩展补充,,
CALC-1087,临床药理、药物剂量与TDM扩展,药物基因组,别嘌醇HLA-B5801风险提示,别嘌醇HLA-B5801风险提示,Allopurinol HLA-B5801 Safety Support,年龄；体重；体表面积；肾功能；肝功能；药物浓度；基因型；适应证；合并用药；治疗目标,剂量、浓度解释、风险提示或监测建议,说明书、CPIC/DPWG、TDM指南或机构药学规则,仅作剂量核算和安全核对，最终需临床药师/医生审核,药物剂量/治疗监测,药物指南/说明书,CPIC / Lexicomp-style institutional dosing / TDM guidance,https://cpicpgx.org/guidelines/,官方指南/专业协会/监管或分期体系,A：官方或专业协会来源,中高：药物基因组场景常用,药物基因组覆盖；需按CPIC/DPWG版本维护,真实临床使用；实现时需核对最新指南、适用人群和授权,,外部来源扩展补充,,
CALC-1088,临床药理、药物剂量与TDM扩展,药物基因组,伏立康唑CYP2C19剂量提示,伏立康唑CYP2C19剂量提示,Voriconazole CYP2C19 Dose Support,年龄；体重；体表面积；肾功能；肝功能；药物浓度；基因型；适应证；合并用药；治疗目标,剂量、浓度解释、风险提示或监测建议,说明书、CPIC/DPWG、TDM指南或机构药学规则,仅作剂量核算和安全核对，最终需临床药师/医生审核,药物剂量/治疗监测,药物指南/说明书,CPIC / Lexicomp-style institutional dosing / TDM guidance,https://cpicpgx.org/guidelines/,官方指南/专业协会/监管或分期体系,A：官方或专业协会来源,中高：药物基因组场景常用,药物基因组覆盖；需按CPIC/DPWG版本维护,真实临床使用；实现时需核对最新指南、适用人群和授权,,外部来源扩展补充,,
CALC-1089,临床药理、药物剂量与TDM扩展,抗凝监测,肝素抗Xa解释,肝素抗Xa解释,Heparin Anti-Xa Interpretation,年龄；体重；体表面积；肾功能；肝功能；药物浓度；基因型；适应证；合并用药；治疗目标,剂量、浓度解释、风险提示或监测建议,说明书、CPIC/DPWG、TDM指南或机构药学规则,仅作剂量核算和安全核对，最终需临床药师/医生审核,药物剂量/治疗监测,药物指南/说明书,CPIC / Lexicomp-style institutional dosing / TDM guidance,https://cpicpgx.org/guidelines/,官方指南/专业协会/监管或分期体系,A：官方或专业协会来源,中高：药物基因组场景常用,药物基因组覆盖；需按CPIC/DPWG版本维护,真实临床使用；实现时需核对最新指南、适用人群和授权,,外部来源扩展补充,,
CALC-1090,临床药理、药物剂量与TDM扩展,抗凝监测,低分子肝素抗Xa解释,低分子肝素抗Xa解释,LMWH Anti-Xa Interpretation,年龄；体重；体表面积；肾功能；肝功能；药物浓度；基因型；适应证；合并用药；治疗目标,剂量、浓度解释、风险提示或监测建议,说明书、CPIC/DPWG、TDM指南或机构药学规则,仅作剂量核算和安全核对，最终需临床药师/医生审核,药物剂量/治疗监测,药物指南/说明书,CPIC / Lexicomp-style institutional dosing / TDM guidance,https://cpicpgx.org/guidelines/,官方指南/专业协会/监管或分期体系,A：官方或专业协会来源,中高：药物基因组场景常用,药物基因组覆盖；需按CPIC/DPWG版本维护,真实临床使用；实现时需核对最新指南、适用人群和授权,,外部来源扩展补充,,
CALC-1091,临床药理、药物剂量与TDM扩展,抗凝管理,直接口服抗凝药围手术停药,直接口服抗凝药围手术停药,DOAC Perioperative Interruption Support,年龄；体重；体表面积；肾功能；肝功能；药物浓度；基因型；适应证；合并用药；治疗目标,剂量、浓度解释、风险提示或监测建议,说明书、CPIC/DPWG、TDM指南或机构药学规则,仅作剂量核算和安全核对，最终需临床药师/医生审核,药物剂量/治疗监测,药物指南/说明书,CPIC / Lexicomp-style institutional dosing / TDM guidance,https://cpicpgx.org/guidelines/,官方指南/专业协会/监管或分期体系,A：官方或专业协会来源,中高：药物基因组场景常用,药物基因组覆盖；需按CPIC/DPWG版本维护,真实临床使用；实现时需核对最新指南、适用人群和授权,,外部来源扩展补充,,
CALC-1092,临床药理、药物剂量与TDM扩展,抗凝管理,DOAC肾功能剂量提示,DOAC肾功能剂量提示,DOAC Renal Dose Support,年龄；体重；体表面积；肾功能；肝功能；药物浓度；基因型；适应证；合并用药；治疗目标,剂量、浓度解释、风险提示或监测建议,说明书、CPIC/DPWG、TDM指南或机构药学规则,仅作剂量核算和安全核对，最终需临床药师/医生审核,药物剂量/治疗监测,药物指南/说明书,CPIC / Lexicomp-style institutional dosing / TDM guidance,https://cpicpgx.org/guidelines/,官方指南/专业协会/监管或分期体系,A：官方或专业协会来源,中高：药物基因组场景常用,药物基因组覆盖；需按CPIC/DPWG版本维护,真实临床使用；实现时需核对最新指南、适用人群和授权,,外部来源扩展补充,,
CALC-1093,临床药理、药物剂量与TDM扩展,抗凝管理,华法林围手术桥接风险,华法林围手术桥接风险,Warfarin Perioperative Bridging Risk Support,年龄；体重；体表面积；肾功能；肝功能；药物浓度；基因型；适应证；合并用药；治疗目标,剂量、浓度解释、风险提示或监测建议,说明书、CPIC/DPWG、TDM指南或机构药学规则,仅作剂量核算和安全核对，最终需临床药师/医生审核,药物剂量/治疗监测,药物指南/说明书,CPIC / Lexicomp-style institutional dosing / TDM guidance,https://cpicpgx.org/guidelines/,官方指南/专业协会/监管或分期体系,A：官方或专业协会来源,中高：药物基因组场景常用,药物基因组覆盖；需按CPIC/DPWG版本维护,真实临床使用；实现时需核对最新指南、适用人群和授权,,外部来源扩展补充,,
CALC-1094,临床药理、药物剂量与TDM扩展,糖尿病用药,胰岛素碳水化合物比估算,胰岛素碳水化合物比估算,Insulin-to-Carbohydrate Ratio Estimate,年龄；体重；体表面积；肾功能；肝功能；药物浓度；基因型；适应证；合并用药；治疗目标,剂量、浓度解释、风险提示或监测建议,说明书、CPIC/DPWG、TDM指南或机构药学规则,仅作剂量核算和安全核对，最终需临床药师/医生审核,药物剂量/治疗监测,药物指南/说明书,CPIC / Lexicomp-style institutional dosing / TDM guidance,https://cpicpgx.org/guidelines/,官方指南/专业协会/监管或分期体系,A：官方或专业协会来源,中高：药物基因组场景常用,药物基因组覆盖；需按CPIC/DPWG版本维护,真实临床使用；实现时需核对最新指南、适用人群和授权,,外部来源扩展补充,,
CALC-1095,临床药理、药物剂量与TDM扩展,糖尿病用药,基础胰岛素起始剂量估算,基础胰岛素起始剂量估算,Basal Insulin Starting Dose Estimate,年龄；体重；体表面积；肾功能；肝功能；药物浓度；基因型；适应证；合并用药；治疗目标,剂量、浓度解释、风险提示或监测建议,说明书、CPIC/DPWG、TDM指南或机构药学规则,仅作剂量核算和安全核对，最终需临床药师/医生审核,药物剂量/治疗监测,药物指南/说明书,CPIC / Lexicomp-style institutional dosing / TDM guidance,https://cpicpgx.org/guidelines/,官方指南/专业协会/监管或分期体系,A：官方或专业协会来源,中高：药物基因组场景常用,药物基因组覆盖；需按CPIC/DPWG版本维护,真实临床使用；实现时需核对最新指南、适用人群和授权,,外部来源扩展补充,,
CALC-1096,临床药理、药物剂量与TDM扩展,剂量换算,皮质激素等效剂量换算,皮质激素等效剂量换算,Corticosteroid Equivalent Dose Conversion,年龄；体重；体表面积；肾功能；肝功能；药物浓度；基因型；适应证；合并用药；治疗目标,剂量、浓度解释、风险提示或监测建议,说明书、CPIC/DPWG、TDM指南或机构药学规则,仅作剂量核算和安全核对，最终需临床药师/医生审核,药物剂量/治疗监测,药物指南/说明书,CPIC / Lexicomp-style institutional dosing / TDM guidance,https://cpicpgx.org/guidelines/,官方指南/专业协会/监管或分期体系,A：官方或专业协会来源,中高：药物基因组场景常用,药物基因组覆盖；需按CPIC/DPWG版本维护,真实临床使用；实现时需核对最新指南、适用人群和授权,,外部来源扩展补充,,
CALC-1097,临床药理、药物剂量与TDM扩展,剂量换算,苯二氮卓等效剂量换算,苯二氮卓等效剂量换算,Benzodiazepine Equivalent Dose Conversion,年龄；体重；体表面积；肾功能；肝功能；药物浓度；基因型；适应证；合并用药；治疗目标,剂量、浓度解释、风险提示或监测建议,说明书、CPIC/DPWG、TDM指南或机构药学规则,仅作剂量核算和安全核对，最终需临床药师/医生审核,药物剂量/治疗监测,药物指南/说明书,CPIC / Lexicomp-style institutional dosing / TDM guidance,https://cpicpgx.org/guidelines/,官方指南/专业协会/监管或分期体系,A：官方或专业协会来源,中高：药物基因组场景常用,药物基因组覆盖；需按CPIC/DPWG版本维护,真实临床使用；实现时需核对最新指南、适用人群和授权,,外部来源扩展补充,,
CALC-1098,临床药理、药物剂量与TDM扩展,疼痛用药,阿片轮换不完全交叉耐受调整,阿片轮换不完全交叉耐受调整,Opioid Rotation Incomplete Cross-Tolerance Support,年龄；体重；体表面积；肾功能；肝功能；药物浓度；基因型；适应证；合并用药；治疗目标,剂量、浓度解释、风险提示或监测建议,说明书、CPIC/DPWG、TDM指南或机构药学规则,仅作剂量核算和安全核对，最终需临床药师/医生审核,药物剂量/治疗监测,药物指南/说明书,CPIC / Lexicomp-style institutional dosing / TDM guidance,https://cpicpgx.org/guidelines/,官方指南/专业协会/监管或分期体系,A：官方或专业协会来源,中高：药物基因组场景常用,药物基因组覆盖；需按CPIC/DPWG版本维护,真实临床使用；实现时需核对最新指南、适用人群和授权,,外部来源扩展补充,,
CALC-1099,临床药理、药物剂量与TDM扩展,儿科剂量,儿童对乙酰氨基酚剂量,儿童对乙酰氨基酚剂量,Pediatric Acetaminophen Dose,年龄；体重；体表面积；肾功能；肝功能；药物浓度；基因型；适应证；合并用药；治疗目标,剂量、浓度解释、风险提示或监测建议,说明书、CPIC/DPWG、TDM指南或机构药学规则,仅作剂量核算和安全核对，最终需临床药师/医生审核,药物剂量/治疗监测,药物指南/说明书,CPIC / Lexicomp-style institutional dosing / TDM guidance,https://cpicpgx.org/guidelines/,官方指南/专业协会/监管或分期体系,A：官方或专业协会来源,中高：药物基因组场景常用,药物基因组覆盖；需按CPIC/DPWG版本维护,真实临床使用；实现时需核对最新指南、适用人群和授权,,外部来源扩展补充,,
CALC-1100,临床药理、药物剂量与TDM扩展,儿科剂量,儿童布洛芬剂量,儿童布洛芬剂量,Pediatric Ibuprofen Dose,年龄；体重；体表面积；肾功能；肝功能；药物浓度；基因型；适应证；合并用药；治疗目标,剂量、浓度解释、风险提示或监测建议,说明书、CPIC/DPWG、TDM指南或机构药学规则,仅作剂量核算和安全核对，最终需临床药师/医生审核,药物剂量/治疗监测,药物指南/说明书,CPIC / Lexicomp-style institutional dosing / TDM guidance,https://cpicpgx.org/guidelines/,官方指南/专业协会/监管或分期体系,A：官方或专业协会来源,中高：药物基因组场景常用,药物基因组覆盖；需按CPIC/DPWG版本维护,真实临床使用；实现时需核对最新指南、适用人群和授权,,外部来源扩展补充,,
CALC-1101,临床药理、药物剂量与TDM扩展,儿科剂量,儿童阿莫西林剂量,儿童阿莫西林剂量,Pediatric Amoxicillin Dose,年龄；体重；体表面积；肾功能；肝功能；药物浓度；基因型；适应证；合并用药；治疗目标,剂量、浓度解释、风险提示或监测建议,说明书、CPIC/DPWG、TDM指南或机构药学规则,仅作剂量核算和安全核对，最终需临床药师/医生审核,药物剂量/治疗监测,药物指南/说明书,CPIC / Lexicomp-style institutional dosing / TDM guidance,https://cpicpgx.org/guidelines/,官方指南/专业协会/监管或分期体系,A：官方或专业协会来源,中高：药物基因组场景常用,药物基因组覆盖；需按CPIC/DPWG版本维护,真实临床使用；实现时需核对最新指南、适用人群和授权,,外部来源扩展补充,,
CALC-1102,临床药理、药物剂量与TDM扩展,急救剂量,儿童肾上腺素过敏反应剂量,儿童肾上腺素过敏反应剂量,Pediatric Epinephrine Anaphylaxis Dose,年龄；体重；体表面积；肾功能；肝功能；药物浓度；基因型；适应证；合并用药；治疗目标,剂量、浓度解释、风险提示或监测建议,说明书、CPIC/DPWG、TDM指南或机构药学规则,仅作剂量核算和安全核对，最终需临床药师/医生审核,药物剂量/治疗监测,药物指南/说明书,CPIC / Lexicomp-style institutional dosing / TDM guidance,https://cpicpgx.org/guidelines/,官方指南/专业协会/监管或分期体系,A：官方或专业协会来源,中高：药物基因组场景常用,药物基因组覆盖；需按CPIC/DPWG版本维护,真实临床使用；实现时需核对最新指南、适用人群和授权,,外部来源扩展补充,,
CALC-1103,临床药理、药物剂量与TDM扩展,麻醉剂量,局麻药最大安全剂量,局麻药最大安全剂量,Maximum Local Anesthetic Dose,年龄；体重；体表面积；肾功能；肝功能；药物浓度；基因型；适应证；合并用药；治疗目标,剂量、浓度解释、风险提示或监测建议,说明书、CPIC/DPWG、TDM指南或机构药学规则,仅作剂量核算和安全核对，最终需临床药师/医生审核,药物剂量/治疗监测,药物指南/说明书,CPIC / Lexicomp-style institutional dosing / TDM guidance,https://cpicpgx.org/guidelines/,官方指南/专业协会/监管或分期体系,A：官方或专业协会来源,中高：药物基因组场景常用,药物基因组覆盖；需按CPIC/DPWG版本维护,真实临床使用；实现时需核对最新指南、适用人群和授权,,外部来源扩展补充,,
CALC-1104,临床药理、药物剂量与TDM扩展,毒理/麻醉剂量,脂肪乳抢救剂量,脂肪乳抢救剂量,Lipid Emulsion Rescue Dose,年龄；体重；体表面积；肾功能；肝功能；药物浓度；基因型；适应证；合并用药；治疗目标,剂量、浓度解释、风险提示或监测建议,说明书、CPIC/DPWG、TDM指南或机构药学规则,仅作剂量核算和安全核对，最终需临床药师/医生审核,药物剂量/治疗监测,药物指南/说明书,CPIC / Lexicomp-style institutional dosing / TDM guidance,https://cpicpgx.org/guidelines/,官方指南/专业协会/监管或分期体系,A：官方或专业协会来源,中高：药物基因组场景常用,药物基因组覆盖；需按CPIC/DPWG版本维护,真实临床使用；实现时需核对最新指南、适用人群和授权,,外部来源扩展补充,,
CALC-1105,临床药理、药物剂量与TDM扩展,电解质补充,镁剂补充剂量提示,镁剂补充剂量提示,Magnesium Replacement Dose Support,年龄；体重；体表面积；肾功能；肝功能；药物浓度；基因型；适应证；合并用药；治疗目标,剂量、浓度解释、风险提示或监测建议,说明书、CPIC/DPWG、TDM指南或机构药学规则,仅作剂量核算和安全核对，最终需临床药师/医生审核,药物剂量/治疗监测,药物指南/说明书,CPIC / Lexicomp-style institutional dosing / TDM guidance,https://cpicpgx.org/guidelines/,官方指南/专业协会/监管或分期体系,A：官方或专业协会来源,中高：药物基因组场景常用,药物基因组覆盖；需按CPIC/DPWG版本维护,真实临床使用；实现时需核对最新指南、适用人群和授权,,外部来源扩展补充,,
CALC-1106,临床药理、药物剂量与TDM扩展,电解质补充,钾剂补充剂量提示,钾剂补充剂量提示,Potassium Replacement Dose Support,年龄；体重；体表面积；肾功能；肝功能；药物浓度；基因型；适应证；合并用药；治疗目标,剂量、浓度解释、风险提示或监测建议,说明书、CPIC/DPWG、TDM指南或机构药学规则,仅作剂量核算和安全核对，最终需临床药师/医生审核,药物剂量/治疗监测,药物指南/说明书,CPIC / Lexicomp-style institutional dosing / TDM guidance,https://cpicpgx.org/guidelines/,官方指南/专业协会/监管或分期体系,A：官方或专业协会来源,中高：药物基因组场景常用,药物基因组覆盖；需按CPIC/DPWG版本维护,真实临床使用；实现时需核对最新指南、适用人群和授权,,外部来源扩展补充,,
CALC-1107,临床药理、药物剂量与TDM扩展,电解质补充,磷剂补充剂量提示,磷剂补充剂量提示,Phosphate Replacement Dose Support,年龄；体重；体表面积；肾功能；肝功能；药物浓度；基因型；适应证；合并用药；治疗目标,剂量、浓度解释、风险提示或监测建议,说明书、CPIC/DPWG、TDM指南或机构药学规则,仅作剂量核算和安全核对，最终需临床药师/医生审核,药物剂量/治疗监测,药物指南/说明书,CPIC / Lexicomp-style institutional dosing / TDM guidance,https://cpicpgx.org/guidelines/,官方指南/专业协会/监管或分期体系,A：官方或专业协会来源,中高：药物基因组场景常用,药物基因组覆盖；需按CPIC/DPWG版本维护,真实临床使用；实现时需核对最新指南、适用人群和授权,,外部来源扩展补充,,
CALC-1108,临床药理、药物剂量与TDM扩展,酸碱治疗,碳酸氢钠补碱估算,碳酸氢钠补碱估算,Sodium Bicarbonate Deficit Estimate,年龄；体重；体表面积；肾功能；肝功能；药物浓度；基因型；适应证；合并用药；治疗目标,剂量、浓度解释、风险提示或监测建议,说明书、CPIC/DPWG、TDM指南或机构药学规则,仅作剂量核算和安全核对，最终需临床药师/医生审核,药物剂量/治疗监测,药物指南/说明书,CPIC / Lexicomp-style institutional dosing / TDM guidance,https://cpicpgx.org/guidelines/,官方指南/专业协会/监管或分期体系,A：官方或专业协会来源,中高：药物基因组场景常用,药物基因组覆盖；需按CPIC/DPWG版本维护,真实临床使用；实现时需核对最新指南、适用人群和授权,,外部来源扩展补充,,
CALC-1109,公共卫生、预防医学与筛查扩展,筛查/预防,糖尿病视网膜病变筛查间隔,糖尿病视网膜病变筛查间隔,Diabetic Retinopathy Screening Interval,年龄；性别；妊娠；免疫状态；既往病史；家族史；危险因素；既往筛查日期；检测结果,筛查资格、筛查间隔、提醒或禁忌提示,USPSTF、CDC、ACIP、专业协会筛查建议,按风险人群和指南版本决定筛查策略,筛查/预警,官方指南,USPSTF / CDC / ACIP / specialty society recommendations,https://www.uspreventiveservicestaskforce.org/,官方指南/专业协会/监管或分期体系,A：官方或专业协会来源,高：对应专科真实临床常用或指南推荐,指南级覆盖；适合做正式模块，但需锁定版本,真实临床使用；实现时需核对最新指南、适用人群和授权,,外部来源扩展补充,,
CALC-1110,公共卫生、预防医学与筛查扩展,筛查/预防,糖尿病肾病筛查提醒,糖尿病肾病筛查提醒,Diabetic Kidney Disease Screening Reminder,年龄；性别；妊娠；免疫状态；既往病史；家族史；危险因素；既往筛查日期；检测结果,筛查资格、筛查间隔、提醒或禁忌提示,USPSTF、CDC、ACIP、专业协会筛查建议,按风险人群和指南版本决定筛查策略,筛查/预警,官方指南,USPSTF / CDC / ACIP / specialty society recommendations,https://www.uspreventiveservicestaskforce.org/,官方指南/专业协会/监管或分期体系,A：官方或专业协会来源,高：对应专科真实临床常用或指南推荐,指南级覆盖；适合做正式模块，但需锁定版本,真实临床使用；实现时需核对最新指南、适用人群和授权,,外部来源扩展补充,,
CALC-1111,公共卫生、预防医学与筛查扩展,筛查/预防,糖尿病足年度筛查,糖尿病足年度筛查,Diabetic Foot Annual Screening,年龄；性别；妊娠；免疫状态；既往病史；家族史；危险因素；既往筛查日期；检测结果,筛查资格、筛查间隔、提醒或禁忌提示,USPSTF、CDC、ACIP、专业协会筛查建议,按风险人群和指南版本决定筛查策略,筛查/预警,官方指南,USPSTF / CDC / ACIP / specialty society recommendations,https://www.uspreventiveservicestaskforce.org/,官方指南/专业协会/监管或分期体系,A：官方或专业协会来源,高：对应专科真实临床常用或指南推荐,指南级覆盖；适合做正式模块，但需锁定版本,真实临床使用；实现时需核对最新指南、适用人群和授权,,外部来源扩展补充,,
CALC-1112,公共卫生、预防医学与筛查扩展,筛查/预防,高血压家庭血压平均值解释,高血压家庭血压平均值解释,Home Blood Pressure Average Interpretation,年龄；性别；妊娠；免疫状态；既往病史；家族史；危险因素；既往筛查日期；检测结果,筛查资格、筛查间隔、提醒或禁忌提示,USPSTF、CDC、ACIP、专业协会筛查建议,按风险人群和指南版本决定筛查策略,筛查/预警,官方指南,USPSTF / CDC / ACIP / specialty society recommendations,https://www.uspreventiveservicestaskforce.org/,官方指南/专业协会/监管或分期体系,A：官方或专业协会来源,高：对应专科真实临床常用或指南推荐,指南级覆盖；适合做正式模块，但需锁定版本,真实临床使用；实现时需核对最新指南、适用人群和授权,,外部来源扩展补充,,
CALC-1113,公共卫生、预防医学与筛查扩展,筛查/预防,儿童血压百分位解释,儿童血压百分位解释,Pediatric Blood Pressure Percentile Interpretation,年龄；性别；妊娠；免疫状态；既往病史；家族史；危险因素；既往筛查日期；检测结果,筛查资格、筛查间隔、提醒或禁忌提示,USPSTF、CDC、ACIP、专业协会筛查建议,按风险人群和指南版本决定筛查策略,筛查/预警,官方指南,USPSTF / CDC / ACIP / specialty society recommendations,https://www.uspreventiveservicestaskforce.org/,官方指南/专业协会/监管或分期体系,A：官方或专业协会来源,高：对应专科真实临床常用或指南推荐,指南级覆盖；适合做正式模块，但需锁定版本,真实临床使用；实现时需核对最新指南、适用人群和授权,,外部来源扩展补充,,
CALC-1114,公共卫生、预防医学与筛查扩展,筛查/预防,成人血压分级,成人血压分级,Adult Blood Pressure Category,成人收缩压和舒张压,成人血压分类,AHA/ACC成人血压阈值：正常、升高、1级、2级、严重高血压,按较高风险的收缩压或舒张压分类；>180或>120为严重高血压范围,筛查/预警,官方指南,American Heart Association blood pressure categories,https://www.heart.org/en/health-topics/high-blood-pressure/understanding-blood-pressure-readings,官方指南/专业协会/监管或分期体系,A：官方或专业协会来源,高：对应专科真实临床常用或指南推荐,指南级覆盖；适合做正式模块，但需锁定版本,真实临床使用；实现时需核对最新指南、适用人群和授权,,外部来源扩展补充,,
CALC-1115,公共卫生、预防医学与筛查扩展,筛查/预防,脂质筛查适应证核对,脂质筛查适应证核对,Lipid Screening Eligibility Support,年龄；性别；妊娠；免疫状态；既往病史；家族史；危险因素；既往筛查日期；检测结果,筛查资格、筛查间隔、提醒或禁忌提示,USPSTF、CDC、ACIP、专业协会筛查建议,按风险人群和指南版本决定筛查策略,筛查/预警,官方指南,USPSTF / CDC / ACIP / specialty society recommendations,https://www.uspreventiveservicestaskforce.org/,官方指南/专业协会/监管或分期体系,A：官方或专业协会来源,高：对应专科真实临床常用或指南推荐,指南级覆盖；适合做正式模块，但需锁定版本,真实临床使用；实现时需核对最新指南、适用人群和授权,,外部来源扩展补充,,
CALC-1116,公共卫生、预防医学与筛查扩展,筛查/预防,骨质疏松筛查适应证核对,骨质疏松筛查适应证核对,Osteoporosis Screening Eligibility Support,年龄；性别；妊娠；免疫状态；既往病史；家族史；危险因素；既往筛查日期；检测结果,筛查资格、筛查间隔、提醒或禁忌提示,USPSTF、CDC、ACIP、专业协会筛查建议,按风险人群和指南版本决定筛查策略,筛查/预警,官方指南,USPSTF / CDC / ACIP / specialty society recommendations,https://www.uspreventiveservicestaskforce.org/,官方指南/专业协会/监管或分期体系,A：官方或专业协会来源,高：对应专科真实临床常用或指南推荐,指南级覆盖；适合做正式模块，但需锁定版本,真实临床使用；实现时需核对最新指南、适用人群和授权,,外部来源扩展补充,,
CALC-1117,公共卫生、预防医学与筛查扩展,筛查/预防,腹主动脉瘤筛查资格,腹主动脉瘤筛查资格,Abdominal Aortic Aneurysm Screening Eligibility,年龄；性别；妊娠；免疫状态；既往病史；家族史；危险因素；既往筛查日期；检测结果,筛查资格、筛查间隔、提醒或禁忌提示,USPSTF、CDC、ACIP、专业协会筛查建议,按风险人群和指南版本决定筛查策略,筛查/预警,官方指南,USPSTF / CDC / ACIP / specialty society recommendations,https://www.uspreventiveservicestaskforce.org/,官方指南/专业协会/监管或分期体系,A：官方或专业协会来源,高：对应专科真实临床常用或指南推荐,指南级覆盖；适合做正式模块，但需锁定版本,真实临床使用；实现时需核对最新指南、适用人群和授权,,外部来源扩展补充,,
CALC-1118,公共卫生、预防医学与筛查扩展,筛查/预防,抑郁筛查频率提示,抑郁筛查频率提示,Depression Screening Reminder,年龄；性别；妊娠；免疫状态；既往病史；家族史；危险因素；既往筛查日期；检测结果,筛查资格、筛查间隔、提醒或禁忌提示,USPSTF、CDC、ACIP、专业协会筛查建议,按风险人群和指南版本决定筛查策略,筛查/预警,官方指南,USPSTF / CDC / ACIP / specialty society recommendations,https://www.uspreventiveservicestaskforce.org/,官方指南/专业协会/监管或分期体系,A：官方或专业协会来源,高：对应专科真实临床常用或指南推荐,指南级覆盖；适合做正式模块，但需锁定版本,真实临床使用；实现时需核对最新指南、适用人群和授权,,外部来源扩展补充,,
CALC-1119,公共卫生、预防医学与筛查扩展,筛查/预防,围产期抑郁筛查,围产期抑郁筛查,Perinatal Depression Screening Support,年龄；性别；妊娠；免疫状态；既往病史；家族史；危险因素；既往筛查日期；检测结果,筛查资格、筛查间隔、提醒或禁忌提示,USPSTF、CDC、ACIP、专业协会筛查建议,按风险人群和指南版本决定筛查策略,筛查/预警,官方指南,USPSTF / CDC / ACIP / specialty society recommendations,https://www.uspreventiveservicestaskforce.org/,官方指南/专业协会/监管或分期体系,A：官方或专业协会来源,高：对应专科真实临床常用或指南推荐,指南级覆盖；适合做正式模块，但需锁定版本,真实临床使用；实现时需核对最新指南、适用人群和授权,,外部来源扩展补充,,
CALC-1120,公共卫生、预防医学与筛查扩展,筛查/预防,亲密伴侣暴力筛查,亲密伴侣暴力筛查,Intimate Partner Violence Screening Support,年龄；性别；妊娠；免疫状态；既往病史；家族史；危险因素；既往筛查日期；检测结果,筛查资格、筛查间隔、提醒或禁忌提示,USPSTF、CDC、ACIP、专业协会筛查建议,按风险人群和指南版本决定筛查策略,筛查/预警,官方指南,USPSTF / CDC / ACIP / specialty society recommendations,https://www.uspreventiveservicestaskforce.org/,官方指南/专业协会/监管或分期体系,A：官方或专业协会来源,高：对应专科真实临床常用或指南推荐,指南级覆盖；适合做正式模块，但需锁定版本,真实临床使用；实现时需核对最新指南、适用人群和授权,,外部来源扩展补充,,
CALC-1121,公共卫生、预防医学与筛查扩展,筛查/预防,HIV筛查资格核对,HIV筛查资格核对,HIV Screening Eligibility Support,年龄；性别；妊娠；免疫状态；既往病史；家族史；危险因素；既往筛查日期；检测结果,筛查资格、筛查间隔、提醒或禁忌提示,USPSTF、CDC、ACIP、专业协会筛查建议,按风险人群和指南版本决定筛查策略,筛查/预警,官方指南,USPSTF / CDC / ACIP / specialty society recommendations,https://www.uspreventiveservicestaskforce.org/,官方指南/专业协会/监管或分期体系,A：官方或专业协会来源,高：对应专科真实临床常用或指南推荐,指南级覆盖；适合做正式模块，但需锁定版本,真实临床使用；实现时需核对最新指南、适用人群和授权,,外部来源扩展补充,,
CALC-1122,公共卫生、预防医学与筛查扩展,筛查/预防,HCV筛查资格核对,HCV筛查资格核对,HCV Screening Eligibility Support,年龄；性别；妊娠；免疫状态；既往病史；家族史；危险因素；既往筛查日期；检测结果,筛查资格、筛查间隔、提醒或禁忌提示,USPSTF、CDC、ACIP、专业协会筛查建议,按风险人群和指南版本决定筛查策略,筛查/预警,官方指南,USPSTF / CDC / ACIP / specialty society recommendations,https://www.uspreventiveservicestaskforce.org/,官方指南/专业协会/监管或分期体系,A：官方或专业协会来源,高：对应专科真实临床常用或指南推荐,指南级覆盖；适合做正式模块，但需锁定版本,真实临床使用；实现时需核对最新指南、适用人群和授权,,外部来源扩展补充,,
CALC-1123,公共卫生、预防医学与筛查扩展,筛查/预防,HBV筛查资格核对,HBV筛查资格核对,HBV Screening Eligibility Support,年龄；性别；妊娠；免疫状态；既往病史；家族史；危险因素；既往筛查日期；检测结果,筛查资格、筛查间隔、提醒或禁忌提示,USPSTF、CDC、ACIP、专业协会筛查建议,按风险人群和指南版本决定筛查策略,筛查/预警,官方指南,USPSTF / CDC / ACIP / specialty society recommendations,https://www.uspreventiveservicestaskforce.org/,官方指南/专业协会/监管或分期体系,A：官方或专业协会来源,高：对应专科真实临床常用或指南推荐,指南级覆盖；适合做正式模块，但需锁定版本,真实临床使用；实现时需核对最新指南、适用人群和授权,,外部来源扩展补充,,
CALC-1124,公共卫生、预防医学与筛查扩展,筛查/预防,潜伏结核筛查资格核对,潜伏结核筛查资格核对,Latent TB Screening Eligibility Support,年龄；性别；妊娠；免疫状态；既往病史；家族史；危险因素；既往筛查日期；检测结果,筛查资格、筛查间隔、提醒或禁忌提示,USPSTF、CDC、ACIP、专业协会筛查建议,按风险人群和指南版本决定筛查策略,筛查/预警,官方指南,USPSTF / CDC / ACIP / specialty society recommendations,https://www.uspreventiveservicestaskforce.org/,官方指南/专业协会/监管或分期体系,A：官方或专业协会来源,高：对应专科真实临床常用或指南推荐,指南级覆盖；适合做正式模块，但需锁定版本,真实临床使用；实现时需核对最新指南、适用人群和授权,,外部来源扩展补充,,
CALC-1125,公共卫生、预防医学与筛查扩展,筛查/预防,宫颈癌筛查间隔,宫颈癌筛查间隔,Cervical Cancer Screening Interval,年龄；性别；妊娠；免疫状态；既往病史；家族史；危险因素；既往筛查日期；检测结果,筛查资格、筛查间隔、提醒或禁忌提示,USPSTF、CDC、ACIP、专业协会筛查建议,按风险人群和指南版本决定筛查策略,筛查/预警,官方指南,USPSTF / CDC / ACIP / specialty society recommendations,https://www.uspreventiveservicestaskforce.org/,官方指南/专业协会/监管或分期体系,A：官方或专业协会来源,高：对应专科真实临床常用或指南推荐,指南级覆盖；适合做正式模块，但需锁定版本,真实临床使用；实现时需核对最新指南、适用人群和授权,,外部来源扩展补充,,
CALC-1126,公共卫生、预防医学与筛查扩展,筛查/预防,结直肠癌筛查间隔,结直肠癌筛查间隔,Colorectal Cancer Screening Interval,年龄；性别；妊娠；免疫状态；既往病史；家族史；危险因素；既往筛查日期；检测结果,筛查资格、筛查间隔、提醒或禁忌提示,USPSTF、CDC、ACIP、专业协会筛查建议,按风险人群和指南版本决定筛查策略,筛查/预警,官方指南,USPSTF / CDC / ACIP / specialty society recommendations,https://www.uspreventiveservicestaskforce.org/,官方指南/专业协会/监管或分期体系,A：官方或专业协会来源,高：对应专科真实临床常用或指南推荐,指南级覆盖；适合做正式模块，但需锁定版本,真实临床使用；实现时需核对最新指南、适用人群和授权,,外部来源扩展补充,,
CALC-1127,公共卫生、预防医学与筛查扩展,筛查/预防,肺癌低剂量CT筛查资格,肺癌低剂量CT筛查资格,Lung Cancer LDCT Screening Eligibility,年龄；性别；妊娠；免疫状态；既往病史；家族史；危险因素；既往筛查日期；检测结果,筛查资格、筛查间隔、提醒或禁忌提示,USPSTF、CDC、ACIP、专业协会筛查建议,按风险人群和指南版本决定筛查策略,筛查/预警,官方指南,USPSTF / CDC / ACIP / specialty society recommendations,https://www.uspreventiveservicestaskforce.org/,官方指南/专业协会/监管或分期体系,A：官方或专业协会来源,高：对应专科真实临床常用或指南推荐,指南级覆盖；适合做正式模块，但需锁定版本,真实临床使用；实现时需核对最新指南、适用人群和授权,,外部来源扩展补充,,
CALC-1128,公共卫生、预防医学与筛查扩展,筛查/预防,乳腺癌筛查间隔,乳腺癌筛查间隔,Breast Cancer Screening Interval,年龄；性别；妊娠；免疫状态；既往病史；家族史；危险因素；既往筛查日期；检测结果,筛查资格、筛查间隔、提醒或禁忌提示,USPSTF、CDC、ACIP、专业协会筛查建议,按风险人群和指南版本决定筛查策略,筛查/预警,官方指南,USPSTF / CDC / ACIP / specialty society recommendations,https://www.uspreventiveservicestaskforce.org/,官方指南/专业协会/监管或分期体系,A：官方或专业协会来源,高：对应专科真实临床常用或指南推荐,指南级覆盖；适合做正式模块，但需锁定版本,真实临床使用；实现时需核对最新指南、适用人群和授权,,外部来源扩展补充,,
CALC-1129,公共卫生、预防医学与筛查扩展,筛查/预防,前列腺癌筛查讨论资格,前列腺癌筛查讨论资格,Prostate Cancer Screening Discussion Support,年龄；性别；妊娠；免疫状态；既往病史；家族史；危险因素；既往筛查日期；检测结果,筛查资格、筛查间隔、提醒或禁忌提示,USPSTF、CDC、ACIP、专业协会筛查建议,按风险人群和指南版本决定筛查策略,筛查/预警,官方指南,USPSTF / CDC / ACIP / specialty society recommendations,https://www.uspreventiveservicestaskforce.org/,官方指南/专业协会/监管或分期体系,A：官方或专业协会来源,高：对应专科真实临床常用或指南推荐,指南级覆盖；适合做正式模块，但需锁定版本,真实临床使用；实现时需核对最新指南、适用人群和授权,,外部来源扩展补充,,
CALC-1130,公共卫生、预防医学与筛查扩展,筛查/预防,新生儿筛查项目核对,新生儿筛查项目核对,Newborn Screening Panel Support,年龄；性别；妊娠；免疫状态；既往病史；家族史；危险因素；既往筛查日期；检测结果,筛查资格、筛查间隔、提醒或禁忌提示,USPSTF、CDC、ACIP、专业协会筛查建议,按风险人群和指南版本决定筛查策略,筛查/预警,官方指南,USPSTF / CDC / ACIP / specialty society recommendations,https://www.uspreventiveservicestaskforce.org/,官方指南/专业协会/监管或分期体系,A：官方或专业协会来源,高：对应专科真实临床常用或指南推荐,指南级覆盖；适合做正式模块，但需锁定版本,真实临床使用；实现时需核对最新指南、适用人群和授权,,外部来源扩展补充,,
CALC-1131,公共卫生、预防医学与筛查扩展,筛查/预防,儿童孤独症筛查时间点,儿童孤独症筛查时间点,Autism Screening Timing Support,年龄；性别；妊娠；免疫状态；既往病史；家族史；危险因素；既往筛查日期；检测结果,筛查资格、筛查间隔、提醒或禁忌提示,USPSTF、CDC、ACIP、专业协会筛查建议,按风险人群和指南版本决定筛查策略,筛查/预警,官方指南,USPSTF / CDC / ACIP / specialty society recommendations,https://www.uspreventiveservicestaskforce.org/,官方指南/专业协会/监管或分期体系,A：官方或专业协会来源,高：对应专科真实临床常用或指南推荐,指南级覆盖；适合做正式模块，但需锁定版本,真实临床使用；实现时需核对最新指南、适用人群和授权,,外部来源扩展补充,,
CALC-1132,公共卫生、预防医学与筛查扩展,筛查/预防,儿童发育筛查时间点,儿童发育筛查时间点,Developmental Screening Timing Support,年龄；性别；妊娠；免疫状态；既往病史；家族史；危险因素；既往筛查日期；检测结果,筛查资格、筛查间隔、提醒或禁忌提示,USPSTF、CDC、ACIP、专业协会筛查建议,按风险人群和指南版本决定筛查策略,筛查/预警,官方指南,USPSTF / CDC / ACIP / specialty society recommendations,https://www.uspreventiveservicestaskforce.org/,官方指南/专业协会/监管或分期体系,A：官方或专业协会来源,高：对应专科真实临床常用或指南推荐,指南级覆盖；适合做正式模块，但需锁定版本,真实临床使用；实现时需核对最新指南、适用人群和授权,,外部来源扩展补充,,
CALC-1133,公共卫生、预防医学与筛查扩展,筛查/预防,跌倒风险年度筛查,跌倒风险年度筛查,Annual Fall Risk Screening,年龄；性别；妊娠；免疫状态；既往病史；家族史；危险因素；既往筛查日期；检测结果,筛查资格、筛查间隔、提醒或禁忌提示,USPSTF、CDC、ACIP、专业协会筛查建议,按风险人群和指南版本决定筛查策略,筛查/预警,官方指南,USPSTF / CDC / ACIP / specialty society recommendations,https://www.uspreventiveservicestaskforce.org/,官方指南/专业协会/监管或分期体系,A：官方或专业协会来源,高：对应专科真实临床常用或指南推荐,指南级覆盖；适合做正式模块，但需锁定版本,真实临床使用；实现时需核对最新指南、适用人群和授权,,外部来源扩展补充,,
CALC-1134,公共卫生、预防医学与筛查扩展,筛查/预防,用药多重用药风险筛查,用药多重用药风险筛查,Polypharmacy Risk Screening,年龄；性别；妊娠；免疫状态；既往病史；家族史；危险因素；既往筛查日期；检测结果,筛查资格、筛查间隔、提醒或禁忌提示,USPSTF、CDC、ACIP、专业协会筛查建议,按风险人群和指南版本决定筛查策略,筛查/预警,官方指南,USPSTF / CDC / ACIP / specialty society recommendations,https://www.uspreventiveservicestaskforce.org/,官方指南/专业协会/监管或分期体系,A：官方或专业协会来源,高：对应专科真实临床常用或指南推荐,指南级覆盖；适合做正式模块，但需锁定版本,真实临床使用；实现时需核对最新指南、适用人群和授权,,外部来源扩展补充,,
CALC-1135,公共卫生、预防医学与筛查扩展,筛查/预防,老年驾驶风险筛查,老年驾驶风险筛查,Older Driver Risk Screening,年龄；性别；妊娠；免疫状态；既往病史；家族史；危险因素；既往筛查日期；检测结果,筛查资格、筛查间隔、提醒或禁忌提示,USPSTF、CDC、ACIP、专业协会筛查建议,按风险人群和指南版本决定筛查策略,筛查/预警,官方指南,USPSTF / CDC / ACIP / specialty society recommendations,https://www.uspreventiveservicestaskforce.org/,官方指南/专业协会/监管或分期体系,A：官方或专业协会来源,高：对应专科真实临床常用或指南推荐,指南级覆盖；适合做正式模块，但需锁定版本,真实临床使用；实现时需核对最新指南、适用人群和授权,,外部来源扩展补充,,
CALC-1136,公共卫生、预防医学与筛查扩展,筛查/预防,疫苗禁忌和注意事项核对,疫苗禁忌和注意事项核对,Vaccine Contraindication Precaution Support,年龄；性别；妊娠；免疫状态；既往病史；家族史；危险因素；既往筛查日期；检测结果,筛查资格、筛查间隔、提醒或禁忌提示,USPSTF、CDC、ACIP、专业协会筛查建议,按风险人群和指南版本决定筛查策略,筛查/预警,官方指南,USPSTF / CDC / ACIP / specialty society recommendations,https://www.uspreventiveservicestaskforce.org/,官方指南/专业协会/监管或分期体系,A：官方或专业协会来源,高：对应专科真实临床常用或指南推荐,指南级覆盖；适合做正式模块，但需锁定版本,真实临床使用；实现时需核对最新指南、适用人群和授权,,外部来源扩展补充,,
CALC-1137,公共卫生、预防医学与筛查扩展,筛查/预防,妊娠疫苗建议核对,妊娠疫苗建议核对,Pregnancy Immunization Support,年龄；性别；妊娠；免疫状态；既往病史；家族史；危险因素；既往筛查日期；检测结果,筛查资格、筛查间隔、提醒或禁忌提示,USPSTF、CDC、ACIP、专业协会筛查建议,按风险人群和指南版本决定筛查策略,筛查/预警,官方指南,USPSTF / CDC / ACIP / specialty society recommendations,https://www.uspreventiveservicestaskforce.org/,官方指南/专业协会/监管或分期体系,A：官方或专业协会来源,高：对应专科真实临床常用或指南推荐,指南级覆盖；适合做正式模块，但需锁定版本,真实临床使用；实现时需核对最新指南、适用人群和授权,,外部来源扩展补充,,
CALC-1138,公共卫生、预防医学与筛查扩展,筛查/预防,旅行疫苗建议核对,旅行疫苗建议核对,Travel Vaccine Recommendation Support,年龄；性别；妊娠；免疫状态；既往病史；家族史；危险因素；既往筛查日期；检测结果,筛查资格、筛查间隔、提醒或禁忌提示,USPSTF、CDC、ACIP、专业协会筛查建议,按风险人群和指南版本决定筛查策略,筛查/预警,官方指南,USPSTF / CDC / ACIP / specialty society recommendations,https://www.uspreventiveservicestaskforce.org/,官方指南/专业协会/监管或分期体系,A：官方或专业协会来源,高：对应专科真实临床常用或指南推荐,指南级覆盖；适合做正式模块，但需锁定版本,真实临床使用；实现时需核对最新指南、适用人群和授权,,外部来源扩展补充,,
