id,专业类别,中文名称,英文名称,来源/指南,来源链接,formula_feasibility,reason_if_not_directly_implemented,next_action,registry_status,pending_blocker_type,data_needed_for_code,suggested_implementation_artifact
CALC-0053,心血管医学,ASCVD 10年风险评估,ASCVD 10-Year Risk Estimator,ACC ASCVD Risk Estimator Plus,https://tools.acc.org/ascvd-risk-estimator-plus/,possible_but_model_needs_coefficients,"External calculators/papers may exist, but executable implementation needs full coefficients, caps/floors, population limits, and validation examples; not safe from title/source alone.",find original model coefficients/caps/examples or official implementation before coding,pending_formula_or_rule_implementation,model_coefficients_needed,"complete coefficients, transformations, caps, and validation examples",markdown_or_data_table_until_source_complete
CALC-0058,心血管医学,PREVENT心血管风险方程,AHA PREVENT Equations,AHA PREVENT calculator,https://professional.heart.org/en/guidelines-and-statements/prevent-calculator,possible_but_model_needs_coefficients,"External calculators/papers may exist, but executable implementation needs full coefficients, caps/floors, population limits, and validation examples; not safe from title/source alone.",find original model coefficients/caps/examples or official implementation before coding,pending_formula_or_rule_implementation,model_coefficients_needed,"complete coefficients, transformations, caps, and validation examples",markdown_or_data_table_until_source_complete
CALC-0159,肾脏与泌尿生殖,前列腺癌PCPT风险,PCPT Prostate Cancer Risk Calculator,Calculate by QxMD,https://qxmd.com/calculate/,possible_but_model_needs_coefficients,"External calculators/papers may exist, but executable implementation needs full coefficients, caps/floors, population limits, and validation examples; not safe from title/source alone.",find original model coefficients/caps/examples or official implementation before coding,pending_formula_or_rule_implementation,model_coefficients_needed,"complete coefficients, transformations, caps, and validation examples",markdown_or_data_table_until_source_complete
CALC-0202,内分泌、代谢与电解质,FRAX骨折风险,FRAX Fracture Risk Assessment,Calculate by QxMD,https://qxmd.com/calculate/,possible_but_model_needs_coefficients,"External calculators/papers may exist, but executable implementation needs full coefficients, caps/floors, population limits, and validation examples; not safe from title/source alone.",find original model coefficients/caps/examples or official implementation before coding,pending_formula_or_rule_implementation,model_coefficients_needed,"complete coefficients, transformations, caps, and validation examples",markdown_or_data_table_until_source_complete
CALC-0256,儿科学,新生儿早发败血症风险,Neonatal Early-Onset Sepsis Calculator,Calculate by QxMD,https://qxmd.com/calculate/,possible_but_model_needs_coefficients,Complete coefficients baseline incidence constraints and management-version validation are required.,obtain and validate the complete model version,pending_formula_or_rule_implementation,model_coefficients_needed,complete coefficients baseline incidence constraints and validation examples,markdown_or_data_table_until_source_complete
CALC-0261,妇产科学,MFMU剖宫产后阴道试产预测,MFMU VBAC Calculator,MFMU VBAC calculator,https://mfmunetwork.bsc.gwu.edu/web/mfmunetwork/vaginal-birth-after-cesarean-calculator,needs_manual_research,No sufficient formula cue in local metadata; needs targeted source search and source-quality decision.,perform targeted source search and decide implementation type,pending_formula_or_rule_implementation,manual_research_needed,reliable source and formula-level details,markdown_or_data_table_until_source_complete
CALC-0330,创伤、中毒与职业损伤,对乙酰氨基酚中毒列线图,Rumack-Matthew Nomogram,MDCalc calculator library,https://www.mdcalc.com/,possible_but_requires_chart_digitization,Nomogram requires curve/table digitization or authoritative formula; external source is not enough unless numeric thresholds are available.,find numeric table/formula; otherwise leave as non-executable,pending_formula_or_rule_implementation,chart_digitization_needed,digitized nomogram/chart data and validation examples,markdown_or_data_table_until_source_complete
CALC-0378,临床药理、诊断统计与通用工具,饮酒筛查问卷调查,Alcohol Screening Questionnaire,MDCalc calculator library,https://www.mdcalc.com/,limited_by_questionnaire_rights,Can implement scoring from pre-coded item scores if scoring rules are public; should not reproduce protected item text or copyrighted instruments without license.,score only coded item values; do not include protected questionnaire text,pending_formula_or_rule_implementation,rights_limited_questionnaire,permission-safe scored inputs or licensing clearance,markdown_or_data_table_until_source_complete
CALC-0381,临床药理、诊断统计与通用工具,华法林维持剂量辅助,Warfarin Dose Estimation,Calculate by QxMD,https://qxmd.com/calculate/,not_single_formula_drug_rule,Adjustment depends on indication target INR interactions and local protocol.,retain as versioned medication guidance,pending_formula_or_rule_implementation,drug_rule,versioned anticoagulation protocol monitoring and safety constraints,markdown_or_data_table_until_source_complete
CALC-0385,临床药理、诊断统计与通用工具,氨基糖苷给药间隔估算,Aminoglycoside Dosing Interval,Merck Manual clinical calculators,https://www.merckmanuals.com/professional/pages-with-widgets/clinical-calculators,not_single_formula_drug_rule,"Medication/TDM/pharmacogenomic rows require drug-specific label/guideline rules, target ranges, patient context, and versioning; external sources can supply rules but not one universal formula.",requires drug-specific rule engine and guideline/version governance,pending_formula_or_rule_implementation,drug_rule,"drug-specific dosing/TDM rules, monitoring conditions, and safety constraints",markdown_or_data_table_until_source_complete
CALC-0389,眼科,屈光术后人工晶体计算,Post-Refractive IOL Calculator,ASCRS IOL calculator,https://iolcalc.ascrs.org/,needs_manual_research,No sufficient formula cue in local metadata; needs targeted source search and source-quality decision.,perform targeted source search and decide implementation type,pending_formula_or_rule_implementation,manual_research_needed,reliable source and formula-level details,markdown_or_data_table_until_source_complete
CALC-0393,眼科,青光眼视野损害分级,Glaucoma Visual Field Staging,AAO Preferred Practice Patterns,https://www.aao.org/preferred-practice-pattern,needs_manual_research,No sufficient formula cue in local metadata; needs targeted source search and source-quality decision.,perform targeted source search and decide implementation type,pending_formula_or_rule_implementation,manual_research_needed,reliable source and formula-level details,markdown_or_data_table_until_source_complete
CALC-0396,耳鼻喉、头颈与听力言语,鼻阻塞症状评分,"Nasal Obstruction Symptom Evaluation, NOSE",NOSE Scale,https://www.entnet.org/,needs_manual_research,No sufficient formula cue in local metadata; needs targeted source search and source-quality decision.,perform targeted source search and decide implementation type,pending_formula_or_rule_implementation,manual_research_needed,reliable source and formula-level details,markdown_or_data_table_until_source_complete
CALC-0404,耳鼻喉、头颈与听力言语,耳鸣功能指数,"Tinnitus Functional Index, TFI",Tinnitus Functional Index,https://www.ata.org/,needs_manual_research,No sufficient formula cue in local metadata; needs targeted source search and source-quality decision.,perform targeted source search and decide implementation type,pending_formula_or_rule_implementation,manual_research_needed,reliable source and formula-level details,markdown_or_data_table_until_source_complete
CALC-0415,皮肤科,医师总体评估,Investigator or Physician Global Assessment,AAD clinical guidelines,https://www.aad.org/member/clinical-quality/guidelines,needs_manual_research,No sufficient formula cue in local metadata; needs targeted source search and source-quality decision.,perform targeted source search and decide implementation type,pending_formula_or_rule_implementation,manual_research_needed,reliable source and formula-level details,markdown_or_data_table_until_source_complete
CALC-0423,风湿免疫,ANCA相关血管炎活动评分,"Birmingham Vasculitis Activity Score, BVAS",EULAR recommendations,https://www.eular.org/recommendations_home,needs_manual_research,No sufficient formula cue in local metadata; needs targeted source search and source-quality decision.,perform targeted source search and decide implementation type,pending_formula_or_rule_implementation,manual_research_needed,reliable source and formula-level details,markdown_or_data_table_until_source_complete
CALC-0424,风湿免疫,狼疮BILAG疾病活动评分,"British Isles Lupus Assessment Group Index, BILAG",BILAG index,https://www.rheumatology.org/,needs_manual_research,No sufficient formula cue in local metadata; needs targeted source search and source-quality decision.,perform targeted source search and decide implementation type,pending_formula_or_rule_implementation,manual_research_needed,reliable source and formula-level details,markdown_or_data_table_until_source_complete
CALC-0442,骨科、运动医学与康复,髋关节损伤和骨关节炎结局评分,"Hip disability and Osteoarthritis Outcome Score, HOOS",HOOS,https://www.koos.nu/,limited_by_questionnaire_rights,Can implement scoring from pre-coded item scores if scoring rules are public; should not reproduce protected item text or copyrighted instruments without license.,score only coded item values; do not include protected questionnaire text,pending_formula_or_rule_implementation,rights_limited_questionnaire,permission-safe scored inputs or licensing clearance,markdown_or_data_table_until_source_complete
CALC-0443,骨科、运动医学与康复,膝关节损伤和骨关节炎结局评分,"Knee injury and Osteoarthritis Outcome Score, KOOS",KOOS,https://www.koos.nu/,limited_by_questionnaire_rights,Can implement scoring from pre-coded item scores if scoring rules are public; should not reproduce protected item text or copyrighted instruments without license.,score only coded item values; do not include protected questionnaire text,pending_formula_or_rule_implementation,rights_limited_questionnaire,permission-safe scored inputs or licensing clearance,markdown_or_data_table_until_source_complete
CALC-0444,骨科、运动医学与康复,WOMAC骨关节炎指数,Western Ontario and McMaster Universities Osteoarthritis Index,WOMAC Osteoarthritis Index,https://www.womac.com/,limited_by_questionnaire_rights,Can implement scoring from pre-coded item scores if scoring rules are public; should not reproduce protected item text or copyrighted instruments without license.,score only coded item values; do not include protected questionnaire text,pending_formula_or_rule_implementation,rights_limited_questionnaire,permission-safe scored inputs or licensing clearance,markdown_or_data_table_until_source_complete
CALC-0445,骨科、运动医学与康复,膝关节协会评分,"Knee Society Score, KSS",Knee Society Score,https://kneesociety.org/,needs_manual_research,No sufficient formula cue in local metadata; needs targeted source search and source-quality decision.,perform targeted source search and decide implementation type,pending_formula_or_rule_implementation,manual_research_needed,reliable source and formula-level details,markdown_or_data_table_until_source_complete
CALC-0446,骨科、运动医学与康复,IKDC主观膝关节评分,International Knee Documentation Committee Subjective Knee Form,IKDC forms,https://www.sportsmed.org/research-patient-care/outcomes-research/ikdc,limited_by_questionnaire_rights,Can implement scoring from pre-coded item scores if scoring rules are public; should not reproduce protected item text or copyrighted instruments without license.,score only coded item values; do not include protected questionnaire text,pending_formula_or_rule_implementation,rights_limited_questionnaire,permission-safe scored inputs or licensing clearance,markdown_or_data_table_until_source_complete
CALC-0449,骨科、运动医学与康复,ASES肩肘外科医师评分,American Shoulder and Elbow Surgeons Score,ASES outcome measures,https://www.ases-assn.org/,needs_manual_research,No sufficient formula cue in local metadata; needs targeted source search and source-quality decision.,perform targeted source search and decide implementation type,pending_formula_or_rule_implementation,manual_research_needed,reliable source and formula-level details,markdown_or_data_table_until_source_complete
CALC-0458,肿瘤学、放疗与姑息医学,NCI不良事件通用术语标准,"Common Terminology Criteria for Adverse Events, CTCAE",NCI CTCAE,https://ctep.cancer.gov/protocolDevelopment/electronic_applications/ctc.htm,needs_manual_research,No sufficient formula cue in local metadata; needs targeted source search and source-quality decision.,perform targeted source search and decide implementation type,pending_formula_or_rule_implementation,manual_research_needed,reliable source and formula-level details,markdown_or_data_table_until_source_complete
CALC-0459,肿瘤学、放疗与姑息医学,AJCC TNM分期框架,AJCC TNM Staging,AJCC Cancer Staging,https://www.facs.org/quality-programs/cancer-programs/american-joint-committee-on-cancer/,not_formula_staging_or_subscription,"Cancer staging/risk-group entries are structured staging systems or subscription/licensed guideline content; need site-specific TNM/risk tables and version governance, not a simple formula.",requires licensed/versioned staging tables; do not infer from summaries,pending_formula_or_rule_implementation,staging_or_subscription,versioned staging tables/rules or licensed system details,markdown_or_data_table_until_source_complete
CALC-0460,肿瘤学、放疗与姑息医学,乳腺癌预后分期,Breast Cancer Prognostic Stage,AJCC Cancer Staging,https://www.facs.org/quality-programs/cancer-programs/american-joint-committee-on-cancer/,not_formula_staging_or_subscription,"Cancer staging/risk-group entries are structured staging systems or subscription/licensed guideline content; need site-specific TNM/risk tables and version governance, not a simple formula.",requires licensed/versioned staging tables; do not infer from summaries,pending_formula_or_rule_implementation,staging_or_subscription,versioned staging tables/rules or licensed system details,markdown_or_data_table_until_source_complete
CALC-0461,肿瘤学、放疗与姑息医学,肺癌TNM分期,Lung Cancer TNM Stage,AJCC Cancer Staging,https://www.facs.org/quality-programs/cancer-programs/american-joint-committee-on-cancer/,not_formula_staging_or_subscription,"Cancer staging/risk-group entries are structured staging systems or subscription/licensed guideline content; need site-specific TNM/risk tables and version governance, not a simple formula.",requires licensed/versioned staging tables; do not infer from summaries,pending_formula_or_rule_implementation,staging_or_subscription,versioned staging tables/rules or licensed system details,markdown_or_data_table_until_source_complete
CALC-0462,肿瘤学、放疗与姑息医学,结直肠癌TNM分期,Colorectal Cancer TNM Stage,AJCC Cancer Staging,https://www.facs.org/quality-programs/cancer-programs/american-joint-committee-on-cancer/,not_formula_staging_or_subscription,"Cancer staging/risk-group entries are structured staging systems or subscription/licensed guideline content; need site-specific TNM/risk tables and version governance, not a simple formula.",requires licensed/versioned staging tables; do not infer from summaries,pending_formula_or_rule_implementation,staging_or_subscription,versioned staging tables/rules or licensed system details,markdown_or_data_table_until_source_complete
CALC-0465,肿瘤学、放疗与姑息医学,癌症治疗相关老年毒性风险,CARG Chemotherapy Toxicity Score,Cancer and Aging Research Group,https://www.mycarg.org/,needs_manual_research,No sufficient formula cue in local metadata; needs targeted source search and source-quality decision.,perform targeted source search and decide implementation type,pending_formula_or_rule_implementation,manual_research_needed,reliable source and formula-level details,markdown_or_data_table_until_source_complete
CALC-0469,移植医学,肾移植候选人预期移植后生存评分,"Estimated Post-Transplant Survival, EPTS",OPTN calculators,https://optn.transplant.hrsa.gov/data/allocation-calculators/,possible_but_model_needs_coefficients,"External calculators/papers may exist, but executable implementation needs full coefficients, caps/floors, population limits, and validation examples; not safe from title/source alone.",find original model coefficients/caps/examples or official implementation before coding,pending_formula_or_rule_implementation,model_coefficients_needed,"complete coefficients, transformations, caps, and validation examples",markdown_or_data_table_until_source_complete
CALC-0470,移植医学,肾供体概况指数,"Kidney Donor Profile Index, KDPI",OPTN KDPI,https://optn.transplant.hrsa.gov/data/allocation-calculators/,possible_but_model_needs_coefficients,"External calculators/papers may exist, but executable implementation needs full coefficients, caps/floors, population limits, and validation examples; not safe from title/source alone.",find original model coefficients/caps/examples or official implementation before coding,pending_formula_or_rule_implementation,model_coefficients_needed,"complete coefficients, transformations, caps, and validation examples",markdown_or_data_table_until_source_complete
CALC-0471,移植医学,计算群体反应抗体,"Calculated Panel Reactive Antibody, cPRA",OPTN cPRA,https://optn.transplant.hrsa.gov/data/allocation-calculators/,possible_but_model_needs_coefficients,"External calculators/papers may exist, but executable implementation needs full coefficients, caps/floors, population limits, and validation examples; not safe from title/source alone.",find original model coefficients/caps/examples or official implementation before coding,pending_formula_or_rule_implementation,model_coefficients_needed,"complete coefficients, transformations, caps, and validation examples",markdown_or_data_table_until_source_complete
CALC-0472,移植医学,肺移植综合分配评分,"Lung Composite Allocation Score, CAS",OPTN lung allocation,https://optn.transplant.hrsa.gov/,possible_but_model_needs_coefficients,"External calculators/papers may exist, but executable implementation needs full coefficients, caps/floors, population limits, and validation examples; not safe from title/source alone.",find original model coefficients/caps/examples or official implementation before coding,pending_formula_or_rule_implementation,model_coefficients_needed,"complete coefficients, transformations, caps, and validation examples",markdown_or_data_table_until_source_complete
CALC-0473,移植医学,心脏移植医学紧急状态分级,Adult Heart Allocation Status,OPTN heart allocation,https://optn.transplant.hrsa.gov/,needs_manual_research,No sufficient formula cue in local metadata; needs targeted source search and source-quality decision.,perform targeted source search and decide implementation type,pending_formula_or_rule_implementation,manual_research_needed,reliable source and formula-level details,markdown_or_data_table_until_source_complete
CALC-0475,移植医学,EBMT造血干细胞移植风险评分,EBMT Risk Score,EBMT risk score,https://www.ebmt.org/,needs_manual_research,No sufficient formula cue in local metadata; needs targeted source search and source-quality decision.,perform targeted source search and decide implementation type,pending_formula_or_rule_implementation,manual_research_needed,reliable source and formula-level details,markdown_or_data_table_until_source_complete
CALC-0476,移植医学,慢性肺移植物功能障碍分级,Chronic Lung Allograft Dysfunction Grade,ISHLT guidelines,https://www.ishlt.org/ishlt/media/documents/Guidelines/Guidelines-For-Management-Of-CLAD.pdf,needs_manual_research,No sufficient formula cue in local metadata; needs targeted source search and source-quality decision.,perform targeted source search and decide implementation type,pending_formula_or_rule_implementation,manual_research_needed,reliable source and formula-level details,markdown_or_data_table_until_source_complete
CALC-0486,护理、安全与功能评估,ICU谵妄评估,CAM-ICU,ICU Delirium CAM-ICU,https://www.icudelirium.org/,needs_manual_research,No sufficient formula cue in local metadata; needs targeted source search and source-quality decision.,perform targeted source search and decide implementation type,pending_formula_or_rule_implementation,manual_research_needed,reliable source and formula-level details,markdown_or_data_table_until_source_complete
CALC-0489,口腔、牙周与颌面医学,牙周炎分期分级,Periodontitis Stage and Grade,AAP/EFP classification,https://www.efp.org/,needs_manual_research,No sufficient formula cue in local metadata; needs targeted source search and source-quality decision.,perform targeted source search and decide implementation type,pending_formula_or_rule_implementation,manual_research_needed,reliable source and formula-level details,markdown_or_data_table_until_source_complete
CALC-0490,口腔、牙周与颌面医学,牙周炎症表面积,"Periodontal Inflamed Surface Area, PISA",Periodontal Inflamed Surface Area,https://www.parsprototo.info/,needs_manual_research,No sufficient formula cue in local metadata; needs targeted source search and source-quality decision.,perform targeted source search and decide implementation type,pending_formula_or_rule_implementation,manual_research_needed,reliable source and formula-level details,markdown_or_data_table_until_source_complete
CALC-0492,口腔、牙周与颌面医学,口腔健康影响程度14项,"Oral Health Impact Profile-14, OHIP-14",OHIP-14,https://www.adelaide.edu.au/arcpoh/ohip-14,needs_manual_research,No sufficient formula cue in local metadata; needs targeted source search and source-quality decision.,perform targeted source search and decide implementation type,pending_formula_or_rule_implementation,manual_research_needed,reliable source and formula-level details,markdown_or_data_table_until_source_complete
CALC-0494,放射影像与核医学,乳腺影像报告和数据系统,BI-RADS Category,ACR BI-RADS,https://www.acr.org/Clinical-Resources/Reporting-and-Data-Systems/Bi-Rads,needs_manual_research,No sufficient formula cue in local metadata; needs targeted source search and source-quality decision.,perform targeted source search and decide implementation type,pending_formula_or_rule_implementation,manual_research_needed,reliable source and formula-level details,markdown_or_data_table_until_source_complete
CALC-0495,放射影像与核医学,前列腺影像报告和数据系统,PI-RADS v2.1,ACR PI-RADS,https://www.acr.org/Clinical-Resources/Reporting-and-Data-Systems/PI-RADS,needs_manual_research,No sufficient formula cue in local metadata; needs targeted source search and source-quality decision.,perform targeted source search and decide implementation type,pending_formula_or_rule_implementation,manual_research_needed,reliable source and formula-level details,markdown_or_data_table_until_source_complete
CALC-0496,放射影像与核医学,甲状腺影像报告和数据系统,ACR TI-RADS,ACR TI-RADS,https://www.acr.org/Clinical-Resources/Reporting-and-Data-Systems/TI-RADS,needs_manual_research,No sufficient formula cue in local metadata; needs targeted source search and source-quality decision.,perform targeted source search and decide implementation type,pending_formula_or_rule_implementation,manual_research_needed,reliable source and formula-level details,markdown_or_data_table_until_source_complete
CALC-0497,放射影像与核医学,肺结节筛查报告系统,Lung-RADS,ACR Lung-RADS,https://www.acr.org/Clinical-Resources/Reporting-and-Data-Systems/Lung-Rads,needs_manual_research,No sufficient formula cue in local metadata; needs targeted source search and source-quality decision.,perform targeted source search and decide implementation type,pending_formula_or_rule_implementation,manual_research_needed,reliable source and formula-level details,markdown_or_data_table_until_source_complete
CALC-0498,放射影像与核医学,肝脏影像报告系统,LI-RADS,ACR LI-RADS,https://www.acr.org/Clinical-Resources/Reporting-and-Data-Systems/LI-RADS,needs_manual_research,No sufficient formula cue in local metadata; needs targeted source search and source-quality decision.,perform targeted source search and decide implementation type,pending_formula_or_rule_implementation,manual_research_needed,reliable source and formula-level details,markdown_or_data_table_until_source_complete
CALC-0499,放射影像与核医学,卵巢附件影像报告系统,O-RADS,ACR O-RADS,https://www.acr.org/Clinical-Resources/Reporting-and-Data-Systems/O-Rads,needs_manual_research,No sufficient formula cue in local metadata; needs targeted source search and source-quality decision.,perform targeted source search and decide implementation type,pending_formula_or_rule_implementation,manual_research_needed,reliable source and formula-level details,markdown_or_data_table_until_source_complete
CALC-0500,放射影像与核医学,冠状动脉钙化积分,Agatston Coronary Artery Calcium Score,SCCT CAC scoring,https://scct.org/,needs_manual_research,No sufficient formula cue in local metadata; needs targeted source search and source-quality decision.,perform targeted source search and decide implementation type,pending_formula_or_rule_implementation,manual_research_needed,reliable source and formula-level details,markdown_or_data_table_until_source_complete
CALC-0507,儿科亚专科与新生儿,新生儿阿片戒断评分,Finnegan Neonatal Abstinence Score,QxMD Calculate,https://qxmd.com/calculate/,limited_by_questionnaire_rights,Full weighted item content is not safe to reproduce from an aggregator.,obtain a rights-cleared source and permission-safe input contract,pending_formula_or_rule_implementation,rights_limited_questionnaire,permission-safe coded inputs or licensing clearance,markdown_or_data_table_until_source_complete
CALC-0511,儿科亚专科与新生儿,儿童肝移植PELD补充分层,PELD Exception Support,OPTN PELD calculator,https://optn.transplant.hrsa.gov/data/allocation-calculators/peld-calculator/,needs_manual_research,No sufficient formula cue in local metadata; needs targeted source search and source-quality decision.,perform targeted source search and decide implementation type,pending_formula_or_rule_implementation,manual_research_needed,reliable source and formula-level details,markdown_or_data_table_until_source_complete
CALC-0516,妇产高危与生殖医学,胎儿生长百分位,Fetal Growth Percentile,INTERGROWTH-21st,https://intergrowth21.tghn.org/,possible_but_requires_reference_tables,"Growth percentile calculators need LMS/reference tables by sex/age/measure; external data can fill them, but this is a data-table implementation rather than a compact formula.",download/encode official reference tables with tests,pending_formula_or_rule_implementation,reference_tables_needed,official reference tables or LMS parameters,markdown_or_data_table_until_source_complete
CALC-0521,妇产高危与生殖医学,早产风险fFN辅助解释,Fetal Fibronectin Risk Support,NICE preterm labour diagnostics,https://www.nice.org.uk/,needs_manual_research,No sufficient formula cue in local metadata; needs targeted source search and source-quality decision.,perform targeted source search and decide implementation type,pending_formula_or_rule_implementation,manual_research_needed,reliable source and formula-level details,markdown_or_data_table_until_source_complete
CALC-0523,妇产高危与生殖医学,OHSS风险评分,Ovarian Hyperstimulation Syndrome Risk,ASRM committee documents,https://www.asrm.org/practice-guidance/practice-committee-documents/,needs_manual_research,No sufficient formula cue in local metadata; needs targeted source search and source-quality decision.,perform targeted source search and decide implementation type,pending_formula_or_rule_implementation,manual_research_needed,reliable source and formula-level details,markdown_or_data_table_until_source_complete
CALC-0524,心衰、心电与血管医学,西雅图心衰模型,"Seattle Heart Failure Model, SHFM",Seattle Heart Failure Model,https://depts.washington.edu/shfm/,possible_but_model_needs_coefficients,"External calculators/papers may exist, but executable implementation needs full coefficients, caps/floors, population limits, and validation examples; not safe from title/source alone.",find original model coefficients/caps/examples or official implementation before coding,pending_formula_or_rule_implementation,model_coefficients_needed,"complete coefficients, transformations, caps, and validation examples",markdown_or_data_table_until_source_complete
CALC-0526,心衰、心电与血管医学,MECKI心衰运动预后评分,MECKI Score,MECKI Score,https://www.cardiologicomonzino.it/en/mecki-score/,needs_manual_research,No sufficient formula cue in local metadata; needs targeted source search and source-quality decision.,perform targeted source search and decide implementation type,pending_formula_or_rule_implementation,manual_research_needed,reliable source and formula-level details,markdown_or_data_table_until_source_complete
CALC-0535,心衰、心电与血管医学,WIfI保肢风险分级,Wound Ischemia and foot Infection Classification,SVS WIfI,https://vascular.org/,needs_manual_research,No sufficient formula cue in local metadata; needs targeted source search and source-quality decision.,perform targeted source search and decide implementation type,pending_formula_or_rule_implementation,manual_research_needed,reliable source and formula-level details,markdown_or_data_table_until_source_complete
CALC-0555,肝衰竭、门脉高压与脂肪肝,VOCAL-Penn肝硬化围手术风险,VOCAL-Penn Cirrhosis Surgical Risk Score,VOCAL-Penn,https://www.vocalpennscore.com/,needs_manual_research,No sufficient formula cue in local metadata; needs targeted source search and source-quality decision.,perform targeted source search and decide implementation type,pending_formula_or_rule_implementation,manual_research_needed,reliable source and formula-level details,markdown_or_data_table_until_source_complete
CALC-0563,肾脏AKI、透析充分性与结石,肾脏替代治疗启动风险提示,AKI Dialysis Risk Support,KDIGO AKI guideline,https://kdigo.org/guidelines/,needs_manual_research,No sufficient formula cue in local metadata; needs targeted source search and source-quality decision.,perform targeted source search and decide implementation type,pending_formula_or_rule_implementation,manual_research_needed,reliable source and formula-level details,markdown_or_data_table_until_source_complete
CALC-0564,肾脏AKI、透析充分性与结石,标准化Kt/V透析充分性,Standard Kt/V,KDOQI hemodialysis adequacy guideline,https://www.kidney.org/professionals/guidelines,needs_manual_research,No sufficient formula cue in local metadata; needs targeted source search and source-quality decision.,perform targeted source search and decide implementation type,pending_formula_or_rule_implementation,manual_research_needed,reliable source and formula-level details,markdown_or_data_table_until_source_complete
CALC-0568,肾脏AKI、透析充分性与结石,Tiselius结石复发风险指数,Tiselius Stone Risk Index,QxMD Calculate,https://qxmd.com/calculate/,possible_but_model_needs_coefficients,Exact coefficients transforms units and calibration examples are required.,obtain and validate the source model,pending_formula_or_rule_implementation,model_coefficients_needed,complete coefficients transformations units and validation examples,markdown_or_data_table_until_source_complete
CALC-0572,感染、HIV/TB与抗菌药管理,VACS HIV死亡风险指数,"Veterans Aging Cohort Study Index, VACS Index",VACS Index,https://vacs.med.yale.edu/,needs_manual_research,No sufficient formula cue in local metadata; needs targeted source search and source-quality decision.,perform targeted source search and decide implementation type,pending_formula_or_rule_implementation,manual_research_needed,reliable source and formula-level details,markdown_or_data_table_until_source_complete
CALC-0573,感染、HIV/TB与抗菌药管理,HIV暴露后PEP适应证辅助,HIV Post-Exposure Prophylaxis Support,CDC HIV PEP guidance,https://www.cdc.gov/hivnexus/hcp/pep/index.html,needs_manual_research,No sufficient formula cue in local metadata; needs targeted source search and source-quality decision.,perform targeted source search and decide implementation type,pending_formula_or_rule_implementation,manual_research_needed,reliable source and formula-level details,markdown_or_data_table_until_source_complete
CALC-0574,感染、HIV/TB与抗菌药管理,HIV PrEP适应证筛查,HIV PrEP Eligibility Support,CDC HIV PrEP guidance,https://www.cdc.gov/hivnexus/hcp/prep/index.html,not_formula_prevention_guideline,"Public-health screening or vaccine rows are eligibility/interval guidelines; implement as date/risk-factor rules after guideline-specific extraction, not as numeric formulas.",build eligibility/interval rule engine with guideline dates and exceptions,pending_formula_or_rule_implementation,prevention_guideline,age/risk eligibility logic and versioned recommendation details,markdown_or_data_table_until_source_complete
CALC-0577,感染、HIV/TB与抗菌药管理,肺结核治疗失败风险提示,Tuberculosis Treatment Risk Support,WHO tuberculosis guidelines,https://www.who.int/teams/global-tuberculosis-programme/guidelines,needs_manual_research,No sufficient formula cue in local metadata; needs targeted source search and source-quality decision.,perform targeted source search and decide implementation type,pending_formula_or_rule_implementation,manual_research_needed,reliable source and formula-level details,markdown_or_data_table_until_source_complete
CALC-0580,感染、HIV/TB与抗菌药管理,抗菌药肾功能剂量调整提示,Renal Antimicrobial Dose Adjustment,IDSA clinical practice guidelines,https://www.idsociety.org/practice-guideline/,not_single_formula_drug_rule,"Medication/TDM/pharmacogenomic rows require drug-specific label/guideline rules, target ranges, patient context, and versioning; external sources can supply rules but not one universal formula.",requires drug-specific rule engine and guideline/version governance,pending_formula_or_rule_implementation,drug_rule,"drug-specific dosing/TDM rules, monitoring conditions, and safety constraints",markdown_or_data_table_until_source_complete
CALC-0581,感染、HIV/TB与抗菌药管理,氨基糖苷Hartford间隔列线图,Hartford Aminoglycoside Nomogram,QxMD Calculate,https://qxmd.com/calculate/,possible_but_requires_chart_digitization,Nomogram requires curve/table digitization or authoritative formula; external source is not enough unless numeric thresholds are available.,find numeric table/formula; otherwise leave as non-executable,pending_formula_or_rule_implementation,chart_digitization_needed,digitized nomogram/chart data and validation examples,markdown_or_data_table_until_source_complete
CALC-0582,感染、HIV/TB与抗菌药管理,β内酰胺过敏风险分层,Beta-lactam Allergy Risk Stratification,AAAAI drug allergy resources,https://www.aaaai.org/,needs_manual_research,No sufficient formula cue in local metadata; needs targeted source search and source-quality decision.,perform targeted source search and decide implementation type,pending_formula_or_rule_implementation,manual_research_needed,reliable source and formula-level details,markdown_or_data_table_until_source_complete
CALC-0584,急诊毒理、环境与高压氧医学,水杨酸中毒严重度解释,Salicylate Toxicity Interpretation,MDCalc calculator library,https://www.mdcalc.com/,not_single_formula_drug_rule,Interpretation requires exposure pattern symptoms serial levels acid-base status renal function and treatment guidance.,retain as versioned toxicology guidance,pending_formula_or_rule_implementation,drug_rule,versioned toxicology management rules serial monitoring and safety constraints,markdown_or_data_table_until_source_complete
CALC-0586,急诊毒理、环境与高压氧医学,甲醇中毒体外清除建议,Methanol Poisoning EXTRIP Support,EXTRIP,https://www.extrip-workgroup.org/,needs_manual_research,No sufficient formula cue in local metadata; needs targeted source search and source-quality decision.,perform targeted source search and decide implementation type,pending_formula_or_rule_implementation,manual_research_needed,reliable source and formula-level details,markdown_or_data_table_until_source_complete
CALC-0587,急诊毒理、环境与高压氧医学,乙二醇中毒体外清除建议,Ethylene Glycol Poisoning EXTRIP Support,EXTRIP,https://www.extrip-workgroup.org/,needs_manual_research,No sufficient formula cue in local metadata; needs targeted source search and source-quality decision.,perform targeted source search and decide implementation type,pending_formula_or_rule_implementation,manual_research_needed,reliable source and formula-level details,markdown_or_data_table_until_source_complete
CALC-0588,急诊毒理、环境与高压氧医学,一氧化碳中毒高压氧适应证,Carbon Monoxide Hyperbaric Oxygen Support,Undersea and Hyperbaric Medical Society,https://www.uhms.org/,needs_manual_research,No sufficient formula cue in local metadata; needs targeted source search and source-quality decision.,perform targeted source search and decide implementation type,pending_formula_or_rule_implementation,manual_research_needed,reliable source and formula-level details,markdown_or_data_table_until_source_complete
CALC-0589,急诊毒理、环境与高压氧医学,高铁血红蛋白血症严重度,Methemoglobinemia Severity,Merck Manual clinical calculators,https://www.merckmanuals.com/professional/pages-with-widgets/clinical-calculators,needs_manual_research,No sufficient formula cue in local metadata; needs targeted source search and source-quality decision.,perform targeted source search and decide implementation type,pending_formula_or_rule_implementation,manual_research_needed,reliable source and formula-level details,markdown_or_data_table_until_source_complete
CALC-0591,急诊毒理、环境与高压氧医学,蛇咬伤严重度评分,Snakebite Severity Score,QxMD Calculate,https://qxmd.com/calculate/,possible_but_requires_reference_tables,The complete multi-system weighted point table is not supplied by the generic source or accessible secondary descriptions.,obtain the complete 1996 source table,pending_formula_or_rule_implementation,reference_tables_needed,complete authoritative multi-system point table and validation examples,markdown_or_data_table_until_source_complete
CALC-0592,急诊毒理、环境与高压氧医学,热射病严重度风险提示,Heat Stroke Severity Support,CDC heat and health,https://www.cdc.gov/heat-health/,needs_manual_research,No sufficient formula cue in local metadata; needs targeted source search and source-quality decision.,perform targeted source search and decide implementation type,pending_formula_or_rule_implementation,manual_research_needed,reliable source and formula-level details,markdown_or_data_table_until_source_complete
CALC-0594,急诊毒理、环境与高压氧医学,潜水减压病严重度提示,Decompression Illness Severity Support,Divers Alert Network,https://dan.org/,needs_manual_research,No sufficient formula cue in local metadata; needs targeted source search and source-quality decision.,perform targeted source search and decide implementation type,pending_formula_or_rule_implementation,manual_research_needed,reliable source and formula-level details,markdown_or_data_table_until_source_complete
CALC-0595,急诊毒理、环境与高压氧医学,辐射暴露淋巴细胞递减估算,Radiation Exposure Lymphocyte Depletion,CDC Radiation Emergencies,https://www.cdc.gov/radiation-emergencies/,needs_manual_research,No sufficient formula cue in local metadata; needs targeted source search and source-quality decision.,perform targeted source search and decide implementation type,pending_formula_or_rule_implementation,manual_research_needed,reliable source and formula-level details,markdown_or_data_table_until_source_complete
CALC-0597,内分泌、糖尿病足与骨代谢,日本甲状腺危象诊断标准,Japanese Thyroid Storm Criteria,Japan Thyroid Association,https://www.japanthyroid.jp/en/,needs_manual_research,No sufficient formula cue in local metadata; needs targeted source search and source-quality decision.,perform targeted source search and decide implementation type,pending_formula_or_rule_implementation,manual_research_needed,reliable source and formula-level details,markdown_or_data_table_until_source_complete
CALC-0599,内分泌、糖尿病足与骨代谢,高渗高血糖状态严重度,Hyperosmolar Hyperglycemic State Support,American Diabetes Association Standards of Care,https://diabetesjournals.org/care/issue,needs_manual_research,No sufficient formula cue in local metadata; needs targeted source search and source-quality decision.,perform targeted source search and decide implementation type,pending_formula_or_rule_implementation,manual_research_needed,reliable source and formula-level details,markdown_or_data_table_until_source_complete
CALC-0602,内分泌、糖尿病足与骨代谢,PEDIS糖尿病足分类,PEDIS Classification,IWGDF guidelines,https://iwgdfguidelines.org/,needs_manual_research,No sufficient formula cue in local metadata; needs targeted source search and source-quality decision.,perform targeted source search and decide implementation type,pending_formula_or_rule_implementation,manual_research_needed,reliable source and formula-level details,markdown_or_data_table_until_source_complete
CALC-0604,内分泌、糖尿病足与骨代谢,继发性甲旁亢风险解释,Secondary Hyperparathyroidism Support,KDIGO CKD-MBD guideline,https://kdigo.org/guidelines/,needs_manual_research,No sufficient formula cue in local metadata; needs targeted source search and source-quality decision.,perform targeted source search and decide implementation type,pending_formula_or_rule_implementation,manual_research_needed,reliable source and formula-level details,markdown_or_data_table_until_source_complete
CALC-0608,神经肌病、癫痫、多发性硬化与睡眠,改良疲劳影响量表,"Modified Fatigue Impact Scale, MFIS",Modified Fatigue Impact Scale,https://www.nationalmssociety.org/,limited_by_questionnaire_rights,Can implement scoring from pre-coded item scores if scoring rules are public; should not reproduce protected item text or copyrighted instruments without license.,score only coded item values; do not include protected questionnaire text,pending_formula_or_rule_implementation,rights_limited_questionnaire,permission-safe scored inputs or licensing clearance,markdown_or_data_table_until_source_complete
CALC-0617,神经肌病、癫痫、多发性硬化与睡眠,Liverpool癫痫发作严重度量表,Liverpool Seizure Severity Scale,QxMD Calculate,https://qxmd.com/calculate/,limited_by_questionnaire_rights,Can implement scoring from pre-coded item scores if scoring rules are public; should not reproduce protected item text or copyrighted instruments without license.,score only coded item values; do not include protected questionnaire text,pending_formula_or_rule_implementation,rights_limited_questionnaire,permission-safe scored inputs or licensing clearance,markdown_or_data_table_until_source_complete
CALC-0622,妇科肿瘤、生殖内分泌与盆底,ADNEX附件肿瘤模型,IOTA ADNEX Model,IOTA ADNEX,https://www.iotagroup.org/,needs_manual_research,No sufficient formula cue in local metadata; needs targeted source search and source-quality decision.,perform targeted source search and decide implementation type,pending_formula_or_rule_implementation,manual_research_needed,reliable source and formula-level details,markdown_or_data_table_until_source_complete
CALC-0624,妇科肿瘤、生殖内分泌与盆底,FIGO宫颈癌分期,FIGO Cervical Cancer Staging,FIGO staging,https://www.figo.org/,needs_manual_research,No sufficient formula cue in local metadata; needs targeted source search and source-quality decision.,perform targeted source search and decide implementation type,pending_formula_or_rule_implementation,manual_research_needed,reliable source and formula-level details,markdown_or_data_table_until_source_complete
CALC-0625,妇科肿瘤、生殖内分泌与盆底,FIGO子宫内膜癌分期,FIGO Endometrial Cancer Staging,FIGO,https://www.figo.org/,needs_manual_research,No sufficient formula cue in local metadata; needs targeted source search and source-quality decision.,perform targeted source search and decide implementation type,pending_formula_or_rule_implementation,manual_research_needed,reliable source and formula-level details,markdown_or_data_table_until_source_complete
CALC-0626,妇科肿瘤、生殖内分泌与盆底,FIGO卵巢输卵管腹膜癌分期,FIGO Ovarian/Fallopian/Peritoneal Cancer Staging,FIGO,https://www.figo.org/,needs_manual_research,No sufficient formula cue in local metadata; needs targeted source search and source-quality decision.,perform targeted source search and decide implementation type,pending_formula_or_rule_implementation,manual_research_needed,reliable source and formula-level details,markdown_or_data_table_until_source_complete
CALC-0632,男科、泌尿肿瘤与下尿路功能,SHIM勃起功能简表,"Sexual Health Inventory for Men, SHIM",Sexual Health Inventory for Men,https://www.auanet.org/,needs_manual_research,No sufficient formula cue in local metadata; needs targeted source search and source-quality decision.,perform targeted source search and decide implementation type,pending_formula_or_rule_implementation,manual_research_needed,reliable source and formula-level details,markdown_or_data_table_until_source_complete
CALC-0633,男科、泌尿肿瘤与下尿路功能,NIH慢性前列腺炎症状指数,"NIH Chronic Prostatitis Symptom Index, NIH-CPSI",NIH-CPSI,https://www.niddk.nih.gov/,needs_manual_research,No sufficient formula cue in local metadata; needs targeted source search and source-quality decision.,perform targeted source search and decide implementation type,pending_formula_or_rule_implementation,manual_research_needed,reliable source and formula-level details,markdown_or_data_table_until_source_complete
CALC-0637,男科、泌尿肿瘤与下尿路功能,前列腺癌NCCN风险分层,NCCN Prostate Cancer Risk Group,NCCN guidelines,https://www.nccn.org/,not_formula_staging_or_subscription,"Cancer staging/risk-group entries are structured staging systems or subscription/licensed guideline content; need site-specific TNM/risk tables and version governance, not a simple formula.",requires licensed/versioned staging tables; do not infer from summaries,pending_formula_or_rule_implementation,staging_or_subscription,versioned staging tables/rules or licensed system details,markdown_or_data_table_until_source_complete
CALC-0638,男科、泌尿肿瘤与下尿路功能,Partin前列腺癌病理分期表,Partin Tables,Johns Hopkins Partin Tables,https://urology.jhu.edu/prostate/partintables.php,possible_but_requires_chart_digitization,Nomogram requires curve/table digitization or authoritative formula; external source is not enough unless numeric thresholds are available.,find numeric table/formula; otherwise leave as non-executable,pending_formula_or_rule_implementation,chart_digitization_needed,digitized nomogram/chart data and validation examples,markdown_or_data_table_until_source_complete
CALC-0639,男科、泌尿肿瘤与下尿路功能,Briganti淋巴结侵犯风险,Briganti Nomogram,QxMD Calculate,https://qxmd.com/calculate/,possible_but_requires_chart_digitization,Nomogram requires curve/table digitization or authoritative formula; external source is not enough unless numeric thresholds are available.,find numeric table/formula; otherwise leave as non-executable,pending_formula_or_rule_implementation,chart_digitization_needed,digitized nomogram/chart data and validation examples,markdown_or_data_table_until_source_complete
CALC-0641,男科、泌尿肿瘤与下尿路功能,睾丸肿瘤IGCCCG风险分层,IGCCCG Germ Cell Tumor Risk Classification,International Germ Cell Cancer Collaborative Group,https://www.igcccg.org/,needs_manual_research,No sufficient formula cue in local metadata; needs targeted source search and source-quality decision.,perform targeted source search and decide implementation type,pending_formula_or_rule_implementation,manual_research_needed,reliable source and formula-level details,markdown_or_data_table_until_source_complete
CALC-0643,男科、泌尿肿瘤与下尿路功能,CUETO膀胱癌BCG后风险,CUETO NMIBC Risk Calculator,CUETO NMIBC risk calculator,https://www.eortc.be/tools/bladdercalculator/,possible_but_model_needs_coefficients,"External calculators/papers may exist, but executable implementation needs full coefficients, caps/floors, population limits, and validation examples; not safe from title/source alone.",find original model coefficients/caps/examples or official implementation before coding,pending_formula_or_rule_implementation,model_coefficients_needed,"complete coefficients, transformations, caps, and validation examples",markdown_or_data_table_until_source_complete
CALC-0650,血栓、止血、输血与血液专病,Vienna VTE复发模型,Vienna Prediction Model,QxMD Calculate,https://qxmd.com/calculate/,possible_but_model_needs_coefficients,Coefficients D-dimer timing baseline survival and horizon validation are required.,obtain and validate the exact model version,pending_formula_or_rule_implementation,model_coefficients_needed,complete coefficients baseline survival timing rules and validation examples,markdown_or_data_table_until_source_complete
CALC-0652,血栓、止血、输血与血液专病,输血反应严重度分级,Transfusion Reaction Severity Grading,AABB transfusion reaction resources,https://www.aabb.org/,not_formula_guideline_pathway,Versioned hemovigilance reporting definitions are not one numerical calculator.,build a versioned rule table only if needed,pending_formula_or_rule_implementation,guideline_pathway,versioned hemovigilance definitions and pathway logic,markdown_or_data_table_until_source_complete
CALC-0668,遗传、罕见病与公共卫生筛查,ACMG/AMP变异分类,ACMG/AMP Variant Classification,ACMG/AMP standards,https://www.acmg.net/,not_formula_guideline_pathway,Expert-assigned evidence codes and evolving ClinGen specifications prevent autonomous calculation.,retain as guidance and do not automate evidence assignment,pending_formula_or_rule_implementation,guideline_pathway,versioned evidence specifications and expert-curated inputs,markdown_or_data_table_until_source_complete
CALC-0669,遗传、罕见病与公共卫生筛查,Sherloc遗传变异分类,Sherloc Variant Classification,ACMG/AMP sequence variant interpretation,https://www.acmg.net/,needs_manual_research,No sufficient formula cue in local metadata; needs targeted source search and source-quality decision.,perform targeted source search and decide implementation type,pending_formula_or_rule_implementation,manual_research_needed,reliable source and formula-level details,markdown_or_data_table_until_source_complete
CALC-0673,遗传、罕见病与公共卫生筛查,曼彻斯特BRCA评分,Manchester Scoring System for BRCA,QxMD Calculate,https://qxmd.com/calculate/,possible_but_requires_reference_tables,The system requires a complete versioned family-history point table.,obtain the authoritative complete table,pending_formula_or_rule_implementation,reference_tables_needed,complete versioned Manchester point table and boundary examples,markdown_or_data_table_until_source_complete
CALC-0674,遗传、罕见病与公共卫生筛查,Tyrer-Cuzick乳腺癌风险模型,IBIS/Tyrer-Cuzick Breast Cancer Risk,IBIS risk evaluator,https://ems-trials.org/riskevaluator/,needs_manual_research,No sufficient formula cue in local metadata; needs targeted source search and source-quality decision.,perform targeted source search and decide implementation type,pending_formula_or_rule_implementation,manual_research_needed,reliable source and formula-level details,markdown_or_data_table_until_source_complete
CALC-0675,遗传、罕见病与公共卫生筛查,Gail乳腺癌风险模型,Gail Model,NCI BCRAT,https://bcrisktool.cancer.gov/,possible_but_model_needs_coefficients,The model requires race-specific coefficients baseline hazards competing mortality tables and age integration.,obtain and validate the complete NCI model version,pending_formula_or_rule_implementation,model_coefficients_needed,complete NCI coefficient and hazard tables with validation cases,markdown_or_data_table_until_source_complete
CALC-0676,遗传、罕见病与公共卫生筛查,Lynch综合征PREMM5模型,PREMM5 Model,PREMM5,https://premm.dfci.harvard.edu/,needs_manual_research,No sufficient formula cue in local metadata; needs targeted source search and source-quality decision.,perform targeted source search and decide implementation type,pending_formula_or_rule_implementation,manual_research_needed,reliable source and formula-level details,markdown_or_data_table_until_source_complete
CALC-0677,遗传、罕见病与公共卫生筛查,Framingham糖尿病风险,Framingham Diabetes Risk Score,QxMD Calculate,https://qxmd.com/calculate/,possible_but_model_needs_coefficients,"External calculators/papers may exist, but executable implementation needs full coefficients, caps/floors, population limits, and validation examples; not safe from title/source alone.",find original model coefficients/caps/examples or official implementation before coding,pending_formula_or_rule_implementation,model_coefficients_needed,"complete coefficients, transformations, caps, and validation examples",markdown_or_data_table_until_source_complete
CALC-0678,遗传、罕见病与公共卫生筛查,FINDRISC扩展生活方式干预优先级,FINDRISC Intervention Priority,Finnish Diabetes Risk Score,https://www.diabetes.fi/,needs_manual_research,No sufficient formula cue in local metadata; needs targeted source search and source-quality decision.,perform targeted source search and decide implementation type,pending_formula_or_rule_implementation,manual_research_needed,reliable source and formula-level details,markdown_or_data_table_until_source_complete
CALC-0679,遗传、罕见病与公共卫生筛查,QRISK3心血管风险,QRISK3 Cardiovascular Risk,QRISK3,https://qrisk.org/,needs_manual_research,No sufficient formula cue in local metadata; needs targeted source search and source-quality decision.,perform targeted source search and decide implementation type,pending_formula_or_rule_implementation,manual_research_needed,reliable source and formula-level details,markdown_or_data_table_until_source_complete
CALC-0689,急诊、院前与灾难医学,修订创伤分诊标准,Field Triage Decision Scheme,ACS 2021 National Guideline for Field Triage,https://www.facs.org/quality-programs/trauma/systems/field-triage-guidelines/,not_formula_guideline_pathway,The national guideline is a multi-branch transport and destination pathway rather than one score.,build a complete versioned pathway engine only if needed,pending_formula_or_rule_implementation,guideline_pathway,versioned pathway logic and local trauma-system policy,markdown_or_data_table_until_source_complete
CALC-0692,外科、围术期与质量评估,ACS NSQIP手术风险计算器,ACS NSQIP Surgical Risk Calculator,ACS NSQIP,https://riskcalculator.facs.org/,not_formula_staging_or_subscription,"Cancer staging/risk-group entries are structured staging systems or subscription/licensed guideline content; need site-specific TNM/risk tables and version governance, not a simple formula.",requires licensed/versioned staging tables; do not infer from summaries,pending_formula_or_rule_implementation,staging_or_subscription,versioned staging tables/rules or licensed system details,markdown_or_data_table_until_source_complete
CALC-0696,外科、围术期与质量评估,结直肠吻合口漏风险评分,Colon Leakage Score,Colon Leakage Score,https://www.mdcalc.com/,possible_but_requires_reference_tables,The score requires all categorical boundaries and weights from its complete 11-factor table.,obtain the authoritative complete table,pending_formula_or_rule_implementation,reference_tables_needed,complete authoritative 11-factor point table and boundary examples,markdown_or_data_table_until_source_complete
CALC-0700,外科、围术期与质量评估,腹主动脉瘤破裂风险辅助,Abdominal Aortic Aneurysm Rupture Risk Support,SVS Guidelines,https://vascular.org/,needs_manual_research,No sufficient formula cue in local metadata; needs targeted source search and source-quality decision.,perform targeted source search and decide implementation type,pending_formula_or_rule_implementation,manual_research_needed,reliable source and formula-level details,markdown_or_data_table_until_source_complete
CALC-0702,外科、围术期与质量评估,O-POSSUM食管胃手术风险,O-POSSUM,O-POSSUM,https://qxmd.com/calculate/,possible_but_model_needs_coefficients,Complete component score tables logistic coefficients and endpoint definition are required.,obtain and validate the complete model version,pending_formula_or_rule_implementation,model_coefficients_needed,complete component tables coefficients endpoint definition and validation examples,markdown_or_data_table_until_source_complete
CALC-0713,心血管医学,HCM-AF房颤风险,HCM-AF Risk Score,HCM-AF,https://qxmd.com/calculate/,possible_but_model_needs_coefficients,Coefficients baseline survival transforms constraints and prediction horizon are required.,obtain and validate the exact model version,pending_formula_or_rule_implementation,model_coefficients_needed,complete coefficients baseline survival transformations and validation examples,markdown_or_data_table_until_source_complete
CALC-0718,呼吸、睡眠与肺血管医学,成人急性哮喘严重度分层,Acute Asthma Severity Assessment,GINA,https://ginasthma.org/,needs_manual_research,No sufficient formula cue in local metadata; needs targeted source search and source-quality decision.,perform targeted source search and decide implementation type,pending_formula_or_rule_implementation,manual_research_needed,reliable source and formula-level details,markdown_or_data_table_until_source_complete
CALC-0719,呼吸、睡眠与肺血管医学,COPD综合评估,GOLD COPD Group Assessment,GOLD COPD,https://goldcopd.org/,needs_manual_research,No sufficient formula cue in local metadata; needs targeted source search and source-quality decision.,perform targeted source search and decide implementation type,pending_formula_or_rule_implementation,manual_research_needed,reliable source and formula-level details,markdown_or_data_table_until_source_complete
CALC-0745,肾脏、泌尿与男科,透析通路感染风险提示,Dialysis Access Infection Risk Support,KDOQI Vascular Access,https://www.kidney.org/professionals/guidelines,needs_manual_research,No sufficient formula cue in local metadata; needs targeted source search and source-quality decision.,perform targeted source search and decide implementation type,pending_formula_or_rule_implementation,manual_research_needed,reliable source and formula-level details,markdown_or_data_table_until_source_complete
CALC-0749,肾脏、泌尿与男科,肌层浸润膀胱癌TNM分期,Bladder Cancer TNM Staging,AJCC,https://www.facs.org/quality-programs/cancer-programs/american-joint-committee-on-cancer/,not_formula_staging_or_subscription,"Cancer staging/risk-group entries are structured staging systems or subscription/licensed guideline content; need site-specific TNM/risk tables and version governance, not a simple formula.",requires licensed/versioned staging tables; do not infer from summaries,pending_formula_or_rule_implementation,staging_or_subscription,versioned staging tables/rules or licensed system details,markdown_or_data_table_until_source_complete
CALC-0750,肾脏、泌尿与男科,肾细胞癌TNM分期,Renal Cell Carcinoma TNM Staging,AJCC,https://www.facs.org/quality-programs/cancer-programs/american-joint-committee-on-cancer/,not_formula_staging_or_subscription,"Cancer staging/risk-group entries are structured staging systems or subscription/licensed guideline content; need site-specific TNM/risk tables and version governance, not a simple formula.",requires licensed/versioned staging tables; do not infer from summaries,pending_formula_or_rule_implementation,staging_or_subscription,versioned staging tables/rules or licensed system details,markdown_or_data_table_until_source_complete
CALC-0755,感染、抗菌药与旅行医学,Hoen细菌性脑膜炎评分,Hoen Score,Hoen Score,https://qxmd.com/calculate/,possible_but_model_needs_coefficients,Exact units coefficients intercept threshold and population constraints are required.,obtain the original model equation,pending_formula_or_rule_implementation,model_coefficients_needed,complete coefficients intercept units thresholds and validation examples,markdown_or_data_table_until_source_complete
CALC-0756,感染、抗菌药与旅行医学,AIDS机会感染风险按CD4分层,Opportunistic Infection Risk by CD4 Count,NIH HIV OI Guidelines,https://clinicalinfo.hiv.gov/,needs_manual_research,No sufficient formula cue in local metadata; needs targeted source search and source-quality decision.,perform targeted source search and decide implementation type,pending_formula_or_rule_implementation,manual_research_needed,reliable source and formula-level details,markdown_or_data_table_until_source_complete
CALC-0757,感染、抗菌药与旅行医学,HCV治疗前肝硬化失代偿风险提示,HCV Cirrhosis Treatment Risk Support,AASLD-IDSA HCV Guidance,https://www.hcvguidelines.org/,needs_manual_research,No sufficient formula cue in local metadata; needs targeted source search and source-quality decision.,perform targeted source search and decide implementation type,pending_formula_or_rule_implementation,manual_research_needed,reliable source and formula-level details,markdown_or_data_table_until_source_complete
CALC-0762,感染、抗菌药与旅行医学,抗菌药去阶梯化适宜性检查,Antimicrobial De-escalation Checklist,CDC Core Elements,https://www.cdc.gov/antibiotic-use/core-elements/,needs_manual_research,No sufficient formula cue in local metadata; needs targeted source search and source-quality decision.,perform targeted source search and decide implementation type,pending_formula_or_rule_implementation,manual_research_needed,reliable source and formula-level details,markdown_or_data_table_until_source_complete
CALC-0763,感染、抗菌药与旅行医学,NHSN手术部位感染分类,NHSN Surgical Site Infection Classification,CDC NHSN,https://www.cdc.gov/nhsn/,needs_manual_research,No sufficient formula cue in local metadata; needs targeted source search and source-quality decision.,perform targeted source search and decide implementation type,pending_formula_or_rule_implementation,manual_research_needed,reliable source and formula-level details,markdown_or_data_table_until_source_complete
CALC-0764,妇产、儿科与新生儿,QUiPP早产风险,QUiPP Preterm Birth Risk,QUiPP,https://quipp.org/,needs_manual_research,No sufficient formula cue in local metadata; needs targeted source search and source-quality decision.,perform targeted source search and decide implementation type,pending_formula_or_rule_implementation,manual_research_needed,reliable source and formula-level details,markdown_or_data_table_until_source_complete
CALC-0767,妇产、儿科与新生儿,肩难产风险提示,Shoulder Dystocia Risk Support,ACOG Shoulder Dystocia,https://www.acog.org/,needs_manual_research,No sufficient formula cue in local metadata; needs targeted source search and source-quality decision.,perform targeted source search and decide implementation type,pending_formula_or_rule_implementation,manual_research_needed,reliable source and formula-level details,markdown_or_data_table_until_source_complete
CALC-0768,妇产、儿科与新生儿,OASIS风险提示,Obstetric Anal Sphincter Injury Risk Support,RCOG OASIS,https://www.rcog.org.uk/,needs_manual_research,No sufficient formula cue in local metadata; needs targeted source search and source-quality decision.,perform targeted source search and decide implementation type,pending_formula_or_rule_implementation,manual_research_needed,reliable source and formula-level details,markdown_or_data_table_until_source_complete
CALC-0771,妇产、儿科与新生儿,CRIB-II新生儿风险评分,Clinical Risk Index for Babies II,CRIB-II,https://www.mdcalc.com/,possible_but_requires_reference_tables,A sex and gestational-age-specific birth-weight table plus temperature and base-excess boundaries are required.,extract the authoritative complete point tables,pending_formula_or_rule_implementation,reference_tables_needed,complete authoritative CRIB-II reference and point tables with boundary examples,markdown_or_data_table_until_source_complete
CALC-0781,神经、精神、老年与行为医学,蒙特利尔认知评估,"Montreal Cognitive Assessment, MoCA",MoCA,https://mocacognition.com/,needs_manual_research,No sufficient formula cue in local metadata; needs targeted source search and source-quality decision.,perform targeted source search and decide implementation type,pending_formula_or_rule_implementation,manual_research_needed,reliable source and formula-level details,markdown_or_data_table_until_source_complete
CALC-0788,肿瘤、放疗与姑息,PREDICT乳腺癌生存获益模型,PREDICT Breast Cancer,PREDICT Breast,https://breast.predict.nhs.uk/,needs_manual_research,No sufficient formula cue in local metadata; needs targeted source search and source-quality decision.,perform targeted source search and decide implementation type,pending_formula_or_rule_implementation,manual_research_needed,reliable source and formula-level details,markdown_or_data_table_until_source_complete
CALC-0790,肿瘤、放疗与姑息,MSKCC结肠癌术后复发列线图,MSKCC Colon Cancer Recurrence Nomogram,MSKCC Nomograms,https://www.mskcc.org/nomograms,possible_but_requires_chart_digitization,Nomogram requires curve/table digitization or authoritative formula; external source is not enough unless numeric thresholds are available.,find numeric table/formula; otherwise leave as non-executable,pending_formula_or_rule_implementation,chart_digitization_needed,digitized nomogram/chart data and validation examples,markdown_or_data_table_until_source_complete
CALC-0791,肿瘤、放疗与姑息,黑色素瘤AJCC风险分期,Melanoma AJCC Staging,AJCC,https://www.facs.org/quality-programs/cancer-programs/american-joint-committee-on-cancer/,not_formula_staging_or_subscription,"Cancer staging/risk-group entries are structured staging systems or subscription/licensed guideline content; need site-specific TNM/risk tables and version governance, not a simple formula.",requires licensed/versioned staging tables; do not infer from summaries,pending_formula_or_rule_implementation,staging_or_subscription,versioned staging tables/rules or licensed system details,markdown_or_data_table_until_source_complete
CALC-0792,肿瘤、放疗与姑息,胃癌TNM分期,Gastric Cancer TNM Staging,AJCC,https://www.facs.org/quality-programs/cancer-programs/american-joint-committee-on-cancer/,not_formula_staging_or_subscription,"Cancer staging/risk-group entries are structured staging systems or subscription/licensed guideline content; need site-specific TNM/risk tables and version governance, not a simple formula.",requires licensed/versioned staging tables; do not infer from summaries,pending_formula_or_rule_implementation,staging_or_subscription,versioned staging tables/rules or licensed system details,markdown_or_data_table_until_source_complete
CALC-0793,肿瘤、放疗与姑息,食管癌TNM分期,Esophageal Cancer TNM Staging,AJCC,https://www.facs.org/quality-programs/cancer-programs/american-joint-committee-on-cancer/,not_formula_staging_or_subscription,"Cancer staging/risk-group entries are structured staging systems or subscription/licensed guideline content; need site-specific TNM/risk tables and version governance, not a simple formula.",requires licensed/versioned staging tables; do not infer from summaries,pending_formula_or_rule_implementation,staging_or_subscription,versioned staging tables/rules or licensed system details,markdown_or_data_table_until_source_complete
CALC-0794,肿瘤、放疗与姑息,头颈癌TNM分期,Head and Neck Cancer TNM Staging,AJCC,https://www.facs.org/quality-programs/cancer-programs/american-joint-committee-on-cancer/,not_formula_staging_or_subscription,"Cancer staging/risk-group entries are structured staging systems or subscription/licensed guideline content; need site-specific TNM/risk tables and version governance, not a simple formula.",requires licensed/versioned staging tables; do not infer from summaries,pending_formula_or_rule_implementation,staging_or_subscription,versioned staging tables/rules or licensed system details,markdown_or_data_table_until_source_complete
CALC-0795,肿瘤、放疗与姑息,RANO高级别胶质瘤疗效评价,RANO Criteria for High-Grade Glioma,RANO,https://qxmd.com/calculate/,not_formula_guideline_pathway,RANO is a versioned imaging and clinical response pathway requiring expert judgement.,retain as guidance until a complete response engine is built,pending_formula_or_rule_implementation,guideline_pathway,versioned RANO criteria imaging definitions and expert-curated inputs,markdown_or_data_table_until_source_complete
CALC-0796,肿瘤、放疗与姑息,Lugano淋巴瘤疗效评价,Lugano Response Criteria,Lugano Classification,https://qxmd.com/calculate/,not_formula_guideline_pathway,Lugano is a versioned PET CT marrow and clinical response pathway rather than one equation.,retain as guidance until a complete response engine is built,pending_formula_or_rule_implementation,guideline_pathway,versioned Lugano criteria imaging definitions and expert-curated inputs,markdown_or_data_table_until_source_complete
CALC-0801,血液、免疫、风湿与皮肤,血友病关节健康评分,"Hemophilia Joint Health Score, HJHS",HJHS,https://qxmd.com/calculate/,limited_by_questionnaire_rights,The joint-assessment definitions and examiner convention are not safe to reproduce from an aggregator.,obtain a rights-cleared source and input contract,pending_formula_or_rule_implementation,rights_limited_questionnaire,permission-safe coded inputs examiner convention or licensing clearance,markdown_or_data_table_until_source_complete
CALC-0804,血液、免疫、风湿与皮肤,IPSS-M骨髓增生异常综合征,"Molecular International Prognostic Scoring System, IPSS-M",IPSS-M,https://mds-risk-model.com/,needs_manual_research,No sufficient formula cue in local metadata; needs targeted source search and source-quality decision.,perform targeted source search and decide implementation type,pending_formula_or_rule_implementation,manual_research_needed,reliable source and formula-level details,markdown_or_data_table_until_source_complete
CALC-0807,血液、免疫、风湿与皮肤,肌炎疾病活动评估,"Myositis Disease Activity Assessment Tool, MDAAT",MDAAT,https://qxmd.com/calculate/,limited_by_questionnaire_rights,The organ-system definitions and clinician severity anchors are not safe to reproduce from an aggregator.,obtain a rights-cleared source and input contract,pending_formula_or_rule_implementation,rights_limited_questionnaire,permission-safe coded inputs clinician anchors or licensing clearance,markdown_or_data_table_until_source_complete
CALC-0812,影像、实验室、遗传与公共卫生,Fleischner肺结节随访建议,Fleischner Pulmonary Nodule Follow-up,Fleischner Society,https://pubs.rsna.org/,needs_manual_research,No sufficient formula cue in local metadata; needs targeted source search and source-quality decision.,perform targeted source search and decide implementation type,pending_formula_or_rule_implementation,manual_research_needed,reliable source and formula-level details,markdown_or_data_table_until_source_complete
CALC-0813,影像、实验室、遗传与公共卫生,Bosniak肾囊肿分类2019,Bosniak Classification v2019,Bosniak v2019,https://www.acr.org/Clinical-Resources/Reporting-and-Data-Systems,needs_manual_research,No sufficient formula cue in local metadata; needs targeted source search and source-quality decision.,perform targeted source search and decide implementation type,pending_formula_or_rule_implementation,manual_research_needed,reliable source and formula-level details,markdown_or_data_table_until_source_complete
CALC-0818,影像、实验室、遗传与公共卫生,CPIC药物基因型表型解释,CPIC Pharmacogenomic Phenotype Interpreter,CPIC Guidelines,https://cpicpgx.org/guidelines/,not_single_formula_drug_rule,"Medication/TDM/pharmacogenomic rows require drug-specific label/guideline rules, target ranges, patient context, and versioning; external sources can supply rules but not one universal formula.",requires drug-specific rule engine and guideline/version governance,pending_formula_or_rule_implementation,drug_rule,"drug-specific dosing/TDM rules, monitoring conditions, and safety constraints",markdown_or_data_table_until_source_complete
CALC-0819,影像、实验室、遗传与公共卫生,NCCN遗传性癌症检测适应证核对,NCCN Hereditary Cancer Testing Criteria Support,NCCN Genetic/Familial High-Risk Assessment,https://www.nccn.org/,not_formula_staging_or_subscription,"Cancer staging/risk-group entries are structured staging systems or subscription/licensed guideline content; need site-specific TNM/risk tables and version governance, not a simple formula.",requires licensed/versioned staging tables; do not infer from summaries,pending_formula_or_rule_implementation,staging_or_subscription,versioned staging tables/rules or licensed system details,markdown_or_data_table_until_source_complete
CALC-0820,影像、实验室、遗传与公共卫生,成人疫苗适应证核对,Adult Immunization Schedule Support,CDC Adult Immunization Schedule,https://www.cdc.gov/vaccines/schedules/,not_formula_prevention_guideline,"Public-health screening or vaccine rows are eligibility/interval guidelines; implement as date/risk-factor rules after guideline-specific extraction, not as numeric formulas.",build eligibility/interval rule engine with guideline dates and exceptions,pending_formula_or_rule_implementation,prevention_guideline,age/risk eligibility logic and versioned recommendation details,markdown_or_data_table_until_source_complete
CALC-0821,影像、实验室、遗传与公共卫生,USPSTF癌症筛查资格核对,USPSTF Cancer Screening Eligibility Support,USPSTF,https://www.uspreventiveservicestaskforce.org/,not_formula_prevention_guideline,"Public-health screening or vaccine rows are eligibility/interval guidelines; implement as date/risk-factor rules after guideline-specific extraction, not as numeric formulas.",build eligibility/interval rule engine with guideline dates and exceptions,pending_formula_or_rule_implementation,prevention_guideline,age/risk eligibility logic and versioned recommendation details,markdown_or_data_table_until_source_complete
CALC-0822,影像、实验室、遗传与公共卫生,生命简单8项心血管健康评分,Life's Essential 8,AHA Life's Essential 8,https://www.heart.org/,needs_manual_research,No sufficient formula cue in local metadata; needs targeted source search and source-quality decision.,perform targeted source search and decide implementation type,pending_formula_or_rule_implementation,manual_research_needed,reliable source and formula-level details,markdown_or_data_table_until_source_complete
CALC-0824,重症、麻醉、疼痛与姑息,SAPS 3简化急性生理评分,"Simplified Acute Physiology Score 3, SAPS 3",SAPS 3,https://qxmd.com/calculate/,possible_but_model_needs_coefficients,SAPS 3 requires point tables regional equations coefficients and calibration version.,obtain and validate a regional model version,pending_formula_or_rule_implementation,model_coefficients_needed,complete point tables regional coefficients calibration and validation examples,markdown_or_data_table_until_source_complete
CALC-0825,重症、麻醉、疼痛与姑息,MPM0-III死亡概率模型,Mortality Probability Model III at ICU Admission,MPM0-III,https://qxmd.com/calculate/,possible_but_model_needs_coefficients,MPM0-III requires variable definitions logistic coefficients intercept exclusions and model version.,obtain and validate the exact model implementation,pending_formula_or_rule_implementation,model_coefficients_needed,complete coefficients intercept definitions exclusions and validation examples,markdown_or_data_table_until_source_complete
CALC-0839,骨科、运动医学与康复扩展,AOFAS踝-后足评分,AOFAS Ankle-Hindfoot Score,AOFAS,https://qxmd.com/calculate/,limited_by_questionnaire_rights,The instrument depends on society domain response content and exact weighting.,obtain redistribution rights and a permission-safe coded-input contract,pending_formula_or_rule_implementation,rights_limited_questionnaire,permission-safe coded inputs or licensing clearance,markdown_or_data_table_until_source_complete
CALC-0846,骨科、运动医学与康复扩展,WOSI肩关节不稳指数,Western Ontario Shoulder Instability Index,WOSI,https://qxmd.com/calculate/,limited_by_questionnaire_rights,Can implement scoring from pre-coded item scores if scoring rules are public; should not reproduce protected item text or copyrighted instruments without license.,score only coded item values; do not include protected questionnaire text,pending_formula_or_rule_implementation,rights_limited_questionnaire,permission-safe scored inputs or licensing clearance,markdown_or_data_table_until_source_complete
CALC-0862,眼耳鼻喉、口腔与头颈扩展,牙外伤IADT分类支持,IADT Dental Trauma Classification Support,IADT Guidelines,https://www.iadt-dentaltrauma.org/,needs_manual_research,No sufficient formula cue in local metadata; needs targeted source search and source-quality decision.,perform targeted source search and decide implementation type,pending_formula_or_rule_implementation,manual_research_needed,reliable source and formula-level details,markdown_or_data_table_until_source_complete
CALC-0867,公共卫生、职业医学与生活方式,国际体力活动问卷,"International Physical Activity Questionnaire, IPAQ",IPAQ,https://sites.google.com/view/ipaq/home,limited_by_questionnaire_rights,Can implement scoring from pre-coded item scores if scoring rules are public; should not reproduce protected item text or copyrighted instruments without license.,score only coded item values; do not include protected questionnaire text,pending_formula_or_rule_implementation,rights_limited_questionnaire,permission-safe scored inputs or licensing clearance,markdown_or_data_table_until_source_complete
CALC-0871,公共卫生、职业医学与生活方式,血铅水平解释,Blood Lead Level Interpretation,CDC Lead,https://www.cdc.gov/lead-prevention/,not_single_formula_drug_rule,"Medication/TDM/pharmacogenomic rows require drug-specific label/guideline rules, target ranges, patient context, and versioning; external sources can supply rules but not one universal formula.",requires drug-specific rule engine and guideline/version governance,pending_formula_or_rule_implementation,drug_rule,"drug-specific dosing/TDM rules, monitoring conditions, and safety constraints",markdown_or_data_table_until_source_complete
CALC-0872,公共卫生、职业医学与生活方式,职业暴露血源病原体风险评估,Occupational Bloodborne Pathogen Exposure Risk Support,CDC Occupational Exposure,https://www.cdc.gov/,not_formula_prevention_guideline,"Public-health screening or vaccine rows are eligibility/interval guidelines; implement as date/risk-factor rules after guideline-specific extraction, not as numeric formulas.",build eligibility/interval rule engine with guideline dates and exceptions,pending_formula_or_rule_implementation,prevention_guideline,age/risk eligibility logic and versioned recommendation details,markdown_or_data_table_until_source_complete
CALC-0873,公共卫生、职业医学与生活方式,长途旅行VTE风险提示,Travel-Associated VTE Risk Support,CDC Yellow Book,https://wwwnc.cdc.gov/travel/page/yellowbook-home,needs_manual_research,No sufficient formula cue in local metadata; needs targeted source search and source-quality decision.,perform targeted source search and decide implementation type,pending_formula_or_rule_implementation,manual_research_needed,reliable source and formula-level details,markdown_or_data_table_until_source_complete
CALC-0875,肿瘤分期与专病路径扩展,唇癌AJCC/NCCN分期与风险分层,Lip Cancer AJCC/NCCN Staging and Risk Stratification,AJCC Cancer Staging / NCCN Guidelines,https://www.facs.org/quality-programs/cancer-programs/american-joint-committee-on-cancer/,not_formula_staging_or_subscription,"Cancer staging/risk-group entries are structured staging systems or subscription/licensed guideline content; need site-specific TNM/risk tables and version governance, not a simple formula.",requires licensed/versioned staging tables; do not infer from summaries,pending_formula_or_rule_implementation,staging_or_subscription,versioned staging tables/rules or licensed system details,markdown_or_data_table_until_source_complete
CALC-0876,肿瘤分期与专病路径扩展,口腔癌AJCC/NCCN分期与风险分层,Oral Cavity Cancer AJCC/NCCN Staging and Risk Stratification,AJCC Cancer Staging / NCCN Guidelines,https://www.facs.org/quality-programs/cancer-programs/american-joint-committee-on-cancer/,not_formula_staging_or_subscription,"Cancer staging/risk-group entries are structured staging systems or subscription/licensed guideline content; need site-specific TNM/risk tables and version governance, not a simple formula.",requires licensed/versioned staging tables; do not infer from summaries,pending_formula_or_rule_implementation,staging_or_subscription,versioned staging tables/rules or licensed system details,markdown_or_data_table_until_source_complete
CALC-0877,肿瘤分期与专病路径扩展,口咽癌HPV阳性AJCC/NCCN分期与风险分层,HPV-Mediated Oropharyngeal Cancer AJCC/NCCN Staging and Risk Stratification,AJCC Cancer Staging / NCCN Guidelines,https://www.facs.org/quality-programs/cancer-programs/american-joint-committee-on-cancer/,not_formula_staging_or_subscription,"Cancer staging/risk-group entries are structured staging systems or subscription/licensed guideline content; need site-specific TNM/risk tables and version governance, not a simple formula.",requires licensed/versioned staging tables; do not infer from summaries,pending_formula_or_rule_implementation,staging_or_subscription,versioned staging tables/rules or licensed system details,markdown_or_data_table_until_source_complete
CALC-0878,肿瘤分期与专病路径扩展,口咽癌HPV阴性AJCC/NCCN分期与风险分层,HPV-Negative Oropharyngeal Cancer AJCC/NCCN Staging and Risk Stratification,AJCC Cancer Staging / NCCN Guidelines,https://www.facs.org/quality-programs/cancer-programs/american-joint-committee-on-cancer/,not_formula_staging_or_subscription,"Cancer staging/risk-group entries are structured staging systems or subscription/licensed guideline content; need site-specific TNM/risk tables and version governance, not a simple formula.",requires licensed/versioned staging tables; do not infer from summaries,pending_formula_or_rule_implementation,staging_or_subscription,versioned staging tables/rules or licensed system details,markdown_or_data_table_until_source_complete
CALC-0879,肿瘤分期与专病路径扩展,鼻咽癌AJCC/NCCN分期与风险分层,Nasopharyngeal Cancer AJCC/NCCN Staging and Risk Stratification,AJCC Cancer Staging / NCCN Guidelines,https://www.facs.org/quality-programs/cancer-programs/american-joint-committee-on-cancer/,not_formula_staging_or_subscription,"Cancer staging/risk-group entries are structured staging systems or subscription/licensed guideline content; need site-specific TNM/risk tables and version governance, not a simple formula.",requires licensed/versioned staging tables; do not infer from summaries,pending_formula_or_rule_implementation,staging_or_subscription,versioned staging tables/rules or licensed system details,markdown_or_data_table_until_source_complete
CALC-0880,肿瘤分期与专病路径扩展,下咽癌AJCC/NCCN分期与风险分层,Hypopharyngeal Cancer AJCC/NCCN Staging and Risk Stratification,AJCC Cancer Staging / NCCN Guidelines,https://www.facs.org/quality-programs/cancer-programs/american-joint-committee-on-cancer/,not_formula_staging_or_subscription,"Cancer staging/risk-group entries are structured staging systems or subscription/licensed guideline content; need site-specific TNM/risk tables and version governance, not a simple formula.",requires licensed/versioned staging tables; do not infer from summaries,pending_formula_or_rule_implementation,staging_or_subscription,versioned staging tables/rules or licensed system details,markdown_or_data_table_until_source_complete
CALC-0881,肿瘤分期与专病路径扩展,喉癌AJCC/NCCN分期与风险分层,Laryngeal Cancer AJCC/NCCN Staging and Risk Stratification,AJCC Cancer Staging / NCCN Guidelines,https://www.facs.org/quality-programs/cancer-programs/american-joint-committee-on-cancer/,not_formula_staging_or_subscription,"Cancer staging/risk-group entries are structured staging systems or subscription/licensed guideline content; need site-specific TNM/risk tables and version governance, not a simple formula.",requires licensed/versioned staging tables; do not infer from summaries,pending_formula_or_rule_implementation,staging_or_subscription,versioned staging tables/rules or licensed system details,markdown_or_data_table_until_source_complete
CALC-0882,肿瘤分期与专病路径扩展,鼻腔和鼻窦癌AJCC/NCCN分期与风险分层,Nasal Cavity and Paranasal Sinus Cancer AJCC/NCCN Staging and Risk Stratification,AJCC Cancer Staging / NCCN Guidelines,https://www.facs.org/quality-programs/cancer-programs/american-joint-committee-on-cancer/,not_formula_staging_or_subscription,"Cancer staging/risk-group entries are structured staging systems or subscription/licensed guideline content; need site-specific TNM/risk tables and version governance, not a simple formula.",requires licensed/versioned staging tables; do not infer from summaries,pending_formula_or_rule_implementation,staging_or_subscription,versioned staging tables/rules or licensed system details,markdown_or_data_table_until_source_complete
CALC-0883,肿瘤分期与专病路径扩展,唾液腺癌AJCC/NCCN分期与风险分层,Major Salivary Gland Cancer AJCC/NCCN Staging and Risk Stratification,AJCC Cancer Staging / NCCN Guidelines,https://www.facs.org/quality-programs/cancer-programs/american-joint-committee-on-cancer/,not_formula_staging_or_subscription,"Cancer staging/risk-group entries are structured staging systems or subscription/licensed guideline content; need site-specific TNM/risk tables and version governance, not a simple formula.",requires licensed/versioned staging tables; do not infer from summaries,pending_formula_or_rule_implementation,staging_or_subscription,versioned staging tables/rules or licensed system details,markdown_or_data_table_until_source_complete
CALC-0884,肿瘤分期与专病路径扩展,甲状腺分化癌AJCC/NCCN分期与风险分层,Differentiated Thyroid Cancer AJCC/NCCN Staging and Risk Stratification,AJCC Cancer Staging / NCCN Guidelines,https://www.facs.org/quality-programs/cancer-programs/american-joint-committee-on-cancer/,not_formula_staging_or_subscription,"Cancer staging/risk-group entries are structured staging systems or subscription/licensed guideline content; need site-specific TNM/risk tables and version governance, not a simple formula.",requires licensed/versioned staging tables; do not infer from summaries,pending_formula_or_rule_implementation,staging_or_subscription,versioned staging tables/rules or licensed system details,markdown_or_data_table_until_source_complete
CALC-0885,肿瘤分期与专病路径扩展,甲状腺髓样癌AJCC/NCCN分期与风险分层,Medullary Thyroid Cancer AJCC/NCCN Staging and Risk Stratification,AJCC Cancer Staging / NCCN Guidelines,https://www.facs.org/quality-programs/cancer-programs/american-joint-committee-on-cancer/,not_formula_staging_or_subscription,"Cancer staging/risk-group entries are structured staging systems or subscription/licensed guideline content; need site-specific TNM/risk tables and version governance, not a simple formula.",requires licensed/versioned staging tables; do not infer from summaries,pending_formula_or_rule_implementation,staging_or_subscription,versioned staging tables/rules or licensed system details,markdown_or_data_table_until_source_complete
CALC-0886,肿瘤分期与专病路径扩展,甲状腺未分化癌AJCC/NCCN分期与风险分层,Anaplastic Thyroid Cancer AJCC/NCCN Staging and Risk Stratification,AJCC Cancer Staging / NCCN Guidelines,https://www.facs.org/quality-programs/cancer-programs/american-joint-committee-on-cancer/,not_formula_staging_or_subscription,"Cancer staging/risk-group entries are structured staging systems or subscription/licensed guideline content; need site-specific TNM/risk tables and version governance, not a simple formula.",requires licensed/versioned staging tables; do not infer from summaries,pending_formula_or_rule_implementation,staging_or_subscription,versioned staging tables/rules or licensed system details,markdown_or_data_table_until_source_complete
CALC-0887,肿瘤分期与专病路径扩展,胸腺上皮肿瘤AJCC/NCCN分期与风险分层,Thymic Epithelial Tumor AJCC/NCCN Staging and Risk Stratification,AJCC Cancer Staging / NCCN Guidelines,https://www.facs.org/quality-programs/cancer-programs/american-joint-committee-on-cancer/,not_formula_staging_or_subscription,"Cancer staging/risk-group entries are structured staging systems or subscription/licensed guideline content; need site-specific TNM/risk tables and version governance, not a simple formula.",requires licensed/versioned staging tables; do not infer from summaries,pending_formula_or_rule_implementation,staging_or_subscription,versioned staging tables/rules or licensed system details,markdown_or_data_table_until_source_complete
CALC-0888,肿瘤分期与专病路径扩展,恶性胸膜间皮瘤AJCC/NCCN分期与风险分层,Malignant Pleural Mesothelioma AJCC/NCCN Staging and Risk Stratification,AJCC Cancer Staging / NCCN Guidelines,https://www.facs.org/quality-programs/cancer-programs/american-joint-committee-on-cancer/,not_formula_staging_or_subscription,"Cancer staging/risk-group entries are structured staging systems or subscription/licensed guideline content; need site-specific TNM/risk tables and version governance, not a simple formula.",requires licensed/versioned staging tables; do not infer from summaries,pending_formula_or_rule_implementation,staging_or_subscription,versioned staging tables/rules or licensed system details,markdown_or_data_table_until_source_complete
CALC-0889,肿瘤分期与专病路径扩展,小细胞肺癌AJCC/NCCN分期与风险分层,Small Cell Lung Cancer AJCC/NCCN Staging and Risk Stratification,AJCC Cancer Staging / NCCN Guidelines,https://www.facs.org/quality-programs/cancer-programs/american-joint-committee-on-cancer/,not_formula_staging_or_subscription,"Cancer staging/risk-group entries are structured staging systems or subscription/licensed guideline content; need site-specific TNM/risk tables and version governance, not a simple formula.",requires licensed/versioned staging tables; do not infer from summaries,pending_formula_or_rule_implementation,staging_or_subscription,versioned staging tables/rules or licensed system details,markdown_or_data_table_until_source_complete
CALC-0890,肿瘤分期与专病路径扩展,胃肠道间质瘤AJCC/NCCN分期与风险分层,Gastrointestinal Stromal Tumor AJCC/NCCN Staging and Risk Stratification,AJCC Cancer Staging / NCCN Guidelines,https://www.facs.org/quality-programs/cancer-programs/american-joint-committee-on-cancer/,not_formula_staging_or_subscription,"Cancer staging/risk-group entries are structured staging systems or subscription/licensed guideline content; need site-specific TNM/risk tables and version governance, not a simple formula.",requires licensed/versioned staging tables; do not infer from summaries,pending_formula_or_rule_implementation,staging_or_subscription,versioned staging tables/rules or licensed system details,markdown_or_data_table_until_source_complete
CALC-0891,肿瘤分期与专病路径扩展,小肠腺癌AJCC/NCCN分期与风险分层,Small Bowel Adenocarcinoma AJCC/NCCN Staging and Risk Stratification,AJCC Cancer Staging / NCCN Guidelines,https://www.facs.org/quality-programs/cancer-programs/american-joint-committee-on-cancer/,not_formula_staging_or_subscription,"Cancer staging/risk-group entries are structured staging systems or subscription/licensed guideline content; need site-specific TNM/risk tables and version governance, not a simple formula.",requires licensed/versioned staging tables; do not infer from summaries,pending_formula_or_rule_implementation,staging_or_subscription,versioned staging tables/rules or licensed system details,markdown_or_data_table_until_source_complete
CALC-0892,肿瘤分期与专病路径扩展,阑尾癌AJCC/NCCN分期与风险分层,Appendiceal Carcinoma AJCC/NCCN Staging and Risk Stratification,AJCC Cancer Staging / NCCN Guidelines,https://www.facs.org/quality-programs/cancer-programs/american-joint-committee-on-cancer/,not_formula_staging_or_subscription,"Cancer staging/risk-group entries are structured staging systems or subscription/licensed guideline content; need site-specific TNM/risk tables and version governance, not a simple formula.",requires licensed/versioned staging tables; do not infer from summaries,pending_formula_or_rule_implementation,staging_or_subscription,versioned staging tables/rules or licensed system details,markdown_or_data_table_until_source_complete
CALC-0893,肿瘤分期与专病路径扩展,肛管癌AJCC/NCCN分期与风险分层,Anal Cancer AJCC/NCCN Staging and Risk Stratification,AJCC Cancer Staging / NCCN Guidelines,https://www.facs.org/quality-programs/cancer-programs/american-joint-committee-on-cancer/,not_formula_staging_or_subscription,"Cancer staging/risk-group entries are structured staging systems or subscription/licensed guideline content; need site-specific TNM/risk tables and version governance, not a simple formula.",requires licensed/versioned staging tables; do not infer from summaries,pending_formula_or_rule_implementation,staging_or_subscription,versioned staging tables/rules or licensed system details,markdown_or_data_table_until_source_complete
CALC-0894,肿瘤分期与专病路径扩展,肝内胆管癌AJCC/NCCN分期与风险分层,Intrahepatic Cholangiocarcinoma AJCC/NCCN Staging and Risk Stratification,AJCC Cancer Staging / NCCN Guidelines,https://www.facs.org/quality-programs/cancer-programs/american-joint-committee-on-cancer/,not_formula_staging_or_subscription,"Cancer staging/risk-group entries are structured staging systems or subscription/licensed guideline content; need site-specific TNM/risk tables and version governance, not a simple formula.",requires licensed/versioned staging tables; do not infer from summaries,pending_formula_or_rule_implementation,staging_or_subscription,versioned staging tables/rules or licensed system details,markdown_or_data_table_until_source_complete
CALC-0895,肿瘤分期与专病路径扩展,肝门部胆管癌AJCC/NCCN分期与风险分层,Perihilar Cholangiocarcinoma AJCC/NCCN Staging and Risk Stratification,AJCC Cancer Staging / NCCN Guidelines,https://www.facs.org/quality-programs/cancer-programs/american-joint-committee-on-cancer/,not_formula_staging_or_subscription,"Cancer staging/risk-group entries are structured staging systems or subscription/licensed guideline content; need site-specific TNM/risk tables and version governance, not a simple formula.",requires licensed/versioned staging tables; do not infer from summaries,pending_formula_or_rule_implementation,staging_or_subscription,versioned staging tables/rules or licensed system details,markdown_or_data_table_until_source_complete
CALC-0896,肿瘤分期与专病路径扩展,远端胆管癌AJCC/NCCN分期与风险分层,Distal Bile Duct Cancer AJCC/NCCN Staging and Risk Stratification,AJCC Cancer Staging / NCCN Guidelines,https://www.facs.org/quality-programs/cancer-programs/american-joint-committee-on-cancer/,not_formula_staging_or_subscription,"Cancer staging/risk-group entries are structured staging systems or subscription/licensed guideline content; need site-specific TNM/risk tables and version governance, not a simple formula.",requires licensed/versioned staging tables; do not infer from summaries,pending_formula_or_rule_implementation,staging_or_subscription,versioned staging tables/rules or licensed system details,markdown_or_data_table_until_source_complete
CALC-0897,肿瘤分期与专病路径扩展,胆囊癌AJCC/NCCN分期与风险分层,Gallbladder Cancer AJCC/NCCN Staging and Risk Stratification,AJCC Cancer Staging / NCCN Guidelines,https://www.facs.org/quality-programs/cancer-programs/american-joint-committee-on-cancer/,not_formula_staging_or_subscription,"Cancer staging/risk-group entries are structured staging systems or subscription/licensed guideline content; need site-specific TNM/risk tables and version governance, not a simple formula.",requires licensed/versioned staging tables; do not infer from summaries,pending_formula_or_rule_implementation,staging_or_subscription,versioned staging tables/rules or licensed system details,markdown_or_data_table_until_source_complete
CALC-0898,肿瘤分期与专病路径扩展,壶腹癌AJCC/NCCN分期与风险分层,Ampullary Cancer AJCC/NCCN Staging and Risk Stratification,AJCC Cancer Staging / NCCN Guidelines,https://www.facs.org/quality-programs/cancer-programs/american-joint-committee-on-cancer/,not_formula_staging_or_subscription,"Cancer staging/risk-group entries are structured staging systems or subscription/licensed guideline content; need site-specific TNM/risk tables and version governance, not a simple formula.",requires licensed/versioned staging tables; do not infer from summaries,pending_formula_or_rule_implementation,staging_or_subscription,versioned staging tables/rules or licensed system details,markdown_or_data_table_until_source_complete
CALC-0899,肿瘤分期与专病路径扩展,胰腺癌AJCC/NCCN分期与风险分层,Pancreatic Cancer AJCC/NCCN Staging and Risk Stratification,AJCC Cancer Staging / NCCN Guidelines,https://www.facs.org/quality-programs/cancer-programs/american-joint-committee-on-cancer/,not_formula_staging_or_subscription,"Cancer staging/risk-group entries are structured staging systems or subscription/licensed guideline content; need site-specific TNM/risk tables and version governance, not a simple formula.",requires licensed/versioned staging tables; do not infer from summaries,pending_formula_or_rule_implementation,staging_or_subscription,versioned staging tables/rules or licensed system details,markdown_or_data_table_until_source_complete
CALC-0900,肿瘤分期与专病路径扩展,胰腺神经内分泌肿瘤AJCC/NCCN分期与风险分层,Pancreatic Neuroendocrine Tumor AJCC/NCCN Staging and Risk Stratification,AJCC Cancer Staging / NCCN Guidelines,https://www.facs.org/quality-programs/cancer-programs/american-joint-committee-on-cancer/,not_formula_staging_or_subscription,"Cancer staging/risk-group entries are structured staging systems or subscription/licensed guideline content; need site-specific TNM/risk tables and version governance, not a simple formula.",requires licensed/versioned staging tables; do not infer from summaries,pending_formula_or_rule_implementation,staging_or_subscription,versioned staging tables/rules or licensed system details,markdown_or_data_table_until_source_complete
CALC-0901,肿瘤分期与专病路径扩展,胃神经内分泌肿瘤AJCC/NCCN分期与风险分层,Gastric Neuroendocrine Tumor AJCC/NCCN Staging and Risk Stratification,AJCC Cancer Staging / NCCN Guidelines,https://www.facs.org/quality-programs/cancer-programs/american-joint-committee-on-cancer/,not_formula_staging_or_subscription,"Cancer staging/risk-group entries are structured staging systems or subscription/licensed guideline content; need site-specific TNM/risk tables and version governance, not a simple formula.",requires licensed/versioned staging tables; do not infer from summaries,pending_formula_or_rule_implementation,staging_or_subscription,versioned staging tables/rules or licensed system details,markdown_or_data_table_until_source_complete
CALC-0902,肿瘤分期与专病路径扩展,小肠神经内分泌肿瘤AJCC/NCCN分期与风险分层,Small Intestinal Neuroendocrine Tumor AJCC/NCCN Staging and Risk Stratification,AJCC Cancer Staging / NCCN Guidelines,https://www.facs.org/quality-programs/cancer-programs/american-joint-committee-on-cancer/,not_formula_staging_or_subscription,"Cancer staging/risk-group entries are structured staging systems or subscription/licensed guideline content; need site-specific TNM/risk tables and version governance, not a simple formula.",requires licensed/versioned staging tables; do not infer from summaries,pending_formula_or_rule_implementation,staging_or_subscription,versioned staging tables/rules or licensed system details,markdown_or_data_table_until_source_complete
CALC-0903,肿瘤分期与专病路径扩展,结直肠神经内分泌肿瘤AJCC/NCCN分期与风险分层,Colorectal Neuroendocrine Tumor AJCC/NCCN Staging and Risk Stratification,AJCC Cancer Staging / NCCN Guidelines,https://www.facs.org/quality-programs/cancer-programs/american-joint-committee-on-cancer/,not_formula_staging_or_subscription,"Cancer staging/risk-group entries are structured staging systems or subscription/licensed guideline content; need site-specific TNM/risk tables and version governance, not a simple formula.",requires licensed/versioned staging tables; do not infer from summaries,pending_formula_or_rule_implementation,staging_or_subscription,versioned staging tables/rules or licensed system details,markdown_or_data_table_until_source_complete
CALC-0904,肿瘤分期与专病路径扩展,肾盂输尿管癌AJCC/NCCN分期与风险分层,Renal Pelvis and Ureter Cancer AJCC/NCCN Staging and Risk Stratification,AJCC Cancer Staging / NCCN Guidelines,https://www.facs.org/quality-programs/cancer-programs/american-joint-committee-on-cancer/,not_formula_staging_or_subscription,"Cancer staging/risk-group entries are structured staging systems or subscription/licensed guideline content; need site-specific TNM/risk tables and version governance, not a simple formula.",requires licensed/versioned staging tables; do not infer from summaries,pending_formula_or_rule_implementation,staging_or_subscription,versioned staging tables/rules or licensed system details,markdown_or_data_table_until_source_complete
CALC-0905,肿瘤分期与专病路径扩展,尿道癌AJCC/NCCN分期与风险分层,Urethral Cancer AJCC/NCCN Staging and Risk Stratification,AJCC Cancer Staging / NCCN Guidelines,https://www.facs.org/quality-programs/cancer-programs/american-joint-committee-on-cancer/,not_formula_staging_or_subscription,"Cancer staging/risk-group entries are structured staging systems or subscription/licensed guideline content; need site-specific TNM/risk tables and version governance, not a simple formula.",requires licensed/versioned staging tables; do not infer from summaries,pending_formula_or_rule_implementation,staging_or_subscription,versioned staging tables/rules or licensed system details,markdown_or_data_table_until_source_complete
CALC-0906,肿瘤分期与专病路径扩展,阴茎癌AJCC/NCCN分期与风险分层,Penile Cancer AJCC/NCCN Staging and Risk Stratification,AJCC Cancer Staging / NCCN Guidelines,https://www.facs.org/quality-programs/cancer-programs/american-joint-committee-on-cancer/,not_formula_staging_or_subscription,"Cancer staging/risk-group entries are structured staging systems or subscription/licensed guideline content; need site-specific TNM/risk tables and version governance, not a simple formula.",requires licensed/versioned staging tables; do not infer from summaries,pending_formula_or_rule_implementation,staging_or_subscription,versioned staging tables/rules or licensed system details,markdown_or_data_table_until_source_complete
CALC-0907,肿瘤分期与专病路径扩展,睾丸精原细胞瘤AJCC/NCCN分期与风险分层,Seminoma AJCC/NCCN Staging and Risk Stratification,AJCC Cancer Staging / NCCN Guidelines,https://www.facs.org/quality-programs/cancer-programs/american-joint-committee-on-cancer/,not_formula_staging_or_subscription,"Cancer staging/risk-group entries are structured staging systems or subscription/licensed guideline content; need site-specific TNM/risk tables and version governance, not a simple formula.",requires licensed/versioned staging tables; do not infer from summaries,pending_formula_or_rule_implementation,staging_or_subscription,versioned staging tables/rules or licensed system details,markdown_or_data_table_until_source_complete
CALC-0908,肿瘤分期与专病路径扩展,睾丸非精原细胞瘤AJCC/NCCN分期与风险分层,Nonseminomatous Germ Cell Tumor AJCC/NCCN Staging and Risk Stratification,AJCC Cancer Staging / NCCN Guidelines,https://www.facs.org/quality-programs/cancer-programs/american-joint-committee-on-cancer/,not_formula_staging_or_subscription,"Cancer staging/risk-group entries are structured staging systems or subscription/licensed guideline content; need site-specific TNM/risk tables and version governance, not a simple formula.",requires licensed/versioned staging tables; do not infer from summaries,pending_formula_or_rule_implementation,staging_or_subscription,versioned staging tables/rules or licensed system details,markdown_or_data_table_until_source_complete
CALC-0909,肿瘤分期与专病路径扩展,阴道癌AJCC/NCCN分期与风险分层,Vaginal Cancer AJCC/NCCN Staging and Risk Stratification,AJCC Cancer Staging / NCCN Guidelines,https://www.facs.org/quality-programs/cancer-programs/american-joint-committee-on-cancer/,not_formula_staging_or_subscription,"Cancer staging/risk-group entries are structured staging systems or subscription/licensed guideline content; need site-specific TNM/risk tables and version governance, not a simple formula.",requires licensed/versioned staging tables; do not infer from summaries,pending_formula_or_rule_implementation,staging_or_subscription,versioned staging tables/rules or licensed system details,markdown_or_data_table_until_source_complete
CALC-0910,肿瘤分期与专病路径扩展,外阴癌AJCC/NCCN分期与风险分层,Vulvar Cancer AJCC/NCCN Staging and Risk Stratification,AJCC Cancer Staging / NCCN Guidelines,https://www.facs.org/quality-programs/cancer-programs/american-joint-committee-on-cancer/,not_formula_staging_or_subscription,"Cancer staging/risk-group entries are structured staging systems or subscription/licensed guideline content; need site-specific TNM/risk tables and version governance, not a simple formula.",requires licensed/versioned staging tables; do not infer from summaries,pending_formula_or_rule_implementation,staging_or_subscription,versioned staging tables/rules or licensed system details,markdown_or_data_table_until_source_complete
CALC-0911,肿瘤分期与专病路径扩展,妊娠滋养细胞肿瘤AJCC/NCCN分期与风险分层,Gestational Trophoblastic Neoplasia AJCC/NCCN Staging and Risk Stratification,AJCC Cancer Staging / NCCN Guidelines,https://www.facs.org/quality-programs/cancer-programs/american-joint-committee-on-cancer/,not_formula_staging_or_subscription,"Cancer staging/risk-group entries are structured staging systems or subscription/licensed guideline content; need site-specific TNM/risk tables and version governance, not a simple formula.",requires licensed/versioned staging tables; do not infer from summaries,pending_formula_or_rule_implementation,staging_or_subscription,versioned staging tables/rules or licensed system details,markdown_or_data_table_until_source_complete
CALC-0912,肿瘤分期与专病路径扩展,子宫肉瘤AJCC/NCCN分期与风险分层,Uterine Sarcoma AJCC/NCCN Staging and Risk Stratification,AJCC Cancer Staging / NCCN Guidelines,https://www.facs.org/quality-programs/cancer-programs/american-joint-committee-on-cancer/,not_formula_staging_or_subscription,"Cancer staging/risk-group entries are structured staging systems or subscription/licensed guideline content; need site-specific TNM/risk tables and version governance, not a simple formula.",requires licensed/versioned staging tables; do not infer from summaries,pending_formula_or_rule_implementation,staging_or_subscription,versioned staging tables/rules or licensed system details,markdown_or_data_table_until_source_complete
CALC-0913,肿瘤分期与专病路径扩展,葡萄膜黑色素瘤AJCC/NCCN分期与风险分层,Uveal Melanoma AJCC/NCCN Staging and Risk Stratification,AJCC Cancer Staging / NCCN Guidelines,https://www.facs.org/quality-programs/cancer-programs/american-joint-committee-on-cancer/,not_formula_staging_or_subscription,"Cancer staging/risk-group entries are structured staging systems or subscription/licensed guideline content; need site-specific TNM/risk tables and version governance, not a simple formula.",requires licensed/versioned staging tables; do not infer from summaries,pending_formula_or_rule_implementation,staging_or_subscription,versioned staging tables/rules or licensed system details,markdown_or_data_table_until_source_complete
CALC-0914,肿瘤分期与专病路径扩展,视网膜母细胞瘤AJCC/NCCN分期与风险分层,Retinoblastoma AJCC/NCCN Staging and Risk Stratification,AJCC Cancer Staging / NCCN Guidelines,https://www.facs.org/quality-programs/cancer-programs/american-joint-committee-on-cancer/,not_formula_staging_or_subscription,"Cancer staging/risk-group entries are structured staging systems or subscription/licensed guideline content; need site-specific TNM/risk tables and version governance, not a simple formula.",requires licensed/versioned staging tables; do not infer from summaries,pending_formula_or_rule_implementation,staging_or_subscription,versioned staging tables/rules or licensed system details,markdown_or_data_table_until_source_complete
CALC-0915,肿瘤分期与专病路径扩展,Merkel细胞癌AJCC/NCCN分期与风险分层,Merkel Cell Carcinoma AJCC/NCCN Staging and Risk Stratification,AJCC Cancer Staging / NCCN Guidelines,https://www.facs.org/quality-programs/cancer-programs/american-joint-committee-on-cancer/,not_formula_staging_or_subscription,"Cancer staging/risk-group entries are structured staging systems or subscription/licensed guideline content; need site-specific TNM/risk tables and version governance, not a simple formula.",requires licensed/versioned staging tables; do not infer from summaries,pending_formula_or_rule_implementation,staging_or_subscription,versioned staging tables/rules or licensed system details,markdown_or_data_table_until_source_complete
CALC-0916,肿瘤分期与专病路径扩展,皮肤鳞状细胞癌AJCC/NCCN分期与风险分层,Cutaneous Squamous Cell Carcinoma AJCC/NCCN Staging and Risk Stratification,AJCC Cancer Staging / NCCN Guidelines,https://www.facs.org/quality-programs/cancer-programs/american-joint-committee-on-cancer/,not_formula_staging_or_subscription,"Cancer staging/risk-group entries are structured staging systems or subscription/licensed guideline content; need site-specific TNM/risk tables and version governance, not a simple formula.",requires licensed/versioned staging tables; do not infer from summaries,pending_formula_or_rule_implementation,staging_or_subscription,versioned staging tables/rules or licensed system details,markdown_or_data_table_until_source_complete
CALC-0917,肿瘤分期与专病路径扩展,基底细胞癌AJCC/NCCN分期与风险分层,Basal Cell Carcinoma AJCC/NCCN Staging and Risk Stratification,AJCC Cancer Staging / NCCN Guidelines,https://www.facs.org/quality-programs/cancer-programs/american-joint-committee-on-cancer/,not_formula_staging_or_subscription,"Cancer staging/risk-group entries are structured staging systems or subscription/licensed guideline content; need site-specific TNM/risk tables and version governance, not a simple formula.",requires licensed/versioned staging tables; do not infer from summaries,pending_formula_or_rule_implementation,staging_or_subscription,versioned staging tables/rules or licensed system details,markdown_or_data_table_until_source_complete
CALC-0918,肿瘤分期与专病路径扩展,软组织肉瘤AJCC/NCCN分期与风险分层,Soft Tissue Sarcoma AJCC/NCCN Staging and Risk Stratification,AJCC Cancer Staging / NCCN Guidelines,https://www.facs.org/quality-programs/cancer-programs/american-joint-committee-on-cancer/,not_formula_staging_or_subscription,"Cancer staging/risk-group entries are structured staging systems or subscription/licensed guideline content; need site-specific TNM/risk tables and version governance, not a simple formula.",requires licensed/versioned staging tables; do not infer from summaries,pending_formula_or_rule_implementation,staging_or_subscription,versioned staging tables/rules or licensed system details,markdown_or_data_table_until_source_complete
CALC-0919,肿瘤分期与专病路径扩展,腹膜后肉瘤AJCC/NCCN分期与风险分层,Retroperitoneal Sarcoma AJCC/NCCN Staging and Risk Stratification,AJCC Cancer Staging / NCCN Guidelines,https://www.facs.org/quality-programs/cancer-programs/american-joint-committee-on-cancer/,not_formula_staging_or_subscription,"Cancer staging/risk-group entries are structured staging systems or subscription/licensed guideline content; need site-specific TNM/risk tables and version governance, not a simple formula.",requires licensed/versioned staging tables; do not infer from summaries,pending_formula_or_rule_implementation,staging_or_subscription,versioned staging tables/rules or licensed system details,markdown_or_data_table_until_source_complete
CALC-0920,肿瘤分期与专病路径扩展,骨肉瘤AJCC/NCCN分期与风险分层,Osteosarcoma AJCC/NCCN Staging and Risk Stratification,AJCC Cancer Staging / NCCN Guidelines,https://www.facs.org/quality-programs/cancer-programs/american-joint-committee-on-cancer/,not_formula_staging_or_subscription,"Cancer staging/risk-group entries are structured staging systems or subscription/licensed guideline content; need site-specific TNM/risk tables and version governance, not a simple formula.",requires licensed/versioned staging tables; do not infer from summaries,pending_formula_or_rule_implementation,staging_or_subscription,versioned staging tables/rules or licensed system details,markdown_or_data_table_until_source_complete
CALC-0921,肿瘤分期与专病路径扩展,尤文肉瘤AJCC/NCCN分期与风险分层,Ewing Sarcoma AJCC/NCCN Staging and Risk Stratification,AJCC Cancer Staging / NCCN Guidelines,https://www.facs.org/quality-programs/cancer-programs/american-joint-committee-on-cancer/,not_formula_staging_or_subscription,"Cancer staging/risk-group entries are structured staging systems or subscription/licensed guideline content; need site-specific TNM/risk tables and version governance, not a simple formula.",requires licensed/versioned staging tables; do not infer from summaries,pending_formula_or_rule_implementation,staging_or_subscription,versioned staging tables/rules or licensed system details,markdown_or_data_table_until_source_complete
CALC-0922,肿瘤分期与专病路径扩展,软骨肉瘤AJCC/NCCN分期与风险分层,Chondrosarcoma AJCC/NCCN Staging and Risk Stratification,AJCC Cancer Staging / NCCN Guidelines,https://www.facs.org/quality-programs/cancer-programs/american-joint-committee-on-cancer/,not_formula_staging_or_subscription,"Cancer staging/risk-group entries are structured staging systems or subscription/licensed guideline content; need site-specific TNM/risk tables and version governance, not a simple formula.",requires licensed/versioned staging tables; do not infer from summaries,pending_formula_or_rule_implementation,staging_or_subscription,versioned staging tables/rules or licensed system details,markdown_or_data_table_until_source_complete
CALC-0923,肿瘤分期与专病路径扩展,中枢神经系统肿瘤AJCC/NCCN分期与风险分层,Central Nervous System Tumor AJCC/NCCN Staging and Risk Stratification,AJCC Cancer Staging / NCCN Guidelines,https://www.facs.org/quality-programs/cancer-programs/american-joint-committee-on-cancer/,not_formula_staging_or_subscription,"Cancer staging/risk-group entries are structured staging systems or subscription/licensed guideline content; need site-specific TNM/risk tables and version governance, not a simple formula.",requires licensed/versioned staging tables; do not infer from summaries,pending_formula_or_rule_implementation,staging_or_subscription,versioned staging tables/rules or licensed system details,markdown_or_data_table_until_source_complete
CALC-0924,肿瘤分期与专病路径扩展,成人低级别胶质瘤AJCC/NCCN分期与风险分层,Adult Low-Grade Glioma AJCC/NCCN Staging and Risk Stratification,AJCC Cancer Staging / NCCN Guidelines,https://www.facs.org/quality-programs/cancer-programs/american-joint-committee-on-cancer/,not_formula_staging_or_subscription,"Cancer staging/risk-group entries are structured staging systems or subscription/licensed guideline content; need site-specific TNM/risk tables and version governance, not a simple formula.",requires licensed/versioned staging tables; do not infer from summaries,pending_formula_or_rule_implementation,staging_or_subscription,versioned staging tables/rules or licensed system details,markdown_or_data_table_until_source_complete
CALC-0925,肿瘤分期与专病路径扩展,胶质母细胞瘤AJCC/NCCN分期与风险分层,Glioblastoma AJCC/NCCN Staging and Risk Stratification,AJCC Cancer Staging / NCCN Guidelines,https://www.facs.org/quality-programs/cancer-programs/american-joint-committee-on-cancer/,not_formula_staging_or_subscription,"Cancer staging/risk-group entries are structured staging systems or subscription/licensed guideline content; need site-specific TNM/risk tables and version governance, not a simple formula.",requires licensed/versioned staging tables; do not infer from summaries,pending_formula_or_rule_implementation,staging_or_subscription,versioned staging tables/rules or licensed system details,markdown_or_data_table_until_source_complete
CALC-0926,肿瘤分期与专病路径扩展,脑膜瘤AJCC/NCCN分期与风险分层,Meningioma AJCC/NCCN Staging and Risk Stratification,AJCC Cancer Staging / NCCN Guidelines,https://www.facs.org/quality-programs/cancer-programs/american-joint-committee-on-cancer/,not_formula_staging_or_subscription,"Cancer staging/risk-group entries are structured staging systems or subscription/licensed guideline content; need site-specific TNM/risk tables and version governance, not a simple formula.",requires licensed/versioned staging tables; do not infer from summaries,pending_formula_or_rule_implementation,staging_or_subscription,versioned staging tables/rules or licensed system details,markdown_or_data_table_until_source_complete
CALC-0927,肿瘤分期与专病路径扩展,垂体神经内分泌肿瘤AJCC/NCCN分期与风险分层,Pituitary Neuroendocrine Tumor AJCC/NCCN Staging and Risk Stratification,AJCC Cancer Staging / NCCN Guidelines,https://www.facs.org/quality-programs/cancer-programs/american-joint-committee-on-cancer/,not_formula_staging_or_subscription,"Cancer staging/risk-group entries are structured staging systems or subscription/licensed guideline content; need site-specific TNM/risk tables and version governance, not a simple formula.",requires licensed/versioned staging tables; do not infer from summaries,pending_formula_or_rule_implementation,staging_or_subscription,versioned staging tables/rules or licensed system details,markdown_or_data_table_until_source_complete
CALC-0928,肿瘤分期与专病路径扩展,霍奇金淋巴瘤AJCC/NCCN分期与风险分层,Hodgkin Lymphoma AJCC/NCCN Staging and Risk Stratification,AJCC Cancer Staging / NCCN Guidelines,https://www.facs.org/quality-programs/cancer-programs/american-joint-committee-on-cancer/,not_formula_staging_or_subscription,"Cancer staging/risk-group entries are structured staging systems or subscription/licensed guideline content; need site-specific TNM/risk tables and version governance, not a simple formula.",requires licensed/versioned staging tables; do not infer from summaries,pending_formula_or_rule_implementation,staging_or_subscription,versioned staging tables/rules or licensed system details,markdown_or_data_table_until_source_complete
CALC-0929,肿瘤分期与专病路径扩展,弥漫大B细胞淋巴瘤AJCC/NCCN分期与风险分层,Diffuse Large B-Cell Lymphoma AJCC/NCCN Staging and Risk Stratification,AJCC Cancer Staging / NCCN Guidelines,https://www.facs.org/quality-programs/cancer-programs/american-joint-committee-on-cancer/,not_formula_staging_or_subscription,"Cancer staging/risk-group entries are structured staging systems or subscription/licensed guideline content; need site-specific TNM/risk tables and version governance, not a simple formula.",requires licensed/versioned staging tables; do not infer from summaries,pending_formula_or_rule_implementation,staging_or_subscription,versioned staging tables/rules or licensed system details,markdown_or_data_table_until_source_complete
CALC-0930,肿瘤分期与专病路径扩展,套细胞淋巴瘤AJCC/NCCN分期与风险分层,Mantle Cell Lymphoma AJCC/NCCN Staging and Risk Stratification,AJCC Cancer Staging / NCCN Guidelines,https://www.facs.org/quality-programs/cancer-programs/american-joint-committee-on-cancer/,not_formula_staging_or_subscription,"Cancer staging/risk-group entries are structured staging systems or subscription/licensed guideline content; need site-specific TNM/risk tables and version governance, not a simple formula.",requires licensed/versioned staging tables; do not infer from summaries,pending_formula_or_rule_implementation,staging_or_subscription,versioned staging tables/rules or licensed system details,markdown_or_data_table_until_source_complete
CALC-0931,肿瘤分期与专病路径扩展,边缘区淋巴瘤AJCC/NCCN分期与风险分层,Marginal Zone Lymphoma AJCC/NCCN Staging and Risk Stratification,AJCC Cancer Staging / NCCN Guidelines,https://www.facs.org/quality-programs/cancer-programs/american-joint-committee-on-cancer/,not_formula_staging_or_subscription,"Cancer staging/risk-group entries are structured staging systems or subscription/licensed guideline content; need site-specific TNM/risk tables and version governance, not a simple formula.",requires licensed/versioned staging tables; do not infer from summaries,pending_formula_or_rule_implementation,staging_or_subscription,versioned staging tables/rules or licensed system details,markdown_or_data_table_until_source_complete
CALC-0932,肿瘤分期与专病路径扩展,外周T细胞淋巴瘤AJCC/NCCN分期与风险分层,Peripheral T-Cell Lymphoma AJCC/NCCN Staging and Risk Stratification,AJCC Cancer Staging / NCCN Guidelines,https://www.facs.org/quality-programs/cancer-programs/american-joint-committee-on-cancer/,not_formula_staging_or_subscription,"Cancer staging/risk-group entries are structured staging systems or subscription/licensed guideline content; need site-specific TNM/risk tables and version governance, not a simple formula.",requires licensed/versioned staging tables; do not infer from summaries,pending_formula_or_rule_implementation,staging_or_subscription,versioned staging tables/rules or licensed system details,markdown_or_data_table_until_source_complete
CALC-0933,肿瘤分期与专病路径扩展,皮肤T细胞淋巴瘤AJCC/NCCN分期与风险分层,Cutaneous T-Cell Lymphoma AJCC/NCCN Staging and Risk Stratification,AJCC Cancer Staging / NCCN Guidelines,https://www.facs.org/quality-programs/cancer-programs/american-joint-committee-on-cancer/,not_formula_staging_or_subscription,"Cancer staging/risk-group entries are structured staging systems or subscription/licensed guideline content; need site-specific TNM/risk tables and version governance, not a simple formula.",requires licensed/versioned staging tables; do not infer from summaries,pending_formula_or_rule_implementation,staging_or_subscription,versioned staging tables/rules or licensed system details,markdown_or_data_table_until_source_complete
CALC-0934,肿瘤分期与专病路径扩展,华氏巨球蛋白血症AJCC/NCCN分期与风险分层,Waldenstrom Macroglobulinemia AJCC/NCCN Staging and Risk Stratification,AJCC Cancer Staging / NCCN Guidelines,https://www.facs.org/quality-programs/cancer-programs/american-joint-committee-on-cancer/,not_formula_staging_or_subscription,"Cancer staging/risk-group entries are structured staging systems or subscription/licensed guideline content; need site-specific TNM/risk tables and version governance, not a simple formula.",requires licensed/versioned staging tables; do not infer from summaries,pending_formula_or_rule_implementation,staging_or_subscription,versioned staging tables/rules or licensed system details,markdown_or_data_table_until_source_complete
CALC-0935,肿瘤分期与专病路径扩展,慢性髓性白血病AJCC/NCCN分期与风险分层,Chronic Myeloid Leukemia AJCC/NCCN Staging and Risk Stratification,AJCC Cancer Staging / NCCN Guidelines,https://www.facs.org/quality-programs/cancer-programs/american-joint-committee-on-cancer/,not_formula_staging_or_subscription,"Cancer staging/risk-group entries are structured staging systems or subscription/licensed guideline content; need site-specific TNM/risk tables and version governance, not a simple formula.",requires licensed/versioned staging tables; do not infer from summaries,pending_formula_or_rule_implementation,staging_or_subscription,versioned staging tables/rules or licensed system details,markdown_or_data_table_until_source_complete
CALC-0936,肿瘤分期与专病路径扩展,急性淋巴细胞白血病AJCC/NCCN分期与风险分层,Acute Lymphoblastic Leukemia AJCC/NCCN Staging and Risk Stratification,AJCC Cancer Staging / NCCN Guidelines,https://www.facs.org/quality-programs/cancer-programs/american-joint-committee-on-cancer/,not_formula_staging_or_subscription,"Cancer staging/risk-group entries are structured staging systems or subscription/licensed guideline content; need site-specific TNM/risk tables and version governance, not a simple formula.",requires licensed/versioned staging tables; do not infer from summaries,pending_formula_or_rule_implementation,staging_or_subscription,versioned staging tables/rules or licensed system details,markdown_or_data_table_until_source_complete
CALC-0937,肿瘤分期与专病路径扩展,慢性淋巴细胞白血病AJCC/NCCN分期与风险分层,Chronic Lymphocytic Leukemia AJCC/NCCN Staging and Risk Stratification,AJCC Cancer Staging / NCCN Guidelines,https://www.facs.org/quality-programs/cancer-programs/american-joint-committee-on-cancer/,not_formula_staging_or_subscription,"Cancer staging/risk-group entries are structured staging systems or subscription/licensed guideline content; need site-specific TNM/risk tables and version governance, not a simple formula.",requires licensed/versioned staging tables; do not infer from summaries,pending_formula_or_rule_implementation,staging_or_subscription,versioned staging tables/rules or licensed system details,markdown_or_data_table_until_source_complete
CALC-0938,肿瘤分期与专病路径扩展,多发性骨髓瘤AJCC/NCCN分期与风险分层,Multiple Myeloma AJCC/NCCN Staging and Risk Stratification,AJCC Cancer Staging / NCCN Guidelines,https://www.facs.org/quality-programs/cancer-programs/american-joint-committee-on-cancer/,not_formula_staging_or_subscription,"Cancer staging/risk-group entries are structured staging systems or subscription/licensed guideline content; need site-specific TNM/risk tables and version governance, not a simple formula.",requires licensed/versioned staging tables; do not infer from summaries,pending_formula_or_rule_implementation,staging_or_subscription,versioned staging tables/rules or licensed system details,markdown_or_data_table_until_source_complete
CALC-0939,肿瘤分期与专病路径扩展,原发性中枢神经系统淋巴瘤AJCC/NCCN分期与风险分层,Primary CNS Lymphoma AJCC/NCCN Staging and Risk Stratification,AJCC Cancer Staging / NCCN Guidelines,https://www.facs.org/quality-programs/cancer-programs/american-joint-committee-on-cancer/,not_formula_staging_or_subscription,"Cancer staging/risk-group entries are structured staging systems or subscription/licensed guideline content; need site-specific TNM/risk tables and version governance, not a simple formula.",requires licensed/versioned staging tables; do not infer from summaries,pending_formula_or_rule_implementation,staging_or_subscription,versioned staging tables/rules or licensed system details,markdown_or_data_table_until_source_complete
CALC-0940,肿瘤分期与专病路径扩展,儿童神经母细胞瘤AJCC/NCCN分期与风险分层,Neuroblastoma AJCC/NCCN Staging and Risk Stratification,AJCC Cancer Staging / NCCN Guidelines,https://www.facs.org/quality-programs/cancer-programs/american-joint-committee-on-cancer/,not_formula_staging_or_subscription,"Cancer staging/risk-group entries are structured staging systems or subscription/licensed guideline content; need site-specific TNM/risk tables and version governance, not a simple formula.",requires licensed/versioned staging tables; do not infer from summaries,pending_formula_or_rule_implementation,staging_or_subscription,versioned staging tables/rules or licensed system details,markdown_or_data_table_until_source_complete
CALC-0941,肿瘤分期与专病路径扩展,Wilms肿瘤AJCC/NCCN分期与风险分层,Wilms Tumor AJCC/NCCN Staging and Risk Stratification,AJCC Cancer Staging / NCCN Guidelines,https://www.facs.org/quality-programs/cancer-programs/american-joint-committee-on-cancer/,not_formula_staging_or_subscription,"Cancer staging/risk-group entries are structured staging systems or subscription/licensed guideline content; need site-specific TNM/risk tables and version governance, not a simple formula.",requires licensed/versioned staging tables; do not infer from summaries,pending_formula_or_rule_implementation,staging_or_subscription,versioned staging tables/rules or licensed system details,markdown_or_data_table_until_source_complete
CALC-0942,肿瘤分期与专病路径扩展,儿童横纹肌肉瘤AJCC/NCCN分期与风险分层,Rhabdomyosarcoma AJCC/NCCN Staging and Risk Stratification,AJCC Cancer Staging / NCCN Guidelines,https://www.facs.org/quality-programs/cancer-programs/american-joint-committee-on-cancer/,not_formula_staging_or_subscription,"Cancer staging/risk-group entries are structured staging systems or subscription/licensed guideline content; need site-specific TNM/risk tables and version governance, not a simple formula.",requires licensed/versioned staging tables; do not infer from summaries,pending_formula_or_rule_implementation,staging_or_subscription,versioned staging tables/rules or licensed system details,markdown_or_data_table_until_source_complete
CALC-0943,肿瘤分期与专病路径扩展,儿童肝母细胞瘤AJCC/NCCN分期与风险分层,Hepatoblastoma AJCC/NCCN Staging and Risk Stratification,AJCC Cancer Staging / NCCN Guidelines,https://www.facs.org/quality-programs/cancer-programs/american-joint-committee-on-cancer/,not_formula_staging_or_subscription,"Cancer staging/risk-group entries are structured staging systems or subscription/licensed guideline content; need site-specific TNM/risk tables and version governance, not a simple formula.",requires licensed/versioned staging tables; do not infer from summaries,pending_formula_or_rule_implementation,staging_or_subscription,versioned staging tables/rules or licensed system details,markdown_or_data_table_until_source_complete
CALC-0944,影像适宜性与检查路径扩展,ACR 急性头痛影像适宜性评分,ACR Appropriateness Criteria for 急性头痛,ACR Appropriateness Criteria,https://www.acr.org/Clinical-Resources/ACR-Appropriateness-Criteria,not_formula_guideline_pathway,"ACR imaging appropriateness/incidental-finding entries are rating-table or pathway rules, not single equations; implement as guideline rule tables only after extracting scenario-specific tables from ACR narrative/rating PDFs.","build separate guideline-rule table if needed, not formula calculator",pending_formula_or_rule_implementation,guideline_pathway,structured pathway logic and versioned guideline rules,markdown_or_data_table_until_source_complete
CALC-0945,影像适宜性与检查路径扩展,ACR 慢性头痛影像适宜性评分,ACR Appropriateness Criteria for 慢性头痛,ACR Appropriateness Criteria,https://www.acr.org/Clinical-Resources/ACR-Appropriateness-Criteria,not_formula_guideline_pathway,"ACR imaging appropriateness/incidental-finding entries are rating-table or pathway rules, not single equations; implement as guideline rule tables only after extracting scenario-specific tables from ACR narrative/rating PDFs.","build separate guideline-rule table if needed, not formula calculator",pending_formula_or_rule_implementation,guideline_pathway,structured pathway logic and versioned guideline rules,markdown_or_data_table_until_source_complete
CALC-0946,影像适宜性与检查路径扩展,ACR 头部外伤影像适宜性评分,ACR Appropriateness Criteria for 头部外伤,ACR Appropriateness Criteria,https://www.acr.org/Clinical-Resources/ACR-Appropriateness-Criteria,not_formula_guideline_pathway,"ACR imaging appropriateness/incidental-finding entries are rating-table or pathway rules, not single equations; implement as guideline rule tables only after extracting scenario-specific tables from ACR narrative/rating PDFs.","build separate guideline-rule table if needed, not formula calculator",pending_formula_or_rule_implementation,guideline_pathway,structured pathway logic and versioned guideline rules,markdown_or_data_table_until_source_complete
CALC-0947,影像适宜性与检查路径扩展,ACR 癫痫首次发作影像适宜性评分,ACR Appropriateness Criteria for 癫痫首次发作,ACR Appropriateness Criteria,https://www.acr.org/Clinical-Resources/ACR-Appropriateness-Criteria,not_formula_guideline_pathway,"ACR imaging appropriateness/incidental-finding entries are rating-table or pathway rules, not single equations; implement as guideline rule tables only after extracting scenario-specific tables from ACR narrative/rating PDFs.","build separate guideline-rule table if needed, not formula calculator",pending_formula_or_rule_implementation,guideline_pathway,structured pathway logic and versioned guideline rules,markdown_or_data_table_until_source_complete
CALC-0948,影像适宜性与检查路径扩展,ACR 成人急性神经缺损影像适宜性评分,ACR Appropriateness Criteria for 成人急性神经缺损,ACR Appropriateness Criteria,https://www.acr.org/Clinical-Resources/ACR-Appropriateness-Criteria,not_formula_guideline_pathway,"ACR imaging appropriateness/incidental-finding entries are rating-table or pathway rules, not single equations; implement as guideline rule tables only after extracting scenario-specific tables from ACR narrative/rating PDFs.","build separate guideline-rule table if needed, not formula calculator",pending_formula_or_rule_implementation,guideline_pathway,structured pathway logic and versioned guideline rules,markdown_or_data_table_until_source_complete
CALC-0949,影像适宜性与检查路径扩展,ACR 儿童癫痫影像适宜性评分,ACR Appropriateness Criteria for 儿童癫痫,ACR Appropriateness Criteria,https://www.acr.org/Clinical-Resources/ACR-Appropriateness-Criteria,not_formula_guideline_pathway,"ACR imaging appropriateness/incidental-finding entries are rating-table or pathway rules, not single equations; implement as guideline rule tables only after extracting scenario-specific tables from ACR narrative/rating PDFs.","build separate guideline-rule table if needed, not formula calculator",pending_formula_or_rule_implementation,guideline_pathway,structured pathway logic and versioned guideline rules,markdown_or_data_table_until_source_complete
CALC-0950,影像适宜性与检查路径扩展,ACR 眩晕和听力损失影像适宜性评分,ACR Appropriateness Criteria for 眩晕和听力损失,ACR Appropriateness Criteria,https://www.acr.org/Clinical-Resources/ACR-Appropriateness-Criteria,not_formula_guideline_pathway,"ACR imaging appropriateness/incidental-finding entries are rating-table or pathway rules, not single equations; implement as guideline rule tables only after extracting scenario-specific tables from ACR narrative/rating PDFs.","build separate guideline-rule table if needed, not formula calculator",pending_formula_or_rule_implementation,guideline_pathway,structured pathway logic and versioned guideline rules,markdown_or_data_table_until_source_complete
CALC-0951,影像适宜性与检查路径扩展,ACR 颈痛影像适宜性评分,ACR Appropriateness Criteria for 颈痛,ACR Appropriateness Criteria,https://www.acr.org/Clinical-Resources/ACR-Appropriateness-Criteria,not_formula_guideline_pathway,"ACR imaging appropriateness/incidental-finding entries are rating-table or pathway rules, not single equations; implement as guideline rule tables only after extracting scenario-specific tables from ACR narrative/rating PDFs.","build separate guideline-rule table if needed, not formula calculator",pending_formula_or_rule_implementation,guideline_pathway,structured pathway logic and versioned guideline rules,markdown_or_data_table_until_source_complete
CALC-0952,影像适宜性与检查路径扩展,ACR 腰痛影像适宜性评分,ACR Appropriateness Criteria for 腰痛,ACR Appropriateness Criteria,https://www.acr.org/Clinical-Resources/ACR-Appropriateness-Criteria,not_formula_guideline_pathway,"ACR imaging appropriateness/incidental-finding entries are rating-table or pathway rules, not single equations; implement as guideline rule tables only after extracting scenario-specific tables from ACR narrative/rating PDFs.","build separate guideline-rule table if needed, not formula calculator",pending_formula_or_rule_implementation,guideline_pathway,structured pathway logic and versioned guideline rules,markdown_or_data_table_until_source_complete
CALC-0953,影像适宜性与检查路径扩展,ACR 疑似脊髓压迫影像适宜性评分,ACR Appropriateness Criteria for 疑似脊髓压迫,ACR Appropriateness Criteria,https://www.acr.org/Clinical-Resources/ACR-Appropriateness-Criteria,not_formula_guideline_pathway,"ACR imaging appropriateness/incidental-finding entries are rating-table or pathway rules, not single equations; implement as guideline rule tables only after extracting scenario-specific tables from ACR narrative/rating PDFs.","build separate guideline-rule table if needed, not formula calculator",pending_formula_or_rule_implementation,guideline_pathway,structured pathway logic and versioned guideline rules,markdown_or_data_table_until_source_complete
CALC-0954,影像适宜性与检查路径扩展,ACR 脊柱感染影像适宜性评分,ACR Appropriateness Criteria for 脊柱感染,ACR Appropriateness Criteria,https://www.acr.org/Clinical-Resources/ACR-Appropriateness-Criteria,not_formula_guideline_pathway,"ACR imaging appropriateness/incidental-finding entries are rating-table or pathway rules, not single equations; implement as guideline rule tables only after extracting scenario-specific tables from ACR narrative/rating PDFs.","build separate guideline-rule table if needed, not formula calculator",pending_formula_or_rule_implementation,guideline_pathway,structured pathway logic and versioned guideline rules,markdown_or_data_table_until_source_complete
CALC-0955,影像适宜性与检查路径扩展,ACR 骨质疏松椎体压缩骨折影像适宜性评分,ACR Appropriateness Criteria for 骨质疏松椎体压缩骨折,ACR Appropriateness Criteria,https://www.acr.org/Clinical-Resources/ACR-Appropriateness-Criteria,not_formula_guideline_pathway,"ACR imaging appropriateness/incidental-finding entries are rating-table or pathway rules, not single equations; implement as guideline rule tables only after extracting scenario-specific tables from ACR narrative/rating PDFs.","build separate guideline-rule table if needed, not formula calculator",pending_formula_or_rule_implementation,guideline_pathway,structured pathway logic and versioned guideline rules,markdown_or_data_table_until_source_complete
CALC-0956,影像适宜性与检查路径扩展,ACR 肩痛影像适宜性评分,ACR Appropriateness Criteria for 肩痛,ACR Appropriateness Criteria,https://www.acr.org/Clinical-Resources/ACR-Appropriateness-Criteria,not_formula_guideline_pathway,"ACR imaging appropriateness/incidental-finding entries are rating-table or pathway rules, not single equations; implement as guideline rule tables only after extracting scenario-specific tables from ACR narrative/rating PDFs.","build separate guideline-rule table if needed, not formula calculator",pending_formula_or_rule_implementation,guideline_pathway,structured pathway logic and versioned guideline rules,markdown_or_data_table_until_source_complete
CALC-0957,影像适宜性与检查路径扩展,ACR 肘痛影像适宜性评分,ACR Appropriateness Criteria for 肘痛,ACR Appropriateness Criteria,https://www.acr.org/Clinical-Resources/ACR-Appropriateness-Criteria,not_formula_guideline_pathway,"ACR imaging appropriateness/incidental-finding entries are rating-table or pathway rules, not single equations; implement as guideline rule tables only after extracting scenario-specific tables from ACR narrative/rating PDFs.","build separate guideline-rule table if needed, not formula calculator",pending_formula_or_rule_implementation,guideline_pathway,structured pathway logic and versioned guideline rules,markdown_or_data_table_until_source_complete
CALC-0958,影像适宜性与检查路径扩展,ACR 腕手痛影像适宜性评分,ACR Appropriateness Criteria for 腕手痛,ACR Appropriateness Criteria,https://www.acr.org/Clinical-Resources/ACR-Appropriateness-Criteria,not_formula_guideline_pathway,"ACR imaging appropriateness/incidental-finding entries are rating-table or pathway rules, not single equations; implement as guideline rule tables only after extracting scenario-specific tables from ACR narrative/rating PDFs.","build separate guideline-rule table if needed, not formula calculator",pending_formula_or_rule_implementation,guideline_pathway,structured pathway logic and versioned guideline rules,markdown_or_data_table_until_source_complete
CALC-0959,影像适宜性与检查路径扩展,ACR 髋痛影像适宜性评分,ACR Appropriateness Criteria for 髋痛,ACR Appropriateness Criteria,https://www.acr.org/Clinical-Resources/ACR-Appropriateness-Criteria,not_formula_guideline_pathway,"ACR imaging appropriateness/incidental-finding entries are rating-table or pathway rules, not single equations; implement as guideline rule tables only after extracting scenario-specific tables from ACR narrative/rating PDFs.","build separate guideline-rule table if needed, not formula calculator",pending_formula_or_rule_implementation,guideline_pathway,structured pathway logic and versioned guideline rules,markdown_or_data_table_until_source_complete
CALC-0960,影像适宜性与检查路径扩展,ACR 膝痛影像适宜性评分,ACR Appropriateness Criteria for 膝痛,ACR Appropriateness Criteria,https://www.acr.org/Clinical-Resources/ACR-Appropriateness-Criteria,not_formula_guideline_pathway,"ACR imaging appropriateness/incidental-finding entries are rating-table or pathway rules, not single equations; implement as guideline rule tables only after extracting scenario-specific tables from ACR narrative/rating PDFs.","build separate guideline-rule table if needed, not formula calculator",pending_formula_or_rule_implementation,guideline_pathway,structured pathway logic and versioned guideline rules,markdown_or_data_table_until_source_complete
CALC-0961,影像适宜性与检查路径扩展,ACR 踝足痛影像适宜性评分,ACR Appropriateness Criteria for 踝足痛,ACR Appropriateness Criteria,https://www.acr.org/Clinical-Resources/ACR-Appropriateness-Criteria,not_formula_guideline_pathway,"ACR imaging appropriateness/incidental-finding entries are rating-table or pathway rules, not single equations; implement as guideline rule tables only after extracting scenario-specific tables from ACR narrative/rating PDFs.","build separate guideline-rule table if needed, not formula calculator",pending_formula_or_rule_implementation,guideline_pathway,structured pathway logic and versioned guideline rules,markdown_or_data_table_until_source_complete
CALC-0962,影像适宜性与检查路径扩展,ACR 应力性骨折影像适宜性评分,ACR Appropriateness Criteria for 应力性骨折,ACR Appropriateness Criteria,https://www.acr.org/Clinical-Resources/ACR-Appropriateness-Criteria,not_formula_guideline_pathway,"ACR imaging appropriateness/incidental-finding entries are rating-table or pathway rules, not single equations; implement as guideline rule tables only after extracting scenario-specific tables from ACR narrative/rating PDFs.","build separate guideline-rule table if needed, not formula calculator",pending_formula_or_rule_implementation,guideline_pathway,structured pathway logic and versioned guideline rules,markdown_or_data_table_until_source_complete
CALC-0963,影像适宜性与检查路径扩展,ACR 骨髓炎疑似影像适宜性评分,ACR Appropriateness Criteria for 骨髓炎疑似,ACR Appropriateness Criteria,https://www.acr.org/Clinical-Resources/ACR-Appropriateness-Criteria,not_formula_guideline_pathway,"ACR imaging appropriateness/incidental-finding entries are rating-table or pathway rules, not single equations; implement as guideline rule tables only after extracting scenario-specific tables from ACR narrative/rating PDFs.","build separate guideline-rule table if needed, not formula calculator",pending_formula_or_rule_implementation,guideline_pathway,structured pathway logic and versioned guideline rules,markdown_or_data_table_until_source_complete
CALC-0964,影像适宜性与检查路径扩展,ACR 软组织肿块影像适宜性评分,ACR Appropriateness Criteria for 软组织肿块,ACR Appropriateness Criteria,https://www.acr.org/Clinical-Resources/ACR-Appropriateness-Criteria,not_formula_guideline_pathway,"ACR imaging appropriateness/incidental-finding entries are rating-table or pathway rules, not single equations; implement as guideline rule tables only after extracting scenario-specific tables from ACR narrative/rating PDFs.","build separate guideline-rule table if needed, not formula calculator",pending_formula_or_rule_implementation,guideline_pathway,structured pathway logic and versioned guideline rules,markdown_or_data_table_until_source_complete
CALC-0965,影像适宜性与检查路径扩展,ACR 急性胸痛疑似ACS影像适宜性评分,ACR Appropriateness Criteria for 急性胸痛疑似ACS,ACR Appropriateness Criteria,https://www.acr.org/Clinical-Resources/ACR-Appropriateness-Criteria,not_formula_guideline_pathway,"ACR imaging appropriateness/incidental-finding entries are rating-table or pathway rules, not single equations; implement as guideline rule tables only after extracting scenario-specific tables from ACR narrative/rating PDFs.","build separate guideline-rule table if needed, not formula calculator",pending_formula_or_rule_implementation,guideline_pathway,structured pathway logic and versioned guideline rules,markdown_or_data_table_until_source_complete
CALC-0966,影像适宜性与检查路径扩展,ACR 急性胸痛疑似肺栓塞影像适宜性评分,ACR Appropriateness Criteria for 急性胸痛疑似肺栓塞,ACR Appropriateness Criteria,https://www.acr.org/Clinical-Resources/ACR-Appropriateness-Criteria,not_formula_guideline_pathway,"ACR imaging appropriateness/incidental-finding entries are rating-table or pathway rules, not single equations; implement as guideline rule tables only after extracting scenario-specific tables from ACR narrative/rating PDFs.","build separate guideline-rule table if needed, not formula calculator",pending_formula_or_rule_implementation,guideline_pathway,structured pathway logic and versioned guideline rules,markdown_or_data_table_until_source_complete
CALC-0967,影像适宜性与检查路径扩展,ACR 胸主动脉急症影像适宜性评分,ACR Appropriateness Criteria for 胸主动脉急症,ACR Appropriateness Criteria,https://www.acr.org/Clinical-Resources/ACR-Appropriateness-Criteria,not_formula_guideline_pathway,"ACR imaging appropriateness/incidental-finding entries are rating-table or pathway rules, not single equations; implement as guideline rule tables only after extracting scenario-specific tables from ACR narrative/rating PDFs.","build separate guideline-rule table if needed, not formula calculator",pending_formula_or_rule_implementation,guideline_pathway,structured pathway logic and versioned guideline rules,markdown_or_data_table_until_source_complete
CALC-0968,影像适宜性与检查路径扩展,ACR 疑似肺炎影像适宜性评分,ACR Appropriateness Criteria for 疑似肺炎,ACR Appropriateness Criteria,https://www.acr.org/Clinical-Resources/ACR-Appropriateness-Criteria,not_formula_guideline_pathway,"ACR imaging appropriateness/incidental-finding entries are rating-table or pathway rules, not single equations; implement as guideline rule tables only after extracting scenario-specific tables from ACR narrative/rating PDFs.","build separate guideline-rule table if needed, not formula calculator",pending_formula_or_rule_implementation,guideline_pathway,structured pathway logic and versioned guideline rules,markdown_or_data_table_until_source_complete
CALC-0969,影像适宜性与检查路径扩展,ACR 慢性咳嗽影像适宜性评分,ACR Appropriateness Criteria for 慢性咳嗽,ACR Appropriateness Criteria,https://www.acr.org/Clinical-Resources/ACR-Appropriateness-Criteria,not_formula_guideline_pathway,"ACR imaging appropriateness/incidental-finding entries are rating-table or pathway rules, not single equations; implement as guideline rule tables only after extracting scenario-specific tables from ACR narrative/rating PDFs.","build separate guideline-rule table if needed, not formula calculator",pending_formula_or_rule_implementation,guideline_pathway,structured pathway logic and versioned guideline rules,markdown_or_data_table_until_source_complete
CALC-0970,影像适宜性与检查路径扩展,ACR 咯血影像适宜性评分,ACR Appropriateness Criteria for 咯血,ACR Appropriateness Criteria,https://www.acr.org/Clinical-Resources/ACR-Appropriateness-Criteria,not_formula_guideline_pathway,"ACR imaging appropriateness/incidental-finding entries are rating-table or pathway rules, not single equations; implement as guideline rule tables only after extracting scenario-specific tables from ACR narrative/rating PDFs.","build separate guideline-rule table if needed, not formula calculator",pending_formula_or_rule_implementation,guideline_pathway,structured pathway logic and versioned guideline rules,markdown_or_data_table_until_source_complete
CALC-0971,影像适宜性与检查路径扩展,ACR 肺结节影像适宜性评分,ACR Appropriateness Criteria for 肺结节,ACR Appropriateness Criteria,https://www.acr.org/Clinical-Resources/ACR-Appropriateness-Criteria,not_formula_guideline_pathway,"ACR imaging appropriateness/incidental-finding entries are rating-table or pathway rules, not single equations; implement as guideline rule tables only after extracting scenario-specific tables from ACR narrative/rating PDFs.","build separate guideline-rule table if needed, not formula calculator",pending_formula_or_rule_implementation,guideline_pathway,structured pathway logic and versioned guideline rules,markdown_or_data_table_until_source_complete
CALC-0972,影像适宜性与检查路径扩展,ACR 间质性肺病影像适宜性评分,ACR Appropriateness Criteria for 间质性肺病,ACR Appropriateness Criteria,https://www.acr.org/Clinical-Resources/ACR-Appropriateness-Criteria,not_formula_guideline_pathway,"ACR imaging appropriateness/incidental-finding entries are rating-table or pathway rules, not single equations; implement as guideline rule tables only after extracting scenario-specific tables from ACR narrative/rating PDFs.","build separate guideline-rule table if needed, not formula calculator",pending_formula_or_rule_implementation,guideline_pathway,structured pathway logic and versioned guideline rules,markdown_or_data_table_until_source_complete
CALC-0973,影像适宜性与检查路径扩展,ACR 纵隔肿块影像适宜性评分,ACR Appropriateness Criteria for 纵隔肿块,ACR Appropriateness Criteria,https://www.acr.org/Clinical-Resources/ACR-Appropriateness-Criteria,not_formula_guideline_pathway,"ACR imaging appropriateness/incidental-finding entries are rating-table or pathway rules, not single equations; implement as guideline rule tables only after extracting scenario-specific tables from ACR narrative/rating PDFs.","build separate guideline-rule table if needed, not formula calculator",pending_formula_or_rule_implementation,guideline_pathway,structured pathway logic and versioned guideline rules,markdown_or_data_table_until_source_complete
CALC-0974,影像适宜性与检查路径扩展,ACR 乳腺疼痛影像适宜性评分,ACR Appropriateness Criteria for 乳腺疼痛,ACR Appropriateness Criteria,https://www.acr.org/Clinical-Resources/ACR-Appropriateness-Criteria,not_formula_guideline_pathway,"ACR imaging appropriateness/incidental-finding entries are rating-table or pathway rules, not single equations; implement as guideline rule tables only after extracting scenario-specific tables from ACR narrative/rating PDFs.","build separate guideline-rule table if needed, not formula calculator",pending_formula_or_rule_implementation,guideline_pathway,structured pathway logic and versioned guideline rules,markdown_or_data_table_until_source_complete
CALC-0975,影像适宜性与检查路径扩展,ACR 乳头溢液影像适宜性评分,ACR Appropriateness Criteria for 乳头溢液,ACR Appropriateness Criteria,https://www.acr.org/Clinical-Resources/ACR-Appropriateness-Criteria,not_formula_guideline_pathway,"ACR imaging appropriateness/incidental-finding entries are rating-table or pathway rules, not single equations; implement as guideline rule tables only after extracting scenario-specific tables from ACR narrative/rating PDFs.","build separate guideline-rule table if needed, not formula calculator",pending_formula_or_rule_implementation,guideline_pathway,structured pathway logic and versioned guideline rules,markdown_or_data_table_until_source_complete
CALC-0976,影像适宜性与检查路径扩展,ACR 可触及乳腺肿块影像适宜性评分,ACR Appropriateness Criteria for 可触及乳腺肿块,ACR Appropriateness Criteria,https://www.acr.org/Clinical-Resources/ACR-Appropriateness-Criteria,not_formula_guideline_pathway,"ACR imaging appropriateness/incidental-finding entries are rating-table or pathway rules, not single equations; implement as guideline rule tables only after extracting scenario-specific tables from ACR narrative/rating PDFs.","build separate guideline-rule table if needed, not formula calculator",pending_formula_or_rule_implementation,guideline_pathway,structured pathway logic and versioned guideline rules,markdown_or_data_table_until_source_complete
CALC-0977,影像适宜性与检查路径扩展,ACR 乳腺筛查影像适宜性评分,ACR Appropriateness Criteria for 乳腺筛查,ACR Appropriateness Criteria,https://www.acr.org/Clinical-Resources/ACR-Appropriateness-Criteria,not_formula_guideline_pathway,"ACR imaging appropriateness/incidental-finding entries are rating-table or pathway rules, not single equations; implement as guideline rule tables only after extracting scenario-specific tables from ACR narrative/rating PDFs.","build separate guideline-rule table if needed, not formula calculator",pending_formula_or_rule_implementation,guideline_pathway,structured pathway logic and versioned guideline rules,markdown_or_data_table_until_source_complete
CALC-0978,影像适宜性与检查路径扩展,ACR 腹痛右上腹影像适宜性评分,ACR Appropriateness Criteria for 腹痛右上腹,ACR Appropriateness Criteria,https://www.acr.org/Clinical-Resources/ACR-Appropriateness-Criteria,not_formula_guideline_pathway,"ACR imaging appropriateness/incidental-finding entries are rating-table or pathway rules, not single equations; implement as guideline rule tables only after extracting scenario-specific tables from ACR narrative/rating PDFs.","build separate guideline-rule table if needed, not formula calculator",pending_formula_or_rule_implementation,guideline_pathway,structured pathway logic and versioned guideline rules,markdown_or_data_table_until_source_complete
CALC-0979,影像适宜性与检查路径扩展,ACR 腹痛右下腹影像适宜性评分,ACR Appropriateness Criteria for 腹痛右下腹,ACR Appropriateness Criteria,https://www.acr.org/Clinical-Resources/ACR-Appropriateness-Criteria,not_formula_guideline_pathway,"ACR imaging appropriateness/incidental-finding entries are rating-table or pathway rules, not single equations; implement as guideline rule tables only after extracting scenario-specific tables from ACR narrative/rating PDFs.","build separate guideline-rule table if needed, not formula calculator",pending_formula_or_rule_implementation,guideline_pathway,structured pathway logic and versioned guideline rules,markdown_or_data_table_until_source_complete
CALC-0980,影像适宜性与检查路径扩展,ACR 急性非定位腹痛影像适宜性评分,ACR Appropriateness Criteria for 急性非定位腹痛,ACR Appropriateness Criteria,https://www.acr.org/Clinical-Resources/ACR-Appropriateness-Criteria,not_formula_guideline_pathway,"ACR imaging appropriateness/incidental-finding entries are rating-table or pathway rules, not single equations; implement as guideline rule tables only after extracting scenario-specific tables from ACR narrative/rating PDFs.","build separate guideline-rule table if needed, not formula calculator",pending_formula_or_rule_implementation,guideline_pathway,structured pathway logic and versioned guideline rules,markdown_or_data_table_until_source_complete
CALC-0981,影像适宜性与检查路径扩展,ACR 疑似小肠梗阻影像适宜性评分,ACR Appropriateness Criteria for 疑似小肠梗阻,ACR Appropriateness Criteria,https://www.acr.org/Clinical-Resources/ACR-Appropriateness-Criteria,not_formula_guideline_pathway,"ACR imaging appropriateness/incidental-finding entries are rating-table or pathway rules, not single equations; implement as guideline rule tables only after extracting scenario-specific tables from ACR narrative/rating PDFs.","build separate guideline-rule table if needed, not formula calculator",pending_formula_or_rule_implementation,guideline_pathway,structured pathway logic and versioned guideline rules,markdown_or_data_table_until_source_complete
CALC-0982,影像适宜性与检查路径扩展,ACR 消化道出血影像适宜性评分,ACR Appropriateness Criteria for 消化道出血,ACR Appropriateness Criteria,https://www.acr.org/Clinical-Resources/ACR-Appropriateness-Criteria,not_formula_guideline_pathway,"ACR imaging appropriateness/incidental-finding entries are rating-table or pathway rules, not single equations; implement as guideline rule tables only after extracting scenario-specific tables from ACR narrative/rating PDFs.","build separate guideline-rule table if needed, not formula calculator",pending_formula_or_rule_implementation,guideline_pathway,structured pathway logic and versioned guideline rules,markdown_or_data_table_until_source_complete
CALC-0983,影像适宜性与检查路径扩展,ACR 吞咽困难影像适宜性评分,ACR Appropriateness Criteria for 吞咽困难,ACR Appropriateness Criteria,https://www.acr.org/Clinical-Resources/ACR-Appropriateness-Criteria,not_formula_guideline_pathway,"ACR imaging appropriateness/incidental-finding entries are rating-table or pathway rules, not single equations; implement as guideline rule tables only after extracting scenario-specific tables from ACR narrative/rating PDFs.","build separate guideline-rule table if needed, not formula calculator",pending_formula_or_rule_implementation,guideline_pathway,structured pathway logic and versioned guideline rules,markdown_or_data_table_until_source_complete
CALC-0984,影像适宜性与检查路径扩展,ACR 黄疸影像适宜性评分,ACR Appropriateness Criteria for 黄疸,ACR Appropriateness Criteria,https://www.acr.org/Clinical-Resources/ACR-Appropriateness-Criteria,not_formula_guideline_pathway,"ACR imaging appropriateness/incidental-finding entries are rating-table or pathway rules, not single equations; implement as guideline rule tables only after extracting scenario-specific tables from ACR narrative/rating PDFs.","build separate guideline-rule table if needed, not formula calculator",pending_formula_or_rule_implementation,guideline_pathway,structured pathway logic and versioned guideline rules,markdown_or_data_table_until_source_complete
CALC-0985,影像适宜性与检查路径扩展,ACR 胰腺炎影像适宜性评分,ACR Appropriateness Criteria for 胰腺炎,ACR Appropriateness Criteria,https://www.acr.org/Clinical-Resources/ACR-Appropriateness-Criteria,not_formula_guideline_pathway,"ACR imaging appropriateness/incidental-finding entries are rating-table or pathway rules, not single equations; implement as guideline rule tables only after extracting scenario-specific tables from ACR narrative/rating PDFs.","build separate guideline-rule table if needed, not formula calculator",pending_formula_or_rule_implementation,guideline_pathway,structured pathway logic and versioned guideline rules,markdown_or_data_table_until_source_complete
CALC-0986,影像适宜性与检查路径扩展,ACR 肝病灶初评影像适宜性评分,ACR Appropriateness Criteria for 肝病灶初评,ACR Appropriateness Criteria,https://www.acr.org/Clinical-Resources/ACR-Appropriateness-Criteria,not_formula_guideline_pathway,"ACR imaging appropriateness/incidental-finding entries are rating-table or pathway rules, not single equations; implement as guideline rule tables only after extracting scenario-specific tables from ACR narrative/rating PDFs.","build separate guideline-rule table if needed, not formula calculator",pending_formula_or_rule_implementation,guideline_pathway,structured pathway logic and versioned guideline rules,markdown_or_data_table_until_source_complete
CALC-0987,影像适宜性与检查路径扩展,ACR 肾上腺偶发瘤影像适宜性评分,ACR Appropriateness Criteria for 肾上腺偶发瘤,ACR Appropriateness Criteria,https://www.acr.org/Clinical-Resources/ACR-Appropriateness-Criteria,not_formula_guideline_pathway,"ACR imaging appropriateness/incidental-finding entries are rating-table or pathway rules, not single equations; implement as guideline rule tables only after extracting scenario-specific tables from ACR narrative/rating PDFs.","build separate guideline-rule table if needed, not formula calculator",pending_formula_or_rule_implementation,guideline_pathway,structured pathway logic and versioned guideline rules,markdown_or_data_table_until_source_complete
CALC-0988,影像适宜性与检查路径扩展,ACR 血尿影像适宜性评分,ACR Appropriateness Criteria for 血尿,ACR Appropriateness Criteria,https://www.acr.org/Clinical-Resources/ACR-Appropriateness-Criteria,not_formula_guideline_pathway,"ACR imaging appropriateness/incidental-finding entries are rating-table or pathway rules, not single equations; implement as guideline rule tables only after extracting scenario-specific tables from ACR narrative/rating PDFs.","build separate guideline-rule table if needed, not formula calculator",pending_formula_or_rule_implementation,guideline_pathway,structured pathway logic and versioned guideline rules,markdown_or_data_table_until_source_complete
CALC-0989,影像适宜性与检查路径扩展,ACR 急性肾盂肾炎影像适宜性评分,ACR Appropriateness Criteria for 急性肾盂肾炎,ACR Appropriateness Criteria,https://www.acr.org/Clinical-Resources/ACR-Appropriateness-Criteria,not_formula_guideline_pathway,"ACR imaging appropriateness/incidental-finding entries are rating-table or pathway rules, not single equations; implement as guideline rule tables only after extracting scenario-specific tables from ACR narrative/rating PDFs.","build separate guideline-rule table if needed, not formula calculator",pending_formula_or_rule_implementation,guideline_pathway,structured pathway logic and versioned guideline rules,markdown_or_data_table_until_source_complete
CALC-0990,影像适宜性与检查路径扩展,ACR 尿路结石影像适宜性评分,ACR Appropriateness Criteria for 尿路结石,ACR Appropriateness Criteria,https://www.acr.org/Clinical-Resources/ACR-Appropriateness-Criteria,not_formula_guideline_pathway,"ACR imaging appropriateness/incidental-finding entries are rating-table or pathway rules, not single equations; implement as guideline rule tables only after extracting scenario-specific tables from ACR narrative/rating PDFs.","build separate guideline-rule table if needed, not formula calculator",pending_formula_or_rule_implementation,guideline_pathway,structured pathway logic and versioned guideline rules,markdown_or_data_table_until_source_complete
CALC-0991,影像适宜性与检查路径扩展,ACR 前列腺癌初始分期影像适宜性评分,ACR Appropriateness Criteria for 前列腺癌初始分期,ACR Appropriateness Criteria,https://www.acr.org/Clinical-Resources/ACR-Appropriateness-Criteria,not_formula_guideline_pathway,"ACR imaging appropriateness/incidental-finding entries are rating-table or pathway rules, not single equations; implement as guideline rule tables only after extracting scenario-specific tables from ACR narrative/rating PDFs.","build separate guideline-rule table if needed, not formula calculator",pending_formula_or_rule_implementation,guideline_pathway,structured pathway logic and versioned guideline rules,markdown_or_data_table_until_source_complete
CALC-0992,影像适宜性与检查路径扩展,ACR 卵巢附件包块影像适宜性评分,ACR Appropriateness Criteria for 卵巢附件包块,ACR Appropriateness Criteria,https://www.acr.org/Clinical-Resources/ACR-Appropriateness-Criteria,not_formula_guideline_pathway,"ACR imaging appropriateness/incidental-finding entries are rating-table or pathway rules, not single equations; implement as guideline rule tables only after extracting scenario-specific tables from ACR narrative/rating PDFs.","build separate guideline-rule table if needed, not formula calculator",pending_formula_or_rule_implementation,guideline_pathway,structured pathway logic and versioned guideline rules,markdown_or_data_table_until_source_complete
CALC-0993,影像适宜性与检查路径扩展,ACR 异常子宫出血影像适宜性评分,ACR Appropriateness Criteria for 异常子宫出血,ACR Appropriateness Criteria,https://www.acr.org/Clinical-Resources/ACR-Appropriateness-Criteria,not_formula_guideline_pathway,"ACR imaging appropriateness/incidental-finding entries are rating-table or pathway rules, not single equations; implement as guideline rule tables only after extracting scenario-specific tables from ACR narrative/rating PDFs.","build separate guideline-rule table if needed, not formula calculator",pending_formula_or_rule_implementation,guideline_pathway,structured pathway logic and versioned guideline rules,markdown_or_data_table_until_source_complete
CALC-0994,影像适宜性与检查路径扩展,ACR 早孕出血影像适宜性评分,ACR Appropriateness Criteria for 早孕出血,ACR Appropriateness Criteria,https://www.acr.org/Clinical-Resources/ACR-Appropriateness-Criteria,not_formula_guideline_pathway,"ACR imaging appropriateness/incidental-finding entries are rating-table or pathway rules, not single equations; implement as guideline rule tables only after extracting scenario-specific tables from ACR narrative/rating PDFs.","build separate guideline-rule table if needed, not formula calculator",pending_formula_or_rule_implementation,guideline_pathway,structured pathway logic and versioned guideline rules,markdown_or_data_table_until_source_complete
CALC-0995,影像适宜性与检查路径扩展,ACR 盆腔疼痛影像适宜性评分,ACR Appropriateness Criteria for 盆腔疼痛,ACR Appropriateness Criteria,https://www.acr.org/Clinical-Resources/ACR-Appropriateness-Criteria,not_formula_guideline_pathway,"ACR imaging appropriateness/incidental-finding entries are rating-table or pathway rules, not single equations; implement as guideline rule tables only after extracting scenario-specific tables from ACR narrative/rating PDFs.","build separate guideline-rule table if needed, not formula calculator",pending_formula_or_rule_implementation,guideline_pathway,structured pathway logic and versioned guideline rules,markdown_or_data_table_until_source_complete
CALC-0996,影像适宜性与检查路径扩展,ACR 子宫肌瘤影像适宜性评分,ACR Appropriateness Criteria for 子宫肌瘤,ACR Appropriateness Criteria,https://www.acr.org/Clinical-Resources/ACR-Appropriateness-Criteria,not_formula_guideline_pathway,"ACR imaging appropriateness/incidental-finding entries are rating-table or pathway rules, not single equations; implement as guideline rule tables only after extracting scenario-specific tables from ACR narrative/rating PDFs.","build separate guideline-rule table if needed, not formula calculator",pending_formula_or_rule_implementation,guideline_pathway,structured pathway logic and versioned guideline rules,markdown_or_data_table_until_source_complete
CALC-0997,影像适宜性与检查路径扩展,ACR 胎儿异常筛查影像适宜性评分,ACR Appropriateness Criteria for 胎儿异常筛查,ACR Appropriateness Criteria,https://www.acr.org/Clinical-Resources/ACR-Appropriateness-Criteria,not_formula_guideline_pathway,"ACR imaging appropriateness/incidental-finding entries are rating-table or pathway rules, not single equations; implement as guideline rule tables only after extracting scenario-specific tables from ACR narrative/rating PDFs.","build separate guideline-rule table if needed, not formula calculator",pending_formula_or_rule_implementation,guideline_pathway,structured pathway logic and versioned guideline rules,markdown_or_data_table_until_source_complete
CALC-0998,影像适宜性与检查路径扩展,ACR 儿童发热无源影像适宜性评分,ACR Appropriateness Criteria for 儿童发热无源,ACR Appropriateness Criteria,https://www.acr.org/Clinical-Resources/ACR-Appropriateness-Criteria,not_formula_guideline_pathway,"ACR imaging appropriateness/incidental-finding entries are rating-table or pathway rules, not single equations; implement as guideline rule tables only after extracting scenario-specific tables from ACR narrative/rating PDFs.","build separate guideline-rule table if needed, not formula calculator",pending_formula_or_rule_implementation,guideline_pathway,structured pathway logic and versioned guideline rules,markdown_or_data_table_until_source_complete
CALC-0999,影像适宜性与检查路径扩展,ACR 儿童腹痛影像适宜性评分,ACR Appropriateness Criteria for 儿童腹痛,ACR Appropriateness Criteria,https://www.acr.org/Clinical-Resources/ACR-Appropriateness-Criteria,not_formula_guideline_pathway,"ACR imaging appropriateness/incidental-finding entries are rating-table or pathway rules, not single equations; implement as guideline rule tables only after extracting scenario-specific tables from ACR narrative/rating PDFs.","build separate guideline-rule table if needed, not formula calculator",pending_formula_or_rule_implementation,guideline_pathway,structured pathway logic and versioned guideline rules,markdown_or_data_table_until_source_complete
CALC-1000,影像适宜性与检查路径扩展,ACR 儿童头痛影像适宜性评分,ACR Appropriateness Criteria for 儿童头痛,ACR Appropriateness Criteria,https://www.acr.org/Clinical-Resources/ACR-Appropriateness-Criteria,not_formula_guideline_pathway,"ACR imaging appropriateness/incidental-finding entries are rating-table or pathway rules, not single equations; implement as guideline rule tables only after extracting scenario-specific tables from ACR narrative/rating PDFs.","build separate guideline-rule table if needed, not formula calculator",pending_formula_or_rule_implementation,guideline_pathway,structured pathway logic and versioned guideline rules,markdown_or_data_table_until_source_complete
CALC-1001,影像适宜性与检查路径扩展,ACR 儿童跛行影像适宜性评分,ACR Appropriateness Criteria for 儿童跛行,ACR Appropriateness Criteria,https://www.acr.org/Clinical-Resources/ACR-Appropriateness-Criteria,not_formula_guideline_pathway,"ACR imaging appropriateness/incidental-finding entries are rating-table or pathway rules, not single equations; implement as guideline rule tables only after extracting scenario-specific tables from ACR narrative/rating PDFs.","build separate guideline-rule table if needed, not formula calculator",pending_formula_or_rule_implementation,guideline_pathway,structured pathway logic and versioned guideline rules,markdown_or_data_table_until_source_complete
CALC-1002,影像适宜性与检查路径扩展,ACR 儿童尿路感染影像适宜性评分,ACR Appropriateness Criteria for 儿童尿路感染,ACR Appropriateness Criteria,https://www.acr.org/Clinical-Resources/ACR-Appropriateness-Criteria,not_formula_guideline_pathway,"ACR imaging appropriateness/incidental-finding entries are rating-table or pathway rules, not single equations; implement as guideline rule tables only after extracting scenario-specific tables from ACR narrative/rating PDFs.","build separate guideline-rule table if needed, not formula calculator",pending_formula_or_rule_implementation,guideline_pathway,structured pathway logic and versioned guideline rules,markdown_or_data_table_until_source_complete
CALC-1003,影像适宜性与检查路径扩展,ACR 儿童肺炎影像适宜性评分,ACR Appropriateness Criteria for 儿童肺炎,ACR Appropriateness Criteria,https://www.acr.org/Clinical-Resources/ACR-Appropriateness-Criteria,not_formula_guideline_pathway,"ACR imaging appropriateness/incidental-finding entries are rating-table or pathway rules, not single equations; implement as guideline rule tables only after extracting scenario-specific tables from ACR narrative/rating PDFs.","build separate guideline-rule table if needed, not formula calculator",pending_formula_or_rule_implementation,guideline_pathway,structured pathway logic and versioned guideline rules,markdown_or_data_table_until_source_complete
CALC-1004,影像适宜性与检查路径扩展,ACR 免疫低下发热影像适宜性评分,ACR Appropriateness Criteria for 免疫低下发热,ACR Appropriateness Criteria,https://www.acr.org/Clinical-Resources/ACR-Appropriateness-Criteria,not_formula_guideline_pathway,"ACR imaging appropriateness/incidental-finding entries are rating-table or pathway rules, not single equations; implement as guideline rule tables only after extracting scenario-specific tables from ACR narrative/rating PDFs.","build separate guideline-rule table if needed, not formula calculator",pending_formula_or_rule_implementation,guideline_pathway,structured pathway logic and versioned guideline rules,markdown_or_data_table_until_source_complete
CALC-1005,影像适宜性与检查路径扩展,ACR 癌症骨转移影像适宜性评分,ACR Appropriateness Criteria for 癌症骨转移,ACR Appropriateness Criteria,https://www.acr.org/Clinical-Resources/ACR-Appropriateness-Criteria,not_formula_guideline_pathway,"ACR imaging appropriateness/incidental-finding entries are rating-table or pathway rules, not single equations; implement as guideline rule tables only after extracting scenario-specific tables from ACR narrative/rating PDFs.","build separate guideline-rule table if needed, not formula calculator",pending_formula_or_rule_implementation,guideline_pathway,structured pathway logic and versioned guideline rules,markdown_or_data_table_until_source_complete
CALC-1006,影像适宜性与检查路径扩展,ACR 肿瘤疗效影像随访影像适宜性评分,ACR Appropriateness Criteria for 肿瘤疗效影像随访,ACR Appropriateness Criteria,https://www.acr.org/Clinical-Resources/ACR-Appropriateness-Criteria,not_formula_guideline_pathway,"ACR imaging appropriateness/incidental-finding entries are rating-table or pathway rules, not single equations; implement as guideline rule tables only after extracting scenario-specific tables from ACR narrative/rating PDFs.","build separate guideline-rule table if needed, not formula calculator",pending_formula_or_rule_implementation,guideline_pathway,structured pathway logic and versioned guideline rules,markdown_or_data_table_until_source_complete
CALC-1007,影像适宜性与检查路径扩展,ACR 放疗计划影像影像适宜性评分,ACR Appropriateness Criteria for 放疗计划影像,ACR Appropriateness Criteria,https://www.acr.org/Clinical-Resources/ACR-Appropriateness-Criteria,not_formula_guideline_pathway,"ACR imaging appropriateness/incidental-finding entries are rating-table or pathway rules, not single equations; implement as guideline rule tables only after extracting scenario-specific tables from ACR narrative/rating PDFs.","build separate guideline-rule table if needed, not formula calculator",pending_formula_or_rule_implementation,guideline_pathway,structured pathway logic and versioned guideline rules,markdown_or_data_table_until_source_complete
CALC-1008,影像适宜性与检查路径扩展,ACR 肝癌局部治疗随访影像适宜性评分,ACR Appropriateness Criteria for 肝癌局部治疗随访,ACR Appropriateness Criteria,https://www.acr.org/Clinical-Resources/ACR-Appropriateness-Criteria,not_formula_guideline_pathway,"ACR imaging appropriateness/incidental-finding entries are rating-table or pathway rules, not single equations; implement as guideline rule tables only after extracting scenario-specific tables from ACR narrative/rating PDFs.","build separate guideline-rule table if needed, not formula calculator",pending_formula_or_rule_implementation,guideline_pathway,structured pathway logic and versioned guideline rules,markdown_or_data_table_until_source_complete
CALC-1009,影像适宜性与检查路径扩展,ACR 肾癌术后随访影像适宜性评分,ACR Appropriateness Criteria for 肾癌术后随访,ACR Appropriateness Criteria,https://www.acr.org/Clinical-Resources/ACR-Appropriateness-Criteria,not_formula_guideline_pathway,"ACR imaging appropriateness/incidental-finding entries are rating-table or pathway rules, not single equations; implement as guideline rule tables only after extracting scenario-specific tables from ACR narrative/rating PDFs.","build separate guideline-rule table if needed, not formula calculator",pending_formula_or_rule_implementation,guideline_pathway,structured pathway logic and versioned guideline rules,markdown_or_data_table_until_source_complete
CALC-1010,影像适宜性与检查路径扩展,ACR 膀胱癌影像分期影像适宜性评分,ACR Appropriateness Criteria for 膀胱癌影像分期,ACR Appropriateness Criteria,https://www.acr.org/Clinical-Resources/ACR-Appropriateness-Criteria,not_formula_guideline_pathway,"ACR imaging appropriateness/incidental-finding entries are rating-table or pathway rules, not single equations; implement as guideline rule tables only after extracting scenario-specific tables from ACR narrative/rating PDFs.","build separate guideline-rule table if needed, not formula calculator",pending_formula_or_rule_implementation,guideline_pathway,structured pathway logic and versioned guideline rules,markdown_or_data_table_until_source_complete
CALC-1011,影像适宜性与检查路径扩展,ACR 头颈癌影像分期影像适宜性评分,ACR Appropriateness Criteria for 头颈癌影像分期,ACR Appropriateness Criteria,https://www.acr.org/Clinical-Resources/ACR-Appropriateness-Criteria,not_formula_guideline_pathway,"ACR imaging appropriateness/incidental-finding entries are rating-table or pathway rules, not single equations; implement as guideline rule tables only after extracting scenario-specific tables from ACR narrative/rating PDFs.","build separate guideline-rule table if needed, not formula calculator",pending_formula_or_rule_implementation,guideline_pathway,structured pathway logic and versioned guideline rules,markdown_or_data_table_until_source_complete
CALC-1012,影像适宜性与检查路径扩展,ACR 甲状腺结节影像影像适宜性评分,ACR Appropriateness Criteria for 甲状腺结节影像,ACR Appropriateness Criteria,https://www.acr.org/Clinical-Resources/ACR-Appropriateness-Criteria,not_formula_guideline_pathway,"ACR imaging appropriateness/incidental-finding entries are rating-table or pathway rules, not single equations; implement as guideline rule tables only after extracting scenario-specific tables from ACR narrative/rating PDFs.","build separate guideline-rule table if needed, not formula calculator",pending_formula_or_rule_implementation,guideline_pathway,structured pathway logic and versioned guideline rules,markdown_or_data_table_until_source_complete
CALC-1013,影像适宜性与检查路径扩展,ACR 鼻窦炎影像影像适宜性评分,ACR Appropriateness Criteria for 鼻窦炎影像,ACR Appropriateness Criteria,https://www.acr.org/Clinical-Resources/ACR-Appropriateness-Criteria,not_formula_guideline_pathway,"ACR imaging appropriateness/incidental-finding entries are rating-table or pathway rules, not single equations; implement as guideline rule tables only after extracting scenario-specific tables from ACR narrative/rating PDFs.","build separate guideline-rule table if needed, not formula calculator",pending_formula_or_rule_implementation,guideline_pathway,structured pathway logic and versioned guideline rules,markdown_or_data_table_until_source_complete
CALC-1014,影像适宜性与检查路径扩展,ACR 牙源性感染影像影像适宜性评分,ACR Appropriateness Criteria for 牙源性感染影像,ACR Appropriateness Criteria,https://www.acr.org/Clinical-Resources/ACR-Appropriateness-Criteria,not_formula_guideline_pathway,"ACR imaging appropriateness/incidental-finding entries are rating-table or pathway rules, not single equations; implement as guideline rule tables only after extracting scenario-specific tables from ACR narrative/rating PDFs.","build separate guideline-rule table if needed, not formula calculator",pending_formula_or_rule_implementation,guideline_pathway,structured pathway logic and versioned guideline rules,markdown_or_data_table_until_source_complete
CALC-1015,影像适宜性与检查路径扩展,ACR 颞下颌关节疼痛影像适宜性评分,ACR Appropriateness Criteria for 颞下颌关节疼痛,ACR Appropriateness Criteria,https://www.acr.org/Clinical-Resources/ACR-Appropriateness-Criteria,not_formula_guideline_pathway,"ACR imaging appropriateness/incidental-finding entries are rating-table or pathway rules, not single equations; implement as guideline rule tables only after extracting scenario-specific tables from ACR narrative/rating PDFs.","build separate guideline-rule table if needed, not formula calculator",pending_formula_or_rule_implementation,guideline_pathway,structured pathway logic and versioned guideline rules,markdown_or_data_table_until_source_complete
CALC-1016,影像适宜性与检查路径扩展,ACR 眼眶病变影像适宜性评分,ACR Appropriateness Criteria for 眼眶病变,ACR Appropriateness Criteria,https://www.acr.org/Clinical-Resources/ACR-Appropriateness-Criteria,not_formula_guideline_pathway,"ACR imaging appropriateness/incidental-finding entries are rating-table or pathway rules, not single equations; implement as guideline rule tables only after extracting scenario-specific tables from ACR narrative/rating PDFs.","build separate guideline-rule table if needed, not formula calculator",pending_formula_or_rule_implementation,guideline_pathway,structured pathway logic and versioned guideline rules,markdown_or_data_table_until_source_complete
CALC-1017,影像适宜性与检查路径扩展,ACR 视神经病变影像适宜性评分,ACR Appropriateness Criteria for 视神经病变,ACR Appropriateness Criteria,https://www.acr.org/Clinical-Resources/ACR-Appropriateness-Criteria,not_formula_guideline_pathway,"ACR imaging appropriateness/incidental-finding entries are rating-table or pathway rules, not single equations; implement as guideline rule tables only after extracting scenario-specific tables from ACR narrative/rating PDFs.","build separate guideline-rule table if needed, not formula calculator",pending_formula_or_rule_implementation,guideline_pathway,structured pathway logic and versioned guideline rules,markdown_or_data_table_until_source_complete
CALC-1018,影像适宜性与检查路径扩展,ACR 创伤全身CT影像适宜性评分,ACR Appropriateness Criteria for 创伤全身CT,ACR Appropriateness Criteria,https://www.acr.org/Clinical-Resources/ACR-Appropriateness-Criteria,not_formula_guideline_pathway,"ACR imaging appropriateness/incidental-finding entries are rating-table or pathway rules, not single equations; implement as guideline rule tables only after extracting scenario-specific tables from ACR narrative/rating PDFs.","build separate guideline-rule table if needed, not formula calculator",pending_formula_or_rule_implementation,guideline_pathway,structured pathway logic and versioned guideline rules,markdown_or_data_table_until_source_complete
CALC-1019,影像适宜性与检查路径扩展,ACR 儿童非意外伤害影像适宜性评分,ACR Appropriateness Criteria for 儿童非意外伤害,ACR Appropriateness Criteria,https://www.acr.org/Clinical-Resources/ACR-Appropriateness-Criteria,not_formula_guideline_pathway,"ACR imaging appropriateness/incidental-finding entries are rating-table or pathway rules, not single equations; implement as guideline rule tables only after extracting scenario-specific tables from ACR narrative/rating PDFs.","build separate guideline-rule table if needed, not formula calculator",pending_formula_or_rule_implementation,guideline_pathway,structured pathway logic and versioned guideline rules,markdown_or_data_table_until_source_complete
CALC-1020,影像适宜性与检查路径扩展,ACR 异物摄入影像适宜性评分,ACR Appropriateness Criteria for 异物摄入,ACR Appropriateness Criteria,https://www.acr.org/Clinical-Resources/ACR-Appropriateness-Criteria,not_formula_guideline_pathway,"ACR imaging appropriateness/incidental-finding entries are rating-table or pathway rules, not single equations; implement as guideline rule tables only after extracting scenario-specific tables from ACR narrative/rating PDFs.","build separate guideline-rule table if needed, not formula calculator",pending_formula_or_rule_implementation,guideline_pathway,structured pathway logic and versioned guideline rules,markdown_or_data_table_until_source_complete
CALC-1021,影像适宜性与检查路径扩展,ACR 术后发热影像适宜性评分,ACR Appropriateness Criteria for 术后发热,ACR Appropriateness Criteria,https://www.acr.org/Clinical-Resources/ACR-Appropriateness-Criteria,not_formula_guideline_pathway,"ACR imaging appropriateness/incidental-finding entries are rating-table or pathway rules, not single equations; implement as guideline rule tables only after extracting scenario-specific tables from ACR narrative/rating PDFs.","build separate guideline-rule table if needed, not formula calculator",pending_formula_or_rule_implementation,guideline_pathway,structured pathway logic and versioned guideline rules,markdown_or_data_table_until_source_complete
CALC-1022,影像适宜性与检查路径扩展,ACR 血管通路并发症影像适宜性评分,ACR Appropriateness Criteria for 血管通路并发症,ACR Appropriateness Criteria,https://www.acr.org/Clinical-Resources/ACR-Appropriateness-Criteria,not_formula_guideline_pathway,"ACR imaging appropriateness/incidental-finding entries are rating-table or pathway rules, not single equations; implement as guideline rule tables only after extracting scenario-specific tables from ACR narrative/rating PDFs.","build separate guideline-rule table if needed, not formula calculator",pending_formula_or_rule_implementation,guideline_pathway,structured pathway logic and versioned guideline rules,markdown_or_data_table_until_source_complete
CALC-1023,影像适宜性与检查路径扩展,ACR 透析通路评估影像适宜性评分,ACR Appropriateness Criteria for 透析通路评估,ACR Appropriateness Criteria,https://www.acr.org/Clinical-Resources/ACR-Appropriateness-Criteria,not_formula_guideline_pathway,"ACR imaging appropriateness/incidental-finding entries are rating-table or pathway rules, not single equations; implement as guideline rule tables only after extracting scenario-specific tables from ACR narrative/rating PDFs.","build separate guideline-rule table if needed, not formula calculator",pending_formula_or_rule_implementation,guideline_pathway,structured pathway logic and versioned guideline rules,markdown_or_data_table_until_source_complete
CALC-1024,影像适宜性与检查路径扩展,ACR 下肢缺血影像适宜性评分,ACR Appropriateness Criteria for 下肢缺血,ACR Appropriateness Criteria,https://www.acr.org/Clinical-Resources/ACR-Appropriateness-Criteria,not_formula_guideline_pathway,"ACR imaging appropriateness/incidental-finding entries are rating-table or pathway rules, not single equations; implement as guideline rule tables only after extracting scenario-specific tables from ACR narrative/rating PDFs.","build separate guideline-rule table if needed, not formula calculator",pending_formula_or_rule_implementation,guideline_pathway,structured pathway logic and versioned guideline rules,markdown_or_data_table_until_source_complete
CALC-1025,影像适宜性与检查路径扩展,ACR 深静脉血栓影像适宜性评分,ACR Appropriateness Criteria for 深静脉血栓,ACR Appropriateness Criteria,https://www.acr.org/Clinical-Resources/ACR-Appropriateness-Criteria,not_formula_guideline_pathway,"ACR imaging appropriateness/incidental-finding entries are rating-table or pathway rules, not single equations; implement as guideline rule tables only after extracting scenario-specific tables from ACR narrative/rating PDFs.","build separate guideline-rule table if needed, not formula calculator",pending_formula_or_rule_implementation,guideline_pathway,structured pathway logic and versioned guideline rules,markdown_or_data_table_until_source_complete
CALC-1026,影像适宜性与检查路径扩展,ACR 慢性肝病HCC筛查影像适宜性评分,ACR Appropriateness Criteria for 慢性肝病HCC筛查,ACR Appropriateness Criteria,https://www.acr.org/Clinical-Resources/ACR-Appropriateness-Criteria,not_formula_guideline_pathway,"ACR imaging appropriateness/incidental-finding entries are rating-table or pathway rules, not single equations; implement as guideline rule tables only after extracting scenario-specific tables from ACR narrative/rating PDFs.","build separate guideline-rule table if needed, not formula calculator",pending_formula_or_rule_implementation,guideline_pathway,structured pathway logic and versioned guideline rules,markdown_or_data_table_until_source_complete
CALC-1027,影像适宜性与检查路径扩展,ACR 胆道梗阻影像适宜性评分,ACR Appropriateness Criteria for 胆道梗阻,ACR Appropriateness Criteria,https://www.acr.org/Clinical-Resources/ACR-Appropriateness-Criteria,not_formula_guideline_pathway,"ACR imaging appropriateness/incidental-finding entries are rating-table or pathway rules, not single equations; implement as guideline rule tables only after extracting scenario-specific tables from ACR narrative/rating PDFs.","build separate guideline-rule table if needed, not formula calculator",pending_formula_or_rule_implementation,guideline_pathway,structured pathway logic and versioned guideline rules,markdown_or_data_table_until_source_complete
CALC-1028,影像适宜性与检查路径扩展,ACR 肠系膜缺血影像适宜性评分,ACR Appropriateness Criteria for 肠系膜缺血,ACR Appropriateness Criteria,https://www.acr.org/Clinical-Resources/ACR-Appropriateness-Criteria,not_formula_guideline_pathway,"ACR imaging appropriateness/incidental-finding entries are rating-table or pathway rules, not single equations; implement as guideline rule tables only after extracting scenario-specific tables from ACR narrative/rating PDFs.","build separate guideline-rule table if needed, not formula calculator",pending_formula_or_rule_implementation,guideline_pathway,structured pathway logic and versioned guideline rules,markdown_or_data_table_until_source_complete
CALC-1029,影像适宜性与检查路径扩展,ACR 主动脉瘤随访影像适宜性评分,ACR Appropriateness Criteria for 主动脉瘤随访,ACR Appropriateness Criteria,https://www.acr.org/Clinical-Resources/ACR-Appropriateness-Criteria,not_formula_guideline_pathway,"ACR imaging appropriateness/incidental-finding entries are rating-table or pathway rules, not single equations; implement as guideline rule tables only after extracting scenario-specific tables from ACR narrative/rating PDFs.","build separate guideline-rule table if needed, not formula calculator",pending_formula_or_rule_implementation,guideline_pathway,structured pathway logic and versioned guideline rules,markdown_or_data_table_until_source_complete
CALC-1030,影像适宜性与检查路径扩展,ACR 冠状动脉钙化筛查影像适宜性评分,ACR Appropriateness Criteria for 冠状动脉钙化筛查,ACR Appropriateness Criteria,https://www.acr.org/Clinical-Resources/ACR-Appropriateness-Criteria,not_formula_guideline_pathway,"ACR imaging appropriateness/incidental-finding entries are rating-table or pathway rules, not single equations; implement as guideline rule tables only after extracting scenario-specific tables from ACR narrative/rating PDFs.","build separate guideline-rule table if needed, not formula calculator",pending_formula_or_rule_implementation,guideline_pathway,structured pathway logic and versioned guideline rules,markdown_or_data_table_until_source_complete
CALC-1031,影像适宜性与检查路径扩展,ACR 先天性心脏病影像影像适宜性评分,ACR Appropriateness Criteria for 先天性心脏病影像,ACR Appropriateness Criteria,https://www.acr.org/Clinical-Resources/ACR-Appropriateness-Criteria,not_formula_guideline_pathway,"ACR imaging appropriateness/incidental-finding entries are rating-table or pathway rules, not single equations; implement as guideline rule tables only after extracting scenario-specific tables from ACR narrative/rating PDFs.","build separate guideline-rule table if needed, not formula calculator",pending_formula_or_rule_implementation,guideline_pathway,structured pathway logic and versioned guideline rules,markdown_or_data_table_until_source_complete
CALC-1032,影像适宜性与检查路径扩展,ACR 心肌病影像影像适宜性评分,ACR Appropriateness Criteria for 心肌病影像,ACR Appropriateness Criteria,https://www.acr.org/Clinical-Resources/ACR-Appropriateness-Criteria,not_formula_guideline_pathway,"ACR imaging appropriateness/incidental-finding entries are rating-table or pathway rules, not single equations; implement as guideline rule tables only after extracting scenario-specific tables from ACR narrative/rating PDFs.","build separate guideline-rule table if needed, not formula calculator",pending_formula_or_rule_implementation,guideline_pathway,structured pathway logic and versioned guideline rules,markdown_or_data_table_until_source_complete
CALC-1033,影像适宜性与检查路径扩展,ACR 心包疾病影像适宜性评分,ACR Appropriateness Criteria for 心包疾病,ACR Appropriateness Criteria,https://www.acr.org/Clinical-Resources/ACR-Appropriateness-Criteria,not_formula_guideline_pathway,"ACR imaging appropriateness/incidental-finding entries are rating-table or pathway rules, not single equations; implement as guideline rule tables only after extracting scenario-specific tables from ACR narrative/rating PDFs.","build separate guideline-rule table if needed, not formula calculator",pending_formula_or_rule_implementation,guideline_pathway,structured pathway logic and versioned guideline rules,markdown_or_data_table_until_source_complete
CALC-1034,影像适宜性与检查路径扩展,ACR 肺高压影像评估影像适宜性评分,ACR Appropriateness Criteria for 肺高压影像评估,ACR Appropriateness Criteria,https://www.acr.org/Clinical-Resources/ACR-Appropriateness-Criteria,not_formula_guideline_pathway,"ACR imaging appropriateness/incidental-finding entries are rating-table or pathway rules, not single equations; implement as guideline rule tables only after extracting scenario-specific tables from ACR narrative/rating PDFs.","build separate guideline-rule table if needed, not formula calculator",pending_formula_or_rule_implementation,guideline_pathway,structured pathway logic and versioned guideline rules,markdown_or_data_table_until_source_complete
CALC-1035,影像适宜性与检查路径扩展,ACR 睡眠呼吸暂停影像影像适宜性评分,ACR Appropriateness Criteria for 睡眠呼吸暂停影像,ACR Appropriateness Criteria,https://www.acr.org/Clinical-Resources/ACR-Appropriateness-Criteria,not_formula_guideline_pathway,"ACR imaging appropriateness/incidental-finding entries are rating-table or pathway rules, not single equations; implement as guideline rule tables only after extracting scenario-specific tables from ACR narrative/rating PDFs.","build separate guideline-rule table if needed, not formula calculator",pending_formula_or_rule_implementation,guideline_pathway,structured pathway logic and versioned guideline rules,markdown_or_data_table_until_source_complete
CALC-1036,影像适宜性与检查路径扩展,ACR 气道异物影像适宜性评分,ACR Appropriateness Criteria for 气道异物,ACR Appropriateness Criteria,https://www.acr.org/Clinical-Resources/ACR-Appropriateness-Criteria,not_formula_guideline_pathway,"ACR imaging appropriateness/incidental-finding entries are rating-table or pathway rules, not single equations; implement as guideline rule tables only after extracting scenario-specific tables from ACR narrative/rating PDFs.","build separate guideline-rule table if needed, not formula calculator",pending_formula_or_rule_implementation,guideline_pathway,structured pathway logic and versioned guideline rules,markdown_or_data_table_until_source_complete
CALC-1037,影像适宜性与检查路径扩展,ACR 颈部肿块影像适宜性评分,ACR Appropriateness Criteria for 颈部肿块,ACR Appropriateness Criteria,https://www.acr.org/Clinical-Resources/ACR-Appropriateness-Criteria,not_formula_guideline_pathway,"ACR imaging appropriateness/incidental-finding entries are rating-table or pathway rules, not single equations; implement as guideline rule tables only after extracting scenario-specific tables from ACR narrative/rating PDFs.","build separate guideline-rule table if needed, not formula calculator",pending_formula_or_rule_implementation,guideline_pathway,structured pathway logic and versioned guideline rules,markdown_or_data_table_until_source_complete
CALC-1038,影像适宜性与检查路径扩展,ACR 不明原发癌影像适宜性评分,ACR Appropriateness Criteria for 不明原发癌,ACR Appropriateness Criteria,https://www.acr.org/Clinical-Resources/ACR-Appropriateness-Criteria,not_formula_guideline_pathway,"ACR imaging appropriateness/incidental-finding entries are rating-table or pathway rules, not single equations; implement as guideline rule tables only after extracting scenario-specific tables from ACR narrative/rating PDFs.","build separate guideline-rule table if needed, not formula calculator",pending_formula_or_rule_implementation,guideline_pathway,structured pathway logic and versioned guideline rules,markdown_or_data_table_until_source_complete
CALC-1039,影像适宜性与检查路径扩展,甲状腺偶发结节随访管理建议,ACR Incidental Thyroid Nodule Follow-up Recommendation Support,ACR Incidental Findings / Specialty Consensus,https://www.acr.org/Clinical-Resources/Reporting-and-Data-Systems,not_formula_guideline_pathway,"ACR imaging appropriateness/incidental-finding entries are rating-table or pathway rules, not single equations; implement as guideline rule tables only after extracting scenario-specific tables from ACR narrative/rating PDFs.","build separate guideline-rule table if needed, not formula calculator",pending_formula_or_rule_implementation,guideline_pathway,structured pathway logic and versioned guideline rules,markdown_or_data_table_until_source_complete
CALC-1040,影像适宜性与检查路径扩展,肺部偶发结节随访管理建议,Fleischner Pulmonary Nodule Follow-up Recommendation Support,ACR Incidental Findings / Specialty Consensus,https://www.acr.org/Clinical-Resources/Reporting-and-Data-Systems,not_formula_guideline_pathway,"ACR imaging appropriateness/incidental-finding entries are rating-table or pathway rules, not single equations; implement as guideline rule tables only after extracting scenario-specific tables from ACR narrative/rating PDFs.","build separate guideline-rule table if needed, not formula calculator",pending_formula_or_rule_implementation,guideline_pathway,structured pathway logic and versioned guideline rules,markdown_or_data_table_until_source_complete
CALC-1041,影像适宜性与检查路径扩展,肝脏偶发病灶随访管理建议,ACR Incidental Liver Lesion Follow-up Recommendation Support,ACR Incidental Findings / Specialty Consensus,https://www.acr.org/Clinical-Resources/Reporting-and-Data-Systems,not_formula_guideline_pathway,"ACR imaging appropriateness/incidental-finding entries are rating-table or pathway rules, not single equations; implement as guideline rule tables only after extracting scenario-specific tables from ACR narrative/rating PDFs.","build separate guideline-rule table if needed, not formula calculator",pending_formula_or_rule_implementation,guideline_pathway,structured pathway logic and versioned guideline rules,markdown_or_data_table_until_source_complete
CALC-1042,影像适宜性与检查路径扩展,胰腺囊性偶发病灶随访管理建议,ACR Incidental Pancreatic Cyst Follow-up Recommendation Support,ACR Incidental Findings / Specialty Consensus,https://www.acr.org/Clinical-Resources/Reporting-and-Data-Systems,not_formula_guideline_pathway,"ACR imaging appropriateness/incidental-finding entries are rating-table or pathway rules, not single equations; implement as guideline rule tables only after extracting scenario-specific tables from ACR narrative/rating PDFs.","build separate guideline-rule table if needed, not formula calculator",pending_formula_or_rule_implementation,guideline_pathway,structured pathway logic and versioned guideline rules,markdown_or_data_table_until_source_complete
CALC-1043,影像适宜性与检查路径扩展,肾脏偶发肿块随访管理建议,ACR Incidental Renal Mass Follow-up Recommendation Support,ACR Incidental Findings / Specialty Consensus,https://www.acr.org/Clinical-Resources/Reporting-and-Data-Systems,not_formula_guideline_pathway,"ACR imaging appropriateness/incidental-finding entries are rating-table or pathway rules, not single equations; implement as guideline rule tables only after extracting scenario-specific tables from ACR narrative/rating PDFs.","build separate guideline-rule table if needed, not formula calculator",pending_formula_or_rule_implementation,guideline_pathway,structured pathway logic and versioned guideline rules,markdown_or_data_table_until_source_complete
CALC-1044,影像适宜性与检查路径扩展,肾上腺偶发肿块随访管理建议,ACR Incidental Adrenal Mass Follow-up Recommendation Support,ACR Incidental Findings / Specialty Consensus,https://www.acr.org/Clinical-Resources/Reporting-and-Data-Systems,not_formula_guideline_pathway,"ACR imaging appropriateness/incidental-finding entries are rating-table or pathway rules, not single equations; implement as guideline rule tables only after extracting scenario-specific tables from ACR narrative/rating PDFs.","build separate guideline-rule table if needed, not formula calculator",pending_formula_or_rule_implementation,guideline_pathway,structured pathway logic and versioned guideline rules,markdown_or_data_table_until_source_complete
CALC-1045,影像适宜性与检查路径扩展,脾脏偶发病灶随访管理建议,ACR Incidental Splenic Lesion Follow-up Recommendation Support,ACR Incidental Findings / Specialty Consensus,https://www.acr.org/Clinical-Resources/Reporting-and-Data-Systems,not_formula_guideline_pathway,"ACR imaging appropriateness/incidental-finding entries are rating-table or pathway rules, not single equations; implement as guideline rule tables only after extracting scenario-specific tables from ACR narrative/rating PDFs.","build separate guideline-rule table if needed, not formula calculator",pending_formula_or_rule_implementation,guideline_pathway,structured pathway logic and versioned guideline rules,markdown_or_data_table_until_source_complete
CALC-1046,影像适宜性与检查路径扩展,卵巢附件偶发囊肿随访管理建议,ACR Incidental Adnexal Cyst Follow-up Recommendation Support,ACR Incidental Findings / Specialty Consensus,https://www.acr.org/Clinical-Resources/Reporting-and-Data-Systems,not_formula_guideline_pathway,"ACR imaging appropriateness/incidental-finding entries are rating-table or pathway rules, not single equations; implement as guideline rule tables only after extracting scenario-specific tables from ACR narrative/rating PDFs.","build separate guideline-rule table if needed, not formula calculator",pending_formula_or_rule_implementation,guideline_pathway,structured pathway logic and versioned guideline rules,markdown_or_data_table_until_source_complete
CALC-1047,影像适宜性与检查路径扩展,淋巴结偶发肿大随访管理建议,ACR Incidental Lymph Node Follow-up Recommendation Support,ACR Incidental Findings / Specialty Consensus,https://www.acr.org/Clinical-Resources/Reporting-and-Data-Systems,not_formula_guideline_pathway,"ACR imaging appropriateness/incidental-finding entries are rating-table or pathway rules, not single equations; implement as guideline rule tables only after extracting scenario-specific tables from ACR narrative/rating PDFs.","build separate guideline-rule table if needed, not formula calculator",pending_formula_or_rule_implementation,guideline_pathway,structured pathway logic and versioned guideline rules,markdown_or_data_table_until_source_complete
CALC-1048,影像适宜性与检查路径扩展,骨偶发病灶随访管理建议,SSR Bone-RADS Follow-up Recommendation Support,ACR Incidental Findings / Specialty Consensus,https://www.acr.org/Clinical-Resources/Reporting-and-Data-Systems,not_formula_guideline_pathway,"ACR imaging appropriateness/incidental-finding entries are rating-table or pathway rules, not single equations; implement as guideline rule tables only after extracting scenario-specific tables from ACR narrative/rating PDFs.","build separate guideline-rule table if needed, not formula calculator",pending_formula_or_rule_implementation,guideline_pathway,structured pathway logic and versioned guideline rules,markdown_or_data_table_until_source_complete
CALC-1049,影像适宜性与检查路径扩展,脑垂体偶发瘤随访管理建议,Pituitary Incidentaloma Follow-up Recommendation Support,ACR Incidental Findings / Specialty Consensus,https://www.acr.org/Clinical-Resources/Reporting-and-Data-Systems,not_formula_guideline_pathway,"ACR imaging appropriateness/incidental-finding entries are rating-table or pathway rules, not single equations; implement as guideline rule tables only after extracting scenario-specific tables from ACR narrative/rating PDFs.","build separate guideline-rule table if needed, not formula calculator",pending_formula_or_rule_implementation,guideline_pathway,structured pathway logic and versioned guideline rules,markdown_or_data_table_until_source_complete
CALC-1050,影像适宜性与检查路径扩展,脑白质偶发改变随访管理建议,Incidental White Matter Lesions Follow-up Recommendation Support,ACR Incidental Findings / Specialty Consensus,https://www.acr.org/Clinical-Resources/Reporting-and-Data-Systems,not_formula_guideline_pathway,"ACR imaging appropriateness/incidental-finding entries are rating-table or pathway rules, not single equations; implement as guideline rule tables only after extracting scenario-specific tables from ACR narrative/rating PDFs.","build separate guideline-rule table if needed, not formula calculator",pending_formula_or_rule_implementation,guideline_pathway,structured pathway logic and versioned guideline rules,markdown_or_data_table_until_source_complete
CALC-1051,影像适宜性与检查路径扩展,冠状动脉钙化偶发发现随访管理建议,Incidental Coronary Artery Calcium Follow-up Recommendation Support,ACR Incidental Findings / Specialty Consensus,https://www.acr.org/Clinical-Resources/Reporting-and-Data-Systems,not_formula_guideline_pathway,"ACR imaging appropriateness/incidental-finding entries are rating-table or pathway rules, not single equations; implement as guideline rule tables only after extracting scenario-specific tables from ACR narrative/rating PDFs.","build separate guideline-rule table if needed, not formula calculator",pending_formula_or_rule_implementation,guideline_pathway,structured pathway logic and versioned guideline rules,markdown_or_data_table_until_source_complete
CALC-1052,影像适宜性与检查路径扩展,主动脉扩张偶发发现随访管理建议,Incidental Aortic Dilatation Follow-up Recommendation Support,ACR Incidental Findings / Specialty Consensus,https://www.acr.org/Clinical-Resources/Reporting-and-Data-Systems,not_formula_guideline_pathway,"ACR imaging appropriateness/incidental-finding entries are rating-table or pathway rules, not single equations; implement as guideline rule tables only after extracting scenario-specific tables from ACR narrative/rating PDFs.","build separate guideline-rule table if needed, not formula calculator",pending_formula_or_rule_implementation,guideline_pathway,structured pathway logic and versioned guideline rules,markdown_or_data_table_until_source_complete
CALC-1053,影像适宜性与检查路径扩展,乳腺MRI背景强化随访管理建议,Breast MRI Background Parenchymal Enhancement Follow-up Recommendation Support,ACR Incidental Findings / Specialty Consensus,https://www.acr.org/Clinical-Resources/Reporting-and-Data-Systems,not_formula_guideline_pathway,"ACR imaging appropriateness/incidental-finding entries are rating-table or pathway rules, not single equations; implement as guideline rule tables only after extracting scenario-specific tables from ACR narrative/rating PDFs.","build separate guideline-rule table if needed, not formula calculator",pending_formula_or_rule_implementation,guideline_pathway,structured pathway logic and versioned guideline rules,markdown_or_data_table_until_source_complete
CALC-1054,影像适宜性与检查路径扩展,前列腺MRI偶发发现随访管理建议,Incidental Prostate MRI Finding Follow-up Recommendation Support,ACR Incidental Findings / Specialty Consensus,https://www.acr.org/Clinical-Resources/Reporting-and-Data-Systems,not_formula_guideline_pathway,"ACR imaging appropriateness/incidental-finding entries are rating-table or pathway rules, not single equations; implement as guideline rule tables only after extracting scenario-specific tables from ACR narrative/rating PDFs.","build separate guideline-rule table if needed, not formula calculator",pending_formula_or_rule_implementation,guideline_pathway,structured pathway logic and versioned guideline rules,markdown_or_data_table_until_source_complete
CALC-1055,影像适宜性与检查路径扩展,胆囊息肉随访管理建议,Gallbladder Polyp Management Follow-up Recommendation Support,ACR Incidental Findings / Specialty Consensus,https://www.acr.org/Clinical-Resources/Reporting-and-Data-Systems,not_formula_guideline_pathway,"ACR imaging appropriateness/incidental-finding entries are rating-table or pathway rules, not single equations; implement as guideline rule tables only after extracting scenario-specific tables from ACR narrative/rating PDFs.","build separate guideline-rule table if needed, not formula calculator",pending_formula_or_rule_implementation,guideline_pathway,structured pathway logic and versioned guideline rules,markdown_or_data_table_until_source_complete
CALC-1056,影像适宜性与检查路径扩展,胆管扩张偶发发现随访管理建议,Incidental Bile Duct Dilatation Follow-up Recommendation Support,ACR Incidental Findings / Specialty Consensus,https://www.acr.org/Clinical-Resources/Reporting-and-Data-Systems,not_formula_guideline_pathway,"ACR imaging appropriateness/incidental-finding entries are rating-table or pathway rules, not single equations; implement as guideline rule tables only after extracting scenario-specific tables from ACR narrative/rating PDFs.","build separate guideline-rule table if needed, not formula calculator",pending_formula_or_rule_implementation,guideline_pathway,structured pathway logic and versioned guideline rules,markdown_or_data_table_until_source_complete
CALC-1057,影像适宜性与检查路径扩展,子宫内膜增厚偶发发现随访管理建议,Incidental Endometrial Thickening Follow-up Recommendation Support,ACR Incidental Findings / Specialty Consensus,https://www.acr.org/Clinical-Resources/Reporting-and-Data-Systems,not_formula_guideline_pathway,"ACR imaging appropriateness/incidental-finding entries are rating-table or pathway rules, not single equations; implement as guideline rule tables only after extracting scenario-specific tables from ACR narrative/rating PDFs.","build separate guideline-rule table if needed, not formula calculator",pending_formula_or_rule_implementation,guideline_pathway,structured pathway logic and versioned guideline rules,markdown_or_data_table_until_source_complete
CALC-1058,影像适宜性与检查路径扩展,椎体血管瘤偶发发现随访管理建议,Incidental Vertebral Hemangioma Follow-up Recommendation Support,ACR Incidental Findings / Specialty Consensus,https://www.acr.org/Clinical-Resources/Reporting-and-Data-Systems,not_formula_guideline_pathway,"ACR imaging appropriateness/incidental-finding entries are rating-table or pathway rules, not single equations; implement as guideline rule tables only after extracting scenario-specific tables from ACR narrative/rating PDFs.","build separate guideline-rule table if needed, not formula calculator",pending_formula_or_rule_implementation,guideline_pathway,structured pathway logic and versioned guideline rules,markdown_or_data_table_until_source_complete
CALC-1059,影像适宜性与检查路径扩展,脑动脉瘤偶发发现随访管理建议,Incidental Intracranial Aneurysm Follow-up Recommendation Support,ACR Incidental Findings / Specialty Consensus,https://www.acr.org/Clinical-Resources/Reporting-and-Data-Systems,not_formula_guideline_pathway,"ACR imaging appropriateness/incidental-finding entries are rating-table or pathway rules, not single equations; implement as guideline rule tables only after extracting scenario-specific tables from ACR narrative/rating PDFs.","build separate guideline-rule table if needed, not formula calculator",pending_formula_or_rule_implementation,guideline_pathway,structured pathway logic and versioned guideline rules,markdown_or_data_table_until_source_complete
CALC-1060,影像适宜性与检查路径扩展,颈动脉狭窄偶发发现随访管理建议,Incidental Carotid Stenosis Follow-up Recommendation Support,ACR Incidental Findings / Specialty Consensus,https://www.acr.org/Clinical-Resources/Reporting-and-Data-Systems,not_formula_guideline_pathway,"ACR imaging appropriateness/incidental-finding entries are rating-table or pathway rules, not single equations; implement as guideline rule tables only after extracting scenario-specific tables from ACR narrative/rating PDFs.","build separate guideline-rule table if needed, not formula calculator",pending_formula_or_rule_implementation,guideline_pathway,structured pathway logic and versioned guideline rules,markdown_or_data_table_until_source_complete
CALC-1061,影像适宜性与检查路径扩展,肺气肿影像偶发发现随访管理建议,Incidental Emphysema Follow-up Recommendation Support,ACR Incidental Findings / Specialty Consensus,https://www.acr.org/Clinical-Resources/Reporting-and-Data-Systems,not_formula_guideline_pathway,"ACR imaging appropriateness/incidental-finding entries are rating-table or pathway rules, not single equations; implement as guideline rule tables only after extracting scenario-specific tables from ACR narrative/rating PDFs.","build separate guideline-rule table if needed, not formula calculator",pending_formula_or_rule_implementation,guideline_pathway,structured pathway logic and versioned guideline rules,markdown_or_data_table_until_source_complete
CALC-1062,影像适宜性与检查路径扩展,间质性肺异常随访管理建议,Interstitial Lung Abnormality Follow-up Recommendation Support,ACR Incidental Findings / Specialty Consensus,https://www.acr.org/Clinical-Resources/Reporting-and-Data-Systems,not_formula_guideline_pathway,"ACR imaging appropriateness/incidental-finding entries are rating-table or pathway rules, not single equations; implement as guideline rule tables only after extracting scenario-specific tables from ACR narrative/rating PDFs.","build separate guideline-rule table if needed, not formula calculator",pending_formula_or_rule_implementation,guideline_pathway,structured pathway logic and versioned guideline rules,markdown_or_data_table_until_source_complete
CALC-1063,影像适宜性与检查路径扩展,肝硬化影像偶发提示随访管理建议,Incidental Imaging Suggestion of Cirrhosis Follow-up Recommendation Support,ACR Incidental Findings / Specialty Consensus,https://www.acr.org/Clinical-Resources/Reporting-and-Data-Systems,not_formula_guideline_pathway,"ACR imaging appropriateness/incidental-finding entries are rating-table or pathway rules, not single equations; implement as guideline rule tables only after extracting scenario-specific tables from ACR narrative/rating PDFs.","build separate guideline-rule table if needed, not formula calculator",pending_formula_or_rule_implementation,guideline_pathway,structured pathway logic and versioned guideline rules,markdown_or_data_table_until_source_complete
CALC-1064,影像适宜性与检查路径扩展,脂肪肝影像偶发提示随访管理建议,Incidental Hepatic Steatosis Follow-up Recommendation Support,ACR Incidental Findings / Specialty Consensus,https://www.acr.org/Clinical-Resources/Reporting-and-Data-Systems,not_formula_guideline_pathway,"ACR imaging appropriateness/incidental-finding entries are rating-table or pathway rules, not single equations; implement as guideline rule tables only after extracting scenario-specific tables from ACR narrative/rating PDFs.","build separate guideline-rule table if needed, not formula calculator",pending_formula_or_rule_implementation,guideline_pathway,structured pathway logic and versioned guideline rules,markdown_or_data_table_until_source_complete
CALC-1065,影像适宜性与检查路径扩展,肾积水偶发发现随访管理建议,Incidental Hydronephrosis Follow-up Recommendation Support,ACR Incidental Findings / Specialty Consensus,https://www.acr.org/Clinical-Resources/Reporting-and-Data-Systems,not_formula_guideline_pathway,"ACR imaging appropriateness/incidental-finding entries are rating-table or pathway rules, not single equations; implement as guideline rule tables only after extracting scenario-specific tables from ACR narrative/rating PDFs.","build separate guideline-rule table if needed, not formula calculator",pending_formula_or_rule_implementation,guideline_pathway,structured pathway logic and versioned guideline rules,markdown_or_data_table_until_source_complete
CALC-1066,影像适宜性与检查路径扩展,膀胱壁增厚偶发发现随访管理建议,Incidental Bladder Wall Thickening Follow-up Recommendation Support,ACR Incidental Findings / Specialty Consensus,https://www.acr.org/Clinical-Resources/Reporting-and-Data-Systems,not_formula_guideline_pathway,"ACR imaging appropriateness/incidental-finding entries are rating-table or pathway rules, not single equations; implement as guideline rule tables only after extracting scenario-specific tables from ACR narrative/rating PDFs.","build separate guideline-rule table if needed, not formula calculator",pending_formula_or_rule_implementation,guideline_pathway,structured pathway logic and versioned guideline rules,markdown_or_data_table_until_source_complete
CALC-1067,影像适宜性与检查路径扩展,肠壁增厚偶发发现随访管理建议,Incidental Bowel Wall Thickening Follow-up Recommendation Support,ACR Incidental Findings / Specialty Consensus,https://www.acr.org/Clinical-Resources/Reporting-and-Data-Systems,not_formula_guideline_pathway,"ACR imaging appropriateness/incidental-finding entries are rating-table or pathway rules, not single equations; implement as guideline rule tables only after extracting scenario-specific tables from ACR narrative/rating PDFs.","build separate guideline-rule table if needed, not formula calculator",pending_formula_or_rule_implementation,guideline_pathway,structured pathway logic and versioned guideline rules,markdown_or_data_table_until_source_complete
CALC-1068,影像适宜性与检查路径扩展,腹膜结节偶发发现随访管理建议,Incidental Peritoneal Nodule Follow-up Recommendation Support,ACR Incidental Findings / Specialty Consensus,https://www.acr.org/Clinical-Resources/Reporting-and-Data-Systems,not_formula_guideline_pathway,"ACR imaging appropriateness/incidental-finding entries are rating-table or pathway rules, not single equations; implement as guideline rule tables only after extracting scenario-specific tables from ACR narrative/rating PDFs.","build separate guideline-rule table if needed, not formula calculator",pending_formula_or_rule_implementation,guideline_pathway,structured pathway logic and versioned guideline rules,markdown_or_data_table_until_source_complete
CALC-1069,临床药理、药物剂量与TDM扩展,地高辛剂量和浓度解释,Digoxin Dose and Level Interpretation,CPIC / Lexicomp-style institutional dosing / TDM guidance,https://cpicpgx.org/guidelines/,not_single_formula_drug_rule,"Medication/TDM/pharmacogenomic rows require drug-specific label/guideline rules, target ranges, patient context, and versioning; external sources can supply rules but not one universal formula.",requires drug-specific rule engine and guideline/version governance,pending_formula_or_rule_implementation,drug_rule,"drug-specific dosing/TDM rules, monitoring conditions, and safety constraints",markdown_or_data_table_until_source_complete
CALC-1071,临床药理、药物剂量与TDM扩展,丙戊酸游离浓度风险解释,Valproate Free Level Risk Support,CPIC / Lexicomp-style institutional dosing / TDM guidance,https://cpicpgx.org/guidelines/,not_single_formula_drug_rule,"Medication/TDM/pharmacogenomic rows require drug-specific label/guideline rules, target ranges, patient context, and versioning; external sources can supply rules but not one universal formula.",requires drug-specific rule engine and guideline/version governance,pending_formula_or_rule_implementation,drug_rule,"drug-specific dosing/TDM rules, monitoring conditions, and safety constraints",markdown_or_data_table_until_source_complete
CALC-1072,临床药理、药物剂量与TDM扩展,卡马西平浓度解释,Carbamazepine Level Interpretation,CPIC / Lexicomp-style institutional dosing / TDM guidance,https://cpicpgx.org/guidelines/,not_single_formula_drug_rule,"Medication/TDM/pharmacogenomic rows require drug-specific label/guideline rules, target ranges, patient context, and versioning; external sources can supply rules but not one universal formula.",requires drug-specific rule engine and guideline/version governance,pending_formula_or_rule_implementation,drug_rule,"drug-specific dosing/TDM rules, monitoring conditions, and safety constraints",markdown_or_data_table_until_source_complete
CALC-1073,临床药理、药物剂量与TDM扩展,茶碱浓度解释,Theophylline Level Interpretation,CPIC / Lexicomp-style institutional dosing / TDM guidance,https://cpicpgx.org/guidelines/,not_single_formula_drug_rule,"Medication/TDM/pharmacogenomic rows require drug-specific label/guideline rules, target ranges, patient context, and versioning; external sources can supply rules but not one universal formula.",requires drug-specific rule engine and guideline/version governance,pending_formula_or_rule_implementation,drug_rule,"drug-specific dosing/TDM rules, monitoring conditions, and safety constraints",markdown_or_data_table_until_source_complete
CALC-1074,临床药理、药物剂量与TDM扩展,他克莫司谷浓度解释,Tacrolimus Trough Interpretation,CPIC / Lexicomp-style institutional dosing / TDM guidance,https://cpicpgx.org/guidelines/,not_single_formula_drug_rule,"Medication/TDM/pharmacogenomic rows require drug-specific label/guideline rules, target ranges, patient context, and versioning; external sources can supply rules but not one universal formula.",requires drug-specific rule engine and guideline/version governance,pending_formula_or_rule_implementation,drug_rule,"drug-specific dosing/TDM rules, monitoring conditions, and safety constraints",markdown_or_data_table_until_source_complete
CALC-1075,临床药理、药物剂量与TDM扩展,环孢素浓度解释,Cyclosporine Level Interpretation,CPIC / Lexicomp-style institutional dosing / TDM guidance,https://cpicpgx.org/guidelines/,not_single_formula_drug_rule,"Medication/TDM/pharmacogenomic rows require drug-specific label/guideline rules, target ranges, patient context, and versioning; external sources can supply rules but not one universal formula.",requires drug-specific rule engine and guideline/version governance,pending_formula_or_rule_implementation,drug_rule,"drug-specific dosing/TDM rules, monitoring conditions, and safety constraints",markdown_or_data_table_until_source_complete
CALC-1076,临床药理、药物剂量与TDM扩展,西罗莫司浓度解释,Sirolimus Level Interpretation,CPIC / Lexicomp-style institutional dosing / TDM guidance,https://cpicpgx.org/guidelines/,not_single_formula_drug_rule,"Medication/TDM/pharmacogenomic rows require drug-specific label/guideline rules, target ranges, patient context, and versioning; external sources can supply rules but not one universal formula.",requires drug-specific rule engine and guideline/version governance,pending_formula_or_rule_implementation,drug_rule,"drug-specific dosing/TDM rules, monitoring conditions, and safety constraints",markdown_or_data_table_until_source_complete
CALC-1077,临床药理、药物剂量与TDM扩展,吗替麦考酚酸暴露解释,Mycophenolic Acid Exposure Support,CPIC / Lexicomp-style institutional dosing / TDM guidance,https://cpicpgx.org/guidelines/,not_single_formula_drug_rule,"Medication/TDM/pharmacogenomic rows require drug-specific label/guideline rules, target ranges, patient context, and versioning; external sources can supply rules but not one universal formula.",requires drug-specific rule engine and guideline/version governance,pending_formula_or_rule_implementation,drug_rule,"drug-specific dosing/TDM rules, monitoring conditions, and safety constraints",markdown_or_data_table_until_source_complete
CALC-1078,临床药理、药物剂量与TDM扩展,甲氨蝶呤清除延迟风险,High-Dose Methotrexate Delayed Clearance Support,CPIC / Lexicomp-style institutional dosing / TDM guidance,https://cpicpgx.org/guidelines/,not_single_formula_drug_rule,"Medication/TDM/pharmacogenomic rows require drug-specific label/guideline rules, target ranges, patient context, and versioning; external sources can supply rules but not one universal formula.",requires drug-specific rule engine and guideline/version governance,pending_formula_or_rule_implementation,drug_rule,"drug-specific dosing/TDM rules, monitoring conditions, and safety constraints",markdown_or_data_table_until_source_complete
CALC-1080,临床药理、药物剂量与TDM扩展,紫杉醇体表面积剂量,Paclitaxel BSA Dose,CPIC / Lexicomp-style institutional dosing / TDM guidance,https://cpicpgx.org/guidelines/,not_single_formula_drug_rule,"Medication/TDM/pharmacogenomic rows require drug-specific label/guideline rules, target ranges, patient context, and versioning; external sources can supply rules but not one universal formula.",requires drug-specific rule engine and guideline/version governance,pending_formula_or_rule_implementation,drug_rule,"drug-specific dosing/TDM rules, monitoring conditions, and safety constraints",markdown_or_data_table_until_source_complete
CALC-1081,临床药理、药物剂量与TDM扩展,顺铂肾功能剂量调整,Cisplatin Renal Dose Adjustment,CPIC / Lexicomp-style institutional dosing / TDM guidance,https://cpicpgx.org/guidelines/,not_single_formula_drug_rule,"Medication/TDM/pharmacogenomic rows require drug-specific label/guideline rules, target ranges, patient context, and versioning; external sources can supply rules but not one universal formula.",requires drug-specific rule engine and guideline/version governance,pending_formula_or_rule_implementation,drug_rule,"drug-specific dosing/TDM rules, monitoring conditions, and safety constraints",markdown_or_data_table_until_source_complete
CALC-1082,临床药理、药物剂量与TDM扩展,伊立替康UGT1A1风险提示,Irinotecan UGT1A1 Toxicity Support,CPIC / Lexicomp-style institutional dosing / TDM guidance,https://cpicpgx.org/guidelines/,not_single_formula_drug_rule,"Medication/TDM/pharmacogenomic rows require drug-specific label/guideline rules, target ranges, patient context, and versioning; external sources can supply rules but not one universal formula.",requires drug-specific rule engine and guideline/version governance,pending_formula_or_rule_implementation,drug_rule,"drug-specific dosing/TDM rules, monitoring conditions, and safety constraints",markdown_or_data_table_until_source_complete
CALC-1083,临床药理、药物剂量与TDM扩展,氟尿嘧啶DPYD风险提示,Fluoropyrimidine DPYD Toxicity Support,CPIC / Lexicomp-style institutional dosing / TDM guidance,https://cpicpgx.org/guidelines/,not_single_formula_drug_rule,"Medication/TDM/pharmacogenomic rows require drug-specific label/guideline rules, target ranges, patient context, and versioning; external sources can supply rules but not one universal formula.",requires drug-specific rule engine and guideline/version governance,pending_formula_or_rule_implementation,drug_rule,"drug-specific dosing/TDM rules, monitoring conditions, and safety constraints",markdown_or_data_table_until_source_complete
CALC-1084,临床药理、药物剂量与TDM扩展,硫唑嘌呤TPMT/NUDT15剂量提示,Azathioprine TPMT NUDT15 Dose Support,CPIC / Lexicomp-style institutional dosing / TDM guidance,https://cpicpgx.org/guidelines/,not_single_formula_drug_rule,"Medication/TDM/pharmacogenomic rows require drug-specific label/guideline rules, target ranges, patient context, and versioning; external sources can supply rules but not one universal formula.",requires drug-specific rule engine and guideline/version governance,pending_formula_or_rule_implementation,drug_rule,"drug-specific dosing/TDM rules, monitoring conditions, and safety constraints",markdown_or_data_table_until_source_complete
CALC-1085,临床药理、药物剂量与TDM扩展,氯吡格雷CYP2C19疗效提示,Clopidogrel CYP2C19 Response Support,CPIC / Lexicomp-style institutional dosing / TDM guidance,https://cpicpgx.org/guidelines/,not_single_formula_drug_rule,"Medication/TDM/pharmacogenomic rows require drug-specific label/guideline rules, target ranges, patient context, and versioning; external sources can supply rules but not one universal formula.",requires drug-specific rule engine and guideline/version governance,pending_formula_or_rule_implementation,drug_rule,"drug-specific dosing/TDM rules, monitoring conditions, and safety constraints",markdown_or_data_table_until_source_complete
CALC-1086,临床药理、药物剂量与TDM扩展,阿巴卡韦HLA-B5701安全提示,Abacavir HLA-B5701 Safety Support,CPIC / Lexicomp-style institutional dosing / TDM guidance,https://cpicpgx.org/guidelines/,not_single_formula_drug_rule,"Medication/TDM/pharmacogenomic rows require drug-specific label/guideline rules, target ranges, patient context, and versioning; external sources can supply rules but not one universal formula.",requires drug-specific rule engine and guideline/version governance,pending_formula_or_rule_implementation,drug_rule,"drug-specific dosing/TDM rules, monitoring conditions, and safety constraints",markdown_or_data_table_until_source_complete
CALC-1087,临床药理、药物剂量与TDM扩展,别嘌醇HLA-B5801风险提示,Allopurinol HLA-B5801 Safety Support,CPIC / Lexicomp-style institutional dosing / TDM guidance,https://cpicpgx.org/guidelines/,not_single_formula_drug_rule,"Medication/TDM/pharmacogenomic rows require drug-specific label/guideline rules, target ranges, patient context, and versioning; external sources can supply rules but not one universal formula.",requires drug-specific rule engine and guideline/version governance,pending_formula_or_rule_implementation,drug_rule,"drug-specific dosing/TDM rules, monitoring conditions, and safety constraints",markdown_or_data_table_until_source_complete
CALC-1088,临床药理、药物剂量与TDM扩展,伏立康唑CYP2C19剂量提示,Voriconazole CYP2C19 Dose Support,CPIC / Lexicomp-style institutional dosing / TDM guidance,https://cpicpgx.org/guidelines/,not_single_formula_drug_rule,"Medication/TDM/pharmacogenomic rows require drug-specific label/guideline rules, target ranges, patient context, and versioning; external sources can supply rules but not one universal formula.",requires drug-specific rule engine and guideline/version governance,pending_formula_or_rule_implementation,drug_rule,"drug-specific dosing/TDM rules, monitoring conditions, and safety constraints",markdown_or_data_table_until_source_complete
CALC-1089,临床药理、药物剂量与TDM扩展,肝素抗Xa解释,Heparin Anti-Xa Interpretation,CPIC / Lexicomp-style institutional dosing / TDM guidance,https://cpicpgx.org/guidelines/,not_single_formula_drug_rule,"Medication/TDM/pharmacogenomic rows require drug-specific label/guideline rules, target ranges, patient context, and versioning; external sources can supply rules but not one universal formula.",requires drug-specific rule engine and guideline/version governance,pending_formula_or_rule_implementation,drug_rule,"drug-specific dosing/TDM rules, monitoring conditions, and safety constraints",markdown_or_data_table_until_source_complete
CALC-1090,临床药理、药物剂量与TDM扩展,低分子肝素抗Xa解释,LMWH Anti-Xa Interpretation,CPIC / Lexicomp-style institutional dosing / TDM guidance,https://cpicpgx.org/guidelines/,not_single_formula_drug_rule,"Medication/TDM/pharmacogenomic rows require drug-specific label/guideline rules, target ranges, patient context, and versioning; external sources can supply rules but not one universal formula.",requires drug-specific rule engine and guideline/version governance,pending_formula_or_rule_implementation,drug_rule,"drug-specific dosing/TDM rules, monitoring conditions, and safety constraints",markdown_or_data_table_until_source_complete
CALC-1091,临床药理、药物剂量与TDM扩展,直接口服抗凝药围手术停药,DOAC Perioperative Interruption Support,CPIC / Lexicomp-style institutional dosing / TDM guidance,https://cpicpgx.org/guidelines/,not_single_formula_drug_rule,"Medication/TDM/pharmacogenomic rows require drug-specific label/guideline rules, target ranges, patient context, and versioning; external sources can supply rules but not one universal formula.",requires drug-specific rule engine and guideline/version governance,pending_formula_or_rule_implementation,drug_rule,"drug-specific dosing/TDM rules, monitoring conditions, and safety constraints",markdown_or_data_table_until_source_complete
CALC-1092,临床药理、药物剂量与TDM扩展,DOAC肾功能剂量提示,DOAC Renal Dose Support,CPIC / Lexicomp-style institutional dosing / TDM guidance,https://cpicpgx.org/guidelines/,not_single_formula_drug_rule,"Medication/TDM/pharmacogenomic rows require drug-specific label/guideline rules, target ranges, patient context, and versioning; external sources can supply rules but not one universal formula.",requires drug-specific rule engine and guideline/version governance,pending_formula_or_rule_implementation,drug_rule,"drug-specific dosing/TDM rules, monitoring conditions, and safety constraints",markdown_or_data_table_until_source_complete
CALC-1093,临床药理、药物剂量与TDM扩展,华法林围手术桥接风险,Warfarin Perioperative Bridging Risk Support,CPIC / Lexicomp-style institutional dosing / TDM guidance,https://cpicpgx.org/guidelines/,not_single_formula_drug_rule,"Medication/TDM/pharmacogenomic rows require drug-specific label/guideline rules, target ranges, patient context, and versioning; external sources can supply rules but not one universal formula.",requires drug-specific rule engine and guideline/version governance,pending_formula_or_rule_implementation,drug_rule,"drug-specific dosing/TDM rules, monitoring conditions, and safety constraints",markdown_or_data_table_until_source_complete
CALC-1094,临床药理、药物剂量与TDM扩展,胰岛素碳水化合物比估算,Insulin-to-Carbohydrate Ratio Estimate,CPIC / Lexicomp-style institutional dosing / TDM guidance,https://cpicpgx.org/guidelines/,not_single_formula_drug_rule,"Medication/TDM/pharmacogenomic rows require drug-specific label/guideline rules, target ranges, patient context, and versioning; external sources can supply rules but not one universal formula.",requires drug-specific rule engine and guideline/version governance,pending_formula_or_rule_implementation,drug_rule,"drug-specific dosing/TDM rules, monitoring conditions, and safety constraints",markdown_or_data_table_until_source_complete
CALC-1095,临床药理、药物剂量与TDM扩展,基础胰岛素起始剂量估算,Basal Insulin Starting Dose Estimate,CPIC / Lexicomp-style institutional dosing / TDM guidance,https://cpicpgx.org/guidelines/,not_single_formula_drug_rule,"Medication/TDM/pharmacogenomic rows require drug-specific label/guideline rules, target ranges, patient context, and versioning; external sources can supply rules but not one universal formula.",requires drug-specific rule engine and guideline/version governance,pending_formula_or_rule_implementation,drug_rule,"drug-specific dosing/TDM rules, monitoring conditions, and safety constraints",markdown_or_data_table_until_source_complete
CALC-1096,临床药理、药物剂量与TDM扩展,皮质激素等效剂量换算,Corticosteroid Equivalent Dose Conversion,CPIC / Lexicomp-style institutional dosing / TDM guidance,https://cpicpgx.org/guidelines/,not_single_formula_drug_rule,"Medication/TDM/pharmacogenomic rows require drug-specific label/guideline rules, target ranges, patient context, and versioning; external sources can supply rules but not one universal formula.",requires drug-specific rule engine and guideline/version governance,pending_formula_or_rule_implementation,drug_rule,"drug-specific dosing/TDM rules, monitoring conditions, and safety constraints",markdown_or_data_table_until_source_complete
CALC-1097,临床药理、药物剂量与TDM扩展,苯二氮卓等效剂量换算,Benzodiazepine Equivalent Dose Conversion,CPIC / Lexicomp-style institutional dosing / TDM guidance,https://cpicpgx.org/guidelines/,not_single_formula_drug_rule,"Medication/TDM/pharmacogenomic rows require drug-specific label/guideline rules, target ranges, patient context, and versioning; external sources can supply rules but not one universal formula.",requires drug-specific rule engine and guideline/version governance,pending_formula_or_rule_implementation,drug_rule,"drug-specific dosing/TDM rules, monitoring conditions, and safety constraints",markdown_or_data_table_until_source_complete
CALC-1098,临床药理、药物剂量与TDM扩展,阿片轮换不完全交叉耐受调整,Opioid Rotation Incomplete Cross-Tolerance Support,CPIC / Lexicomp-style institutional dosing / TDM guidance,https://cpicpgx.org/guidelines/,not_single_formula_drug_rule,"Medication/TDM/pharmacogenomic rows require drug-specific label/guideline rules, target ranges, patient context, and versioning; external sources can supply rules but not one universal formula.",requires drug-specific rule engine and guideline/version governance,pending_formula_or_rule_implementation,drug_rule,"drug-specific dosing/TDM rules, monitoring conditions, and safety constraints",markdown_or_data_table_until_source_complete
CALC-1099,临床药理、药物剂量与TDM扩展,儿童对乙酰氨基酚剂量,Pediatric Acetaminophen Dose,CPIC / Lexicomp-style institutional dosing / TDM guidance,https://cpicpgx.org/guidelines/,not_single_formula_drug_rule,"Medication/TDM/pharmacogenomic rows require drug-specific label/guideline rules, target ranges, patient context, and versioning; external sources can supply rules but not one universal formula.",requires drug-specific rule engine and guideline/version governance,pending_formula_or_rule_implementation,drug_rule,"drug-specific dosing/TDM rules, monitoring conditions, and safety constraints",markdown_or_data_table_until_source_complete
CALC-1100,临床药理、药物剂量与TDM扩展,儿童布洛芬剂量,Pediatric Ibuprofen Dose,CPIC / Lexicomp-style institutional dosing / TDM guidance,https://cpicpgx.org/guidelines/,not_single_formula_drug_rule,"Medication/TDM/pharmacogenomic rows require drug-specific label/guideline rules, target ranges, patient context, and versioning; external sources can supply rules but not one universal formula.",requires drug-specific rule engine and guideline/version governance,pending_formula_or_rule_implementation,drug_rule,"drug-specific dosing/TDM rules, monitoring conditions, and safety constraints",markdown_or_data_table_until_source_complete
CALC-1101,临床药理、药物剂量与TDM扩展,儿童阿莫西林剂量,Pediatric Amoxicillin Dose,CPIC / Lexicomp-style institutional dosing / TDM guidance,https://cpicpgx.org/guidelines/,not_single_formula_drug_rule,"Medication/TDM/pharmacogenomic rows require drug-specific label/guideline rules, target ranges, patient context, and versioning; external sources can supply rules but not one universal formula.",requires drug-specific rule engine and guideline/version governance,pending_formula_or_rule_implementation,drug_rule,"drug-specific dosing/TDM rules, monitoring conditions, and safety constraints",markdown_or_data_table_until_source_complete
CALC-1102,临床药理、药物剂量与TDM扩展,儿童肾上腺素过敏反应剂量,Pediatric Epinephrine Anaphylaxis Dose,CPIC / Lexicomp-style institutional dosing / TDM guidance,https://cpicpgx.org/guidelines/,not_single_formula_drug_rule,"Medication/TDM/pharmacogenomic rows require drug-specific label/guideline rules, target ranges, patient context, and versioning; external sources can supply rules but not one universal formula.",requires drug-specific rule engine and guideline/version governance,pending_formula_or_rule_implementation,drug_rule,"drug-specific dosing/TDM rules, monitoring conditions, and safety constraints",markdown_or_data_table_until_source_complete
CALC-1103,临床药理、药物剂量与TDM扩展,局麻药最大安全剂量,Maximum Local Anesthetic Dose,CPIC / Lexicomp-style institutional dosing / TDM guidance,https://cpicpgx.org/guidelines/,not_single_formula_drug_rule,"Medication/TDM/pharmacogenomic rows require drug-specific label/guideline rules, target ranges, patient context, and versioning; external sources can supply rules but not one universal formula.",requires drug-specific rule engine and guideline/version governance,pending_formula_or_rule_implementation,drug_rule,"drug-specific dosing/TDM rules, monitoring conditions, and safety constraints",markdown_or_data_table_until_source_complete
CALC-1104,临床药理、药物剂量与TDM扩展,脂肪乳抢救剂量,Lipid Emulsion Rescue Dose,CPIC / Lexicomp-style institutional dosing / TDM guidance,https://cpicpgx.org/guidelines/,not_single_formula_drug_rule,"Medication/TDM/pharmacogenomic rows require drug-specific label/guideline rules, target ranges, patient context, and versioning; external sources can supply rules but not one universal formula.",requires drug-specific rule engine and guideline/version governance,pending_formula_or_rule_implementation,drug_rule,"drug-specific dosing/TDM rules, monitoring conditions, and safety constraints",markdown_or_data_table_until_source_complete
CALC-1105,临床药理、药物剂量与TDM扩展,镁剂补充剂量提示,Magnesium Replacement Dose Support,CPIC / Lexicomp-style institutional dosing / TDM guidance,https://cpicpgx.org/guidelines/,not_single_formula_drug_rule,"Medication/TDM/pharmacogenomic rows require drug-specific label/guideline rules, target ranges, patient context, and versioning; external sources can supply rules but not one universal formula.",requires drug-specific rule engine and guideline/version governance,pending_formula_or_rule_implementation,drug_rule,"drug-specific dosing/TDM rules, monitoring conditions, and safety constraints",markdown_or_data_table_until_source_complete
CALC-1106,临床药理、药物剂量与TDM扩展,钾剂补充剂量提示,Potassium Replacement Dose Support,CPIC / Lexicomp-style institutional dosing / TDM guidance,https://cpicpgx.org/guidelines/,not_single_formula_drug_rule,"Medication/TDM/pharmacogenomic rows require drug-specific label/guideline rules, target ranges, patient context, and versioning; external sources can supply rules but not one universal formula.",requires drug-specific rule engine and guideline/version governance,pending_formula_or_rule_implementation,drug_rule,"drug-specific dosing/TDM rules, monitoring conditions, and safety constraints",markdown_or_data_table_until_source_complete
CALC-1107,临床药理、药物剂量与TDM扩展,磷剂补充剂量提示,Phosphate Replacement Dose Support,CPIC / Lexicomp-style institutional dosing / TDM guidance,https://cpicpgx.org/guidelines/,not_single_formula_drug_rule,"Medication/TDM/pharmacogenomic rows require drug-specific label/guideline rules, target ranges, patient context, and versioning; external sources can supply rules but not one universal formula.",requires drug-specific rule engine and guideline/version governance,pending_formula_or_rule_implementation,drug_rule,"drug-specific dosing/TDM rules, monitoring conditions, and safety constraints",markdown_or_data_table_until_source_complete
CALC-1109,公共卫生、预防医学与筛查扩展,糖尿病视网膜病变筛查间隔,Diabetic Retinopathy Screening Interval,USPSTF / CDC / ACIP / specialty society recommendations,https://www.uspreventiveservicestaskforce.org/,not_formula_prevention_guideline,"Public-health screening or vaccine rows are eligibility/interval guidelines; implement as date/risk-factor rules after guideline-specific extraction, not as numeric formulas.",build eligibility/interval rule engine with guideline dates and exceptions,pending_formula_or_rule_implementation,prevention_guideline,age/risk eligibility logic and versioned recommendation details,markdown_or_data_table_until_source_complete
CALC-1110,公共卫生、预防医学与筛查扩展,糖尿病肾病筛查提醒,Diabetic Kidney Disease Screening Reminder,USPSTF / CDC / ACIP / specialty society recommendations,https://www.uspreventiveservicestaskforce.org/,not_formula_prevention_guideline,"Public-health screening or vaccine rows are eligibility/interval guidelines; implement as date/risk-factor rules after guideline-specific extraction, not as numeric formulas.",build eligibility/interval rule engine with guideline dates and exceptions,pending_formula_or_rule_implementation,prevention_guideline,age/risk eligibility logic and versioned recommendation details,markdown_or_data_table_until_source_complete
CALC-1111,公共卫生、预防医学与筛查扩展,糖尿病足年度筛查,Diabetic Foot Annual Screening,USPSTF / CDC / ACIP / specialty society recommendations,https://www.uspreventiveservicestaskforce.org/,not_formula_prevention_guideline,"Public-health screening or vaccine rows are eligibility/interval guidelines; implement as date/risk-factor rules after guideline-specific extraction, not as numeric formulas.",build eligibility/interval rule engine with guideline dates and exceptions,pending_formula_or_rule_implementation,prevention_guideline,age/risk eligibility logic and versioned recommendation details,markdown_or_data_table_until_source_complete
CALC-1112,公共卫生、预防医学与筛查扩展,高血压家庭血压平均值解释,Home Blood Pressure Average Interpretation,USPSTF / CDC / ACIP / specialty society recommendations,https://www.uspreventiveservicestaskforce.org/,not_formula_prevention_guideline,"Public-health screening or vaccine rows are eligibility/interval guidelines; implement as date/risk-factor rules after guideline-specific extraction, not as numeric formulas.",build eligibility/interval rule engine with guideline dates and exceptions,pending_formula_or_rule_implementation,prevention_guideline,age/risk eligibility logic and versioned recommendation details,markdown_or_data_table_until_source_complete
CALC-1113,公共卫生、预防医学与筛查扩展,儿童血压百分位解释,Pediatric Blood Pressure Percentile Interpretation,USPSTF / CDC / ACIP / specialty society recommendations,https://www.uspreventiveservicestaskforce.org/,not_formula_prevention_guideline,"Public-health screening or vaccine rows are eligibility/interval guidelines; implement as date/risk-factor rules after guideline-specific extraction, not as numeric formulas.",build eligibility/interval rule engine with guideline dates and exceptions,pending_formula_or_rule_implementation,prevention_guideline,age/risk eligibility logic and versioned recommendation details,markdown_or_data_table_until_source_complete
CALC-1115,公共卫生、预防医学与筛查扩展,脂质筛查适应证核对,Lipid Screening Eligibility Support,USPSTF / CDC / ACIP / specialty society recommendations,https://www.uspreventiveservicestaskforce.org/,not_formula_prevention_guideline,"Public-health screening or vaccine rows are eligibility/interval guidelines; implement as date/risk-factor rules after guideline-specific extraction, not as numeric formulas.",build eligibility/interval rule engine with guideline dates and exceptions,pending_formula_or_rule_implementation,prevention_guideline,age/risk eligibility logic and versioned recommendation details,markdown_or_data_table_until_source_complete
CALC-1116,公共卫生、预防医学与筛查扩展,骨质疏松筛查适应证核对,Osteoporosis Screening Eligibility Support,USPSTF / CDC / ACIP / specialty society recommendations,https://www.uspreventiveservicestaskforce.org/,not_formula_prevention_guideline,"Public-health screening or vaccine rows are eligibility/interval guidelines; implement as date/risk-factor rules after guideline-specific extraction, not as numeric formulas.",build eligibility/interval rule engine with guideline dates and exceptions,pending_formula_or_rule_implementation,prevention_guideline,age/risk eligibility logic and versioned recommendation details,markdown_or_data_table_until_source_complete
CALC-1117,公共卫生、预防医学与筛查扩展,腹主动脉瘤筛查资格,Abdominal Aortic Aneurysm Screening Eligibility,USPSTF / CDC / ACIP / specialty society recommendations,https://www.uspreventiveservicestaskforce.org/,not_formula_prevention_guideline,"Public-health screening or vaccine rows are eligibility/interval guidelines; implement as date/risk-factor rules after guideline-specific extraction, not as numeric formulas.",build eligibility/interval rule engine with guideline dates and exceptions,pending_formula_or_rule_implementation,prevention_guideline,age/risk eligibility logic and versioned recommendation details,markdown_or_data_table_until_source_complete
CALC-1118,公共卫生、预防医学与筛查扩展,抑郁筛查频率提示,Depression Screening Reminder,USPSTF / CDC / ACIP / specialty society recommendations,https://www.uspreventiveservicestaskforce.org/,not_formula_prevention_guideline,"Public-health screening or vaccine rows are eligibility/interval guidelines; implement as date/risk-factor rules after guideline-specific extraction, not as numeric formulas.",build eligibility/interval rule engine with guideline dates and exceptions,pending_formula_or_rule_implementation,prevention_guideline,age/risk eligibility logic and versioned recommendation details,markdown_or_data_table_until_source_complete
CALC-1119,公共卫生、预防医学与筛查扩展,围产期抑郁筛查,Perinatal Depression Screening Support,USPSTF / CDC / ACIP / specialty society recommendations,https://www.uspreventiveservicestaskforce.org/,not_formula_prevention_guideline,"Public-health screening or vaccine rows are eligibility/interval guidelines; implement as date/risk-factor rules after guideline-specific extraction, not as numeric formulas.",build eligibility/interval rule engine with guideline dates and exceptions,pending_formula_or_rule_implementation,prevention_guideline,age/risk eligibility logic and versioned recommendation details,markdown_or_data_table_until_source_complete
CALC-1120,公共卫生、预防医学与筛查扩展,亲密伴侣暴力筛查,Intimate Partner Violence Screening Support,USPSTF / CDC / ACIP / specialty society recommendations,https://www.uspreventiveservicestaskforce.org/,not_formula_prevention_guideline,"Public-health screening or vaccine rows are eligibility/interval guidelines; implement as date/risk-factor rules after guideline-specific extraction, not as numeric formulas.",build eligibility/interval rule engine with guideline dates and exceptions,pending_formula_or_rule_implementation,prevention_guideline,age/risk eligibility logic and versioned recommendation details,markdown_or_data_table_until_source_complete
CALC-1121,公共卫生、预防医学与筛查扩展,HIV筛查资格核对,HIV Screening Eligibility Support,USPSTF / CDC / ACIP / specialty society recommendations,https://www.uspreventiveservicestaskforce.org/,not_formula_prevention_guideline,"Public-health screening or vaccine rows are eligibility/interval guidelines; implement as date/risk-factor rules after guideline-specific extraction, not as numeric formulas.",build eligibility/interval rule engine with guideline dates and exceptions,pending_formula_or_rule_implementation,prevention_guideline,age/risk eligibility logic and versioned recommendation details,markdown_or_data_table_until_source_complete
CALC-1122,公共卫生、预防医学与筛查扩展,HCV筛查资格核对,HCV Screening Eligibility Support,USPSTF / CDC / ACIP / specialty society recommendations,https://www.uspreventiveservicestaskforce.org/,not_formula_prevention_guideline,"Public-health screening or vaccine rows are eligibility/interval guidelines; implement as date/risk-factor rules after guideline-specific extraction, not as numeric formulas.",build eligibility/interval rule engine with guideline dates and exceptions,pending_formula_or_rule_implementation,prevention_guideline,age/risk eligibility logic and versioned recommendation details,markdown_or_data_table_until_source_complete
CALC-1123,公共卫生、预防医学与筛查扩展,HBV筛查资格核对,HBV Screening Eligibility Support,USPSTF / CDC / ACIP / specialty society recommendations,https://www.uspreventiveservicestaskforce.org/,not_formula_prevention_guideline,"Public-health screening or vaccine rows are eligibility/interval guidelines; implement as date/risk-factor rules after guideline-specific extraction, not as numeric formulas.",build eligibility/interval rule engine with guideline dates and exceptions,pending_formula_or_rule_implementation,prevention_guideline,age/risk eligibility logic and versioned recommendation details,markdown_or_data_table_until_source_complete
CALC-1124,公共卫生、预防医学与筛查扩展,潜伏结核筛查资格核对,Latent TB Screening Eligibility Support,USPSTF / CDC / ACIP / specialty society recommendations,https://www.uspreventiveservicestaskforce.org/,not_formula_prevention_guideline,"Public-health screening or vaccine rows are eligibility/interval guidelines; implement as date/risk-factor rules after guideline-specific extraction, not as numeric formulas.",build eligibility/interval rule engine with guideline dates and exceptions,pending_formula_or_rule_implementation,prevention_guideline,age/risk eligibility logic and versioned recommendation details,markdown_or_data_table_until_source_complete
CALC-1125,公共卫生、预防医学与筛查扩展,宫颈癌筛查间隔,Cervical Cancer Screening Interval,USPSTF / CDC / ACIP / specialty society recommendations,https://www.uspreventiveservicestaskforce.org/,not_formula_prevention_guideline,"Public-health screening or vaccine rows are eligibility/interval guidelines; implement as date/risk-factor rules after guideline-specific extraction, not as numeric formulas.",build eligibility/interval rule engine with guideline dates and exceptions,pending_formula_or_rule_implementation,prevention_guideline,age/risk eligibility logic and versioned recommendation details,markdown_or_data_table_until_source_complete
CALC-1126,公共卫生、预防医学与筛查扩展,结直肠癌筛查间隔,Colorectal Cancer Screening Interval,USPSTF / CDC / ACIP / specialty society recommendations,https://www.uspreventiveservicestaskforce.org/,not_formula_prevention_guideline,"Public-health screening or vaccine rows are eligibility/interval guidelines; implement as date/risk-factor rules after guideline-specific extraction, not as numeric formulas.",build eligibility/interval rule engine with guideline dates and exceptions,pending_formula_or_rule_implementation,prevention_guideline,age/risk eligibility logic and versioned recommendation details,markdown_or_data_table_until_source_complete
CALC-1127,公共卫生、预防医学与筛查扩展,肺癌低剂量CT筛查资格,Lung Cancer LDCT Screening Eligibility,USPSTF / CDC / ACIP / specialty society recommendations,https://www.uspreventiveservicestaskforce.org/,not_formula_prevention_guideline,"Public-health screening or vaccine rows are eligibility/interval guidelines; implement as date/risk-factor rules after guideline-specific extraction, not as numeric formulas.",build eligibility/interval rule engine with guideline dates and exceptions,pending_formula_or_rule_implementation,prevention_guideline,age/risk eligibility logic and versioned recommendation details,markdown_or_data_table_until_source_complete
CALC-1128,公共卫生、预防医学与筛查扩展,乳腺癌筛查间隔,Breast Cancer Screening Interval,USPSTF / CDC / ACIP / specialty society recommendations,https://www.uspreventiveservicestaskforce.org/,not_formula_prevention_guideline,"Public-health screening or vaccine rows are eligibility/interval guidelines; implement as date/risk-factor rules after guideline-specific extraction, not as numeric formulas.",build eligibility/interval rule engine with guideline dates and exceptions,pending_formula_or_rule_implementation,prevention_guideline,age/risk eligibility logic and versioned recommendation details,markdown_or_data_table_until_source_complete
CALC-1129,公共卫生、预防医学与筛查扩展,前列腺癌筛查讨论资格,Prostate Cancer Screening Discussion Support,USPSTF / CDC / ACIP / specialty society recommendations,https://www.uspreventiveservicestaskforce.org/,not_formula_prevention_guideline,"Public-health screening or vaccine rows are eligibility/interval guidelines; implement as date/risk-factor rules after guideline-specific extraction, not as numeric formulas.",build eligibility/interval rule engine with guideline dates and exceptions,pending_formula_or_rule_implementation,prevention_guideline,age/risk eligibility logic and versioned recommendation details,markdown_or_data_table_until_source_complete
CALC-1130,公共卫生、预防医学与筛查扩展,新生儿筛查项目核对,Newborn Screening Panel Support,USPSTF / CDC / ACIP / specialty society recommendations,https://www.uspreventiveservicestaskforce.org/,not_formula_prevention_guideline,"Public-health screening or vaccine rows are eligibility/interval guidelines; implement as date/risk-factor rules after guideline-specific extraction, not as numeric formulas.",build eligibility/interval rule engine with guideline dates and exceptions,pending_formula_or_rule_implementation,prevention_guideline,age/risk eligibility logic and versioned recommendation details,markdown_or_data_table_until_source_complete
CALC-1131,公共卫生、预防医学与筛查扩展,儿童孤独症筛查时间点,Autism Screening Timing Support,USPSTF / CDC / ACIP / specialty society recommendations,https://www.uspreventiveservicestaskforce.org/,not_formula_prevention_guideline,"Public-health screening or vaccine rows are eligibility/interval guidelines; implement as date/risk-factor rules after guideline-specific extraction, not as numeric formulas.",build eligibility/interval rule engine with guideline dates and exceptions,pending_formula_or_rule_implementation,prevention_guideline,age/risk eligibility logic and versioned recommendation details,markdown_or_data_table_until_source_complete
CALC-1132,公共卫生、预防医学与筛查扩展,儿童发育筛查时间点,Developmental Screening Timing Support,USPSTF / CDC / ACIP / specialty society recommendations,https://www.uspreventiveservicestaskforce.org/,not_formula_prevention_guideline,"Public-health screening or vaccine rows are eligibility/interval guidelines; implement as date/risk-factor rules after guideline-specific extraction, not as numeric formulas.",build eligibility/interval rule engine with guideline dates and exceptions,pending_formula_or_rule_implementation,prevention_guideline,age/risk eligibility logic and versioned recommendation details,markdown_or_data_table_until_source_complete
CALC-1133,公共卫生、预防医学与筛查扩展,跌倒风险年度筛查,Annual Fall Risk Screening,USPSTF / CDC / ACIP / specialty society recommendations,https://www.uspreventiveservicestaskforce.org/,not_formula_prevention_guideline,"Public-health screening or vaccine rows are eligibility/interval guidelines; implement as date/risk-factor rules after guideline-specific extraction, not as numeric formulas.",build eligibility/interval rule engine with guideline dates and exceptions,pending_formula_or_rule_implementation,prevention_guideline,age/risk eligibility logic and versioned recommendation details,markdown_or_data_table_until_source_complete
CALC-1134,公共卫生、预防医学与筛查扩展,用药多重用药风险筛查,Polypharmacy Risk Screening,USPSTF / CDC / ACIP / specialty society recommendations,https://www.uspreventiveservicestaskforce.org/,not_formula_prevention_guideline,"Public-health screening or vaccine rows are eligibility/interval guidelines; implement as date/risk-factor rules after guideline-specific extraction, not as numeric formulas.",build eligibility/interval rule engine with guideline dates and exceptions,pending_formula_or_rule_implementation,prevention_guideline,age/risk eligibility logic and versioned recommendation details,markdown_or_data_table_until_source_complete
CALC-1135,公共卫生、预防医学与筛查扩展,老年驾驶风险筛查,Older Driver Risk Screening,USPSTF / CDC / ACIP / specialty society recommendations,https://www.uspreventiveservicestaskforce.org/,not_formula_prevention_guideline,"Public-health screening or vaccine rows are eligibility/interval guidelines; implement as date/risk-factor rules after guideline-specific extraction, not as numeric formulas.",build eligibility/interval rule engine with guideline dates and exceptions,pending_formula_or_rule_implementation,prevention_guideline,age/risk eligibility logic and versioned recommendation details,markdown_or_data_table_until_source_complete
CALC-1136,公共卫生、预防医学与筛查扩展,疫苗禁忌和注意事项核对,Vaccine Contraindication Precaution Support,USPSTF / CDC / ACIP / specialty society recommendations,https://www.uspreventiveservicestaskforce.org/,not_formula_prevention_guideline,"Public-health screening or vaccine rows are eligibility/interval guidelines; implement as date/risk-factor rules after guideline-specific extraction, not as numeric formulas.",build eligibility/interval rule engine with guideline dates and exceptions,pending_formula_or_rule_implementation,prevention_guideline,age/risk eligibility logic and versioned recommendation details,markdown_or_data_table_until_source_complete
CALC-1137,公共卫生、预防医学与筛查扩展,妊娠疫苗建议核对,Pregnancy Immunization Support,USPSTF / CDC / ACIP / specialty society recommendations,https://www.uspreventiveservicestaskforce.org/,not_formula_prevention_guideline,"Public-health screening or vaccine rows are eligibility/interval guidelines; implement as date/risk-factor rules after guideline-specific extraction, not as numeric formulas.",build eligibility/interval rule engine with guideline dates and exceptions,pending_formula_or_rule_implementation,prevention_guideline,age/risk eligibility logic and versioned recommendation details,markdown_or_data_table_until_source_complete
CALC-1138,公共卫生、预防医学与筛查扩展,旅行疫苗建议核对,Travel Vaccine Recommendation Support,USPSTF / CDC / ACIP / specialty society recommendations,https://www.uspreventiveservicestaskforce.org/,not_formula_prevention_guideline,"Public-health screening or vaccine rows are eligibility/interval guidelines; implement as date/risk-factor rules after guideline-specific extraction, not as numeric formulas.",build eligibility/interval rule engine with guideline dates and exceptions,pending_formula_or_rule_implementation,prevention_guideline,age/risk eligibility logic and versioned recommendation details,markdown_or_data_table_until_source_complete
