id,implementation_status,implementation_reason,implementation_type,code_module,required_inputs,verification_status,implementation_source_basis,pending_blocker_type,专业类别,中文名称,英文名称,来源/指南,来源链接
CALC-0001,implemented,formula logic is linked in Python registry,python_executable,clinical_calculators.calculators.common.emergency_scores,eye; verbal; motor,unit_tests_and_registry_smoke,external source and formula details represented in registry metadata,,急诊与重症医学,GLASGOW昏迷评分,Glasgow Coma Scale,MDCalc calculator library,https://www.mdcalc.com/
CALC-0002,implemented,formula logic is linked in Python registry,python_executable,clinical_calculators.calculators.common.renal,urine_sodium_mEq_l; serum_sodium_mEq_l; urine_creatinine_mg_dl; serum_creatinine_mg_dl,unit_tests_and_registry_smoke,external source and formula details represented in registry metadata,,急诊与重症医学,Na排泄分数,Fractional Excretion of Sodium,MDCalc calculator library,https://www.mdcalc.com/
CALC-0003,implemented,formula logic is linked in Python registry,python_executable,clinical_calculators.calculators.common.emergency_rules_more,pao2_mm_hg; fio2,unit_tests_and_registry_smoke,external source and formula details represented in registry metadata,,急诊与重症医学,PaO2 / FIO2 比值（MODS计算）,PaO2/FiO2 Ratio,Merck Manual clinical calculators,https://www.merckmanuals.com/professional/pages-with-widgets/clinical-calculators
CALC-0004,implemented,formula logic is linked in Python registry,python_executable,clinical_calculators.calculators.common.critical_care_scores,respiration; coagulation; liver; cardiovascular; cns; renal,unit_tests_and_registry_smoke,external source and formula details represented in registry metadata,,急诊与重症医学,SOFA评分,SOFA Score,MDCalc calculator library,https://www.mdcalc.com/
CALC-0005,implemented,formula logic is linked in Python registry,python_executable,clinical_calculators.calculators.common.general,height_cm; weight_kg,unit_tests_and_registry_smoke,external source and formula details represented in registry metadata,,急诊与重症医学,体表面积（Du Bois 法）,Body Surface Area by Du Bois Formula,MDCalc calculator library,https://www.mdcalc.com/
CALC-0006,implemented,formula logic is linked in Python registry,python_executable,clinical_calculators.calculators.common.emergency_rules_more,age_years; cuffed,unit_tests_and_registry_smoke,external source and formula details represented in registry metadata,,急诊与重症医学,儿童气管导管大小（1 到 8 周岁）,Pediatric Endotracheal Tube Size,MDCalc calculator library,https://www.mdcalc.com/
CALC-0007,merged_alias,Exact duplicate merged into canonical calculator CALC-0006.,compatibility_alias,CALC-0006,age_years; cuffed,alias_resolution_and_canonical_tests,canonical implementation and source metadata,,急诊与重症医学,儿童气管导管大小（1 到 8 周岁）,Pediatric Endotracheal Tube Size,MDCalc calculator library,https://www.mdcalc.com/
CALC-0008,implemented,formula logic is linked in Python registry,python_executable,clinical_calculators.calculators.common.emergency_rules_more,systolic_pressure_mm_hg; diastolic_pressure_mm_hg,unit_tests_and_registry_smoke,external source and formula details represented in registry metadata,,急诊与重症医学,平均血管压力（体循环或肺循环）,Mean Arterial or Vascular Pressure,MDCalc calculator library,https://www.mdcalc.com/
CALC-0009,implemented,formula logic is linked in Python registry,python_executable,clinical_calculators.calculators.common.emergency_scores,respiratory_rate; systolic_bp; altered_mentation,unit_tests_and_registry_smoke,external source and formula details represented in registry metadata,,急诊与重症医学,序贯器官衰竭评估（快速）：qSOFA 评分,Quick Sequential Organ Failure Assessment,MDCalc calculator library,https://www.mdcalc.com/
CALC-0010,implemented,formula logic is linked in Python registry,python_executable,clinical_calculators.calculators.common.hemodynamics_more,hemoglobin_g_dl; oxygen_saturation_percent; pao2_mm_hg,unit_tests_and_registry_smoke,external source and formula details represented in registry metadata,,急诊与重症医学,心输出量,Cardiac Output,MDCalc calculator library,https://www.mdcalc.com/
CALC-0011,implemented,formula logic is linked in Python registry,python_executable,clinical_calculators.calculators.common.hemodynamics_more,hemoglobin_g_dl; venous_oxygen_saturation_percent; pvo2_mm_hg,unit_tests_and_registry_smoke,external source and formula details represented in registry metadata,,急诊与重症医学,心输出量,Cardiac Output,MDCalc calculator library,https://www.mdcalc.com/
CALC-0012,implemented,formula logic is linked in Python registry,python_executable,clinical_calculators.calculators.common.hemodynamics_more,oxygen_consumption_ml_min; arterial_oxygen_content_ml_dl; venous_oxygen_content_ml_dl,unit_tests_and_registry_smoke,external source and formula details represented in registry metadata,,急诊与重症医学,心输出量,Cardiac Output,MDCalc calculator library,https://www.mdcalc.com/
CALC-0013,implemented,formula logic is linked in Python registry,python_executable,clinical_calculators.calculators.common.hemodynamics_more,cardiac_output_l_min; bsa_m2,unit_tests_and_registry_smoke,external source and formula details represented in registry metadata,,急诊与重症医学,心输出量Multicalc,Cardiac Output Multicalc,MDCalc calculator library,https://www.mdcalc.com/
CALC-0014,implemented,formula logic is linked in Python registry,python_executable,clinical_calculators.calculators.common.hemodynamics_more,cardiac_output_l_min; heart_rate_bpm,unit_tests_and_registry_smoke,external source and formula details represented in registry metadata,,急诊与重症医学,心输出量Multicalc,Cardiac Output Multicalc,MDCalc calculator library,https://www.mdcalc.com/
CALC-0015,implemented,formula logic is linked in Python registry,python_executable,clinical_calculators.calculators.common.hemodynamics_more,stroke_volume_ml; bsa_m2,unit_tests_and_registry_smoke,external source and formula details represented in registry metadata,,急诊与重症医学,心输出量Multicalc,Cardiac Output Multicalc,MDCalc calculator library,https://www.mdcalc.com/
CALC-0016,implemented,formula logic is linked in Python registry,python_executable,clinical_calculators.calculators.common.hemodynamics_more,oxygen_consumption_ml_min; arterial_oxygen_content_ml_dl; venous_oxygen_content_ml_dl,unit_tests_and_registry_smoke,external source and formula details represented in registry metadata,,急诊与重症医学,心输出量Multicalc,Cardiac Output Multicalc,MDCalc calculator library,https://www.mdcalc.com/
CALC-0017,implemented,formula logic is linked in Python registry,python_executable,clinical_calculators.calculators.common.hemodynamics_more,height_cm; weight_kg,unit_tests_and_registry_smoke,external source and formula details represented in registry metadata,,急诊与重症医学,心输出量Multicalc,Cardiac Output Multicalc,MDCalc calculator library,https://www.mdcalc.com/
CALC-0018,implemented,formula logic is linked in Python registry,python_executable,clinical_calculators.calculators.common.general,height_cm; sex,unit_tests_and_registry_smoke,external source and formula details represented in registry metadata,,急诊与重症医学,理想体重,Ideal Body Weight,CDC BMI calculators,https://www.cdc.gov/bmi/
CALC-0019,implemented,formula logic is linked in Python registry,python_executable,clinical_calculators.calculators.common.critical_care_scores,acute_physiology_score; age_years; chronic_health_points,unit_tests_and_registry_smoke,external source and formula details represented in registry metadata,,急诊与重症医学,APACHE II评分,Acute Physiology and Chronic Health Evaluation II,MDCalc calculator library,https://www.mdcalc.com/
CALC-0020,implemented,formula logic is linked in Python registry,python_executable,clinical_calculators.calculators.common.cardiology_more_scores,history; ecg; age_years; risk_factors_count; known_atherosclerotic_disease; troponin_multiple_of_normal_limit,unit_tests_and_registry_smoke,external source and formula details represented in registry metadata,,急诊与重症医学,HEART胸痛评分,HEART Score,MDCalc calculator library,https://www.mdcalc.com/
CALC-0021,implemented,formula logic is linked in Python registry,python_executable,clinical_calculators.calculators.common.critical_care_scores,respiratory_rate; oxygen_saturation_percent; supplemental_oxygen; temperature_c; systolic_bp; heart_rate; consciousness,unit_tests_and_registry_smoke,external source and formula details represented in registry metadata,,急诊与重症医学,NEWS2早期预警评分,National Early Warning Score 2,Royal College of Physicians NEWS2,https://www.rcp.ac.uk/improving-care/resources/national-early-warning-score-news-2/
CALC-0022,implemented,formula logic is linked in Python registry,python_executable,clinical_calculators.calculators.common.emergency_rules_more,midline_cervical_tenderness; focal_neurologic_deficit; altered_level_of_alertness; intoxication; distracting_injury,unit_tests_and_registry_smoke,external source and formula details represented in registry metadata,,急诊与重症医学,NEXUS颈椎影像规则,NEXUS C-Spine Criteria,MDCalc calculator library,https://www.mdcalc.com/
CALC-0023,implemented,formula logic is linked in Python registry,python_executable,clinical_calculators.calculators.common.neuro_emergency_scores,age_years; heart_rate; oxygen_saturation_percent; unilateral_leg_swelling; hemoptysis; recent_surgery_or_trauma; prior_dvt_pe; hormone_use,unit_tests_and_registry_smoke,external source and formula details represented in registry metadata,,急诊与重症医学,PERC肺栓塞排除规则,Pulmonary Embolism Rule-out Criteria,MDCalc calculator library,https://www.mdcalc.com/
CALC-0024,implemented,formula logic is linked in Python registry,python_executable,clinical_calculators.calculators.common.emergency_rules_more,temperature_c; heart_rate; respiratory_rate; paco2_mm_hg; wbc_10e9_l; bands_percent,unit_tests_and_registry_smoke,external source and formula details represented in registry metadata,,急诊与重症医学,SIRS标准,Systemic Inflammatory Response Syndrome Criteria,MDCalc calculator library,https://www.mdcalc.com/
CALC-0025,implemented,formula logic is linked in Python registry,python_executable,clinical_calculators.calculators.common.emergency_rules_more,heart_rate; systolic_bp,unit_tests_and_registry_smoke,external source and formula details represented in registry metadata,,急诊与重症医学,休克指数,Shock Index,Merck Manual clinical calculators,https://www.merckmanuals.com/professional/pages-with-widgets/clinical-calculators
CALC-0026,implemented,formula logic is linked in Python registry,python_executable,clinical_calculators.calculators.common.emergency_rules_more,gcs_less_than_15_at_2_hours; suspected_open_or_depressed_skull_fracture; signs_basal_skull_fracture; vomiting_two_or_more; age_years; amnesia_before_impact_minutes; dangerous_mechanism,unit_tests_and_registry_smoke,external source and formula details represented in registry metadata,,急诊与重症医学,加拿大头颅CT规则,Canadian CT Head Rule,MDCalc calculator library,https://www.mdcalc.com/
CALC-0027,implemented,formula logic is linked in Python registry,python_executable,clinical_calculators.calculators.common.cardiac_risk_scores,age_years; sex; chronic_pulmonary_disease; extracardiac_arteriopathy; neurologic_dysfunction; previous_cardiac_surgery; serum_creatinine_gt_200_umol_l; active_endocarditis; critical_preoperative_state; unstable_angina_iv_nitrates; left_ventricular_function; recent_mi_90_days; pulmonary_hypertension; emergency_operation; other_than_isolated_cabg; thoracic_aorta_surgery; postinfarct_septal_rupture,unit_tests_and_registry_smoke,external source and formula details represented in registry metadata,,心血管医学,EuroSCORE评分心脏手术风险评估（附加版）,Additive EuroSCORE for Cardiac Operative Risk,MDCalc calculator library,https://www.mdcalc.com/
CALC-0028,implemented,formula logic is linked in Python registry,python_executable,clinical_calculators.calculators.common.cardiology_more_scores,concordant_st_elevation_mm; concordant_st_depression_v1_v3_mm; discordant_st_elevation_mm; preceding_s_wave_depth_mm,unit_tests_and_registry_smoke,external source and formula details represented in registry metadata,,心血管医学,MILBBB胸痛鉴别,Modified Sgarbossa Criteria for MI in LBBB,MDCalc calculator library,https://www.mdcalc.com/
CALC-0029,implemented,formula logic is linked in Python registry,python_executable,clinical_calculators.calculators.common.cardiac_risk_scores,age_years; race_black; sex; prior_stroke; systolic_bp; weight_kg; inr; prothrombin_time_seconds; tpa_instead_other_thrombolytic,unit_tests_and_registry_smoke,external source and formula details represented in registry metadata,,心血管医学,MI溶栓治疗颅内出血风险,Intracranial Hemorrhage Risk with Thrombolytic Therapy for MI,Intracranial Bleeding Risk from Thrombolytic Therapy of MI,https://ebmcalc.com/IntracranialBleedingRiskThrombolytics.htm
CALC-0030,implemented,formula logic is linked in Python registry,python_executable,clinical_calculators.calculators.common.cardiac_risk_scores,cardiogenic_shock; chf_class_iii_iv; left_main_ptca; tachycardia; chronic_renal_insufficiency; age_years; lesion_type_b2_or_c; acute_mi; unstable_angina; stent_placed,unit_tests_and_registry_smoke,external source and formula details represented in registry metadata,,心血管医学,PTCA死亡率预测,PTCA Mortality Risk Prediction,MDCalc calculator library,https://www.mdcalc.com/
CALC-0031,implemented,formula logic is linked in Python registry,python_executable,clinical_calculators.calculators.common.cardiology,qt_seconds; heart_rate,unit_tests_and_registry_smoke,external source and formula details represented in registry metadata,,心血管医学,QT间期校正 (EKG),Corrected QT Interval,MDCalc calculator library,https://www.mdcalc.com/
CALC-0032,merged_alias,Exact duplicate merged into canonical calculator CALC-0031.,compatibility_alias,CALC-0031,qt_seconds; heart_rate,alias_resolution_and_canonical_tests,canonical implementation and source metadata,,心血管医学,QT间期校正 (EKG),Corrected QT Interval,MDCalc calculator library,https://www.mdcalc.com/
CALC-0033,implemented,formula logic is linked in Python registry,python_executable,clinical_calculators.calculators.common.cardiology_more_scores,voltage_criteria; st_t_abnormality_without_digitalis; st_t_abnormality_with_digitalis; left_atrial_enlargement; left_axis_deviation; qrs_duration_ms; intrinsicoid_deflection_ms,unit_tests_and_registry_smoke,external source and formula details represented in registry metadata,,心血管医学,Romhilt-Estes诊断左心室肥厚的标准,Romhilt-Estes Criteria for Left Ventricular Hypertrophy,MDCalc calculator library,https://www.mdcalc.com/
CALC-0034,implemented,formula logic is linked in Python registry,python_executable,clinical_calculators.calculators.common.cardiac_risk_scores,age_years; diabetes_hypertension_or_angina; systolic_bp; heart_rate; killip_class_ii_to_iv; weight_kg; anterior_st_elevation_or_lbbb; time_to_treatment_hours,unit_tests_and_registry_smoke,external source and formula details represented in registry metadata,,心血管医学,ST段抬高型心肌梗死溶栓（TIMI）评分,TIMI Risk Score for STEMI,MDCalc calculator library,https://www.mdcalc.com/
CALC-0035,implemented,formula logic is linked in Python registry,python_executable,clinical_calculators.calculators.common.cardiac_risk_scores,age_years; prior_cabg; aspirin_use; beta_blocker_use; st_depression,unit_tests_and_registry_smoke,external source and formula details represented in registry metadata,,心血管医学,不稳定型心绞痛结局预测,Unstable Angina Outcome Prediction,MDCalc calculator library,https://www.mdcalc.com/
CALC-0036,implemented,formula logic is linked in Python registry,python_executable,clinical_calculators.calculators.common.cardiac_risk_scores,age_years; three_or_more_cad_risk_factors; known_cad_stenosis_50_percent; aspirin_past_7_days; severe_angina_24h; st_deviation; positive_cardiac_marker,unit_tests_and_registry_smoke,external source and formula details represented in registry metadata,,心血管医学,不稳定型心绞痛非ST段抬高型心肌梗死溶栓（TIMI）评分,TIMI Risk Score for UA/NSTEMI,MDCalc calculator library,https://www.mdcalc.com/
CALC-0037,implemented,formula logic is linked in Python registry,python_executable,clinical_calculators.calculators.common.cardiovascular_scores,hypertension; abnormal_renal_function; abnormal_liver_function; stroke_history; bleeding_history_or_predisposition; labile_inr; age_years; drugs_predisposing_bleeding; alcohol_use,unit_tests_and_registry_smoke,external source and formula details represented in registry metadata,,心血管医学,与HAS-BLED出血风险评分对应的临床特点,HAS-BLED Bleeding Risk Score,MDCalc calculator library,https://www.mdcalc.com/
CALC-0038,merged_alias,Exact duplicate merged into canonical calculator CALC-0005.,compatibility_alias,CALC-0005,height_cm; weight_kg,alias_resolution_and_canonical_tests,canonical implementation and source metadata,,心血管医学,体表面积（Du Bois 法）,Body Surface Area by Du Bois Formula,MDCalc calculator library,https://www.mdcalc.com/
CALC-0039,implemented,formula logic is linked in Python registry,python_executable,clinical_calculators.calculators.common.general,weight_kg; height_cm,unit_tests_and_registry_smoke,external source and formula details represented in registry metadata,,心血管医学,体质指数（凯特勒指数）,Body Mass Index,CDC BMI calculators,https://www.cdc.gov/bmi/
CALC-0040,merged_alias,Exact duplicate merged into canonical calculator CALC-0008.,compatibility_alias,CALC-0008,systolic_pressure_mm_hg; diastolic_pressure_mm_hg,alias_resolution_and_canonical_tests,canonical implementation and source metadata,,心血管医学,平均血管压力（体循环或肺循环）,Mean Arterial or Vascular Pressure,MDCalc calculator library,https://www.mdcalc.com/
CALC-0041,merged_alias,Exact duplicate merged into canonical calculator CALC-0010.,compatibility_alias,CALC-0010,hemoglobin_g_dl; oxygen_saturation_percent; pao2_mm_hg,alias_resolution_and_canonical_tests,canonical implementation and source metadata,,心血管医学,心输出量,Cardiac Output,MDCalc calculator library,https://www.mdcalc.com/
CALC-0042,merged_alias,Exact duplicate merged into canonical calculator CALC-0011.,compatibility_alias,CALC-0011,hemoglobin_g_dl; venous_oxygen_saturation_percent; pvo2_mm_hg,alias_resolution_and_canonical_tests,canonical implementation and source metadata,,心血管医学,心输出量,Cardiac Output,MDCalc calculator library,https://www.mdcalc.com/
CALC-0043,merged_alias,Exact duplicate merged into canonical calculator CALC-0012.,compatibility_alias,CALC-0012,oxygen_consumption_ml_min; arterial_oxygen_content_ml_dl; venous_oxygen_content_ml_dl,alias_resolution_and_canonical_tests,canonical implementation and source metadata,,心血管医学,心输出量,Cardiac Output,MDCalc calculator library,https://www.mdcalc.com/
CALC-0044,merged_alias,Exact duplicate merged into canonical calculator CALC-0013.,compatibility_alias,CALC-0013,cardiac_output_l_min; bsa_m2,alias_resolution_and_canonical_tests,canonical implementation and source metadata,,心血管医学,心输出量Multicalc,Cardiac Output Multicalc,MDCalc calculator library,https://www.mdcalc.com/
CALC-0045,merged_alias,Exact duplicate merged into canonical calculator CALC-0014.,compatibility_alias,CALC-0014,cardiac_output_l_min; heart_rate_bpm,alias_resolution_and_canonical_tests,canonical implementation and source metadata,,心血管医学,心输出量Multicalc,Cardiac Output Multicalc,MDCalc calculator library,https://www.mdcalc.com/
CALC-0046,merged_alias,Exact duplicate merged into canonical calculator CALC-0015.,compatibility_alias,CALC-0015,stroke_volume_ml; bsa_m2,alias_resolution_and_canonical_tests,canonical implementation and source metadata,,心血管医学,心输出量Multicalc,Cardiac Output Multicalc,MDCalc calculator library,https://www.mdcalc.com/
CALC-0047,merged_alias,Exact duplicate merged into canonical calculator CALC-0016.,compatibility_alias,CALC-0016,oxygen_consumption_ml_min; arterial_oxygen_content_ml_dl; venous_oxygen_content_ml_dl,alias_resolution_and_canonical_tests,canonical implementation and source metadata,,心血管医学,心输出量Multicalc,Cardiac Output Multicalc,MDCalc calculator library,https://www.mdcalc.com/
CALC-0048,merged_alias,Exact duplicate merged into canonical calculator CALC-0017.,compatibility_alias,CALC-0017,height_cm; weight_kg,alias_resolution_and_canonical_tests,canonical implementation and source metadata,,心血管医学,心输出量Multicalc,Cardiac Output Multicalc,MDCalc calculator library,https://www.mdcalc.com/
CALC-0049,implemented,formula logic is linked in Python registry,python_executable,clinical_calculators.calculators.common.cardiovascular_scores,congestive_heart_failure; hypertension; age_years; diabetes; stroke_tia_thromboembolism; vascular_disease; sex,unit_tests_and_registry_smoke,external source and formula details represented in registry metadata,,心血管医学,房颤中风危险的CHA（2）DS（2）-VASc评分,CHA2DS2-VASc Score for Atrial Fibrillation Stroke Risk,MDCalc calculator library,https://www.mdcalc.com/
CALC-0050,implemented,formula logic is linked in Python registry,python_executable,clinical_calculators.calculators.common.vte_scores,active_cancer; paralysis_paresis_or_recent_cast; recent_bedridden_or_major_surgery; localized_tenderness; entire_leg_swollen; calf_swelling_3cm; pitting_edema; collateral_superficial_veins; previous_dvt; alternative_diagnosis_at_least_as_likely,unit_tests_and_registry_smoke,external source and formula details represented in registry metadata,,心血管医学,深静脉血栓形成概率：Wells评分系统,Wells Score for Deep Vein Thrombosis,MDCalc calculator library,https://www.mdcalc.com/
CALC-0051,implemented,formula logic is linked in Python registry,python_executable,clinical_calculators.calculators.common.vte_scores,clinical_signs_dvt; pe_most_likely; heart_rate; immobilization_or_surgery; previous_dvt_pe; hemoptysis; malignancy,unit_tests_and_registry_smoke,external source and formula details represented in registry metadata,,心血管医学,肺栓塞可能性：Wells评分系统,Wells Score for Pulmonary Embolism,MDCalc calculator library,https://www.mdcalc.com/
CALC-0052,implemented,formula logic is linked in Python registry,python_executable,clinical_calculators.calculators.common.cardiac_risk_scores,no_prior_angioplasty; pain_duration_minutes; st_deviation; recent_angina,unit_tests_and_registry_smoke,external source and formula details represented in registry metadata,,心血管医学,非Q波心肌梗死预测,Non-Q-Wave Myocardial Infarction Prediction,MDCalc calculator library,https://www.mdcalc.com/
CALC-0053,pending_formula_or_rule_implementation,"External calculators/papers may exist, but executable implementation needs full coefficients, caps/floors, population limits, and validation examples; not safe from title/source alone.",markdown_or_data_table_until_source_complete,,"complete coefficients, transformations, caps, and validation examples",metadata_self_check_only,external source metadata is present but executable formula/rule still requires audit,model_coefficients_needed,心血管医学,ASCVD 10年风险评估,ASCVD 10-Year Risk Estimator,ACC ASCVD Risk Estimator Plus,https://tools.acc.org/ascvd-risk-estimator-plus/
CALC-0054,implemented,formula logic is linked in Python registry,python_executable,clinical_calculators.calculators.common.cardiac_risk_scores,age_years; current_smoker; diabetes; mi_at_presentation; prior_pci_or_mi; paclitaxel_eluting_stent; stent_diameter_less_3mm; chf_or_lvef_less_30; vein_graft_stent,unit_tests_and_registry_smoke,external source and formula details represented in registry metadata,,心血管医学,DAPT评分,DAPT Score,MDCalc calculator library,https://www.mdcalc.com/
CALC-0055,implemented,formula logic is linked in Python registry,python_executable,clinical_calculators.calculators.common.cardiac_risk_scores,exercise_time_minutes; st_deviation_mm; angina_index,unit_tests_and_registry_smoke,external source and formula details represented in registry metadata,,心血管医学,Duke跑台评分,Duke Treadmill Score,MDCalc calculator library,https://www.mdcalc.com/
CALC-0056,implemented,formula logic is linked in Python registry,python_executable,clinical_calculators.calculators.common.cardiac_risk_scores,age_years; heart_rate; systolic_bp; creatinine_mg_dl; killip_class; cardiac_arrest_at_admission; st_segment_deviation; elevated_cardiac_markers,unit_tests_and_registry_smoke,external source and formula details represented in registry metadata,,心血管医学,GRACE急性冠脉综合征风险评分,GRACE ACS Risk Score,MDCalc calculator library,https://www.mdcalc.com/
CALC-0057,implemented,formula logic is linked in Python registry,python_executable,clinical_calculators.calculators.common.cardiac_risk_scores,age_years; hemoglobin_g_dl; sex; bleeding_history; egfr_ml_min_1_73m2; antiplatelet_therapy,unit_tests_and_registry_smoke,external source and formula details represented in registry metadata,,心血管医学,ORBIT房颤出血风险评分,ORBIT Bleeding Risk Score,MDCalc calculator library,https://www.mdcalc.com/
CALC-0058,pending_formula_or_rule_implementation,"External calculators/papers may exist, but executable implementation needs full coefficients, caps/floors, population limits, and validation examples; not safe from title/source alone.",markdown_or_data_table_until_source_complete,,"complete coefficients, transformations, caps, and validation examples",metadata_self_check_only,external source metadata is present but executable formula/rule still requires audit,model_coefficients_needed,心血管医学,PREVENT心血管风险方程,AHA PREVENT Equations,AHA PREVENT calculator,https://professional.heart.org/en/guidelines-and-statements/prevent-calculator
CALC-0059,implemented,formula logic is linked in Python registry,python_executable,clinical_calculators.calculators.common.perioperative_more,high_risk_surgery; ischemic_heart_disease; congestive_heart_failure; cerebrovascular_disease; insulin_treated_diabetes; creatinine_gt_2_mg_dl,unit_tests_and_registry_smoke,external source and formula details represented in registry metadata,,心血管医学,RCRI围手术期心脏风险指数,Revised Cardiac Risk Index,MDCalc calculator library,https://www.mdcalc.com/
CALC-0060,implemented,formula logic is linked in Python registry,python_executable,clinical_calculators.calculators.common.basic_formulas_more,end_diastolic_volume_ml; end_systolic_volume_ml,unit_tests_and_registry_smoke,external source and formula details represented in registry metadata,,心血管医学,左室射血分数简化计算,Left Ventricular Ejection Fraction,Merck Manual clinical calculators,https://www.merckmanuals.com/professional/pages-with-widgets/clinical-calculators
CALC-0061,implemented,formula logic is linked in Python registry,python_executable,clinical_calculators.calculators.common.respiratory_acidbase,fio2; barometric_pressure_mm_hg; water_vapor_pressure_mm_hg; paco2_mm_hg; pao2_mm_hg,unit_tests_and_registry_smoke,external source and formula details represented in registry metadata,,呼吸与睡眠医学,A-a 梯度,Alveolar-Arterial Oxygen Gradient,MDCalc calculator library,https://www.mdcalc.com/
CALC-0062,merged_alias,Exact duplicate merged into canonical calculator CALC-0061.,compatibility_alias,CALC-0061,fio2; barometric_pressure_mm_hg; water_vapor_pressure_mm_hg; paco2_mm_hg; pao2_mm_hg,alias_resolution_and_canonical_tests,canonical implementation and source metadata,,呼吸与睡眠医学,A-a 梯度,Alveolar-Arterial Oxygen Gradient,MDCalc calculator library,https://www.mdcalc.com/
CALC-0063,implemented,formula logic is linked in Python registry,python_executable,clinical_calculators.calculators.common.behavioral_scores,items,unit_tests_and_registry_smoke,external source and formula details represented in registry metadata,,呼吸与睡眠医学,EPWORTH睡眠量表（ESS）,Epworth Sleepiness Scale,MDCalc calculator library,https://www.mdcalc.com/
CALC-0064,merged_alias,Exact duplicate merged into canonical calculator CALC-0039.,compatibility_alias,CALC-0039,weight_kg; height_cm,alias_resolution_and_canonical_tests,canonical implementation and source metadata,,呼吸与睡眠医学,体质指数（凯特勒指数）,Body Mass Index,CDC BMI calculators,https://www.cdc.gov/bmi/
CALC-0065,implemented,formula logic is linked in Python registry,python_executable,clinical_calculators.calculators.common.respiratory_measurements_more,sex; age_years; height_cm,unit_tests_and_registry_smoke,external source and formula details represented in registry metadata,,呼吸与睡眠医学,呼气峰流速预计值,Predicted Peak Expiratory Flow,MDCalc calculator library,https://www.mdcalc.com/
CALC-0066,implemented,formula logic is linked in Python registry,python_executable,clinical_calculators.calculators.common.misc_formula_more,log_odds,unit_tests_and_registry_smoke,external source and formula details represented in registry metadata,,呼吸与睡眠医学,在吸烟者和既往吸烟者（6年）中患肺癌的风险评估,Six-Year Lung Cancer Risk in Current and Former Smokers,MDCalc calculator library,https://www.mdcalc.com/
CALC-0067,implemented,formula logic is linked in Python registry,python_executable,clinical_calculators.calculators.common.source_backed_batch,age_years; race_ethnicity_plco; education_level_1_to_6; bmi; has_copd; history_personal_cancer; history_family_lung_cancer; current_smoker; smoking_intensity_cigarettes_day; smoking_duration_years; quit_time_years,source_derived_tests_and_registry_smoke,original publication coefficients and transformations represented in inventory metadata,,呼吸与睡眠医学,在吸烟者和既往吸烟者（6年）中患肺癌的风险评估,PLCOm2012 Six-Year Lung Cancer Risk,Selection Criteria for Lung-Cancer Screening,https://europepmc.org/articles/PMC3929969
CALC-0068,implemented,formula logic is linked in Python registry,python_executable,clinical_calculators.calculators.common.respiratory_measurements_more,age_years; height_m,unit_tests_and_registry_smoke,external source and formula details represented in registry metadata,,呼吸与睡眠医学,女孩MultiCalc PFT预测值,Female Pediatric Predicted Pulmonary Function Values,MDCalc calculator library,https://www.mdcalc.com/
CALC-0069,implemented,formula logic is linked in Python registry,python_executable,clinical_calculators.calculators.common.respiratory_measurements_more,age_years; height_m,unit_tests_and_registry_smoke,external source and formula details represented in registry metadata,,呼吸与睡眠医学,女孩MultiCalc PFT预测值,Female Pediatric Predicted Pulmonary Function Values,MDCalc calculator library,https://www.mdcalc.com/
CALC-0070,implemented,formula logic is linked in Python registry,python_executable,clinical_calculators.calculators.common.respiratory_scores,age_years; sex; nursing_home_resident; neoplastic_disease; liver_disease; congestive_heart_failure; cerebrovascular_disease; renal_disease; altered_mental_status; respiratory_rate; systolic_bp; temperature_c; pulse; arterial_ph; bun_mg_dl; sodium_mEq_l; glucose_mg_dl; hematocrit_percent; pleural_effusion,unit_tests_and_registry_smoke,external source and formula details represented in registry metadata,,呼吸与睡眠医学,成人社区获得性肺炎严重程度评分,Pneumonia Severity Index,MDCalc calculator library,https://www.mdcalc.com/
CALC-0071,implemented,formula logic is linked in Python registry,python_executable,clinical_calculators.calculators.common.respiratory_measurements_more,lung_diameter_cm; hemithorax_diameter_cm,unit_tests_and_registry_smoke,external source and formula details represented in registry metadata,,呼吸与睡眠医学,气胸的塌陷程度,Estimated Pneumothorax Size,MDCalc calculator library,https://www.mdcalc.com/
CALC-0072,implemented,formula logic is linked in Python registry,python_executable,clinical_calculators.calculators.common.respiratory_measurements_more,age_years; height_m,unit_tests_and_registry_smoke,external source and formula details represented in registry metadata,,呼吸与睡眠医学,男孩MultiCalc PFT预测值,Male Pediatric Predicted Pulmonary Function Values,MDCalc calculator library,https://www.mdcalc.com/
CALC-0073,implemented,formula logic is linked in Python registry,python_executable,clinical_calculators.calculators.common.respiratory_measurements_more,age_years; height_m,unit_tests_and_registry_smoke,external source and formula details represented in registry metadata,,呼吸与睡眠医学,男孩MultiCalc PFT预测值,Male Pediatric Predicted Pulmonary Function Values,MDCalc calculator library,https://www.mdcalc.com/
CALC-0074,implemented,formula logic is linked in Python registry,python_executable,clinical_calculators.calculators.common.respiratory_measurements_more,height_cm; age_years; race_factor,unit_tests_and_registry_smoke,external source and formula details represented in registry metadata,,呼吸与睡眠医学,男性MultiCalc校正PFT,Male Adjusted Pulmonary Function Test Values,MDCalc calculator library,https://www.mdcalc.com/
CALC-0075,implemented,formula logic is linked in Python registry,python_executable,clinical_calculators.calculators.common.respiratory_measurements_more,height_cm; age_years; race_factor,unit_tests_and_registry_smoke,external source and formula details represented in registry metadata,,呼吸与睡眠医学,男性MultiCalc校正PFT,Male Adjusted Pulmonary Function Test Values,MDCalc calculator library,https://www.mdcalc.com/
CALC-0076,implemented,formula logic is linked in Python registry,python_executable,clinical_calculators.calculators.common.respiratory_scores,sex; age_years; hemoglobin_g_dl; predicted_dlco,unit_tests_and_registry_smoke,external source and formula details represented in registry metadata,,呼吸与睡眠医学,纠正贫血后的一氧化碳弥散功能试验（DLCO）,Hemoglobin-Corrected DLCO,MDCalc calculator library,https://www.mdcalc.com/
CALC-0077,implemented,formula logic is linked in Python registry,python_executable,clinical_calculators.calculators.common.respiratory_measurements_more,residual_volume_l; total_lung_capacity_l,unit_tests_and_registry_smoke,external source and formula details represented in registry metadata,,呼吸与睡眠医学,肺容积multicalc,Lung Volumes Multicalc,MDCalc calculator library,https://www.mdcalc.com/
CALC-0078,implemented,formula logic is linked in Python registry,python_executable,clinical_calculators.calculators.common.respiratory_measurements_more,inspiratory_reserve_volume_l; tidal_volume_l,unit_tests_and_registry_smoke,external source and formula details represented in registry metadata,,呼吸与睡眠医学,肺容积multicalc,Lung Volumes Multicalc,MDCalc calculator library,https://www.mdcalc.com/
CALC-0079,implemented,formula logic is linked in Python registry,python_executable,clinical_calculators.calculators.common.respiratory_measurements_more,inspiratory_reserve_volume_l; tidal_volume_l; expiratory_reserve_volume_l,unit_tests_and_registry_smoke,external source and formula details represented in registry metadata,,呼吸与睡眠医学,肺容积multicalc,Lung Volumes Multicalc,MDCalc calculator library,https://www.mdcalc.com/
CALC-0080,implemented,formula logic is linked in Python registry,python_executable,clinical_calculators.calculators.common.respiratory_measurements_more,inspiratory_reserve_volume_l; tidal_volume_l; expiratory_reserve_volume_l; residual_volume_l,unit_tests_and_registry_smoke,external source and formula details represented in registry metadata,,呼吸与睡眠医学,肺容积multicalc,Lung Volumes Multicalc,MDCalc calculator library,https://www.mdcalc.com/
CALC-0081,implemented,formula logic is linked in Python registry,python_executable,clinical_calculators.calculators.common.respiratory_measurements_more,expiratory_reserve_volume_l; residual_volume_l,unit_tests_and_registry_smoke,external source and formula details represented in registry metadata,,呼吸与睡眠医学,肺容积multicalc,Lung Volumes Multicalc,MDCalc calculator library,https://www.mdcalc.com/
CALC-0082,implemented,formula logic is linked in Python registry,python_executable,clinical_calculators.calculators.common.respiratory_measurements_more,closing_volume_l; residual_volume_l,unit_tests_and_registry_smoke,external source and formula details represented in registry metadata,,呼吸与睡眠医学,肺容积multicalc,Lung Volumes Multicalc,MDCalc calculator library,https://www.mdcalc.com/
CALC-0083,implemented,formula logic is linked in Python registry,python_executable,clinical_calculators.calculators.common.respiratory_measurements_more,closing_volume_l; vital_capacity_l,unit_tests_and_registry_smoke,external source and formula details represented in registry metadata,,呼吸与睡眠医学,肺容积multicalc,Lung Volumes Multicalc,MDCalc calculator library,https://www.mdcalc.com/
CALC-0084,implemented,formula logic is linked in Python registry,python_executable,clinical_calculators.calculators.common.respiratory_measurements_more,closing_capacity_l; total_lung_capacity_l,unit_tests_and_registry_smoke,external source and formula details represented in registry metadata,,呼吸与睡眠医学,肺容积multicalc,Lung Volumes Multicalc,MDCalc calculator library,https://www.mdcalc.com/
CALC-0085,merged_alias,Exact duplicate merged into canonical calculator CALC-0051.,compatibility_alias,CALC-0051,clinical_signs_dvt; pe_most_likely; heart_rate; immobilization_or_surgery; previous_dvt_pe; hemoptysis; malignancy,alias_resolution_and_canonical_tests,canonical implementation and source metadata,,呼吸与睡眠医学,肺栓塞可能性：Wells评分系统,Wells Score for Pulmonary Embolism,MDCalc calculator library,https://www.mdcalc.com/
CALC-0086,implemented,formula logic is linked in Python registry,python_executable,clinical_calculators.calculators.common.respiratory_scores,preoperative_fev1_l; fraction_perfusion_removed,unit_tests_and_registry_smoke,external source and formula details represented in registry metadata,,呼吸与睡眠医学,预测肺切除术后FEV1（灌注法）,Predicted Postoperative FEV1 by Perfusion Method,MDCalc calculator library,https://www.mdcalc.com/
CALC-0087,implemented,formula logic is linked in Python registry,python_executable,clinical_calculators.calculators.common.respiratory_scores,preoperative_fev1_l; segments_removed,unit_tests_and_registry_smoke,external source and formula details represented in registry metadata,,呼吸与睡眠医学,预测肺切除术后FEV1（解剖法）,Predicted Postoperative FEV1 by Anatomic Method,MDCalc calculator library,https://www.mdcalc.com/
CALC-0088,implemented,formula logic is linked in Python registry,python_executable,clinical_calculators.calculators.common.perioperative_more,age_years; spo2_percent; respiratory_infection_last_month; preoperative_anemia_hb_le_10; surgical_incision; duration_hours; emergency_surgery,unit_tests_and_registry_smoke,external source and formula details represented in registry metadata,,呼吸与睡眠医学,ARISCAT术后肺部并发症风险,ARISCAT Score,MDCalc calculator library,https://www.mdcalc.com/
CALC-0089,implemented,formula logic is linked in Python registry,python_executable,clinical_calculators.calculators.common.respiratory_scores,fev1_percent_predicted; six_min_walk_m; mmrc_grade; bmi,unit_tests_and_registry_smoke,external source and formula details represented in registry metadata,,呼吸与睡眠医学,BODE指数,BODE Index,MDCalc calculator library,https://www.mdcalc.com/
CALC-0090,implemented,formula logic is linked in Python registry,python_executable,clinical_calculators.calculators.common.respiratory_scores,items,unit_tests_and_registry_smoke,external source and formula details represented in registry metadata,,呼吸与睡眠医学,CAT评分,COPD Assessment Test,MDCalc calculator library,https://www.mdcalc.com/
CALC-0091,implemented,formula logic is linked in Python registry,python_executable,clinical_calculators.calculators.common.emergency_scores,confusion; urea_mmol_l; respiratory_rate; systolic_bp; diastolic_bp; age_years,unit_tests_and_registry_smoke,external source and formula details represented in registry metadata,,呼吸与睡眠医学,CURB-65肺炎严重度评分,CURB-65 Score,MDCalc calculator library,https://www.mdcalc.com/
CALC-0092,implemented,formula logic is linked in Python registry,python_executable,clinical_calculators.calculators.common.respiratory_scores,age_years; sex; nursing_home_resident; neoplastic_disease; liver_disease; congestive_heart_failure; cerebrovascular_disease; renal_disease; altered_mental_status; respiratory_rate; systolic_bp; temperature_c; pulse; arterial_ph; bun_mg_dl; sodium_mEq_l; glucose_mg_dl; hematocrit_percent; pleural_effusion,unit_tests_and_registry_smoke,external source and formula details represented in registry metadata,,呼吸与睡眠医学,PSI/PORT肺炎严重度指数,Pneumonia Severity Index,MDCalc calculator library,https://www.mdcalc.com/
CALC-0093,implemented,formula logic is linked in Python registry,python_executable,clinical_calculators.calculators.common.respiratory_scores,snoring; tired; observed_apnea; high_blood_pressure; bmi; age_years; neck_circumference_cm; sex,unit_tests_and_registry_smoke,external source and formula details represented in registry metadata,,呼吸与睡眠医学,STOP-Bang睡眠呼吸暂停筛查,STOP-Bang Questionnaire,MDCalc calculator library,https://www.mdcalc.com/
CALC-0094,implemented,formula logic is linked in Python registry,python_executable,clinical_calculators.calculators.common.respiratory_scores,grade,unit_tests_and_registry_smoke,external source and formula details represented in registry metadata,,呼吸与睡眠医学,mMRC呼吸困难分级,Modified Medical Research Council Dyspnea Scale,MDCalc calculator library,https://www.mdcalc.com/
CALC-0095,implemented,formula logic is linked in Python registry,python_executable,clinical_calculators.calculators.common.respiratory_acidbase,fio2; mean_airway_pressure_cm_h2o; pao2_mm_hg,unit_tests_and_registry_smoke,external source and formula details represented in registry metadata,,呼吸与睡眠医学,氧合指数,Oxygenation Index,Merck Manual clinical calculators,https://www.merckmanuals.com/professional/pages-with-widgets/clinical-calculators
CALC-0096,implemented,formula logic is linked in Python registry,python_executable,clinical_calculators.calculators.common.complex_rules_more,creatinine_mg_dl; bilirubin_mg_dl; inr; etiology_viral_or_other,unit_tests_and_registry_smoke,external source and formula details represented in registry metadata,,消化、肝胆与营养,TIPS风险预测/生存预测因素（经颈静脉肝内门体分流术）,TIPS Risk and Survival Prediction,MDCalc calculator library,https://www.mdcalc.com/
CALC-0097,merged_alias,Exact duplicate merged into canonical calculator CALC-0096.,compatibility_alias,CALC-0096,creatinine_mg_dl; bilirubin_mg_dl; inr; etiology_viral_or_other,alias_resolution_and_canonical_tests,canonical implementation and source metadata,,消化、肝胆与营养,TIPS风险预测/生存预测因素（经颈静脉肝内门体分流术）,TIPS Risk and Survival Prediction,MDCalc calculator library,https://www.mdcalc.com/
CALC-0098,implemented,formula logic is linked in Python registry,python_executable,clinical_calculators.calculators.common.gastro_nutrition_more,risk_score; days,unit_tests_and_registry_smoke,external source and formula details represented in registry metadata,,消化、肝胆与营养,TIPS风险预测/生存预测因素（经颈静脉肝内门体分流术）,TIPS Risk and Survival Prediction,TIPS Risk and Survival Prediction / MDCalc,https://www.mdcalc.com/
CALC-0099,merged_alias,Exact duplicate merged into canonical calculator CALC-0098.,compatibility_alias,CALC-0098,risk_score; days,alias_resolution_and_canonical_tests,canonical implementation and source metadata,,消化、肝胆与营养,TIPS风险预测/生存预测因素（经颈静脉肝内门体分流术）,TIPS Risk and Survival Prediction,TIPS Risk and Survival Prediction / MDCalc,https://www.mdcalc.com/
CALC-0100,implemented,formula logic is linked in Python registry,python_executable,clinical_calculators.calculators.common.gastro_nutrition_more,pulse_100_or_more; systolic_bp_115_or_less; syncope; nontender_abdomen; rectal_bleeding_first_4_hours; aspirin_use; three_or_more_comorbidities,unit_tests_and_registry_smoke,external source and formula details represented in registry metadata,,消化、肝胆与营养,下消化道出血和严重出血风险,Severe Lower Gastrointestinal Bleeding Risk,Strate LGIB severe bleeding risk factors,https://jamanetwork.com/journals/jamainternalmedicine/fullarticle/215351
CALC-0101,implemented,formula logic is linked in Python registry,python_executable,clinical_calculators.calculators.common.hepatology_hcv_more,ast_u_l; alt_u_l; inr; platelets_10e9_l,unit_tests_and_registry_smoke,external source and formula details represented in registry metadata,,消化、肝胆与营养,丙型肝炎肝硬化的概率,Probability of Cirrhosis in Hepatitis C,MDCalc calculator library,https://www.mdcalc.com/
CALC-0102,implemented,formula logic is linked in Python registry,python_executable,clinical_calculators.calculators.common.hepatology_hcv_more,ast_u_l; ast_uln_u_l; inr; platelets_10e9_l,unit_tests_and_registry_smoke,external source and formula details represented in registry metadata,,消化、肝胆与营养,丙型肝炎肝硬化的概率,Probability of Cirrhosis in Hepatitis C,MDCalc calculator library,https://www.mdcalc.com/
CALC-0103,implemented,formula logic is linked in Python registry,python_executable,clinical_calculators.calculators.common.hepatology_hcv_more,ast_u_l; ast_uln_u_l; platelets_10e9_l,unit_tests_and_registry_smoke,external source and formula details represented in registry metadata,,消化、肝胆与营养,丙型肝炎肝硬化的概率,Probability of Cirrhosis in Hepatitis C,MDCalc calculator library,https://www.mdcalc.com/
CALC-0104,implemented,formula logic is linked in Python registry,python_executable,clinical_calculators.calculators.common.hepatology_hcv_more,age_years; ast_u_l; alt_u_l; platelets_10e9_l,unit_tests_and_registry_smoke,external source and formula details represented in registry metadata,,消化、肝胆与营养,丙型肝炎肝硬化的概率,Probability of Cirrhosis in Hepatitis C,MDCalc calculator library,https://www.mdcalc.com/
CALC-0105,implemented,formula logic is linked in Python registry,python_executable,clinical_calculators.calculators.common.hepatology_hcv_more,platelets_10e9_l; alt_u_l; ast_u_l; inr,unit_tests_and_registry_smoke,external source and formula details represented in registry metadata,,消化、肝胆与营养,丙型肝炎肝硬化的概率,Probability of Cirrhosis in Hepatitis C,MDCalc calculator library,https://www.mdcalc.com/
CALC-0106,merged_alias,Exact duplicate merged into canonical calculator CALC-0039.,compatibility_alias,CALC-0039,weight_kg; height_cm,alias_resolution_and_canonical_tests,canonical implementation and source metadata,,消化、肝胆与营养,体质指数（凯特勒指数）,Body Mass Index,CDC BMI calculators,https://www.cdc.gov/bmi/
CALC-0107,implemented,formula logic is linked in Python registry,python_executable,clinical_calculators.calculators.common.gastro_nutrition_more,liquid_stools_7_days; abdominal_pain_sum_7_days; general_wellbeing_sum_7_days; complications_count; antidiarrheal_or_opiate; abdominal_mass; hematocrit_percent; sex; current_weight_kg; standard_weight_kg,unit_tests_and_registry_smoke,external source and formula details represented in registry metadata,,消化、肝胆与营养,克罗恩病活动指数（CDAI）,Crohn's Disease Activity Index,MDCalc Crohn Disease Activity Index / original CDAI scoring,https://www.mdcalc.com/calc/76/crohns-disease-activity-index-cdai
CALC-0108,implemented,formula logic is linked in Python registry,python_executable,clinical_calculators.calculators.common.basic_formulas_more,sex; weight_kg; height_cm; age_years,unit_tests_and_registry_smoke,external source and formula details represented in registry metadata,,消化、肝胆与营养,基础热量需要量,Basal Energy Expenditure,MDCalc calculator library,https://www.mdcalc.com/
CALC-0109,merged_alias,Exact duplicate merged into canonical calculator CALC-0108.,compatibility_alias,CALC-0108,sex; weight_kg; height_cm; age_years,alias_resolution_and_canonical_tests,canonical implementation and source metadata,,消化、肝胆与营养,基础热量需要量,Basal Energy Expenditure,MDCalc calculator library,https://www.mdcalc.com/
CALC-0110,implemented,formula logic is linked in Python registry,python_executable,clinical_calculators.calculators.common.hepatology_scores,prothrombin_time_seconds; control_prothrombin_time_seconds; bilirubin_mg_dl,unit_tests_and_registry_smoke,external source and formula details represented in registry metadata,,消化、肝胆与营养,糖皮质激素治疗酒精性肝炎的肝炎判别函数,Maddrey Discriminant Function for Alcoholic Hepatitis,MDCalc calculator library,https://www.mdcalc.com/
CALC-0111,implemented,formula logic is linked in Python registry,python_executable,clinical_calculators.calculators.common.hepatology_advanced,bilirubin_mg_dl; inr; creatinine_mg_dl; sodium_mEq_l,unit_tests_and_registry_smoke,external source and formula details represented in registry metadata,,消化、肝胆与营养,终末期肝病MELDNa评分（不适合12岁以下患者）,MELD-Na Score,OPTN MELD calculator,https://optn.transplant.hrsa.gov/data/allocation-calculators/meld-calculator/
CALC-0112,merged_alias,Exact duplicate merged into canonical calculator CALC-0111.,compatibility_alias,CALC-0111,bilirubin_mg_dl; inr; creatinine_mg_dl; sodium_mEq_l,alias_resolution_and_canonical_tests,canonical implementation and source metadata,,消化、肝胆与营养,终末期肝病MELDNa评分（不适合12岁以下患者）,MELD-Na Score,OPTN MELD calculator,https://optn.transplant.hrsa.gov/data/allocation-calculators/meld-calculator/
CALC-0113,implemented,formula logic is linked in Python registry,python_executable,clinical_calculators.calculators.common.hepatology_scores,bilirubin_mg_dl; albumin_g_dl; inr; ascites; encephalopathy,unit_tests_and_registry_smoke,external source and formula details represented in registry metadata,,消化、肝胆与营养,肝病严重程度的Child Pugh分类,Child-Pugh Score,MDCalc calculator library,https://www.mdcalc.com/
CALC-0114,implemented,formula logic is linked in Python registry,python_executable,clinical_calculators.calculators.common.body_water,serum_albumin_g_dl; ascites_albumin_g_dl,unit_tests_and_registry_smoke,external source and formula details represented in registry metadata,,消化、肝胆与营养,腹水白蛋白梯度,Serum-Ascites Albumin Gradient,MDCalc calculator library,https://www.mdcalc.com/
CALC-0115,implemented,formula logic is linked in Python registry,python_executable,clinical_calculators.calculators.common.hepatology_scores,autoantibodies; igg; liver_histology; viral_hepatitis_absent,unit_tests_and_registry_smoke,external source and formula details represented in registry metadata,,消化、肝胆与营养,自身免疫性肝炎诊断标准,Autoimmune Hepatitis Diagnostic Criteria,Simplified autoimmune hepatitis criteria review,https://pmc.ncbi.nlm.nih.gov/articles/PMC6567853/
CALC-0116,implemented,formula logic is linked in Python registry,python_executable,clinical_calculators.calculators.common.hepatology_scores,ast_u_l; ast_uln_u_l; platelets_10e9_l,unit_tests_and_registry_smoke,external source and formula details represented in registry metadata,,消化、肝胆与营养,APRI指数,AST to Platelet Ratio Index,MDCalc calculator library,https://www.mdcalc.com/
CALC-0117,implemented,formula logic is linked in Python registry,python_executable,clinical_calculators.calculators.common.hepatology_scores,bun_mg_dl; impaired_mental_status; sirs; age_years; pleural_effusion,unit_tests_and_registry_smoke,external source and formula details represented in registry metadata,,消化、肝胆与营养,BISAP急性胰腺炎评分,BISAP Score,MDCalc calculator library,https://www.mdcalc.com/
CALC-0118,implemented,formula logic is linked in Python registry,python_executable,clinical_calculators.calculators.common.hepatology_scores,age_years; ast_u_l; alt_u_l; platelets_10e9_l,unit_tests_and_registry_smoke,external source and formula details represented in registry metadata,,消化、肝胆与营养,FIB-4指数,FIB-4 Index,MDCalc calculator library,https://www.mdcalc.com/
CALC-0119,implemented,formula logic is linked in Python registry,python_executable,clinical_calculators.calculators.common.gastro_nutrition_more,bun_mg_dl; hemoglobin_g_dl; sex; systolic_bp; pulse; melena; syncope; hepatic_disease; cardiac_failure,unit_tests_and_registry_smoke,external source and formula details represented in registry metadata,,消化、肝胆与营养,Glasgow-Blatchford上消化道出血评分,Glasgow-Blatchford Bleeding Score,MDCalc calculator library,https://www.mdcalc.com/
CALC-0120,implemented,formula logic is linked in Python registry,python_executable,clinical_calculators.calculators.common.hepatology_advanced,bilirubin_mg_dl; inr; creatinine_mg_dl; sodium_mEq_l; albumin_g_dl; sex,unit_tests_and_registry_smoke,external source and formula details represented in registry metadata,,消化、肝胆与营养,MELD 3.0评分,MELD 3.0 Score,OPTN MELD calculator,https://optn.transplant.hrsa.gov/data/allocation-calculators/meld-calculator/
CALC-0121,implemented,formula logic is linked in Python registry,python_executable,clinical_calculators.calculators.common.gastro_nutrition_more,bmi; unplanned_weight_loss_percent; acute_disease_no_intake_over_5_days,unit_tests_and_registry_smoke,external source and formula details represented in registry metadata,,消化、肝胆与营养,MUST营养不良筛查,Malnutrition Universal Screening Tool,Calculate by QxMD,https://qxmd.com/calculate/
CALC-0122,implemented,formula logic is linked in Python registry,python_executable,clinical_calculators.calculators.common.gastro_nutrition_more,impaired_nutritional_status; disease_severity; age_years,unit_tests_and_registry_smoke,external source and formula details represented in registry metadata,,消化、肝胆与营养,NRS-2002营养风险筛查,Nutritional Risk Screening 2002,Calculate by QxMD,https://qxmd.com/calculate/
CALC-0123,implemented,formula logic is linked in Python registry,python_executable,clinical_calculators.calculators.common.hepatology_advanced,age_years; wbc_10e9_l; glucose_mg_dl; ast_u_l; ldh_u_l; hematocrit_fall_percent; bun_increase_mg_dl; calcium_mg_dl; pao2_mm_hg; base_deficit_mEq_l; fluid_sequestration_l,unit_tests_and_registry_smoke,external source and formula details represented in registry metadata,,消化、肝胆与营养,Ranson急性胰腺炎标准,Ranson Criteria,MDCalc calculator library,https://www.mdcalc.com/
CALC-0124,implemented,formula logic is linked in Python registry,python_executable,clinical_calculators.calculators.common.gastro_nutrition_more,age_years; shock; comorbidity; diagnosis; stigmata,unit_tests_and_registry_smoke,external source and formula details represented in registry metadata,,消化、肝胆与营养,Rockall上消化道出血评分,Rockall Score,MDCalc calculator library,https://www.mdcalc.com/
CALC-0125,implemented,formula logic is linked in Python registry,python_executable,clinical_calculators.calculators.common.egfr,age_years; serum_creatinine_mg_dl; sex,unit_tests_and_registry_smoke,external source and formula details represented in registry metadata,,肾脏与泌尿生殖,MDRD公式估算肾小球滤过率,MDRD Estimated Glomerular Filtration Rate,National Kidney Foundation eGFR calculator,https://www.kidney.org/professionals/gfr_calculator
CALC-0126,merged_alias,Exact duplicate merged into canonical calculator CALC-0002.,compatibility_alias,CALC-0002,urine_sodium_mEq_l; serum_sodium_mEq_l; urine_creatinine_mg_dl; serum_creatinine_mg_dl,alias_resolution_and_canonical_tests,canonical implementation and source metadata,,肾脏与泌尿生殖,Na排泄分数,Fractional Excretion of Sodium,MDCalc calculator library,https://www.mdcalc.com/
CALC-0127,implemented,formula logic is linked in Python registry,python_executable,clinical_calculators.calculators.common.renal,urine_sodium_mmol_l; serum_sodium_mmol_l; urine_creatinine_umol_l; serum_creatinine_umol_l,unit_tests_and_registry_smoke,external source and formula details represented in registry metadata,,肾脏与泌尿生殖,Na排泄分数（SI单位）,Fractional Excretion of Sodium in SI Units,MDCalc calculator library,https://www.mdcalc.com/
CALC-0128,implemented,formula logic is linked in Python registry,python_executable,clinical_calculators.calculators.common.electrolytes,sodium; chloride; bicarbonate,unit_tests_and_registry_smoke,external source and formula details represented in registry metadata,,肾脏与泌尿生殖,低白蛋白血症时的阴离子间隙,Albumin-Corrected Anion Gap,MDCalc calculator library,https://www.mdcalc.com/
CALC-0129,implemented,formula logic is linked in Python registry,python_executable,clinical_calculators.calculators.common.basic_formulas_more,anion_gap_mEq_l; observed_albumin_g_dl,unit_tests_and_registry_smoke,external source and formula details represented in registry metadata,,肾脏与泌尿生殖,低白蛋白血症时的阴离子间隙,Albumin-Corrected Anion Gap,MDCalc calculator library,https://www.mdcalc.com/
CALC-0130,merged_alias,Exact duplicate merged into canonical calculator CALC-0005.,compatibility_alias,CALC-0005,height_cm; weight_kg,alias_resolution_and_canonical_tests,canonical implementation and source metadata,,肾脏与泌尿生殖,体表面积（Du Bois 法）,Body Surface Area by Du Bois Formula,MDCalc calculator library,https://www.mdcalc.com/
CALC-0131,implemented,formula logic is linked in Python registry,python_executable,clinical_calculators.calculators.common.body_water,height_cm; weight_kg,unit_tests_and_registry_smoke,external source and formula details represented in registry metadata,,肾脏与泌尿生殖,净体重（女）,Female Lean Body Weight,MDCalc calculator library,https://www.mdcalc.com/
CALC-0132,implemented,formula logic is linked in Python registry,python_executable,clinical_calculators.calculators.common.body_water,height_cm; weight_kg,unit_tests_and_registry_smoke,external source and formula details represented in registry metadata,,肾脏与泌尿生殖,净体重（男）,Male Lean Body Weight,MDCalc calculator library,https://www.mdcalc.com/
CALC-0133,implemented,formula logic is linked in Python registry,python_executable,clinical_calculators.calculators.common.acidbase_renal_more,age_years; height_cm; weight_kg,unit_tests_and_registry_smoke,external source and formula details represented in registry metadata,,肾脏与泌尿生殖,分布容积,Volume of Distribution,MDCalc calculator library,https://www.mdcalc.com/
CALC-0134,implemented,formula logic is linked in Python registry,python_executable,clinical_calculators.calculators.common.acidbase_renal_more,height_cm; weight_kg,unit_tests_and_registry_smoke,external source and formula details represented in registry metadata,,肾脏与泌尿生殖,分布容积,Volume of Distribution,MDCalc calculator library,https://www.mdcalc.com/
CALC-0135,implemented,formula logic is linked in Python registry,python_executable,clinical_calculators.calculators.common.renal_endocrine_more,items,unit_tests_and_registry_smoke,external source and formula details represented in registry metadata,,肾脏与泌尿生殖,前列腺疾病症状评分,International Prostate Symptom Score,MDCalc calculator library,https://www.mdcalc.com/
CALC-0136,implemented,formula logic is linked in Python registry,python_executable,clinical_calculators.calculators.common.renal_electrolyte_formulas_more,pre_bun_mg_dl; post_bun_mg_dl,unit_tests_and_registry_smoke,external source and formula details represented in registry metadata,,肾脏与泌尿生殖,尿素清除指数透析剂量多重计算公式,Urea Clearance Index and Dialysis Dose Multicalc,MDCalc calculator library,https://www.mdcalc.com/
CALC-0137,implemented,formula logic is linked in Python registry,python_executable,clinical_calculators.calculators.common.renal_electrolyte_formulas_more,pre_bun_mg_dl; post_bun_mg_dl,unit_tests_and_registry_smoke,external source and formula details represented in registry metadata,,肾脏与泌尿生殖,尿素清除指数透析剂量多重计算公式,Urea Clearance Index and Dialysis Dose Multicalc,MDCalc calculator library,https://www.mdcalc.com/
CALC-0138,implemented,formula logic is linked in Python registry,python_executable,clinical_calculators.calculators.common.renal_electrolyte_formulas_more,pre_bun_mg_dl; post_bun_mg_dl,unit_tests_and_registry_smoke,external source and formula details represented in registry metadata,,肾脏与泌尿生殖,尿素清除指数透析剂量多重计算公式,Urea Clearance Index and Dialysis Dose Multicalc,MDCalc calculator library,https://www.mdcalc.com/
CALC-0139,implemented,formula logic is linked in Python registry,python_executable,clinical_calculators.calculators.common.renal_electrolyte_formulas_more,pre_bun_mg_dl; post_bun_mg_dl,unit_tests_and_registry_smoke,external source and formula details represented in registry metadata,,肾脏与泌尿生殖,尿素清除指数透析剂量多重计算公式,Urea Clearance Index and Dialysis Dose Multicalc,MDCalc calculator library,https://www.mdcalc.com/
CALC-0140,implemented,formula logic is linked in Python registry,python_executable,clinical_calculators.calculators.common.renal_electrolyte_formulas_more,pre_bun_mg_dl; post_bun_mg_dl,unit_tests_and_registry_smoke,external source and formula details represented in registry metadata,,肾脏与泌尿生殖,尿素清除指数透析剂量多重计算公式,Urea Clearance Index and Dialysis Dose Multicalc,MDCalc calculator library,https://www.mdcalc.com/
CALC-0141,implemented,formula logic is linked in Python registry,python_executable,clinical_calculators.calculators.common.renal_electrolyte_formulas_more,pre_bun_mg_dl; post_bun_mg_dl,unit_tests_and_registry_smoke,external source and formula details represented in registry metadata,,肾脏与泌尿生殖,尿素清除指数透析剂量多重计算公式,Urea Clearance Index and Dialysis Dose Multicalc,MDCalc calculator library,https://www.mdcalc.com/
CALC-0142,implemented,formula logic is linked in Python registry,python_executable,clinical_calculators.calculators.common.renal_endocrine_more,pre_bun_mg_dl; post_bun_mg_dl; dialysis_hours; ultrafiltration_l; post_weight_kg,unit_tests_and_registry_smoke,external source and formula details represented in registry metadata,,肾脏与泌尿生殖,尿素清除指数透析剂量多重计算公式,Urea Clearance Index and Dialysis Dose Multicalc,MDCalc calculator library,https://www.mdcalc.com/
CALC-0143,implemented,formula logic is linked in Python registry,python_executable,clinical_calculators.calculators.common.lipids_renal_simple,urine_protein_mg_dl; urine_volume_ml; collection_hours,unit_tests_and_registry_smoke,external source and formula details represented in registry metadata,,肾脏与泌尿生殖,尿蛋白排泄评估,Urine Protein Excretion Estimate,MDCalc calculator library,https://www.mdcalc.com/
CALC-0144,merged_alias,Exact duplicate merged into canonical calculator CALC-0018.,compatibility_alias,CALC-0018,height_cm; sex,alias_resolution_and_canonical_tests,canonical implementation and source metadata,,肾脏与泌尿生殖,理想体重,Ideal Body Weight,CDC BMI calculators,https://www.cdc.gov/bmi/
CALC-0145,implemented,formula logic is linked in Python registry,python_executable,clinical_calculators.calculators.common.renal,urine_creatinine_mg_dl; urine_volume_ml; serum_creatinine_mg_dl; collection_minutes,unit_tests_and_registry_smoke,external source and formula details represented in registry metadata,,肾脏与泌尿生殖,肌酐清除率（测定）,Measured Creatinine Clearance,MDCalc calculator library,https://www.mdcalc.com/
CALC-0146,implemented,formula logic is linked in Python registry,python_executable,clinical_calculators.calculators.common.renal,urine_creatinine_mmol_l; urine_volume_ml; serum_creatinine_umol_l; collection_minutes,unit_tests_and_registry_smoke,external source and formula details represented in registry metadata,,肾脏与泌尿生殖,肌酐清除率（衡量SI单位）,Measured Creatinine Clearance in SI Units,MDCalc calculator library,https://www.mdcalc.com/
CALC-0147,implemented,formula logic is linked in Python registry,python_executable,clinical_calculators.calculators.common.egfr,age_years; serum_creatinine_mg_dl; sex,unit_tests_and_registry_smoke,external source and formula details represented in registry metadata,,肾脏与泌尿生殖,肾小球滤过率估算由CKD-EPI公式,CKD-EPI Estimated Glomerular Filtration Rate,National Kidney Foundation eGFR calculator,https://www.kidney.org/professionals/gfr_calculator
CALC-0148,implemented,formula logic is linked in Python registry,python_executable,clinical_calculators.calculators.common.lipids_renal_simple,pre_bun_mg_dl; post_bun_mg_dl,unit_tests_and_registry_smoke,external source and formula details represented in registry metadata,,肾脏与泌尿生殖,血液透析中尿素百分比的降低（PRU）,Percent Urea Reduction in Hemodialysis,MDCalc calculator library,https://www.mdcalc.com/
CALC-0149,implemented,formula logic is linked in Python registry,python_executable,clinical_calculators.calculators.common.renal,age_years; weight_kg; serum_creatinine_mg_dl; sex,unit_tests_and_registry_smoke,external source and formula details represented in registry metadata,,肾脏与泌尿生殖,通过Cockcroft - Gault公式估算肌酐清除率,Cockcroft-Gault Creatinine Clearance,MDCalc calculator library,https://www.mdcalc.com/
CALC-0150,implemented,formula logic is linked in Python registry,python_executable,clinical_calculators.calculators.common.electrolytes,sodium; chloride; bicarbonate,unit_tests_and_registry_smoke,external source and formula details represented in registry metadata,,肾脏与泌尿生殖,阴离子间隙,Anion Gap,MDCalc calculator library,https://www.mdcalc.com/
CALC-0151,implemented,formula logic is linked in Python registry,python_executable,clinical_calculators.calculators.common.acidbase_renal_more,delta_gap_mEq_l; delta_bicarbonate_mEq_l,unit_tests_and_registry_smoke,external source and formula details represented in registry metadata,,肾脏与泌尿生殖,阴离子间隙Delta Delta 梯度Multicalc,Delta-Delta Gradient for Anion Gap Metabolic Acidosis,MDCalc calculator library,https://www.mdcalc.com/
CALC-0152,implemented,formula logic is linked in Python registry,python_executable,clinical_calculators.calculators.common.acidbase_renal_more,bicarbonate_mEq_l,unit_tests_and_registry_smoke,external source and formula details represented in registry metadata,,肾脏与泌尿生殖,阴离子间隙Delta Delta 梯度Multicalc,Delta-Delta Gradient for Anion Gap Metabolic Acidosis,MDCalc calculator library,https://www.mdcalc.com/
CALC-0153,implemented,formula logic is linked in Python registry,python_executable,clinical_calculators.calculators.common.acidbase_renal_more,sodium_mEq_l; chloride_mEq_l; bicarbonate_mEq_l,unit_tests_and_registry_smoke,external source and formula details represented in registry metadata,,肾脏与泌尿生殖,阴离子间隙Delta Delta 梯度Multicalc,Delta-Delta Gradient for Anion Gap Metabolic Acidosis,MDCalc calculator library,https://www.mdcalc.com/
CALC-0154,implemented,formula logic is linked in Python registry,python_executable,clinical_calculators.calculators.common.acidbase_renal_more,anion_gap_mEq_l; baseline_anion_gap_mEq_l,unit_tests_and_registry_smoke,external source and formula details represented in registry metadata,,肾脏与泌尿生殖,阴离子间隙Delta Delta 梯度Multicalc,Delta-Delta Gradient for Anion Gap Metabolic Acidosis,MDCalc calculator library,https://www.mdcalc.com/
CALC-0155,implemented,formula logic is linked in Python registry,python_executable,clinical_calculators.calculators.common.egfr,age_years; serum_creatinine_mg_dl; sex,unit_tests_and_registry_smoke,external source and formula details represented in registry metadata,,肾脏与泌尿生殖,2021 CKD-EPI eGFR,2021 CKD-EPI eGFR,National Kidney Foundation eGFR calculator,https://www.kidney.org/professionals/gfr_calculator
CALC-0156,implemented,formula logic is linked in Python registry,python_executable,clinical_calculators.calculators.common.renal_endocrine_more,items,unit_tests_and_registry_smoke,external source and formula details represented in registry metadata,,肾脏与泌尿生殖,IIEF-5勃起功能评分,International Index of Erectile Function-5,Calculate by QxMD,https://qxmd.com/calculate/
CALC-0157,implemented,formula logic is linked in Python registry,python_executable,clinical_calculators.calculators.common.renal_endocrine_more,egfr_ml_min_1_73m2; acr_mg_g,unit_tests_and_registry_smoke,external source and formula details represented in registry metadata,,肾脏与泌尿生殖,KDIGO CKD G-A风险分层,KDIGO CKD Prognosis Grid,National Kidney Foundation eGFR calculator,https://www.kidney.org/professionals/gfr_calculator
CALC-0158,implemented,formula logic is linked in Python registry,python_executable,clinical_calculators.calculators.common.complex_rules_more,sex; pain_duration_hours; race; nausea_or_vomiting; hematuria,unit_tests_and_registry_smoke,external source and formula details represented in registry metadata,,肾脏与泌尿生殖,STONE输尿管结石评分,STONE Score,MDCalc calculator library,https://www.mdcalc.com/
CALC-0159,pending_formula_or_rule_implementation,"External calculators/papers may exist, but executable implementation needs full coefficients, caps/floors, population limits, and validation examples; not safe from title/source alone.",markdown_or_data_table_until_source_complete,,"complete coefficients, transformations, caps, and validation examples",metadata_self_check_only,external source metadata is present but executable formula/rule still requires audit,model_coefficients_needed,肾脏与泌尿生殖,前列腺癌PCPT风险,PCPT Prostate Cancer Risk Calculator,Calculate by QxMD,https://qxmd.com/calculate/
CALC-0160,implemented,formula logic is linked in Python registry,python_executable,clinical_calculators.calculators.common.lipids_renal_simple,albumin_mg_g_creatinine,unit_tests_and_registry_smoke,external source and formula details represented in registry metadata,,肾脏与泌尿生殖,尿白蛋白肌酐比分类,Urine Albumin-to-Creatinine Ratio Category,National Kidney Foundation eGFR calculator,https://www.kidney.org/professionals/gfr_calculator
CALC-0161,implemented,formula logic is linked in Python registry,python_executable,clinical_calculators.calculators.common.renal,urine_urea_mg_dl; serum_urea_mg_dl; urine_creatinine_mg_dl; serum_creatinine_mg_dl,unit_tests_and_registry_smoke,external source and formula details represented in registry metadata,,肾脏与泌尿生殖,尿素排泄分数,Fractional Excretion of Urea,MDCalc calculator library,https://www.mdcalc.com/
CALC-0162,implemented,formula logic is linked in Python registry,python_executable,clinical_calculators.calculators.common.source_backed_batch,age_years; sex; egfr_ml_min_1_73m2; urine_acr_mg_g; north_america,source_derived_tests_and_registry_smoke,author calculator coefficients and 2016 regional calibration represented in inventory metadata,,肾脏与泌尿生殖,肾衰竭风险方程,"Kidney Failure Risk Equation, KFRE",Kidney Failure Risk Equation four-variable model,https://kidneyfailurerisk.com/
CALC-0163,merged_alias,Exact duplicate merged into canonical calculator CALC-0061.,compatibility_alias,CALC-0061,fio2; barometric_pressure_mm_hg; water_vapor_pressure_mm_hg; paco2_mm_hg; pao2_mm_hg,alias_resolution_and_canonical_tests,canonical implementation and source metadata,,内分泌、代谢与电解质,A-a 梯度,Alveolar-Arterial Oxygen Gradient,MDCalc calculator library,https://www.mdcalc.com/
CALC-0164,merged_alias,Exact duplicate merged into canonical calculator CALC-0061.,compatibility_alias,CALC-0061,fio2; barometric_pressure_mm_hg; water_vapor_pressure_mm_hg; paco2_mm_hg; pao2_mm_hg,alias_resolution_and_canonical_tests,canonical implementation and source metadata,,内分泌、代谢与电解质,A-a 梯度,Alveolar-Arterial Oxygen Gradient,MDCalc calculator library,https://www.mdcalc.com/
CALC-0165,implemented,formula logic is linked in Python registry,python_executable,clinical_calculators.calculators.common.basic_formulas_more,bicarbonate_mmol_l; paco2_mm_hg,unit_tests_and_registry_smoke,external source and formula details represented in registry metadata,,内分泌、代谢与电解质,Henderson-Hasselbach 方程,Henderson-Hasselbalch Equation,MDCalc calculator library,https://www.mdcalc.com/
CALC-0166,merged_alias,Exact duplicate merged into canonical calculator CALC-0031.,compatibility_alias,CALC-0031,qt_seconds; heart_rate,alias_resolution_and_canonical_tests,canonical implementation and source metadata,,内分泌、代谢与电解质,QT间期校正 (EKG),Corrected QT Interval,MDCalc calculator library,https://www.mdcalc.com/
CALC-0167,merged_alias,Exact duplicate merged into canonical calculator CALC-0031.,compatibility_alias,CALC-0031,qt_seconds; heart_rate,alias_resolution_and_canonical_tests,canonical implementation and source metadata,,内分泌、代谢与电解质,QT间期校正 (EKG),Corrected QT Interval,MDCalc calculator library,https://www.mdcalc.com/
CALC-0168,implemented,formula logic is linked in Python registry,python_executable,clinical_calculators.calculators.common.respiratory_acidbase,bicarbonate_mmol_l,unit_tests_and_registry_smoke,external source and formula details represented in registry metadata,,内分泌、代谢与电解质,Winters公式估算PCO2,Winter's Formula for Expected PCO2,MDCalc calculator library,https://www.mdcalc.com/
CALC-0169,merged_alias,Exact duplicate merged into canonical calculator CALC-0128.,compatibility_alias,CALC-0128,sodium; chloride; bicarbonate,alias_resolution_and_canonical_tests,canonical implementation and source metadata,,内分泌、代谢与电解质,低白蛋白血症时的阴离子间隙,Albumin-Corrected Anion Gap,MDCalc calculator library,https://www.mdcalc.com/
CALC-0170,merged_alias,Exact duplicate merged into canonical calculator CALC-0129.,compatibility_alias,CALC-0129,anion_gap_mEq_l; observed_albumin_g_dl,alias_resolution_and_canonical_tests,canonical implementation and source metadata,,内分泌、代谢与电解质,低白蛋白血症时的阴离子间隙,Albumin-Corrected Anion Gap,MDCalc calculator library,https://www.mdcalc.com/
CALC-0171,implemented,formula logic is linked in Python registry,python_executable,clinical_calculators.calculators.common.electrolytes,calcium_mmol_l; albumin_g_l,unit_tests_and_registry_smoke,external source and formula details represented in registry metadata,,内分泌、代谢与电解质,低白蛋白血症的校正钙（国际单位）,Albumin-Corrected Calcium in SI Units,MDCalc calculator library,https://www.mdcalc.com/
CALC-0172,implemented,formula logic is linked in Python registry,python_executable,clinical_calculators.calculators.common.renal_electrolyte_formulas_more,measured_calcium_mg_dl; normal_albumin_g_dl; albumin_g_dl,unit_tests_and_registry_smoke,external source and formula details represented in registry metadata,,内分泌、代谢与电解质,低白蛋白血症血钙纠正,Albumin-Corrected Calcium,MDCalc calculator library,https://www.mdcalc.com/
CALC-0173,implemented,formula logic is linked in Python registry,python_executable,clinical_calculators.calculators.common.renal,weight_kg; current_sodium_mEq_l; target_sodium_mEq_l,unit_tests_and_registry_smoke,external source and formula details represented in registry metadata,,内分泌、代谢与电解质,低钠血症的钠缺乏,Sodium Deficit in Hyponatremia,MDCalc calculator library,https://www.mdcalc.com/
CALC-0174,implemented,formula logic is linked in Python registry,python_executable,clinical_calculators.calculators.common.renal_electrolyte_formulas_more,desired_sodium_change_mEq_l_per_hour; serum_sodium_mEq_l; total_body_water_fraction; weight_kg; infusate_sodium_mEq_l; infusate_potassium_mEq_l,unit_tests_and_registry_smoke,external source and formula details represented in registry metadata,,内分泌、代谢与电解质,低钠血症纠正时的输液速率,Infusion Rate for Hyponatremia Correction,MDCalc calculator library,https://www.mdcalc.com/
CALC-0175,implemented,formula logic is linked in Python registry,python_executable,clinical_calculators.calculators.common.renal_electrolyte_formulas_more,infusate_sodium_mEq_l; infusate_potassium_mEq_l; serum_sodium_mEq_l; total_body_water_fraction; weight_kg,unit_tests_and_registry_smoke,external source and formula details represented in registry metadata,,内分泌、代谢与电解质,低钠血症纠正时的输液速率,Infusion Rate for Hyponatremia Correction,MDCalc calculator library,https://www.mdcalc.com/
CALC-0176,merged_alias,Exact duplicate merged into canonical calculator CALC-0039.,compatibility_alias,CALC-0039,weight_kg; height_cm,alias_resolution_and_canonical_tests,canonical implementation and source metadata,,内分泌、代谢与电解质,体质指数（凯特勒指数）,Body Mass Index,CDC BMI calculators,https://www.cdc.gov/bmi/
CALC-0177,implemented,formula logic is linked in Python registry,python_executable,clinical_calculators.calculators.common.basic_formulas_more,daily_fluid_ml,unit_tests_and_registry_smoke,external source and formula details represented in registry metadata,,内分泌、代谢与电解质,儿童维持液量的计算,Pediatric Maintenance Fluid Calculation,MDCalc calculator library,https://www.mdcalc.com/
CALC-0178,implemented,formula logic is linked in Python registry,python_executable,clinical_calculators.calculators.common.body_water,weight_kg,unit_tests_and_registry_smoke,external source and formula details represented in registry metadata,,内分泌、代谢与电解质,基于体重的体内总水量估计,Total Body Water Estimate by Weight,MDCalc calculator library,https://www.mdcalc.com/
CALC-0179,implemented,formula logic is linked in Python registry,python_executable,clinical_calculators.calculators.common.body_water,height_cm; weight_kg; age_years,unit_tests_and_registry_smoke,external source and formula details represented in registry metadata,,内分泌、代谢与电解质,女性体内总水量（沃森公式）,Female Total Body Water by Watson Formula,MDCalc calculator library,https://www.mdcalc.com/
CALC-0180,implemented,formula logic is linked in Python registry,python_executable,clinical_calculators.calculators.common.basic_formulas_more,urine_sodium_mEq_l; urine_potassium_mEq_l; urine_chloride_mEq_l,unit_tests_and_registry_smoke,external source and formula details represented in registry metadata,,内分泌、代谢与电解质,尿液阴离子间隙,Urine Anion Gap,MDCalc calculator library,https://www.mdcalc.com/
CALC-0181,implemented,formula logic is linked in Python registry,python_executable,clinical_calculators.calculators.common.lipids_renal_simple,triglycerides_mg_dl,unit_tests_and_registry_smoke,external source and formula details represented in registry metadata,,内分泌、代谢与电解质,极低密度脂蛋白（VLDL）,Very Low-Density Lipoprotein,MDCalc calculator library,https://www.mdcalc.com/
CALC-0182,implemented,formula logic is linked in Python registry,python_executable,clinical_calculators.calculators.common.electrolytes,sodium_mmol_l; glucose_mmol_l; bun_mmol_l,unit_tests_and_registry_smoke,external source and formula details represented in registry metadata,,内分泌、代谢与电解质,渗透压估计（血清）,Estimated Serum Osmolality,MDCalc calculator library,https://www.mdcalc.com/
CALC-0183,implemented,formula logic is linked in Python registry,python_executable,clinical_calculators.calculators.common.egfr,age_years; serum_creatinine_umol_l; sex,unit_tests_and_registry_smoke,external source and formula details represented in registry metadata,,内分泌、代谢与电解质,由MDRD公式估算肾小球滤过率（采用国际单位）,MDRD Estimated Glomerular Filtration Rate in SI Units,National Kidney Foundation eGFR calculator,https://www.kidney.org/professionals/gfr_calculator
CALC-0184,implemented,formula logic is linked in Python registry,python_executable,clinical_calculators.calculators.common.body_water,height_cm; weight_kg; age_years,unit_tests_and_registry_smoke,external source and formula details represented in registry metadata,,内分泌、代谢与电解质,男性体内总水量（沃森公式）,Male Total Body Water by Watson Formula,MDCalc calculator library,https://www.mdcalc.com/
CALC-0185,merged_alias,Fragmented BMI preprocessing row merged into the complete Bang diabetes risk score.,compatibility_alias,CALC-0187,age_years; sex; bmi; family_history_diabetes; hypertension; physically_active,alias_resolution_and_canonical_tests,original publication scoring rule represented by CALC-0187,,内分泌、代谢与电解质,糖尿病风险自我评估,Diabetes Risk Self-Assessment,Bang et al. Ann Intern Med 2009,https://pmc.ncbi.nlm.nih.gov/articles/PMC3633111/
CALC-0186,merged_alias,Fragmented BMI point row merged into the complete Bang diabetes risk score.,compatibility_alias,CALC-0187,age_years; sex; bmi; family_history_diabetes; hypertension; physically_active,alias_resolution_and_canonical_tests,original publication scoring rule represented by CALC-0187,,内分泌、代谢与电解质,糖尿病风险自我评估,Diabetes Risk Self-Assessment,Bang et al. Ann Intern Med 2009,https://pmc.ncbi.nlm.nih.gov/articles/PMC3633111/
CALC-0187,implemented,Complete Bang diabetes screening score linked from the original publication.,python_executable,clinical_calculators.calculators.common.misc_formula_more,age_years; sex; bmi; family_history_diabetes; hypertension; physically_active,source_boundary_tests_and_registry_smoke,original publication formula and selected cutoff represented in registry metadata,,内分泌、代谢与电解质,糖尿病风险自我评估,Bang Diabetes Screening Score,Bang et al. Ann Intern Med 2009,https://pmc.ncbi.nlm.nih.gov/articles/PMC3633111/
CALC-0188,merged_alias,Exact duplicate merged into canonical calculator CALC-0147.,compatibility_alias,CALC-0147,age_years; serum_creatinine_mg_dl; sex,alias_resolution_and_canonical_tests,canonical implementation and source metadata,,内分泌、代谢与电解质,肾小球滤过率估算由CKD-EPI公式,CKD-EPI Estimated Glomerular Filtration Rate,National Kidney Foundation eGFR calculator,https://www.kidney.org/professionals/gfr_calculator
CALC-0189,implemented,formula logic is linked in Python registry,python_executable,clinical_calculators.calculators.common.lipids_renal_simple,total_cholesterol_mg_dl; hdl_mg_dl; triglycerides_mg_dl,unit_tests_and_registry_smoke,external source and formula details represented in registry metadata,,内分泌、代谢与电解质,计算低密度脂蛋白胆固醇的Friedewald公式,Friedewald LDL Cholesterol Formula,MDCalc calculator library,https://www.mdcalc.com/
CALC-0190,merged_alias,Exact duplicate merged into canonical calculator CALC-0149.,compatibility_alias,CALC-0149,age_years; weight_kg; serum_creatinine_mg_dl; sex,alias_resolution_and_canonical_tests,canonical implementation and source metadata,,内分泌、代谢与电解质,通过Cockcroft - Gault公式估算肌酐清除率,Cockcroft-Gault Creatinine Clearance,MDCalc calculator library,https://www.mdcalc.com/
CALC-0191,implemented,formula logic is linked in Python registry,python_executable,clinical_calculators.calculators.common.renal,age_years; weight_kg; serum_creatinine_umol_l; sex,unit_tests_and_registry_smoke,external source and formula details represented in registry metadata,,内分泌、代谢与电解质,采用Cockcroft - Gault公式估算肌酐清除率（SI单位）,Cockcroft-Gault Creatinine Clearance in SI Units,MDCalc calculator library,https://www.mdcalc.com/
CALC-0192,merged_alias,Exact duplicate merged into canonical calculator CALC-0150.,compatibility_alias,CALC-0150,sodium; chloride; bicarbonate,alias_resolution_and_canonical_tests,canonical implementation and source metadata,,内分泌、代谢与电解质,阴离子间隙,Anion Gap,MDCalc calculator library,https://www.mdcalc.com/
CALC-0193,merged_alias,Exact duplicate merged into canonical calculator CALC-0151.,compatibility_alias,CALC-0151,delta_gap_mEq_l; delta_bicarbonate_mEq_l,alias_resolution_and_canonical_tests,canonical implementation and source metadata,,内分泌、代谢与电解质,阴离子间隙Delta Delta 梯度Multicalc,Delta-Delta Gradient for Anion Gap Metabolic Acidosis,MDCalc calculator library,https://www.mdcalc.com/
CALC-0194,merged_alias,Exact duplicate merged into canonical calculator CALC-0152.,compatibility_alias,CALC-0152,bicarbonate_mEq_l,alias_resolution_and_canonical_tests,canonical implementation and source metadata,,内分泌、代谢与电解质,阴离子间隙Delta Delta 梯度Multicalc,Delta-Delta Gradient for Anion Gap Metabolic Acidosis,MDCalc calculator library,https://www.mdcalc.com/
CALC-0195,merged_alias,Exact duplicate merged into canonical calculator CALC-0153.,compatibility_alias,CALC-0153,sodium_mEq_l; chloride_mEq_l; bicarbonate_mEq_l,alias_resolution_and_canonical_tests,canonical implementation and source metadata,,内分泌、代谢与电解质,阴离子间隙Delta Delta 梯度Multicalc,Delta-Delta Gradient for Anion Gap Metabolic Acidosis,MDCalc calculator library,https://www.mdcalc.com/
CALC-0196,merged_alias,Exact duplicate merged into canonical calculator CALC-0154.,compatibility_alias,CALC-0154,anion_gap_mEq_l; baseline_anion_gap_mEq_l,alias_resolution_and_canonical_tests,canonical implementation and source metadata,,内分泌、代谢与电解质,阴离子间隙Delta Delta 梯度Multicalc,Delta-Delta Gradient for Anion Gap Metabolic Acidosis,MDCalc calculator library,https://www.mdcalc.com/
CALC-0197,implemented,formula logic is linked in Python registry,python_executable,clinical_calculators.calculators.common.renal_electrolyte_formulas_more,triglycerides_mg_dl,unit_tests_and_registry_smoke,external source and formula details represented in registry metadata,,内分泌、代谢与电解质,高甘油三酯血症时的血钠改变,Sodium Change in Hypertriglyceridemia,Medscape pseudohyponatremia laboratory interpretation,https://emedicine.medscape.com/article/907841-workup
CALC-0198,implemented,formula logic is linked in Python registry,python_executable,clinical_calculators.calculators.common.renal_electrolyte_formulas_more,serum_protein_g_dl,unit_tests_and_registry_smoke,external source and formula details represented in registry metadata,,内分泌、代谢与电解质,高蛋白血症时的血钠变化,Sodium Change in Hyperproteinemia,Medscape pseudohyponatremia laboratory interpretation,https://emedicine.medscape.com/article/907841-workup
CALC-0199,implemented,formula logic is linked in Python registry,python_executable,clinical_calculators.calculators.common.electrolytes,measured_sodium; glucose_mg_dl,unit_tests_and_registry_smoke,external source and formula details represented in registry metadata,,内分泌、代谢与电解质,高血糖时低钠的处理,Corrected Sodium in Hyperglycemia,MDCalc calculator library,https://www.mdcalc.com/
CALC-0200,implemented,formula logic is linked in Python registry,python_executable,clinical_calculators.calculators.common.body_water,weight_kg; current_sodium_mEq_l; target_sodium_mEq_l,unit_tests_and_registry_smoke,external source and formula details represented in registry metadata,,内分泌、代谢与电解质,高钠血症时的缺水程度,Free Water Deficit in Hypernatremia,MDCalc calculator library,https://www.mdcalc.com/
CALC-0201,implemented,formula logic is linked in Python registry,python_executable,clinical_calculators.calculators.common.renal_endocrine_more,age_years; sex; bmi; waist_circumference_cm; physically_active_daily; daily_fruit_vegetable_or_berry; antihypertensive_medication; history_high_blood_glucose; family_history,unit_tests_and_registry_smoke,external source and formula details represented in registry metadata,,内分泌、代谢与电解质,FINDRISC糖尿病风险,Finnish Diabetes Risk Score,Calculate by QxMD,https://qxmd.com/calculate/
CALC-0202,pending_formula_or_rule_implementation,"External calculators/papers may exist, but executable implementation needs full coefficients, caps/floors, population limits, and validation examples; not safe from title/source alone.",markdown_or_data_table_until_source_complete,,"complete coefficients, transformations, caps, and validation examples",metadata_self_check_only,external source metadata is present but executable formula/rule still requires audit,model_coefficients_needed,内分泌、代谢与电解质,FRAX骨折风险,FRAX Fracture Risk Assessment,Calculate by QxMD,https://qxmd.com/calculate/
CALC-0203,implemented,formula logic is linked in Python registry,python_executable,clinical_calculators.calculators.common.renal_endocrine_more,fasting_insulin_uIU_ml,unit_tests_and_registry_smoke,external source and formula details represented in registry metadata,,内分泌、代谢与电解质,HOMA-IR胰岛素抵抗指数,Homeostatic Model Assessment of Insulin Resistance,Calculate by QxMD,https://qxmd.com/calculate/
CALC-0204,implemented,formula logic is linked in Python registry,python_executable,clinical_calculators.calculators.common.renal_endocrine_more,sex; waist_circumference_cm; triglycerides_mg_dl; hdl_mg_dl; systolic_bp; diastolic_bp; fasting_glucose_mg_dl,unit_tests_and_registry_smoke,external source and formula details represented in registry metadata,,内分泌、代谢与电解质,代谢综合征判定,Metabolic Syndrome Criteria,Calculate by QxMD,https://qxmd.com/calculate/
CALC-0205,implemented,formula logic is linked in Python registry,python_executable,clinical_calculators.calculators.common.electrolytes,sodium_mmol_l; glucose_mmol_l,unit_tests_and_registry_smoke,external source and formula details represented in registry metadata,,内分泌、代谢与电解质,有效血浆渗透压,Effective Serum Osmolality,Merck Manual clinical calculators,https://www.merckmanuals.com/professional/pages-with-widgets/clinical-calculators
CALC-0206,implemented,formula logic is linked in Python registry,python_executable,clinical_calculators.calculators.common.electrolytes,measured_osmolality_mosm_kg; estimated_osmolality_mosm_kg,unit_tests_and_registry_smoke,external source and formula details represented in registry metadata,,内分泌、代谢与电解质,渗透压间隙,Osmolal Gap,Merck Manual clinical calculators,https://www.merckmanuals.com/professional/pages-with-widgets/clinical-calculators
CALC-0207,implemented,formula logic is linked in Python registry,python_executable,clinical_calculators.calculators.common.clinical_pharmacology_more,weight_kg,unit_tests_and_registry_smoke,external source and formula details represented in registry metadata,,内分泌、代谢与电解质,甲状腺素替代初始剂量估算,Levothyroxine Replacement Dose,Merck Manual clinical calculators,https://www.merckmanuals.com/professional/pages-with-widgets/clinical-calculators
CALC-0208,implemented,formula logic is linked in Python registry,python_executable,clinical_calculators.calculators.common.basic_formulas_more,hba1c_percent,unit_tests_and_registry_smoke,external source and formula details represented in registry metadata,,内分泌、代谢与电解质,糖化血红蛋白估算平均血糖,Estimated Average Glucose from HbA1c,MDCalc calculator library,https://www.mdcalc.com/
CALC-0209,merged_alias,Exact duplicate merged into canonical calculator CALC-0031.,compatibility_alias,CALC-0031,qt_seconds; heart_rate,alias_resolution_and_canonical_tests,canonical implementation and source metadata,,感染病学,QT间期校正 (EKG),Corrected QT Interval,MDCalc calculator library,https://www.mdcalc.com/
CALC-0210,merged_alias,Exact duplicate merged into canonical calculator CALC-0031.,compatibility_alias,CALC-0031,qt_seconds; heart_rate,alias_resolution_and_canonical_tests,canonical implementation and source metadata,,感染病学,QT间期校正 (EKG),Corrected QT Interval,MDCalc calculator library,https://www.mdcalc.com/
CALC-0211,merged_alias,Exact duplicate merged into canonical calculator CALC-0018.,compatibility_alias,CALC-0018,height_cm; sex,alias_resolution_and_canonical_tests,canonical implementation and source metadata,,感染病学,理想体重,Ideal Body Weight,CDC BMI calculators,https://www.cdc.gov/bmi/
CALC-0212,implemented,formula logic is linked in Python registry,python_executable,clinical_calculators.calculators.common.pediatric_infectious_more,age_years; sex; comorbidity_count; respiratory_rate; oxygen_saturation_percent; gcs; urea_mmol_l; crp_mg_l,unit_tests_and_registry_smoke,external source and formula details represented in registry metadata,,感染病学,4C COVID-19死亡率评分,4C Mortality Score,Calculate by QxMD,https://qxmd.com/calculate/
CALC-0213,implemented,formula logic is linked in Python registry,python_executable,clinical_calculators.calculators.common.emergency_surgery_rules,age_years; fever; absence_of_cough; tender_anterior_cervical_adenopathy; tonsillar_exudates_or_swelling,unit_tests_and_registry_smoke,external source and formula details represented in registry metadata,,感染病学,Centor/McIsaac链球菌咽炎评分,Centor/McIsaac Score,MDCalc calculator library,https://www.mdcalc.com/
CALC-0214,implemented,formula logic is linked in Python registry,python_executable,clinical_calculators.calculators.common.pediatric_infectious_more,major_criteria_count; minor_criteria_count,unit_tests_and_registry_smoke,external source and formula details represented in registry metadata,,感染病学,Duke感染性心内膜炎标准,Modified Duke Criteria,MDCalc calculator library,https://www.mdcalc.com/
CALC-0215,implemented,formula logic is linked in Python registry,python_executable,clinical_calculators.calculators.common.gastro_nutrition_more,fever_past_24h; purulence; attend_rapidly_3_days_or_less; severely_inflamed_tonsils; no_cough_or_coryza,unit_tests_and_registry_smoke,external source and formula details represented in registry metadata,,感染病学,FeverPAIN咽痛评分,FeverPAIN Score,Calculate by QxMD,https://qxmd.com/calculate/
CALC-0216,implemented,formula logic is linked in Python registry,python_executable,clinical_calculators.calculators.common.pediatric_infectious_more,burden_of_illness; no_hypotension; no_copd; solid_tumor_or_no_fungal_infection; no_dehydration; outpatient_status; age_less_than_60,unit_tests_and_registry_smoke,external source and formula details represented in registry metadata,,感染病学,MASCC发热性中性粒细胞减少风险,MASCC Risk Index,MDCalc calculator library,https://www.mdcalc.com/
CALC-0217,implemented,formula logic is linked in Python registry,python_executable,clinical_calculators.calculators.common.hepatology_scores,age_years; albumin_g_l; bilirubin_day0_umol_l; bilirubin_day7_umol_l; prothrombin_time_seconds; renal_insufficiency,unit_tests_and_registry_smoke,external source and formula details represented in registry metadata,,感染病学,Maddrey以外酒精性肝炎感染风险辅助,Lille Model,Evidencio Lille Model manual / GlobalRPH Lille model,https://www.evidencio.com/models/download/manual/10279/2.0/EN
CALC-0218,implemented,formula logic is linked in Python registry,python_executable,clinical_calculators.calculators.common.emergency_scores,confusion; urea_mmol_l; respiratory_rate; systolic_bp; diastolic_bp; age_years,unit_tests_and_registry_smoke,external source and formula details represented in registry metadata,,感染病学,肺炎严重度CURB-65,CURB-65 for Pneumonia,MDCalc calculator library,https://www.mdcalc.com/
CALC-0219,implemented,formula logic is linked in Python registry,python_executable,clinical_calculators.calculators.common.nursing_obstetric_scores,components,unit_tests_and_registry_smoke,external source and formula details represented in registry metadata,,儿科学,Apgar Score,Apgar Score,Merck Manual clinical calculators,https://www.merckmanuals.com/professional/pages-with-widgets/clinical-calculators
CALC-0220,implemented,formula logic is linked in Python registry,python_executable,clinical_calculators.calculators.common.pediatric_neuro_radiation_more,length_cm; l; m; s,unit_tests_and_registry_smoke,external source and formula details represented in registry metadata,,儿科学,世界卫生组织 婴儿年龄百分位数（<24个月龄）,WHO Infant Length-for-Age Percentile,WHO Child Growth Standards,https://www.who.int/tools/child-growth-standards
CALC-0221,implemented,formula logic is linked in Python registry,python_executable,clinical_calculators.calculators.common.pediatric_neuro_radiation_more,length_cm; l; m; s,unit_tests_and_registry_smoke,external source and formula details represented in registry metadata,,儿科学,世界卫生组织 婴儿年龄百分位数（<24个月龄）,WHO Infant Length-for-Age Percentile,WHO Child Growth Standards,https://www.who.int/tools/child-growth-standards
CALC-0222,implemented,formula logic is linked in Python registry,python_executable,clinical_calculators.calculators.common.pediatric_neuro_radiation_more,weight_kg; l; m; s,unit_tests_and_registry_smoke,external source and formula details represented in registry metadata,,儿科学,世界卫生组织定义婴儿体重比年龄百分位数（<24 个月龄）,WHO Infant Weight-for-Age Percentile,WHO Child Growth Standards,https://www.who.int/tools/child-growth-standards
CALC-0223,implemented,formula logic is linked in Python registry,python_executable,clinical_calculators.calculators.common.pediatric_neuro_radiation_more,weight_kg; l; m; s,unit_tests_and_registry_smoke,external source and formula details represented in registry metadata,,儿科学,世界卫生组织定义婴儿体重比年龄百分位数（<24 个月龄）,WHO Infant Weight-for-Age Percentile,WHO Child Growth Standards,https://www.who.int/tools/child-growth-standards
CALC-0224,implemented,formula logic is linked in Python registry,python_executable,clinical_calculators.calculators.common.pediatric_neuro_radiation_more,weight_kg; l; m; s,unit_tests_and_registry_smoke,external source and formula details represented in registry metadata,,儿科学,世界卫生组织定义婴儿体重比身长百分位数（<24个月龄）,WHO Infant Weight-for-Length Percentile,WHO Child Growth Standards,https://www.who.int/tools/child-growth-standards
CALC-0225,implemented,formula logic is linked in Python registry,python_executable,clinical_calculators.calculators.common.pediatric_neuro_radiation_more,weight_kg; l; m; s,unit_tests_and_registry_smoke,external source and formula details represented in registry metadata,,儿科学,世界卫生组织定义婴儿体重比身长百分位数（<24个月龄）,WHO Infant Weight-for-Length Percentile,WHO Child Growth Standards,https://www.who.int/tools/child-growth-standards
CALC-0226,implemented,formula logic is linked in Python registry,python_executable,clinical_calculators.calculators.common.pediatric_neuro_radiation_more,head_circumference_cm; l; m; s,unit_tests_and_registry_smoke,external source and formula details represented in registry metadata,,儿科学,世界卫生组织定义婴儿头围比身长百分位数（<24个月龄）,WHO Infant Head Circumference-for-Age Percentile,WHO Child Growth Standards,https://www.who.int/tools/child-growth-standards
CALC-0227,implemented,formula logic is linked in Python registry,python_executable,clinical_calculators.calculators.common.pediatric_neuro_radiation_more,head_circumference_cm; l; m; s,unit_tests_and_registry_smoke,external source and formula details represented in registry metadata,,儿科学,世界卫生组织定义婴儿头围比身长百分位数（<24个月龄）,WHO Infant Head Circumference-for-Age Percentile,WHO Child Growth Standards,https://www.who.int/tools/child-growth-standards
CALC-0228,merged_alias,Exact duplicate merged into canonical calculator CALC-0173.,compatibility_alias,CALC-0173,weight_kg; current_sodium_mEq_l; target_sodium_mEq_l,alias_resolution_and_canonical_tests,canonical implementation and source metadata,,儿科学,低钠血症的钠缺乏,Sodium Deficit in Hyponatremia,MDCalc calculator library,https://www.mdcalc.com/
CALC-0229,merged_alias,Exact duplicate merged into canonical calculator CALC-0174.,compatibility_alias,CALC-0174,desired_sodium_change_mEq_l_per_hour; serum_sodium_mEq_l; total_body_water_fraction; weight_kg; infusate_sodium_mEq_l; infusate_potassium_mEq_l,alias_resolution_and_canonical_tests,canonical implementation and source metadata,,儿科学,低钠血症纠正时的输液速率,Infusion Rate for Hyponatremia Correction,MDCalc calculator library,https://www.mdcalc.com/
CALC-0230,merged_alias,Exact duplicate merged into canonical calculator CALC-0175.,compatibility_alias,CALC-0175,infusate_sodium_mEq_l; infusate_potassium_mEq_l; serum_sodium_mEq_l; total_body_water_fraction; weight_kg,alias_resolution_and_canonical_tests,canonical implementation and source metadata,,儿科学,低钠血症纠正时的输液速率,Infusion Rate for Hyponatremia Correction,MDCalc calculator library,https://www.mdcalc.com/
CALC-0231,merged_alias,Exact duplicate merged into canonical calculator CALC-0005.,compatibility_alias,CALC-0005,height_cm; weight_kg,alias_resolution_and_canonical_tests,canonical implementation and source metadata,,儿科学,体表面积（Du Bois 法）,Body Surface Area by Du Bois Formula,MDCalc calculator library,https://www.mdcalc.com/
CALC-0232,merged_alias,Exact duplicate merged into canonical calculator CALC-0177.,compatibility_alias,CALC-0177,daily_fluid_ml,alias_resolution_and_canonical_tests,canonical implementation and source metadata,,儿科学,儿童维持液量的计算,Pediatric Maintenance Fluid Calculation,MDCalc calculator library,https://www.mdcalc.com/
CALC-0233,implemented,formula logic is linked in Python registry,python_executable,clinical_calculators.calculators.common.pediatric_neuro_radiation_more,bmi; l; m; s,unit_tests_and_registry_smoke,external source and formula details represented in registry metadata,,儿科学,女孩（2 - 20岁）的体质量指数百分比,CDC Girls BMI-for-Age Percentile,CDC Growth Charts,https://www.cdc.gov/growthcharts/
CALC-0234,implemented,formula logic is linked in Python registry,python_executable,clinical_calculators.calculators.common.general,weight_kg; height_cm,unit_tests_and_registry_smoke,external source and formula details represented in registry metadata,,儿科学,女孩（2 - 20岁）的体质量指数百分比,CDC Girls BMI-for-Age Percentile,CDC Growth Charts,https://www.cdc.gov/growthcharts/
CALC-0235,implemented,formula logic is linked in Python registry,python_executable,clinical_calculators.calculators.common.pediatric_neuro_radiation_more,bmi; l; m; s,unit_tests_and_registry_smoke,external source and formula details represented in registry metadata,,儿科学,女孩（2 - 20岁）的体质量指数百分比,CDC Girls BMI-for-Age Percentile,CDC Growth Charts,https://www.cdc.gov/growthcharts/
CALC-0236,implemented,formula logic is linked in Python registry,python_executable,clinical_calculators.calculators.common.pediatric_neuro_radiation_more,bmi; l; m; s,unit_tests_and_registry_smoke,external source and formula details represented in registry metadata,,儿科学,男孩（2 - 20岁）的体质量指数百分比,CDC Boys BMI-for-Age Percentile,CDC Growth Charts,https://www.cdc.gov/growthcharts/
CALC-0237,implemented,formula logic is linked in Python registry,python_executable,clinical_calculators.calculators.common.general,weight_kg; height_cm,unit_tests_and_registry_smoke,external source and formula details represented in registry metadata,,儿科学,男孩（2 - 20岁）的体质量指数百分比,CDC Boys BMI-for-Age Percentile,CDC Growth Charts,https://www.cdc.gov/growthcharts/
CALC-0238,implemented,formula logic is linked in Python registry,python_executable,clinical_calculators.calculators.common.pediatric_neuro_radiation_more,bmi; l; m; s,unit_tests_and_registry_smoke,external source and formula details represented in registry metadata,,儿科学,男孩（2 - 20岁）的体质量指数百分比,CDC Boys BMI-for-Age Percentile,CDC Growth Charts,https://www.cdc.gov/growthcharts/
CALC-0239,implemented,formula logic is linked in Python registry,python_executable,clinical_calculators.calculators.common.pediatric_neuro_radiation_more,weight_kg; l; m; s,unit_tests_and_registry_smoke,external source and formula details represented in registry metadata,,儿科学,疾病预防控制中心女孩体重年龄百分位数（2-20岁）,CDC Girls Weight-for-Age Percentile,CDC Growth Charts,https://www.cdc.gov/growthcharts/
CALC-0240,implemented,formula logic is linked in Python registry,python_executable,clinical_calculators.calculators.common.pediatric_neuro_radiation_more,weight_kg; l; m; s,unit_tests_and_registry_smoke,external source and formula details represented in registry metadata,,儿科学,疾病预防控制中心女孩体重年龄百分位数（2-20岁）,CDC Girls Weight-for-Age Percentile,CDC Growth Charts,https://www.cdc.gov/growthcharts/
CALC-0241,implemented,formula logic is linked in Python registry,python_executable,clinical_calculators.calculators.common.pediatric_neuro_radiation_more,weight_kg; l; m; s,unit_tests_and_registry_smoke,external source and formula details represented in registry metadata,,儿科学,疾病预防控制中心女孩体重身高百分位数（77-121cm高）,CDC Girls Weight-for-Stature Percentile,CDC Growth Charts,https://www.cdc.gov/growthcharts/
CALC-0242,implemented,formula logic is linked in Python registry,python_executable,clinical_calculators.calculators.common.pediatric_neuro_radiation_more,weight_kg; l; m; s,unit_tests_and_registry_smoke,external source and formula details represented in registry metadata,,儿科学,疾病预防控制中心女孩体重身高百分位数（77-121cm高）,CDC Girls Weight-for-Stature Percentile,CDC Growth Charts,https://www.cdc.gov/growthcharts/
CALC-0243,implemented,formula logic is linked in Python registry,python_executable,clinical_calculators.calculators.common.pediatric_neuro_radiation_more,weight_kg; l; m; s,unit_tests_and_registry_smoke,external source and formula details represented in registry metadata,,儿科学,疾病预防控制中心男孩体重年龄百分位数（2-20岁）,CDC Boys Weight-for-Age Percentile,CDC Growth Charts,https://www.cdc.gov/growthcharts/
CALC-0244,implemented,formula logic is linked in Python registry,python_executable,clinical_calculators.calculators.common.pediatric_neuro_radiation_more,weight_kg; l; m; s,unit_tests_and_registry_smoke,external source and formula details represented in registry metadata,,儿科学,疾病预防控制中心男孩体重年龄百分位数（2-20岁）,CDC Boys Weight-for-Age Percentile,CDC Growth Charts,https://www.cdc.gov/growthcharts/
CALC-0245,implemented,formula logic is linked in Python registry,python_executable,clinical_calculators.calculators.common.pediatric_neuro_radiation_more,weight_kg; l; m; s,unit_tests_and_registry_smoke,external source and formula details represented in registry metadata,,儿科学,疾病预防控制中心男孩体重身高百分位数（77-121cm高）,CDC Boys Weight-for-Stature Percentile,CDC Growth Charts,https://www.cdc.gov/growthcharts/
CALC-0246,implemented,formula logic is linked in Python registry,python_executable,clinical_calculators.calculators.common.pediatric_neuro_radiation_more,weight_kg; l; m; s,unit_tests_and_registry_smoke,external source and formula details represented in registry metadata,,儿科学,疾病预防控制中心男孩体重身高百分位数（77-121cm高）,CDC Boys Weight-for-Stature Percentile,CDC Growth Charts,https://www.cdc.gov/growthcharts/
CALC-0247,implemented,formula logic is linked in Python registry,python_executable,clinical_calculators.calculators.common.basic_formulas_more,serum_iron_ug_dl; tibc_ug_dl,unit_tests_and_registry_smoke,external source and formula details represented in registry metadata,,儿科学,转铁蛋白饱和度,Transferrin Saturation,MDCalc calculator library,https://www.mdcalc.com/
CALC-0248,merged_alias,Exact duplicate merged into canonical calculator CALC-0150.,compatibility_alias,CALC-0150,sodium; chloride; bicarbonate,alias_resolution_and_canonical_tests,canonical implementation and source metadata,,儿科学,阴离子间隙,Anion Gap,MDCalc calculator library,https://www.mdcalc.com/
CALC-0249,implemented,formula logic is linked in Python registry,python_executable,clinical_calculators.calculators.common.hepatology_advanced,age_years; albumin_g_dl; bilirubin_mg_dl; inr; growth_failure,unit_tests_and_registry_smoke,external source and formula details represented in registry metadata,,儿科学,PELD评分,Pediatric End-stage Liver Disease Score,OPTN MELD calculator,https://optn.transplant.hrsa.gov/data/allocation-calculators/meld-calculator/
CALC-0250,implemented,formula logic is linked in Python registry,python_executable,clinical_calculators.calculators.common.pediatric_infectious_more,behavior; cardiovascular; respiratory; quarter_hourly_nebulizers; persistent_postoperative_vomiting,unit_tests_and_registry_smoke,external source and formula details represented in registry metadata,,儿科学,PEWS儿童早期预警评分,Pediatric Early Warning Score,Pediatric Early Warning Score (PEWS) / MDCalc,https://www.mdcalc.com/calc/3901/pediatric-early-warning-score-pews
CALC-0251,implemented,formula logic is linked in Python registry,python_executable,clinical_calculators.calculators.common.pediatric_infectious_more,suprasternal_retractions; scalene_muscle_contraction; air_entry; wheezing; oxygen_saturation,unit_tests_and_registry_smoke,external source and formula details represented in registry metadata,,儿科学,PRAM儿童哮喘严重度,Pediatric Respiratory Assessment Measure,PRAM Pediatric Respiratory Assessment Measure,https://www.mdcalc.com/calc/10195/pram-pediatric-respiratory-assessment-measure-asthma-exacerbation-severity
CALC-0252,implemented,formula logic is linked in Python registry,python_executable,clinical_calculators.calculators.common.pediatric_neuro_radiation_more,height_cm; serum_creatinine_mg_dl,unit_tests_and_registry_smoke,external source and formula details represented in registry metadata,,儿科学,Schwartz儿童eGFR,Bedside Schwartz Equation,National Kidney Foundation eGFR calculator,https://www.kidney.org/professionals/gfr_calculator
CALC-0253,implemented,formula logic is linked in Python registry,python_executable,clinical_calculators.calculators.common.pediatric_infectious_more,level_of_consciousness; cyanosis; stridor; air_entry; retractions,unit_tests_and_registry_smoke,external source and formula details represented in registry metadata,,儿科学,Westley哮吼评分,Westley Croup Score,MDCalc calculator library,https://www.mdcalc.com/
CALC-0254,implemented,formula logic is linked in Python registry,python_executable,clinical_calculators.calculators.common.emergency_scores,eye; verbal; motor,unit_tests_and_registry_smoke,external source and formula details represented in registry metadata,,儿科学,儿童GCS,Pediatric Glasgow Coma Scale,MDCalc calculator library,https://www.mdcalc.com/
CALC-0255,implemented,formula logic is linked in Python registry,python_executable,clinical_calculators.calculators.common.pediatric_infectious_more,cough_percussion_hopping_tenderness; anorexia; fever; nausea_vomiting; rlq_tenderness; leukocytosis; neutrophilia; migration_pain,unit_tests_and_registry_smoke,external source and formula details represented in registry metadata,,儿科学,儿童阑尾炎评分,Pediatric Appendicitis Score,MDCalc calculator library,https://www.mdcalc.com/
CALC-0256,pending_formula_or_rule_implementation,The neonatal early-onset sepsis model requires complete coefficients baseline incidence constraints and a validated management-version contract.,markdown_or_data_table_until_source_complete,,complete coefficients baseline incidence constraints and validation examples,metadata_self_check_only,do not reconstruct the model from risk-factor names,model_coefficients_needed,儿科学,新生儿早发败血症风险,Neonatal Early-Onset Sepsis Calculator,Calculate by QxMD,https://qxmd.com/calculate/
CALC-0257,merged_alias,Exact duplicate merged into canonical calculator CALC-0125.,compatibility_alias,CALC-0125,age_years; serum_creatinine_mg_dl; sex,alias_resolution_and_canonical_tests,canonical implementation and source metadata,,妇产科学,MDRD公式估算肾小球滤过率,MDRD Estimated Glomerular Filtration Rate,National Kidney Foundation eGFR calculator,https://www.kidney.org/professionals/gfr_calculator
CALC-0258,merged_alias,Exact duplicate merged into canonical calculator CALC-0039.,compatibility_alias,CALC-0039,weight_kg; height_cm,alias_resolution_and_canonical_tests,canonical implementation and source metadata,,妇产科学,体质指数（凯特勒指数）,Body Mass Index,CDC BMI calculators,https://www.cdc.gov/bmi/
CALC-0259,merged_alias,Exact duplicate merged into canonical calculator CALC-0145.,compatibility_alias,CALC-0145,urine_creatinine_mg_dl; urine_volume_ml; serum_creatinine_mg_dl; collection_minutes,alias_resolution_and_canonical_tests,canonical implementation and source metadata,,妇产科学,肌酐清除率（测定）,Measured Creatinine Clearance,MDCalc calculator library,https://www.mdcalc.com/
CALC-0260,implemented,formula logic is linked in Python registry,python_executable,clinical_calculators.calculators.common.nursing_obstetric_scores,dilation; effacement; station; consistency; position,unit_tests_and_registry_smoke,external source and formula details represented in registry metadata,,妇产科学,Bishop宫颈评分,Bishop Score,MDCalc calculator library,https://www.mdcalc.com/
CALC-0261,pending_formula_or_rule_implementation,No sufficient formula cue in local metadata; needs targeted source search and source-quality decision.,markdown_or_data_table_until_source_complete,,reliable source and formula-level details,metadata_self_check_only,external source metadata is present but executable formula/rule still requires audit,manual_research_needed,妇产科学,MFMU剖宫产后阴道试产预测,MFMU VBAC Calculator,MFMU VBAC calculator,https://mfmunetwork.bsc.gwu.edu/web/mfmunetwork/vaginal-birth-after-cesarean-calculator
CALC-0262,implemented,formula logic is linked in Python registry,python_executable,clinical_calculators.calculators.common.obstetric_surgical_scores,nausea_hours_score; vomiting_score; retching_score,unit_tests_and_registry_smoke,external source and formula details represented in registry metadata,,妇产科学,PUQE妊娠恶心呕吐评分,Pregnancy-Unique Quantification of Emesis,Calculate by QxMD,https://qxmd.com/calculate/
CALC-0263,implemented,formula logic is linked in Python registry,python_executable,clinical_calculators.calculators.common.obstetric_surgical_scores,heart_rate; systolic_bp,unit_tests_and_registry_smoke,external source and formula details represented in registry metadata,,妇产科学,产后出血量/休克指数,Obstetric Shock Index,Merck Manual clinical calculators,https://www.merckmanuals.com/professional/pages-with-widgets/clinical-calculators
CALC-0264,implemented,formula logic is linked in Python registry,python_executable,clinical_calculators.calculators.common.nursing_obstetric_scores,strategy; screen_one_hour_mg_dl; fasting_mg_dl; one_hour_mg_dl; two_hour_mg_dl; three_hour_mg_dl,unit_tests_and_registry_smoke,external source and formula details represented in registry metadata,,妇产科学,妊娠期糖尿病筛查解释,Gestational Diabetes Screening Interpretation,USPSTF Gestational Diabetes Screening / UW Medicine OB consensus,https://www.uspreventiveservicestaskforce.org/uspstf/recommendation/gestational-diabetes-screening
CALC-0265,implemented,formula logic is linked in Python registry,python_executable,clinical_calculators.calculators.common.obstetric_surgical_scores,fetal_breathing; gross_body_movement; fetal_tone; amniotic_fluid; nonstress_test,unit_tests_and_registry_smoke,external source and formula details represented in registry metadata,,妇产科学,胎儿生物物理评分,Biophysical Profile,Calculate by QxMD,https://qxmd.com/calculate/
CALC-0266,implemented,formula logic is linked in Python registry,python_executable,clinical_calculators.calculators.common.datetime_vision_hearing_more,lmp_date; as_of_date,unit_tests_and_registry_smoke,external source and formula details represented in registry metadata,,妇产科学,预产期与孕周计算,Estimated Due Date and Gestational Age,ACOG due date guidance,https://www.acog.org/clinical/clinical-guidance/committee-opinion/articles/2017/05/methods-for-estimating-the-due-date
CALC-0267,merged_alias,Exact duplicate merged into canonical calculator CALC-0063.,compatibility_alias,CALC-0063,items,alias_resolution_and_canonical_tests,canonical implementation and source metadata,,神经、精神与老年医学,EPWORTH睡眠量表（ESS）,Epworth Sleepiness Scale,MDCalc calculator library,https://www.mdcalc.com/
CALC-0268,merged_alias,Exact duplicate merged into canonical calculator CALC-0001.,compatibility_alias,CALC-0001,eye; verbal; motor,alias_resolution_and_canonical_tests,canonical implementation and source metadata,,神经、精神与老年医学,GLASGOW昏迷评分,Glasgow Coma Scale,MDCalc calculator library,https://www.mdcalc.com/
CALC-0269,merged_alias,Exact duplicate merged into canonical calculator CALC-0125.,compatibility_alias,CALC-0125,age_years; serum_creatinine_mg_dl; sex,alias_resolution_and_canonical_tests,canonical implementation and source metadata,,神经、精神与老年医学,MDRD公式估算肾小球滤过率,MDRD Estimated Glomerular Filtration Rate,National Kidney Foundation eGFR calculator,https://www.kidney.org/professionals/gfr_calculator
CALC-0270,implemented,formula logic is linked in Python registry,python_executable,clinical_calculators.calculators.common.neuro_classification_scores,items,unit_tests_and_registry_smoke,external source and formula details represented in registry metadata,,神经、精神与老年医学,NIH 卒中评分,NIH Stroke Scale,NIH Stroke Scale,https://www.stroke.nih.gov/resources/scale.htm
CALC-0271,merged_alias,Exact duplicate merged into canonical calculator CALC-0031.,compatibility_alias,CALC-0031,qt_seconds; heart_rate,alias_resolution_and_canonical_tests,canonical implementation and source metadata,,神经、精神与老年医学,QT间期校正 (EKG),Corrected QT Interval,MDCalc calculator library,https://www.mdcalc.com/
CALC-0272,merged_alias,Exact duplicate merged into canonical calculator CALC-0031.,compatibility_alias,CALC-0031,qt_seconds; heart_rate,alias_resolution_and_canonical_tests,canonical implementation and source metadata,,神经、精神与老年医学,QT间期校正 (EKG),Corrected QT Interval,MDCalc calculator library,https://www.mdcalc.com/
CALC-0273,merged_alias,Exact duplicate merged into canonical calculator CALC-0031.,compatibility_alias,CALC-0031,qt_seconds; heart_rate,alias_resolution_and_canonical_tests,canonical implementation and source metadata,,神经、精神与老年医学,QT间期校正 (EKG),Corrected QT Interval,MDCalc calculator library,https://www.mdcalc.com/
CALC-0274,merged_alias,Exact duplicate merged into canonical calculator CALC-0031.,compatibility_alias,CALC-0031,qt_seconds; heart_rate,alias_resolution_and_canonical_tests,canonical implementation and source metadata,,神经、精神与老年医学,QT间期校正 (EKG),Corrected QT Interval,MDCalc calculator library,https://www.mdcalc.com/
CALC-0275,merged_alias,Exact duplicate merged into canonical calculator CALC-0039.,compatibility_alias,CALC-0039,weight_kg; height_cm,alias_resolution_and_canonical_tests,canonical implementation and source metadata,,神经、精神与老年医学,体质指数（凯特勒指数）,Body Mass Index,CDC BMI calculators,https://www.cdc.gov/bmi/
CALC-0276,merged_alias,Exact duplicate merged into canonical calculator CALC-0039.,compatibility_alias,CALC-0039,weight_kg; height_cm,alias_resolution_and_canonical_tests,canonical implementation and source metadata,,神经、精神与老年医学,体质指数（凯特勒指数）,Body Mass Index,CDC BMI calculators,https://www.cdc.gov/bmi/
CALC-0277,implemented,formula logic is linked in Python registry,python_executable,clinical_calculators.calculators.common.pediatric_neuro_radiation_more,bmi; l; m; s,unit_tests_and_registry_smoke,external source and formula details represented in registry metadata,,神经、精神与老年医学,女孩（2 - 20岁）的体质量指数百分比,CDC Girls BMI-for-Age Percentile,CDC Growth Charts,https://www.cdc.gov/growthcharts/
CALC-0278,merged_alias,Exact duplicate merged into canonical calculator CALC-0234.,compatibility_alias,CALC-0234,weight_kg; height_cm,alias_resolution_and_canonical_tests,canonical implementation and source metadata,,神经、精神与老年医学,女孩（2 - 20岁）的体质量指数百分比,CDC Girls BMI-for-Age Percentile,CDC Growth Charts,https://www.cdc.gov/growthcharts/
CALC-0279,merged_alias,Exact duplicate merged into canonical calculator CALC-0235.,compatibility_alias,CALC-0235,bmi; l; m; s,alias_resolution_and_canonical_tests,canonical implementation and source metadata,,神经、精神与老年医学,女孩（2 - 20岁）的体质量指数百分比,CDC Girls BMI-for-Age Percentile,CDC Growth Charts,https://www.cdc.gov/growthcharts/
CALC-0280,merged_alias,Exact duplicate merged into canonical calculator CALC-0008.,compatibility_alias,CALC-0008,systolic_pressure_mm_hg; diastolic_pressure_mm_hg,alias_resolution_and_canonical_tests,canonical implementation and source metadata,,神经、精神与老年医学,平均血管压力（体循环或肺循环）,Mean Arterial or Vascular Pressure,MDCalc calculator library,https://www.mdcalc.com/
CALC-0281,implemented,formula logic is linked in Python registry,python_executable,clinical_calculators.calculators.common.emergency_scores,eye; verbal; motor,unit_tests_and_registry_smoke,external source and formula details represented in registry metadata,,神经、精神与老年医学,格拉斯哥昏迷指数评分,Glasgow Coma Scale (GCS),MDCalc calculator library,https://www.mdcalc.com/
CALC-0282,implemented,formula logic is linked in Python registry,python_executable,clinical_calculators.calculators.common.pediatric_neuro_radiation_more,bmi; l; m; s,unit_tests_and_registry_smoke,external source and formula details represented in registry metadata,,神经、精神与老年医学,男孩（2 - 20岁）的体质量指数百分比,CDC Boys BMI-for-Age Percentile,CDC Growth Charts,https://www.cdc.gov/growthcharts/
CALC-0283,merged_alias,Exact duplicate merged into canonical calculator CALC-0237.,compatibility_alias,CALC-0237,weight_kg; height_cm,alias_resolution_and_canonical_tests,canonical implementation and source metadata,,神经、精神与老年医学,男孩（2 - 20岁）的体质量指数百分比,CDC Boys BMI-for-Age Percentile,CDC Growth Charts,https://www.cdc.gov/growthcharts/
CALC-0284,merged_alias,Exact duplicate merged into canonical calculator CALC-0238.,compatibility_alias,CALC-0238,bmi; l; m; s,alias_resolution_and_canonical_tests,canonical implementation and source metadata,,神经、精神与老年医学,男孩（2 - 20岁）的体质量指数百分比,CDC Boys BMI-for-Age Percentile,CDC Growth Charts,https://www.cdc.gov/growthcharts/
CALC-0285,implemented,source-backed four-item scoring logic is linked in Python registry,python_executable,clinical_calculators.calculators.common.source_backed_batch,closed_circle; numbers_in_correct_positions; all_twelve_numbers_present; hands_show_requested_time,source_rule_unit_tests_and_registry_smoke,inventory four-point rule with explicit screening caveat,,神经、精神与老年医学,画钟试验（认知障碍筛查）,Clock Drawing Test,MDCalc calculator library,https://www.mdcalc.com/
CALC-0286,implemented,formula logic is linked in Python registry,python_executable,clinical_calculators.calculators.common.behavioral_scores,items,unit_tests_and_registry_smoke,external source and formula details represented in registry metadata,,神经、精神与老年医学,老年抑郁量表,Geriatric Depression Scale,MDCalc calculator library,https://www.mdcalc.com/
CALC-0287,merged_alias,Exact duplicate merged into canonical calculator CALC-0145.,compatibility_alias,CALC-0145,urine_creatinine_mg_dl; urine_volume_ml; serum_creatinine_mg_dl; collection_minutes,alias_resolution_and_canonical_tests,canonical implementation and source metadata,,神经、精神与老年医学,肌酐清除率（测定）,Measured Creatinine Clearance,MDCalc calculator library,https://www.mdcalc.com/
CALC-0288,implemented,formula logic is linked in Python registry,python_executable,clinical_calculators.calculators.common.pediatric_neuro_radiation_more,csf_wbc_per_uL; blood_wbc_10e3_per_uL; csf_rbc_per_uL; blood_rbc_10e6_per_uL,unit_tests_and_registry_smoke,external source and formula details represented in registry metadata,,神经、精神与老年医学,血液污染脑脊液的白细胞计数校正,Correction of CSF White Blood Cell Count in Traumatic Tap,MDCalc calculator library,https://www.mdcalc.com/
CALC-0289,implemented,formula logic is linked in Python registry,python_executable,clinical_calculators.calculators.common.misc_formula_more,csf_protein_mg_dl; serum_protein_g_dl; hematocrit_percent; csf_rbc_per_uL; blood_rbc_10e6_per_uL,unit_tests_and_registry_smoke,external source and formula details represented in registry metadata,,神经、精神与老年医学,血液污染脑脊液的蛋白浓度校正,Correction of CSF Protein in Traumatic Tap,MDCalc calculator library,https://www.mdcalc.com/
CALC-0290,implemented,formula logic is linked in Python registry,python_executable,clinical_calculators.calculators.common.renal_endocrine_more,sex; weight_kg; serum_albumin_g_dl; serum_creatinine_mg_dl,unit_tests_and_registry_smoke,external source and formula details represented in registry metadata,,神经、精神与老年医学,通过Sanaka公式估计肌酐清除率（用于低肌肉量的年长者）,Sanaka Formula for Creatinine Clearance,MDCalc calculator library,https://www.mdcalc.com/
CALC-0291,merged_alias,Exact duplicate merged into canonical calculator CALC-0191.,compatibility_alias,CALC-0191,age_years; weight_kg; serum_creatinine_umol_l; sex,alias_resolution_and_canonical_tests,canonical implementation and source metadata,,神经、精神与老年医学,采用Cockcroft - Gault公式估算肌酐清除率（SI单位）,Cockcroft-Gault Creatinine Clearance in SI Units,MDCalc calculator library,https://www.mdcalc.com/
CALC-0292,implemented,formula logic is linked in Python registry,python_executable,clinical_calculators.calculators.common.neuro_emergency_scores,age_years; systolic_bp; diastolic_bp; clinical_feature; duration_minutes; diabetes,unit_tests_and_registry_smoke,external source and formula details represented in registry metadata,,神经、精神与老年医学,ABCD2短暂性脑缺血发作风险,ABCD2 Score,MDCalc calculator library,https://www.mdcalc.com/
CALC-0293,implemented,formula logic is linked in Python registry,python_executable,clinical_calculators.calculators.common.behavioral_scores,items,unit_tests_and_registry_smoke,external source and formula details represented in registry metadata,,神经、精神与老年医学,AUDIT-C酒精使用筛查,AUDIT-C,Calculate by QxMD,https://qxmd.com/calculate/
CALC-0294,implemented,formula logic is linked in Python registry,python_executable,clinical_calculators.calculators.common.behavioral_scores,acute_onset_or_fluctuating_course; inattention; disorganized_thinking; altered_level_of_consciousness,unit_tests_and_registry_smoke,external source and formula details represented in registry metadata,,神经、精神与老年医学,CAM谵妄评估,Confusion Assessment Method,Calculate by QxMD,https://qxmd.com/calculate/
CALC-0295,implemented,formula logic is linked in Python registry,python_executable,clinical_calculators.calculators.common.behavioral_scores,items,unit_tests_and_registry_smoke,external source and formula details represented in registry metadata,,神经、精神与老年医学,GAD-7焦虑评分,Generalized Anxiety Disorder-7,GAD-7,https://www.phqscreeners.com/select-screener
CALC-0296,implemented,formula logic is linked in Python registry,python_executable,clinical_calculators.calculators.common.neuro_classification_scores,grade,unit_tests_and_registry_smoke,external source and formula details represented in registry metadata,,神经、精神与老年医学,Hunt-Hess蛛网膜下腔出血分级,Hunt and Hess Scale,MDCalc calculator library,https://www.mdcalc.com/
CALC-0297,implemented,formula logic is linked in Python registry,python_executable,clinical_calculators.calculators.common.neuro_emergency_scores,gcs; age_years; ich_volume_ml; infratentorial_origin; intraventricular_hemorrhage,unit_tests_and_registry_smoke,external source and formula details represented in registry metadata,,神经、精神与老年医学,ICH脑出血评分,Intracerebral Hemorrhage Score,MDCalc calculator library,https://www.mdcalc.com/
CALC-0298,implemented,formula logic is linked in Python registry,python_executable,clinical_calculators.calculators.common.behavioral_scores,items,unit_tests_and_registry_smoke,external source and formula details represented in registry metadata,,神经、精神与老年医学,PHQ-9抑郁评分,Patient Health Questionnaire-9,PHQ-9,https://www.phqscreeners.com/select-screener
CALC-0299,implemented,formula logic is linked in Python registry,python_executable,clinical_calculators.calculators.common.function_lifestyle_scores,grade,unit_tests_and_registry_smoke,external source and formula details represented in registry metadata,,神经、精神与老年医学,改良Rankin量表,Modified Rankin Scale,Calculate by QxMD,https://qxmd.com/calculate/
CALC-0300,implemented,formula logic is linked in Python registry,python_executable,clinical_calculators.calculators.common.lab_and_diagnostic_stats_more,wbc_10e9_l; segmented_neutrophils_percent; bands_percent,unit_tests_and_registry_smoke,external source and formula details represented in registry metadata,,血液、肿瘤与免疫/过敏,中性粒细胞绝对计数,Absolute Neutrophil Count,MDCalc calculator library,https://www.mdcalc.com/
CALC-0301,merged_alias,Exact duplicate merged into canonical calculator CALC-0300.,compatibility_alias,CALC-0300,wbc_10e9_l; segmented_neutrophils_percent; bands_percent,alias_resolution_and_canonical_tests,canonical implementation and source metadata,,血液、肿瘤与免疫/过敏,中性粒细胞绝对计数,Absolute Neutrophil Count,MDCalc calculator library,https://www.mdcalc.com/
CALC-0302,implemented,formula logic is linked in Python registry,python_executable,clinical_calculators.calculators.common.lab_and_diagnostic_stats_more,wbc_10e9_l; eosinophils_percent,unit_tests_and_registry_smoke,external source and formula details represented in registry metadata,,血液、肿瘤与免疫/过敏,嗜酸性粒细胞计数,Absolute Eosinophil Count,MDCalc calculator library,https://www.mdcalc.com/
CALC-0303,implemented,formula logic is linked in Python registry,python_executable,clinical_calculators.calculators.common.lab_and_diagnostic_stats_more,wbc_10e9_l; lymphocytes_percent,unit_tests_and_registry_smoke,external source and formula details represented in registry metadata,,血液、肿瘤与免疫/过敏,淋巴细胞绝对值,Absolute Lymphocyte Count,MDCalc calculator library,https://www.mdcalc.com/
CALC-0304,merged_alias,Exact duplicate merged into canonical calculator CALC-0111.,compatibility_alias,CALC-0111,bilirubin_mg_dl; inr; creatinine_mg_dl; sodium_mEq_l,alias_resolution_and_canonical_tests,canonical implementation and source metadata,,血液、肿瘤与免疫/过敏,终末期肝病MELDNa评分（不适合12岁以下患者）,MELD-Na Score,OPTN MELD calculator,https://optn.transplant.hrsa.gov/data/allocation-calculators/meld-calculator/
CALC-0305,merged_alias,Exact duplicate merged into canonical calculator CALC-0111.,compatibility_alias,CALC-0111,bilirubin_mg_dl; inr; creatinine_mg_dl; sodium_mEq_l,alias_resolution_and_canonical_tests,canonical implementation and source metadata,,血液、肿瘤与免疫/过敏,终末期肝病MELDNa评分（不适合12岁以下患者）,MELD-Na Score,OPTN MELD calculator,https://optn.transplant.hrsa.gov/data/allocation-calculators/meld-calculator/
CALC-0306,implemented,formula logic is linked in Python registry,python_executable,clinical_calculators.calculators.common.lab_and_diagnostic_stats_more,hematocrit_percent; reticulocytes_percent; maturation_correction,unit_tests_and_registry_smoke,external source and formula details represented in registry metadata,,血液、肿瘤与免疫/过敏,网织红细胞生成指数,Reticulocyte Production Index,MDCalc calculator library,https://www.mdcalc.com/
CALC-0307,implemented,formula logic is linked in Python registry,python_executable,clinical_calculators.calculators.common.lab_and_diagnostic_stats_more,reticulocytes_percent; hematocrit_percent,unit_tests_and_registry_smoke,external source and formula details represented in registry metadata,,血液、肿瘤与免疫/过敏,网织红细胞计数绝对值,Absolute Reticulocyte Count,MDCalc calculator library,https://www.mdcalc.com/
CALC-0308,implemented,formula logic is linked in Python registry,python_executable,clinical_calculators.calculators.common.heme_rheum_scores,thrombocytopenia; timing; thrombosis; other_causes,unit_tests_and_registry_smoke,external source and formula details represented in registry metadata,,血液、肿瘤与免疫/过敏,肝素诱导的血小板减少（4-T分数）的验前概率,4Ts Score for Heparin-Induced Thrombocytopenia,MDCalc calculator library,https://www.mdcalc.com/
CALC-0309,merged_alias,Exact duplicate merged into canonical calculator CALC-0247.,compatibility_alias,CALC-0247,serum_iron_ug_dl; tibc_ug_dl,alias_resolution_and_canonical_tests,canonical implementation and source metadata,,血液、肿瘤与免疫/过敏,转铁蛋白饱和度,Transferrin Saturation,MDCalc calculator library,https://www.mdcalc.com/
CALC-0310,implemented,formula logic is linked in Python registry,python_executable,clinical_calculators.calculators.common.heme_rheum_scores,age_years; clinical_stage; beta2_microglobulin_mg_l; ighv_unmutated; del17p_or_tp53_mutated,unit_tests_and_registry_smoke,external source and formula details represented in registry metadata,,血液、肿瘤与免疫/过敏,CLL-IPI慢淋预后指数,CLL International Prognostic Index,CLL-IPI / Calculate by QxMD,https://qxmd.com/calculate/
CALC-0311,implemented,formula logic is linked in Python registry,python_executable,clinical_calculators.calculators.common.heme_rheum_scores,tender_joint_count_28; swollen_joint_count_28; esr_mm_hr; patient_global_health,unit_tests_and_registry_smoke,external source and formula details represented in registry metadata,,血液、肿瘤与免疫/过敏,DAS28类风湿活动度,Disease Activity Score-28,Calculate by QxMD,https://qxmd.com/calculate/
CALC-0312,implemented,formula logic is linked in Python registry,python_executable,clinical_calculators.calculators.common.questionnaire_and_risk_more,age_years; ann_arbor_stage; hemoglobin_g_dl; nodal_areas; ldh_above_normal,unit_tests_and_registry_smoke,external source and formula details represented in registry metadata,,血液、肿瘤与免疫/过敏,FLIPI滤泡淋巴瘤指数,Follicular Lymphoma International Prognostic Index,Calculate by QxMD,https://qxmd.com/calculate/
CALC-0313,implemented,formula logic is linked in Python registry,python_executable,clinical_calculators.calculators.common.questionnaire_and_risk_more,age_years; ann_arbor_stage; ldh_above_normal; ecog_performance_status; extranodal_sites,unit_tests_and_registry_smoke,external source and formula details represented in registry metadata,,血液、肿瘤与免疫/过敏,IPI淋巴瘤预后指数,International Prognostic Index,MDCalc calculator library,https://www.mdcalc.com/
CALC-0314,implemented,formula logic is linked in Python registry,python_executable,clinical_calculators.calculators.common.heme_rheum_scores,cytogenetic_risk; bone_marrow_blast_percent; hemoglobin_g_dl; platelets_10e9_l; absolute_neutrophil_count_10e9_l,unit_tests_and_registry_smoke,external source and formula details represented in registry metadata,,血液、肿瘤与免疫/过敏,IPSS-R骨髓增生异常综合征,Revised International Prognostic Scoring System,Calculate by QxMD,https://qxmd.com/calculate/
CALC-0315,implemented,formula logic is linked in Python registry,python_executable,clinical_calculators.calculators.common.vte_scores,cancer_site; platelets_10e9_l; hemoglobin_g_dl; using_esa; wbc_10e9_l; bmi,unit_tests_and_registry_smoke,external source and formula details represented in registry metadata,,血液、肿瘤与免疫/过敏,Khorana肿瘤相关VTE风险,Khorana Score,Khorana Risk Score for VTE in Cancer Patients,https://www.mdcalc.com/calc/10212/khorana-risk-score-venous-thromboembolism-cancer-patients
CALC-0316,implemented,formula logic is linked in Python registry,python_executable,clinical_calculators.calculators.common.heme_rheum_scores,beta2_microglobulin_mg_l; albumin_g_dl; ldh_above_upper_limit_normal; high_risk_cytogenetics,unit_tests_and_registry_smoke,external source and formula details represented in registry metadata,,血液、肿瘤与免疫/过敏,R-ISS多发性骨髓瘤分期,Revised International Staging System,Calculate by QxMD,https://qxmd.com/calculate/
CALC-0317,implemented,formula logic is linked in Python registry,python_executable,clinical_calculators.calculators.common.heme_rheum_scores,weight_8_count; weight_4_count; weight_2_count; weight_1_count,unit_tests_and_registry_smoke,external source and formula details represented in registry metadata,,血液、肿瘤与免疫/过敏,SLEDAI狼疮活动指数,SLE Disease Activity Index,Calculate by QxMD,https://qxmd.com/calculate/
CALC-0318,merged_alias,Exact duplicate merged into canonical calculator CALC-0001.,compatibility_alias,CALC-0001,eye; verbal; motor,alias_resolution_and_canonical_tests,canonical implementation and source metadata,,创伤、中毒与职业损伤,GLASGOW昏迷评分,Glasgow Coma Scale,MDCalc calculator library,https://www.mdcalc.com/
CALC-0319,merged_alias,Exact duplicate merged into canonical calculator CALC-0031.,compatibility_alias,CALC-0031,qt_seconds; heart_rate,alias_resolution_and_canonical_tests,canonical implementation and source metadata,,创伤、中毒与职业损伤,QT间期校正 (EKG),Corrected QT Interval,MDCalc calculator library,https://www.mdcalc.com/
CALC-0320,merged_alias,Exact duplicate merged into canonical calculator CALC-0031.,compatibility_alias,CALC-0031,qt_seconds; heart_rate,alias_resolution_and_canonical_tests,canonical implementation and source metadata,,创伤、中毒与职业损伤,QT间期校正 (EKG),Corrected QT Interval,MDCalc calculator library,https://www.mdcalc.com/
CALC-0321,merged_alias,Exact duplicate merged into canonical calculator CALC-0071.,compatibility_alias,CALC-0071,lung_diameter_cm; hemithorax_diameter_cm,alias_resolution_and_canonical_tests,canonical implementation and source metadata,,创伤、中毒与职业损伤,气胸的塌陷程度,Estimated Pneumothorax Size,MDCalc calculator library,https://www.mdcalc.com/
CALC-0322,implemented,formula logic is linked in Python registry,python_executable,clinical_calculators.calculators.common.renal,weight_kg; tbsa_burn_percent,unit_tests_and_registry_smoke,external source and formula details represented in registry metadata,,创伤、中毒与职业损伤,烧伤液体复苏，成人（Parkland公式）,Parkland Formula for Adult Burn Resuscitation,MDCalc calculator library,https://www.mdcalc.com/
CALC-0323,merged_alias,Exact duplicate merged into canonical calculator CALC-0322.,compatibility_alias,CALC-0322,weight_kg; tbsa_burn_percent,alias_resolution_and_canonical_tests,canonical implementation and source metadata,,创伤、中毒与职业损伤,烧伤液体复苏，成人（Parkland公式）,Parkland Formula for Adult Burn Resuscitation,MDCalc calculator library,https://www.mdcalc.com/
CALC-0324,merged_alias,Exact duplicate merged into canonical calculator CALC-0322.,compatibility_alias,CALC-0322,weight_kg; tbsa_burn_percent,alias_resolution_and_canonical_tests,canonical implementation and source metadata,,创伤、中毒与职业损伤,烧伤液体复苏，成人（Parkland公式）,Parkland Formula for Adult Burn Resuscitation,MDCalc calculator library,https://www.mdcalc.com/
CALC-0325,merged_alias,Exact duplicate merged into canonical calculator CALC-0150.,compatibility_alias,CALC-0150,sodium; chloride; bicarbonate,alias_resolution_and_canonical_tests,canonical implementation and source metadata,,创伤、中毒与职业损伤,阴离子间隙,Anion Gap,MDCalc calculator library,https://www.mdcalc.com/
CALC-0326,implemented,formula logic is linked in Python registry,python_executable,clinical_calculators.calculators.common.emergency_surgery_rules,skeletal_soft_tissue_injury; limb_ischemia; ischemia_time_hours; shock; age,unit_tests_and_registry_smoke,external source and formula details represented in registry metadata,,创伤、中毒与职业损伤,MESS肢体损伤评分,Mangled Extremity Severity Score,"Mangled Extremity Severity Score, MESS",https://www.mdcalc.com/calc/3010/mangled-extremity-severity-score-mess
CALC-0327,implemented,formula logic is linked in Python registry,python_executable,clinical_calculators.calculators.common.emergency_surgery_rules,age_years; rapid_deceleration_mechanism; chest_pain; intoxication; abnormal_alertness; distracting_painful_injury; chest_wall_tenderness,unit_tests_and_registry_smoke,external source and formula details represented in registry metadata,,创伤、中毒与职业损伤,NEXUS胸部影像规则,NEXUS Chest Decision Instrument,MDCalc NEXUS Chest Decision Instrument,https://www.mdcalc.com/
CALC-0328,implemented,formula logic is linked in Python registry,python_executable,clinical_calculators.calculators.common.emergency_surgery_rules,injury_type; revised_trauma_score; injury_severity_score; age_years,unit_tests_and_registry_smoke,external source and formula details represented in registry metadata,,创伤、中毒与职业损伤,TRISS生存概率,Trauma and Injury Severity Score,MDCalc calculator library,https://www.mdcalc.com/
CALC-0329,implemented,formula logic is linked in Python registry,python_executable,clinical_calculators.calculators.common.critical_care_scores,gcs; systolic_bp; respiratory_rate,unit_tests_and_registry_smoke,external source and formula details represented in registry metadata,,创伤、中毒与职业损伤,修正创伤评分,Revised Trauma Score,MDCalc calculator library,https://www.mdcalc.com/
CALC-0330,pending_formula_or_rule_implementation,Nomogram requires curve/table digitization or authoritative formula; external source is not enough unless numeric thresholds are available.,markdown_or_data_table_until_source_complete,,digitized nomogram/chart data and validation examples,metadata_self_check_only,external source metadata is present but executable formula/rule still requires audit,chart_digitization_needed,创伤、中毒与职业损伤,对乙酰氨基酚中毒列线图,Rumack-Matthew Nomogram,MDCalc calculator library,https://www.mdcalc.com/
CALC-0331,implemented,formula logic is linked in Python registry,python_executable,clinical_calculators.calculators.common.emergency_surgery_rules,ais_by_region,unit_tests_and_registry_smoke,external source and formula details represented in registry metadata,,创伤、中毒与职业损伤,损伤严重度评分,Injury Severity Score,Injury Severity Score / AIS-based trauma scoring,https://www.mdcalc.com/
CALC-0332,implemented,formula logic is linked in Python registry,python_executable,clinical_calculators.calculators.common.behavioral_scores,component_scores,unit_tests_and_registry_smoke,external source and formula details represented in registry metadata,,临床药理、诊断统计与通用工具,CIWA-Ar的临床研究所的戒断反应评估量表,"Clinical Institute Withdrawal Assessment for Alcohol, Revised",CIWA-Ar scoring references / MDCalc,https://www.mdcalc.com/calc/1736/ciwa-ar-alcohol-withdrawal
CALC-0333,merged_alias,Exact duplicate merged into canonical calculator CALC-0031.,compatibility_alias,CALC-0031,qt_seconds; heart_rate,alias_resolution_and_canonical_tests,canonical implementation and source metadata,,临床药理、诊断统计与通用工具,QT间期校正 (EKG),Corrected QT Interval,MDCalc calculator library,https://www.mdcalc.com/
CALC-0334,merged_alias,Exact duplicate merged into canonical calculator CALC-0031.,compatibility_alias,CALC-0031,qt_seconds; heart_rate,alias_resolution_and_canonical_tests,canonical implementation and source metadata,,临床药理、诊断统计与通用工具,QT间期校正 (EKG),Corrected QT Interval,MDCalc calculator library,https://www.mdcalc.com/
CALC-0335,implemented,formula logic is linked in Python registry,python_executable,clinical_calculators.calculators.common.lab_and_diagnostic_stats_more,sensitivity; specificity,unit_tests_and_registry_smoke,external source and formula details represented in registry metadata,,临床药理、诊断统计与通用工具,似然比,Likelihood Ratio,MDCalc calculator library,https://www.mdcalc.com/
CALC-0336,implemented,formula logic is linked in Python registry,python_executable,clinical_calculators.calculators.common.lab_and_diagnostic_stats_more,sensitivity; specificity,unit_tests_and_registry_smoke,external source and formula details represented in registry metadata,,临床药理、诊断统计与通用工具,似然比,Likelihood Ratio,MDCalc calculator library,https://www.mdcalc.com/
CALC-0337,merged_alias,Exact duplicate merged into canonical calculator CALC-0039.,compatibility_alias,CALC-0039,weight_kg; height_cm,alias_resolution_and_canonical_tests,canonical implementation and source metadata,,临床药理、诊断统计与通用工具,体质指数（凯特勒指数）,Body Mass Index,CDC BMI calculators,https://www.cdc.gov/bmi/
CALC-0338,implemented,formula logic is linked in Python registry,python_executable,clinical_calculators.calculators.common.lab_and_diagnostic_stats_more,sensitivity; specificity,unit_tests_and_registry_smoke,external source and formula details represented in registry metadata,,临床药理、诊断统计与通用工具,来自原始数据的阳性似然比,Positive Likelihood Ratio from Raw Data,MDCalc calculator library,https://www.mdcalc.com/
CALC-0339,implemented,formula logic is linked in Python registry,python_executable,clinical_calculators.calculators.common.lab_and_diagnostic_stats_more,true_positive; false_negative,unit_tests_and_registry_smoke,external source and formula details represented in registry metadata,,临床药理、诊断统计与通用工具,来自原始数据的阳性似然比,Positive Likelihood Ratio from Raw Data,MDCalc calculator library,https://www.mdcalc.com/
CALC-0340,implemented,formula logic is linked in Python registry,python_executable,clinical_calculators.calculators.common.lab_and_diagnostic_stats_more,true_negative; false_positive,unit_tests_and_registry_smoke,external source and formula details represented in registry metadata,,临床药理、诊断统计与通用工具,来自原始数据的阳性似然比,Positive Likelihood Ratio from Raw Data,MDCalc calculator library,https://www.mdcalc.com/
CALC-0341,implemented,formula logic is linked in Python registry,python_executable,clinical_calculators.calculators.common.lab_and_diagnostic_stats_more,true_positive; false_positive,unit_tests_and_registry_smoke,external source and formula details represented in registry metadata,,临床药理、诊断统计与通用工具,来自原始数据的阳性预测值,Positive Predictive Value from Raw Data,MDCalc calculator library,https://www.mdcalc.com/
CALC-0342,implemented,formula logic is linked in Python registry,python_executable,clinical_calculators.calculators.common.lab_and_diagnostic_stats_more,sensitivity; specificity,unit_tests_and_registry_smoke,external source and formula details represented in registry metadata,,临床药理、诊断统计与通用工具,来自原始数据的阴性似然比,Negative Likelihood Ratio from Raw Data,MDCalc calculator library,https://www.mdcalc.com/
CALC-0343,implemented,formula logic is linked in Python registry,python_executable,clinical_calculators.calculators.common.lab_and_diagnostic_stats_more,true_positive; false_negative,unit_tests_and_registry_smoke,external source and formula details represented in registry metadata,,临床药理、诊断统计与通用工具,来自原始数据的阴性似然比,Negative Likelihood Ratio from Raw Data,MDCalc calculator library,https://www.mdcalc.com/
CALC-0344,implemented,formula logic is linked in Python registry,python_executable,clinical_calculators.calculators.common.lab_and_diagnostic_stats_more,true_negative; false_positive,unit_tests_and_registry_smoke,external source and formula details represented in registry metadata,,临床药理、诊断统计与通用工具,来自原始数据的阴性似然比,Negative Likelihood Ratio from Raw Data,MDCalc calculator library,https://www.mdcalc.com/
CALC-0345,implemented,formula logic is linked in Python registry,python_executable,clinical_calculators.calculators.common.lab_and_diagnostic_stats_more,true_negative; false_negative,unit_tests_and_registry_smoke,external source and formula details represented in registry metadata,,临床药理、诊断统计与通用工具,来自原始数据的阴性预测值,Negative Predictive Value from Raw Data,MDCalc calculator library,https://www.mdcalc.com/
CALC-0346,implemented,formula logic is linked in Python registry,python_executable,clinical_calculators.calculators.common.lab_and_diagnostic_stats_more,probability,unit_tests_and_registry_smoke,external source and formula details represented in registry metadata,,临床药理、诊断统计与通用工具,来自概率的比数,Odds from Probability,CEBM likelihood ratios and diagnostic testing,https://www.cebm.ox.ac.uk/resources/ebm-tools/likelihood-ratios
CALC-0347,implemented,formula logic is linked in Python registry,python_executable,clinical_calculators.calculators.common.lab_and_diagnostic_stats_more,odds,unit_tests_and_registry_smoke,external source and formula details represented in registry metadata,,临床药理、诊断统计与通用工具,来自比数的概率,Probability from Odds,CEBM likelihood ratios and diagnostic testing,https://www.cebm.ox.ac.uk/resources/ebm-tools/likelihood-ratios
CALC-0348,implemented,formula logic is linked in Python registry,python_executable,clinical_calculators.calculators.common.lab_and_diagnostic_stats_more,prevalence; sensitivity; specificity,unit_tests_and_registry_smoke,external source and formula details represented in registry metadata,,临床药理、诊断统计与通用工具,检查的阳性预测值,Positive Predictive Value,MDCalc calculator library,https://www.mdcalc.com/
CALC-0349,implemented,formula logic is linked in Python registry,python_executable,clinical_calculators.calculators.common.lab_and_diagnostic_stats_more,prevalence; sensitivity; specificity,unit_tests_and_registry_smoke,external source and formula details represented in registry metadata,,临床药理、诊断统计与通用工具,检查的阴性预测值,Negative Predictive Value,MDCalc calculator library,https://www.mdcalc.com/
CALC-0350,implemented,formula logic is linked in Python registry,python_executable,clinical_calculators.calculators.common.lab_and_diagnostic_stats_more,probability,unit_tests_and_registry_smoke,external source and formula details represented in registry metadata,,临床药理、诊断统计与通用工具,源于灵敏度和患病率的假阴性,False Negative Rate from Sensitivity and Prevalence,CEBM likelihood ratios and diagnostic testing,https://www.cebm.ox.ac.uk/resources/ebm-tools/likelihood-ratios
CALC-0351,implemented,formula logic is linked in Python registry,python_executable,clinical_calculators.calculators.common.lab_and_diagnostic_stats_more,sensitivity; prevalence,unit_tests_and_registry_smoke,external source and formula details represented in registry metadata,,临床药理、诊断统计与通用工具,源于灵敏度和患病率的假阴性,False Negative Rate from Sensitivity and Prevalence,CEBM likelihood ratios and diagnostic testing,https://www.cebm.ox.ac.uk/resources/ebm-tools/likelihood-ratios
CALC-0352,implemented,formula logic is linked in Python registry,python_executable,clinical_calculators.calculators.common.lab_and_diagnostic_stats_more,sensitivity; prevalence,unit_tests_and_registry_smoke,external source and formula details represented in registry metadata,,临床药理、诊断统计与通用工具,源于灵敏度和患病率的假阴性,False Negative Rate from Sensitivity and Prevalence,CEBM likelihood ratios and diagnostic testing,https://www.cebm.ox.ac.uk/resources/ebm-tools/likelihood-ratios
CALC-0353,implemented,formula logic is linked in Python registry,python_executable,clinical_calculators.calculators.common.lab_and_diagnostic_stats_more,true_positive; false_negative,unit_tests_and_registry_smoke,external source and formula details represented in registry metadata,,临床药理、诊断统计与通用工具,源于灵敏度和患病率的假阴性,False Negative Rate from Sensitivity and Prevalence,CEBM likelihood ratios and diagnostic testing,https://www.cebm.ox.ac.uk/resources/ebm-tools/likelihood-ratios
CALC-0354,implemented,formula logic is linked in Python registry,python_executable,clinical_calculators.calculators.common.lab_and_diagnostic_stats_more,false_positive; true_negative,unit_tests_and_registry_smoke,external source and formula details represented in registry metadata,,临床药理、诊断统计与通用工具,源于特异性和患病率的假阳性,False Positive Rate from Specificity and Prevalence,MDCalc calculator library,https://www.mdcalc.com/
CALC-0355,implemented,formula logic is linked in Python registry,python_executable,clinical_calculators.calculators.common.lab_and_diagnostic_stats_more,specificity; prevalence,unit_tests_and_registry_smoke,external source and formula details represented in registry metadata,,临床药理、诊断统计与通用工具,源于特异性和患病率的假阳性,False Positive Rate from Specificity and Prevalence,MDCalc calculator library,https://www.mdcalc.com/
CALC-0356,implemented,formula logic is linked in Python registry,python_executable,clinical_calculators.calculators.common.lab_and_diagnostic_stats_more,specificity; prevalence,unit_tests_and_registry_smoke,external source and formula details represented in registry metadata,,临床药理、诊断统计与通用工具,源于特异性和患病率的假阳性,False Positive Rate from Specificity and Prevalence,MDCalc calculator library,https://www.mdcalc.com/
CALC-0357,implemented,formula logic is linked in Python registry,python_executable,clinical_calculators.calculators.common.lab_and_diagnostic_stats_more,absolute_benefit_increase; control_event_rate,unit_tests_and_registry_smoke,external source and formula details represented in registry metadata,,临床药理、诊断统计与通用工具,获益增加/需要处理多尺度的数目,Absolute Benefit Increase and Number Needed to Treat,MDCalc calculator library,https://www.mdcalc.com/
CALC-0358,implemented,formula logic is linked in Python registry,python_executable,clinical_calculators.calculators.common.lab_and_diagnostic_stats_more,control_event_rate; experimental_event_rate,unit_tests_and_registry_smoke,external source and formula details represented in registry metadata,,临床药理、诊断统计与通用工具,获益增加/需要处理多尺度的数目,Absolute Benefit Increase and Number Needed to Treat,MDCalc calculator library,https://www.mdcalc.com/
CALC-0359,implemented,formula logic is linked in Python registry,python_executable,clinical_calculators.calculators.common.lab_and_diagnostic_stats_more,absolute_benefit_increase,unit_tests_and_registry_smoke,external source and formula details represented in registry metadata,,临床药理、诊断统计与通用工具,获益增加/需要处理多尺度的数目,Absolute Benefit Increase and Number Needed to Treat,MDCalc calculator library,https://www.mdcalc.com/
CALC-0360,implemented,formula logic is linked in Python registry,python_executable,clinical_calculators.calculators.common.lab_and_diagnostic_stats_more,true_positive; false_negative,unit_tests_and_registry_smoke,external source and formula details represented in registry metadata,,临床药理、诊断统计与通用工具,试验的敏感性,Test Sensitivity,MDCalc calculator library,https://www.mdcalc.com/
CALC-0361,implemented,formula logic is linked in Python registry,python_executable,clinical_calculators.calculators.common.lab_and_diagnostic_stats_more,true_negative; false_positive,unit_tests_and_registry_smoke,external source and formula details represented in registry metadata,,临床药理、诊断统计与通用工具,试验的特异性,Test Specificity,MDCalc calculator library,https://www.mdcalc.com/
CALC-0362,implemented,formula logic is linked in Python registry,python_executable,clinical_calculators.calculators.common.lab_and_diagnostic_stats_more,sensitivity; specificity,unit_tests_and_registry_smoke,external source and formula details represented in registry metadata,,临床药理、诊断统计与通用工具,贝叶斯统计,Bayesian Diagnostic Statistics,MDCalc calculator library,https://www.mdcalc.com/
CALC-0363,implemented,formula logic is linked in Python registry,python_executable,clinical_calculators.calculators.common.lab_and_diagnostic_stats_more,false_positive; true_negative,unit_tests_and_registry_smoke,external source and formula details represented in registry metadata,,临床药理、诊断统计与通用工具,贝叶斯统计,Bayesian Diagnostic Statistics,MDCalc calculator library,https://www.mdcalc.com/
CALC-0364,implemented,formula logic is linked in Python registry,python_executable,clinical_calculators.calculators.common.lab_and_diagnostic_stats_more,probability,unit_tests_and_registry_smoke,external source and formula details represented in registry metadata,,临床药理、诊断统计与通用工具,贝叶斯统计,Bayesian Diagnostic Statistics,MDCalc calculator library,https://www.mdcalc.com/
CALC-0365,implemented,formula logic is linked in Python registry,python_executable,clinical_calculators.calculators.common.lab_and_diagnostic_stats_more,sensitivity; specificity,unit_tests_and_registry_smoke,external source and formula details represented in registry metadata,,临床药理、诊断统计与通用工具,贝叶斯统计,Bayesian Diagnostic Statistics,MDCalc calculator library,https://www.mdcalc.com/
CALC-0366,implemented,formula logic is linked in Python registry,python_executable,clinical_calculators.calculators.common.lab_and_diagnostic_stats_more,sensitivity; prevalence,unit_tests_and_registry_smoke,external source and formula details represented in registry metadata,,临床药理、诊断统计与通用工具,贝叶斯统计,Bayesian Diagnostic Statistics,MDCalc calculator library,https://www.mdcalc.com/
CALC-0367,implemented,formula logic is linked in Python registry,python_executable,clinical_calculators.calculators.common.lab_and_diagnostic_stats_more,sensitivity; prevalence,unit_tests_and_registry_smoke,external source and formula details represented in registry metadata,,临床药理、诊断统计与通用工具,贝叶斯统计,Bayesian Diagnostic Statistics,MDCalc calculator library,https://www.mdcalc.com/
CALC-0368,implemented,formula logic is linked in Python registry,python_executable,clinical_calculators.calculators.common.lab_and_diagnostic_stats_more,pretest_odds; likelihood_ratio,unit_tests_and_registry_smoke,external source and formula details represented in registry metadata,,临床药理、诊断统计与通用工具,贝叶斯统计,Bayesian Diagnostic Statistics,MDCalc calculator library,https://www.mdcalc.com/
CALC-0369,merged_alias,Exact duplicate merged into canonical calculator CALC-0368.,compatibility_alias,CALC-0368,pretest_odds; likelihood_ratio,alias_resolution_and_canonical_tests,canonical implementation and source metadata,,临床药理、诊断统计与通用工具,贝叶斯统计,Bayesian Diagnostic Statistics,MDCalc calculator library,https://www.mdcalc.com/
CALC-0370,implemented,formula logic is linked in Python registry,python_executable,clinical_calculators.calculators.common.lab_and_diagnostic_stats_more,odds,unit_tests_and_registry_smoke,external source and formula details represented in registry metadata,,临床药理、诊断统计与通用工具,贝叶斯统计,Bayesian Diagnostic Statistics,MDCalc calculator library,https://www.mdcalc.com/
CALC-0371,merged_alias,Exact duplicate merged into canonical calculator CALC-0370.,compatibility_alias,CALC-0370,odds,alias_resolution_and_canonical_tests,canonical implementation and source metadata,,临床药理、诊断统计与通用工具,贝叶斯统计,Bayesian Diagnostic Statistics,MDCalc calculator library,https://www.mdcalc.com/
CALC-0372,implemented,formula logic is linked in Python registry,python_executable,clinical_calculators.calculators.common.lab_and_diagnostic_stats_more,specificity; prevalence,unit_tests_and_registry_smoke,external source and formula details represented in registry metadata,,临床药理、诊断统计与通用工具,贝叶斯统计,Bayesian Diagnostic Statistics,MDCalc calculator library,https://www.mdcalc.com/
CALC-0373,implemented,formula logic is linked in Python registry,python_executable,clinical_calculators.calculators.common.lab_and_diagnostic_stats_more,specificity; prevalence,unit_tests_and_registry_smoke,external source and formula details represented in registry metadata,,临床药理、诊断统计与通用工具,贝叶斯统计,Bayesian Diagnostic Statistics,MDCalc calculator library,https://www.mdcalc.com/
CALC-0374,implemented,formula logic is linked in Python registry,python_executable,clinical_calculators.calculators.common.lab_and_diagnostic_stats_more,true_positive; false_positive,unit_tests_and_registry_smoke,external source and formula details represented in registry metadata,,临床药理、诊断统计与通用工具,贝叶斯统计,Bayesian Diagnostic Statistics,MDCalc calculator library,https://www.mdcalc.com/
CALC-0375,implemented,formula logic is linked in Python registry,python_executable,clinical_calculators.calculators.common.lab_and_diagnostic_stats_more,true_positive; false_negative,unit_tests_and_registry_smoke,external source and formula details represented in registry metadata,,临床药理、诊断统计与通用工具,贝叶斯统计,Bayesian Diagnostic Statistics,MDCalc calculator library,https://www.mdcalc.com/
CALC-0376,implemented,formula logic is linked in Python registry,python_executable,clinical_calculators.calculators.common.lab_and_diagnostic_stats_more,true_positive; true_negative,unit_tests_and_registry_smoke,external source and formula details represented in registry metadata,,临床药理、诊断统计与通用工具,贝叶斯统计,Bayesian Diagnostic Statistics,MDCalc calculator library,https://www.mdcalc.com/
CALC-0377,implemented,formula logic is linked in Python registry,python_executable,clinical_calculators.calculators.common.lab_and_diagnostic_stats_more,true_negative; false_negative,unit_tests_and_registry_smoke,external source and formula details represented in registry metadata,,临床药理、诊断统计与通用工具,贝叶斯统计,Bayesian Diagnostic Statistics,MDCalc calculator library,https://www.mdcalc.com/
CALC-0378,pending_formula_or_rule_implementation,Can implement scoring from pre-coded item scores if scoring rules are public; should not reproduce protected item text or copyrighted instruments without license.,markdown_or_data_table_until_source_complete,,permission-safe scored inputs or licensing clearance,metadata_self_check_only,external source metadata is present but executable formula/rule still requires audit,rights_limited_questionnaire,临床药理、诊断统计与通用工具,饮酒筛查问卷调查,Alcohol Screening Questionnaire,MDCalc calculator library,https://www.mdcalc.com/
CALC-0379,implemented,formula logic is linked in Python registry,python_executable,clinical_calculators.calculators.common.lab_and_diagnostic_stats_more,control_event_rate; treatment_event_rate,unit_tests_and_registry_smoke,external source and formula details represented in registry metadata,,临床药理、诊断统计与通用工具,NNT/NNH计算,Number Needed to Treat/Harm,Merck Manual clinical calculators,https://www.merckmanuals.com/professional/pages-with-widgets/clinical-calculators
CALC-0380,implemented,formula logic is linked in Python registry,python_executable,clinical_calculators.calculators.common.clinical_pharmacology_more,auc24_mg_h_l; mic_mg_l,unit_tests_and_registry_smoke,external source and formula details represented in registry metadata,,临床药理、诊断统计与通用工具,万古霉素AUC/MIC估算,Vancomycin AUC/MIC,2020 Vancomycin Consensus Guideline,https://www.idsociety.org/practice-guideline/vancomycin/
CALC-0381,pending_formula_or_rule_implementation,Warfarin adjustment depends on indication target INR current regimen interactions bleeding context and versioned local protocol rather than one universal formula.,markdown_or_data_table_until_source_complete,,versioned anticoagulation protocol monitoring and safety constraints,metadata_self_check_only,retain as medication guidance rather than infer a dose rule,drug_rule,临床药理、诊断统计与通用工具,华法林维持剂量辅助,Warfarin Dose Estimation,Calculate by QxMD,https://qxmd.com/calculate/
CALC-0382,implemented,formula logic is linked in Python registry,python_executable,clinical_calculators.calculators.common.clinical_pharmacology_more,dose_mg_per_administration; administrations_per_day; mme_conversion_factor,unit_tests_and_registry_smoke,external source and formula details represented in registry metadata,,临床药理、诊断统计与通用工具,吗啡毫克当量,"Morphine Milligram Equivalents, MME",CDC Clinical Practice Guideline for Prescribing Opioids,https://www.cdc.gov/mmwr/volumes/71/rr/rr7103a1.htm
CALC-0383,implemented,formula logic is linked in Python registry,python_executable,clinical_calculators.calculators.common.lab_and_diagnostic_stats_more,sensitivity; specificity,unit_tests_and_registry_smoke,external source and formula details represented in registry metadata,,临床药理、诊断统计与通用工具,敏感性/特异性到似然比,Likelihood Ratios from Sensitivity and Specificity,Merck Manual clinical calculators,https://www.merckmanuals.com/professional/pages-with-widgets/clinical-calculators
CALC-0384,implemented,formula logic is linked in Python registry,python_executable,clinical_calculators.calculators.common.lab_and_diagnostic_stats_more,alpha; power; proportion_1; proportion_2,unit_tests_and_registry_smoke,external source and formula details represented in registry metadata,,临床药理、诊断统计与通用工具,样本量：两比例比较,Sample Size for Two Proportions,Calculate by QxMD,https://qxmd.com/calculate/
CALC-0385,pending_formula_or_rule_implementation,"Medication/TDM/pharmacogenomic rows require drug-specific label/guideline rules, target ranges, patient context, and versioning; external sources can supply rules but not one universal formula.",markdown_or_data_table_until_source_complete,,"drug-specific dosing/TDM rules, monitoring conditions, and safety constraints",metadata_self_check_only,external source metadata is present but executable formula/rule still requires audit,drug_rule,临床药理、诊断统计与通用工具,氨基糖苷给药间隔估算,Aminoglycoside Dosing Interval,Merck Manual clinical calculators,https://www.merckmanuals.com/professional/pages-with-widgets/clinical-calculators
CALC-0386,implemented,formula logic is linked in Python registry,python_executable,clinical_calculators.calculators.common.datetime_vision_hearing_more,initial_visual_acuity; globe_rupture; endophthalmitis; perforating_injury; retinal_detachment; relative_afferent_pupillary_defect,unit_tests_and_registry_smoke,external source and formula details represented in registry metadata,,眼科,眼外伤评分,"Ocular Trauma Score, OTS",AAO EyeWiki Ocular Trauma Score,https://eyewiki.org/Ocular_Trauma_Score
CALC-0387,implemented,formula logic is linked in Python registry,python_executable,clinical_calculators.calculators.common.source_backed_batch,age_years; mean_iop_mm_hg; mean_cct_micrometers; mean_vertical_cup_disc_ratio; mean_pattern_standard_deviation_db,source_derived_tests_and_registry_smoke,original publication point table and official measurement limits represented in inventory metadata,,眼科,眼压性青光眼5年风险,OHTS Glaucoma Risk Calculator,Validated prediction model for the development of primary open-angle glaucoma in individuals with ocular hypertension,https://pmc.ncbi.nlm.nih.gov/articles/PMC1995665/
CALC-0388,implemented,formula logic is linked in Python registry,python_executable,clinical_calculators.calculators.common.datetime_vision_hearing_more,a_constant; axial_length_mm; average_keratometry_d,unit_tests_and_registry_smoke,external source and formula details represented in registry metadata,,眼科,人工晶体度数计算,IOL Power Calculation,ASCRS calculators,https://www.ascrs.org/tools
CALC-0389,pending_formula_or_rule_implementation,No sufficient formula cue in local metadata; needs targeted source search and source-quality decision.,markdown_or_data_table_until_source_complete,,reliable source and formula-level details,metadata_self_check_only,external source metadata is present but executable formula/rule still requires audit,manual_research_needed,眼科,屈光术后人工晶体计算,Post-Refractive IOL Calculator,ASCRS IOL calculator,https://iolcalc.ascrs.org/
CALC-0390,implemented,formula logic is linked in Python registry,python_executable,clinical_calculators.calculators.common.datetime_vision_hearing_more,logmar,unit_tests_and_registry_smoke,external source and formula details represented in registry metadata,,眼科,视力LogMAR换算,Visual Acuity Conversion,QxMD Calculate,https://qxmd.com/calculate/
CALC-0391,implemented,formula logic is linked in Python registry,python_executable,clinical_calculators.calculators.common.datetime_vision_hearing_more,severity,unit_tests_and_registry_smoke,external source and formula details represented in registry metadata,,眼科,糖尿病视网膜病变严重度,"Diabetic Retinopathy Severity Scale, DRSS",AAO Preferred Practice Pattern diabetic retinopathy severity scale,https://www.aao.org/preferred-practice-pattern
CALC-0392,implemented,formula logic is linked in Python registry,python_executable,clinical_calculators.calculators.common.datetime_vision_hearing_more,zone; stage; plus_disease,unit_tests_and_registry_smoke,external source and formula details represented in registry metadata,,眼科,早产儿视网膜病变分区分期,Retinopathy of Prematurity Classification,International Classification of Retinopathy of Prematurity update,https://pmc.ncbi.nlm.nih.gov/articles/PMC7891357/
CALC-0393,pending_formula_or_rule_implementation,No sufficient formula cue in local metadata; needs targeted source search and source-quality decision.,markdown_or_data_table_until_source_complete,,reliable source and formula-level details,metadata_self_check_only,external source metadata is present but executable formula/rule still requires audit,manual_research_needed,眼科,青光眼视野损害分级,Glaucoma Visual Field Staging,AAO Preferred Practice Patterns,https://www.aao.org/preferred-practice-pattern
CALC-0394,implemented,formula logic is linked in Python registry,python_executable,clinical_calculators.calculators.common.questionnaire_and_risk_more,items,unit_tests_and_registry_smoke,external source and formula details represented in registry metadata,,眼科,干眼症状指数,"Ocular Surface Disease Index, OSDI",OSDI instrument,https://www.jnjvisionpro.com/
CALC-0395,implemented,formula logic is linked in Python registry,python_executable,clinical_calculators.calculators.common.questionnaire_and_risk_more,items,unit_tests_and_registry_smoke,external source and formula details represented in registry metadata,,耳鼻喉、头颈与听力言语,鼻窦炎生活质量评分,"Sino-Nasal Outcome Test-22, SNOT-22",SNOT-22,https://www.rhinologyjournal.com/
CALC-0396,pending_formula_or_rule_implementation,No sufficient formula cue in local metadata; needs targeted source search and source-quality decision.,markdown_or_data_table_until_source_complete,,reliable source and formula-level details,metadata_self_check_only,external source metadata is present but executable formula/rule still requires audit,manual_research_needed,耳鼻喉、头颈与听力言语,鼻阻塞症状评分,"Nasal Obstruction Symptom Evaluation, NOSE",NOSE Scale,https://www.entnet.org/
CALC-0397,implemented,formula logic is linked in Python registry,python_executable,clinical_calculators.calculators.common.datetime_vision_hearing_more,left; right,unit_tests_and_registry_smoke,external source and formula details represented in registry metadata,,耳鼻喉、头颈与听力言语,鼻窦CT Lund-Mackay评分,Lund-Mackay CT Score,QxMD Calculate,https://qxmd.com/calculate/
CALC-0398,implemented,formula logic is linked in Python registry,python_executable,clinical_calculators.calculators.common.datetime_vision_hearing_more,left; right,unit_tests_and_registry_smoke,external source and formula details represented in registry metadata,,耳鼻喉、头颈与听力言语,鼻内镜Lund-Kennedy评分,Lund-Kennedy Endoscopic Score,QxMD Calculate,https://qxmd.com/calculate/
CALC-0399,implemented,formula logic is linked in Python registry,python_executable,clinical_calculators.calculators.common.questionnaire_and_risk_more,items,unit_tests_and_registry_smoke,external source and formula details represented in registry metadata,,耳鼻喉、头颈与听力言语,嗓音障碍指数10项,"Voice Handicap Index-10, VHI-10",AAO-HNS voice resources,https://www.entnet.org/
CALC-0400,implemented,formula logic is linked in Python registry,python_executable,clinical_calculators.calculators.common.questionnaire_and_risk_more,items,unit_tests_and_registry_smoke,external source and formula details represented in registry metadata,,耳鼻喉、头颈与听力言语,吞咽障碍筛查量表,"Eating Assessment Tool-10, EAT-10",EAT-10,https://www.nestlenutrition-institute.org/resources/nutrition-tools/details/eat-10
CALC-0401,implemented,formula logic is linked in Python registry,python_executable,clinical_calculators.calculators.common.questionnaire_and_risk_more,items,unit_tests_and_registry_smoke,external source and formula details represented in registry metadata,,耳鼻喉、头颈与听力言语,反流症状指数,"Reflux Symptom Index, RSI",QxMD Calculate,https://qxmd.com/calculate/
CALC-0402,implemented,formula logic is linked in Python registry,python_executable,clinical_calculators.calculators.common.function_lifestyle_scores,item_scores,unit_tests_and_registry_smoke,external source and formula details represented in registry metadata,,耳鼻喉、头颈与听力言语,眩晕障碍量表,"Dizziness Handicap Inventory, DHI",QxMD Calculate,https://qxmd.com/calculate/
CALC-0403,implemented,formula logic is linked in Python registry,python_executable,clinical_calculators.calculators.common.datetime_vision_hearing_more,threshold_500_hz_db; threshold_1000_hz_db; threshold_2000_hz_db,unit_tests_and_registry_smoke,external source and formula details represented in registry metadata,,耳鼻喉、头颈与听力言语,纯音平均听阈,"Pure Tone Average, PTA",QxMD Calculate,https://qxmd.com/calculate/
CALC-0404,pending_formula_or_rule_implementation,No sufficient formula cue in local metadata; needs targeted source search and source-quality decision.,markdown_or_data_table_until_source_complete,,reliable source and formula-level details,metadata_self_check_only,external source metadata is present but executable formula/rule still requires audit,manual_research_needed,耳鼻喉、头颈与听力言语,耳鸣功能指数,"Tinnitus Functional Index, TFI",Tinnitus Functional Index,https://www.ata.org/
CALC-0405,implemented,formula logic is linked in Python registry,python_executable,clinical_calculators.calculators.common.dermatology_scores,head; upper_limbs; trunk; lower_limbs,unit_tests_and_registry_smoke,external source and formula details represented in registry metadata,,皮肤科,银屑病面积与严重度指数,"Psoriasis Area and Severity Index, PASI",DermNet PASI,https://dermnetnz.org/topics/pasi-score
CALC-0406,implemented,formula logic is linked in Python registry,python_executable,clinical_calculators.calculators.common.emergency_surgery_rules,patient_palms,unit_tests_and_registry_smoke,external source and formula details represented in registry metadata,,皮肤科,体表面积手掌法,Body Surface Area by Palm Method,Merck Manual burn area estimation,https://www.merckmanuals.com/professional/injuries-poisoning/burns/burns
CALC-0407,implemented,formula logic is linked in Python registry,python_executable,clinical_calculators.calculators.common.dermatology_scores,items,unit_tests_and_registry_smoke,external source and formula details represented in registry metadata,,皮肤科,皮肤病生活质量指数,"Dermatology Life Quality Index, DLQI",Cardiff DLQI,https://www.cardiff.ac.uk/medicine/resources/quality-of-life-questionnaires/dermatology-life-quality-index
CALC-0408,implemented,formula logic is linked in Python registry,python_executable,clinical_calculators.calculators.common.dermatology_scores,head_neck; upper_limbs; trunk; lower_limbs,unit_tests_and_registry_smoke,external source and formula details represented in registry metadata,,皮肤科,湿疹面积与严重度指数,"Eczema Area and Severity Index, EASI",EASI score,https://www.eczemacouncil.org/research/eczema-area-and-severity-index-easi
CALC-0409,implemented,formula logic is linked in Python registry,python_executable,clinical_calculators.calculators.common.dermatology_scores,extent_percent; intensity_scores; pruritus_vas; sleep_loss_vas,unit_tests_and_registry_smoke,external source and formula details represented in registry metadata,,皮肤科,特应性皮炎SCORAD评分,"SCORing Atopic Dermatitis, SCORAD",SCORAD,https://www.scorad.corti.li/
CALC-0410,implemented,formula logic is linked in Python registry,python_executable,clinical_calculators.calculators.common.questionnaire_and_risk_more,items,unit_tests_and_registry_smoke,external source and formula details represented in registry metadata,,皮肤科,患者导向湿疹量表,"Patient-Oriented Eczema Measure, POEM",Nottingham POEM,https://www.nottingham.ac.uk/research/groups/cebd/resources/poem.aspx
CALC-0411,implemented,formula logic is linked in Python registry,python_executable,clinical_calculators.calculators.common.dermatology_scores,daily_wheal_scores; daily_pruritus_scores,unit_tests_and_registry_smoke,external source and formula details represented in registry metadata,,皮肤科,荨麻疹活动度7日评分,"Urticaria Activity Score 7, UAS7",UAS7 scoring worksheet and activity bands,https://pmc.ncbi.nlm.nih.gov/articles/PMC5978890/
CALC-0412,implemented,formula logic is linked in Python registry,python_executable,clinical_calculators.calculators.common.dermatology_scores,vertex_percent_loss; right_profile_percent_loss; left_profile_percent_loss; posterior_percent_loss,unit_tests_and_registry_smoke,external source and formula details represented in registry metadata,,皮肤科,脱发严重度工具,"Severity of Alopecia Tool, SALT",Severity of Alopecia Tool scoring review,https://pmc.ncbi.nlm.nih.gov/articles/PMC11392458/
CALC-0413,implemented,formula logic is linked in Python registry,python_executable,clinical_calculators.calculators.common.dermatology_scores,matrix_scores; bed_scores,unit_tests_and_registry_smoke,external source and formula details represented in registry metadata,,皮肤科,指甲银屑病严重度指数,"Nail Psoriasis Severity Index, NAPSI",NAPSI clinical tool,https://www.usdermed.com/clinical-tools/napsi.html
CALC-0414,implemented,formula logic is linked in Python registry,python_executable,clinical_calculators.calculators.common.dermatology_scores,stage,unit_tests_and_registry_smoke,external source and formula details represented in registry metadata,,皮肤科,化脓性汗腺炎Hurley分期,Hurley Staging for Hidradenitis Suppurativa,DermNet Hidradenitis Suppurativa Hurley staging,https://dermnetnz.org/topics/hidradenitis-suppurativa
CALC-0415,pending_formula_or_rule_implementation,No sufficient formula cue in local metadata; needs targeted source search and source-quality decision.,markdown_or_data_table_until_source_complete,,reliable source and formula-level details,metadata_self_check_only,external source metadata is present but executable formula/rule still requires audit,manual_research_needed,皮肤科,医师总体评估,Investigator or Physician Global Assessment,AAD clinical guidelines,https://www.aad.org/member/clinical-quality/guidelines
CALC-0416,implemented,formula logic is linked in Python registry,python_executable,clinical_calculators.calculators.common.heme_rheum_scores,tender_joint_count_28; swollen_joint_count_28; patient_global_assessment; provider_global_assessment,unit_tests_and_registry_smoke,external source and formula details represented in registry metadata,,风湿免疫,类风湿临床疾病活动指数,"Clinical Disease Activity Index, CDAI",ACR RA disease activity measures,https://rheumatology.org/
CALC-0417,implemented,formula logic is linked in Python registry,python_executable,clinical_calculators.calculators.common.heme_rheum_scores,tender_joint_count_28; swollen_joint_count_28; patient_global_assessment; provider_global_assessment; crp_mg_dl,unit_tests_and_registry_smoke,external source and formula details represented in registry metadata,,风湿免疫,类风湿简化疾病活动指数,"Simplified Disease Activity Index, SDAI","Simplified Disease Activity Index, SDAI",https://www.mdcalc.com/calc/10095/simplified-disease-activity-index-sdai-rheumatoid-arthritis
CALC-0418,implemented,formula logic is linked in Python registry,python_executable,clinical_calculators.calculators.common.heme_rheum_scores,physical_function; pain; patient_global,unit_tests_and_registry_smoke,external source and formula details represented in registry metadata,,风湿免疫,类风湿RAPID3评分,Routine Assessment of Patient Index Data 3,American College of Rheumatology RAPID3,https://rheumatology.org/
CALC-0419,implemented,formula logic is linked in Python registry,python_executable,clinical_calculators.calculators.common.heme_rheum_scores,items,unit_tests_and_registry_smoke,external source and formula details represented in registry metadata,,风湿免疫,强直性脊柱炎疾病活动指数,"Bath Ankylosing Spondylitis Disease Activity Index, BASDAI",ASAS BASDAI instrument,https://www.asas-group.org/instruments/
CALC-0420,implemented,formula logic is linked in Python registry,python_executable,clinical_calculators.calculators.common.heme_rheum_scores,items,unit_tests_and_registry_smoke,external source and formula details represented in registry metadata,,风湿免疫,强直性脊柱炎功能指数,"Bath Ankylosing Spondylitis Functional Index, BASFI",ASAS BASFI instrument,https://www.asas-group.org/instruments/
CALC-0421,implemented,formula logic is linked in Python registry,python_executable,clinical_calculators.calculators.common.heme_rheum_scores,inflammatory_back_pain; morning_stiffness; patient_global; peripheral_pain_swelling; crp_mg_l,unit_tests_and_registry_smoke,external source and formula details represented in registry metadata,,风湿免疫,强直性脊柱炎疾病活动评分,"Ankylosing Spondylitis Disease Activity Score, ASDAS",ASAS ASDAS calculator,https://www.asas-group.org/instruments/asdas-calculator/
CALC-0422,implemented,formula logic is linked in Python registry,python_executable,clinical_calculators.calculators.common.heme_rheum_scores,constitutional; lymphadenopathy; glandular; articular; cutaneous; pulmonary; renal; muscular; peripheral_nervous_system; central_nervous_system; hematological; biological,unit_tests_and_registry_smoke,external source and formula details represented in registry metadata,,风湿免疫,干燥综合征疾病活动指数,"EULAR Sjogren's Syndrome Disease Activity Index, ESSDAI",EULAR Sjogren tools,https://www.eular.org/
CALC-0423,pending_formula_or_rule_implementation,No sufficient formula cue in local metadata; needs targeted source search and source-quality decision.,markdown_or_data_table_until_source_complete,,reliable source and formula-level details,metadata_self_check_only,external source metadata is present but executable formula/rule still requires audit,manual_research_needed,风湿免疫,ANCA相关血管炎活动评分,"Birmingham Vasculitis Activity Score, BVAS",EULAR recommendations,https://www.eular.org/recommendations_home
CALC-0424,pending_formula_or_rule_implementation,No sufficient formula cue in local metadata; needs targeted source search and source-quality decision.,markdown_or_data_table_until_source_complete,,reliable source and formula-level details,metadata_self_check_only,external source metadata is present but executable formula/rule still requires audit,manual_research_needed,风湿免疫,狼疮BILAG疾病活动评分,"British Isles Lupus Assessment Group Index, BILAG",BILAG index,https://www.rheumatology.org/
CALC-0425,implemented,formula logic is linked in Python registry,python_executable,clinical_calculators.calculators.common.heme_rheum_scores,ana_positive; weighted_domain_scores,unit_tests_and_registry_smoke,external source and formula details represented in registry metadata,,风湿免疫,2019 EULAR/ACR系统性红斑狼疮分类标准,2019 EULAR/ACR SLE Classification Criteria,2019 EULAR/ACR SLE Classification Criteria,https://www.eular.org/
CALC-0426,implemented,formula logic is linked in Python registry,python_executable,clinical_calculators.calculators.common.heme_rheum_scores,joint_involvement; serology; acute_phase_reactants; symptom_duration,unit_tests_and_registry_smoke,external source and formula details represented in registry metadata,,风湿免疫,2010 ACR/EULAR类风湿关节炎分类标准,2010 ACR/EULAR RA Classification Criteria,2010 ACR/EULAR RA Classification Criteria,https://rheumatology.org/
CALC-0427,implemented,formula logic is linked in Python registry,python_executable,clinical_calculators.calculators.common.heme_rheum_scores,entry_criterion; sufficient_msu_crystals; clinical_pattern; episode_characteristics; time_course; tophus; serum_urate; synovial_fluid; imaging_urate_deposition; imaging_gout_erosion,unit_tests_and_registry_smoke,external source and formula details represented in registry metadata,,风湿免疫,2015 ACR/EULAR痛风分类标准,2015 ACR/EULAR Gout Classification Criteria,2015 ACR/EULAR gout classification criteria,https://ard.bmj.com/content/74/10/1789
CALC-0428,implemented,formula logic is linked in Python registry,python_executable,clinical_calculators.calculators.common.critical_care_scores,class,unit_tests_and_registry_smoke,external source and formula details represented in registry metadata,,麻醉、疼痛与围术期医学,ASA体格状态分级,ASA Physical Status Classification,ASA Physical Status,https://www.asahq.org/standards-and-practice-parameters/statement-on-asa-physical-status-classification-system
CALC-0429,implemented,formula logic is linked in Python registry,python_executable,clinical_calculators.calculators.common.questionnaire_and_risk_more,female; non_smoker; history_ponv_or_motion_sickness; postoperative_opioids,unit_tests_and_registry_smoke,external source and formula details represented in registry metadata,,麻醉、疼痛与围术期医学,Apfel术后恶心呕吐风险评分,Apfel PONV Score,MDCalc calculator library,https://www.mdcalc.com/
CALC-0430,implemented,formula logic is linked in Python registry,python_executable,clinical_calculators.calculators.common.perioperative_more,risk_factor_points,unit_tests_and_registry_smoke,external source and formula details represented in registry metadata,,麻醉、疼痛与围术期医学,Caprini静脉血栓风险评分,Caprini VTE Risk Assessment,Caprini RAM,https://capriniriskscore.org/
CALC-0431,implemented,formula logic is linked in Python registry,python_executable,clinical_calculators.calculators.common.obstetric_surgical_scores,estimated_blood_loss_ml; lowest_mean_arterial_pressure; lowest_heart_rate,unit_tests_and_registry_smoke,external source and formula details represented in registry metadata,,麻醉、疼痛与围术期医学,手术Apgar评分,Surgical Apgar Score,MDCalc calculator library,https://www.mdcalc.com/
CALC-0432,implemented,formula logic is linked in Python registry,python_executable,clinical_calculators.calculators.common.perioperative_more,physiological_component_points; operative_component_points,unit_tests_and_registry_smoke,external source and formula details represented in registry metadata,,麻醉、疼痛与围术期医学,POSSUM手术风险评分,POSSUM Score,QxMD Calculate,https://qxmd.com/calculate/
CALC-0433,implemented,formula logic is linked in Python registry,python_executable,clinical_calculators.calculators.common.perioperative_more,physiological_component_points; operative_component_points,unit_tests_and_registry_smoke,external source and formula details represented in registry metadata,,麻醉、疼痛与围术期医学,P-POSSUM死亡风险,Portsmouth POSSUM,QxMD Calculate,https://qxmd.com/calculate/
CALC-0434,implemented,formula logic is linked in Python registry,python_executable,clinical_calculators.calculators.common.questionnaire_and_risk_more,activity; respiration; circulation; consciousness; oxygen_saturation,unit_tests_and_registry_smoke,external source and formula details represented in registry metadata,,麻醉、疼痛与围术期医学,Aldrete麻醉恢复评分,Modified Aldrete Score,QxMD Calculate,https://qxmd.com/calculate/
CALC-0435,implemented,formula logic is linked in Python registry,python_executable,clinical_calculators.calculators.common.questionnaire_and_risk_more,vital_signs; activity; nausea_vomiting; pain; surgical_bleeding,unit_tests_and_registry_smoke,external source and formula details represented in registry metadata,,麻醉、疼痛与围术期医学,PADSS日间手术离院评分,Post-Anesthetic Discharge Scoring System,QxMD Calculate,https://qxmd.com/calculate/
CALC-0436,implemented,formula logic is linked in Python registry,python_executable,clinical_calculators.calculators.common.critical_care_scores,score,unit_tests_and_registry_smoke,external source and formula details represented in registry metadata,,麻醉、疼痛与围术期医学,RASS镇静躁动评分,Richmond Agitation-Sedation Scale,Richmond Agitation-Sedation Scale,https://www.icudelirium.org/medical-professionals/delirium/monitoring-delirium-in-the-icu
CALC-0437,implemented,formula logic is linked in Python registry,python_executable,clinical_calculators.calculators.common.questionnaire_and_risk_more,grade,unit_tests_and_registry_smoke,external source and formula details represented in registry metadata,,麻醉、疼痛与围术期医学,Ramsay镇静评分,Ramsay Sedation Scale,Ramsay Sedation Scale,https://qxmd.com/calculate/calculator_368/ramsay-sedation-scale
CALC-0438,implemented,formula logic is linked in Python registry,python_executable,clinical_calculators.calculators.common.questionnaire_and_risk_more,facial_expression; body_movements; muscle_tension; ventilator_compliance_or_vocalization,unit_tests_and_registry_smoke,external source and formula details represented in registry metadata,,麻醉、疼痛与围术期医学,行为疼痛观察工具,"Critical-Care Pain Observation Tool, CPOT",Critical-Care Pain Observation Tool,https://www.cpot.ca/
CALC-0439,implemented,formula logic is linked in Python registry,python_executable,clinical_calculators.calculators.common.questionnaire_and_risk_more,score,unit_tests_and_registry_smoke,external source and formula details represented in registry metadata,,麻醉、疼痛与围术期医学,数字疼痛评分,"Numeric Rating Scale for Pain, NRS",Numeric Rating Scale for Pain,https://www.ncbi.nlm.nih.gov/books/NBK554571/
CALC-0440,implemented,formula logic is linked in Python registry,python_executable,clinical_calculators.calculators.common.function_lifestyle_scores,pain; function; absence_deformity; range_of_motion,unit_tests_and_registry_smoke,external source and formula details represented in registry metadata,,骨科、运动医学与康复,Harris髋关节评分,Harris Hip Score,OrthoToolKit Harris Hip Score,https://orthotoolkit.com/harris-hip/
CALC-0441,implemented,formula logic is linked in Python registry,python_executable,clinical_calculators.calculators.common.function_lifestyle_scores,item_scores,unit_tests_and_registry_smoke,external source and formula details represented in registry metadata,,骨科、运动医学与康复,Oxford髋关节评分,Oxford Hip Score,Oxford scores,https://innovation.ox.ac.uk/outcome-measures/
CALC-0442,pending_formula_or_rule_implementation,Can implement scoring from pre-coded item scores if scoring rules are public; should not reproduce protected item text or copyrighted instruments without license.,markdown_or_data_table_until_source_complete,,permission-safe scored inputs or licensing clearance,metadata_self_check_only,external source metadata is present but executable formula/rule still requires audit,rights_limited_questionnaire,骨科、运动医学与康复,髋关节损伤和骨关节炎结局评分,"Hip disability and Osteoarthritis Outcome Score, HOOS",HOOS,https://www.koos.nu/
CALC-0443,pending_formula_or_rule_implementation,Can implement scoring from pre-coded item scores if scoring rules are public; should not reproduce protected item text or copyrighted instruments without license.,markdown_or_data_table_until_source_complete,,permission-safe scored inputs or licensing clearance,metadata_self_check_only,external source metadata is present but executable formula/rule still requires audit,rights_limited_questionnaire,骨科、运动医学与康复,膝关节损伤和骨关节炎结局评分,"Knee injury and Osteoarthritis Outcome Score, KOOS",KOOS,https://www.koos.nu/
CALC-0444,pending_formula_or_rule_implementation,Can implement scoring from pre-coded item scores if scoring rules are public; should not reproduce protected item text or copyrighted instruments without license.,markdown_or_data_table_until_source_complete,,permission-safe scored inputs or licensing clearance,metadata_self_check_only,external source metadata is present but executable formula/rule still requires audit,rights_limited_questionnaire,骨科、运动医学与康复,WOMAC骨关节炎指数,Western Ontario and McMaster Universities Osteoarthritis Index,WOMAC Osteoarthritis Index,https://www.womac.com/
CALC-0445,pending_formula_or_rule_implementation,No sufficient formula cue in local metadata; needs targeted source search and source-quality decision.,markdown_or_data_table_until_source_complete,,reliable source and formula-level details,metadata_self_check_only,external source metadata is present but executable formula/rule still requires audit,manual_research_needed,骨科、运动医学与康复,膝关节协会评分,"Knee Society Score, KSS",Knee Society Score,https://kneesociety.org/
CALC-0446,pending_formula_or_rule_implementation,Can implement scoring from pre-coded item scores if scoring rules are public; should not reproduce protected item text or copyrighted instruments without license.,markdown_or_data_table_until_source_complete,,permission-safe scored inputs or licensing clearance,metadata_self_check_only,external source metadata is present but executable formula/rule still requires audit,rights_limited_questionnaire,骨科、运动医学与康复,IKDC主观膝关节评分,International Knee Documentation Committee Subjective Knee Form,IKDC forms,https://www.sportsmed.org/research-patient-care/outcomes-research/ikdc
CALC-0447,implemented,formula logic is linked in Python registry,python_executable,clinical_calculators.calculators.common.function_lifestyle_scores,limp; support; locking; instability; pain; swelling; stair_climbing; squatting,unit_tests_and_registry_smoke,external source and formula details represented in registry metadata,,骨科、运动医学与康复,Lysholm膝关节评分,Lysholm Knee Score,OrthoToolKit Tegner Lysholm Knee Score,https://orthotoolkit.com/tegner-lysholm/
CALC-0448,implemented,formula logic is linked in Python registry,python_executable,clinical_calculators.calculators.common.function_lifestyle_scores,pain; activities_of_daily_living; range_of_motion; strength,unit_tests_and_registry_smoke,external source and formula details represented in registry metadata,,骨科、运动医学与康复,Constant-Murley肩关节评分,Constant-Murley Shoulder Score,OrthoToolKit Constant-Murley Score,https://orthotoolkit.com/constant-murley-score/
CALC-0449,pending_formula_or_rule_implementation,No sufficient formula cue in local metadata; needs targeted source search and source-quality decision.,markdown_or_data_table_until_source_complete,,reliable source and formula-level details,metadata_self_check_only,external source metadata is present but executable formula/rule still requires audit,manual_research_needed,骨科、运动医学与康复,ASES肩肘外科医师评分,American Shoulder and Elbow Surgeons Score,ASES outcome measures,https://www.ases-assn.org/
CALC-0450,implemented,formula logic is linked in Python registry,python_executable,clinical_calculators.calculators.common.function_lifestyle_scores,items,unit_tests_and_registry_smoke,external source and formula details represented in registry metadata,,骨科、运动医学与康复,上肢功能障碍量表,"Disabilities of the Arm, Shoulder and Hand, DASH",DASH scoring instructions,https://dash.iwh.on.ca/sites/dash/files/downloads/dash_scoring_2010.pdf
CALC-0451,implemented,formula logic is linked in Python registry,python_executable,clinical_calculators.calculators.common.function_lifestyle_scores,section_scores,unit_tests_and_registry_smoke,external source and formula details represented in registry metadata,,骨科、运动医学与康复,Oswestry腰痛功能障碍指数,"Oswestry Disability Index, ODI",Oswestry Disability Index,https://eprovide.mapi-trust.org/instruments/oswestry-disability-index
CALC-0452,implemented,formula logic is linked in Python registry,python_executable,clinical_calculators.calculators.common.function_lifestyle_scores,item_scores,unit_tests_and_registry_smoke,external source and formula details represented in registry metadata,,骨科、运动医学与康复,颈椎功能障碍指数,"Neck Disability Index, NDI",Neck Disability Index,https://eprovide.mapi-trust.org/instruments/neck-disability-index
CALC-0453,implemented,formula logic is linked in Python registry,python_executable,clinical_calculators.calculators.common.function_lifestyle_scores,items,unit_tests_and_registry_smoke,external source and formula details represented in registry metadata,,骨科、运动医学与康复,下肢功能量表,"Lower Extremity Functional Scale, LEFS",Shirley Ryan AbilityLab Lower Extremity Functional Scale,https://www.sralab.org/rehabilitation-measures/lower-extremity-functional-scale
CALC-0454,implemented,formula logic is linked in Python registry,python_executable,clinical_calculators.calculators.common.oncology_function_more,grade,unit_tests_and_registry_smoke,external source and formula details represented in registry metadata,,肿瘤学、放疗与姑息医学,ECOG体能状态评分,Eastern Cooperative Oncology Group Performance Status,ECOG Performance Status,https://ecog-acrin.org/resources/ecog-performance-status/
CALC-0455,implemented,formula logic is linked in Python registry,python_executable,clinical_calculators.calculators.common.oncology_function_more,score,unit_tests_and_registry_smoke,external source and formula details represented in registry metadata,,肿瘤学、放疗与姑息医学,Karnofsky体能状态评分,"Karnofsky Performance Status, KPS",MDCalc calculator library,https://www.mdcalc.com/
CALC-0456,implemented,formula logic is linked in Python registry,python_executable,clinical_calculators.calculators.common.oncology_function_more,baseline_sum_mm; current_sum_mm; nadir_sum_mm; target_lesions_absent; new_lesions; non_target_progressive_disease,unit_tests_and_registry_smoke,external source and formula details represented in registry metadata,,肿瘤学、放疗与姑息医学,RECIST 1.1实体瘤疗效评价,RECIST 1.1,RECIST 1.1 official resources,https://recist.eortc.org/recist-1-1-2/
CALC-0457,implemented,formula logic is linked in Python registry,python_executable,clinical_calculators.calculators.common.oncology_function_more,target_response; non_target_response; new_lesions; prior_iupd; progression_confirmed,unit_tests_and_registry_smoke,external source and formula details represented in registry metadata,,肿瘤学、放疗与姑息医学,iRECIST免疫治疗疗效评价,iRECIST,iRECIST guideline,https://recist.eortc.org/irecist/
CALC-0458,pending_formula_or_rule_implementation,No sufficient formula cue in local metadata; needs targeted source search and source-quality decision.,markdown_or_data_table_until_source_complete,,reliable source and formula-level details,metadata_self_check_only,external source metadata is present but executable formula/rule still requires audit,manual_research_needed,肿瘤学、放疗与姑息医学,NCI不良事件通用术语标准,"Common Terminology Criteria for Adverse Events, CTCAE",NCI CTCAE,https://ctep.cancer.gov/protocolDevelopment/electronic_applications/ctc.htm
CALC-0459,pending_formula_or_rule_implementation,"Cancer staging/risk-group entries are structured staging systems or subscription/licensed guideline content; need site-specific TNM/risk tables and version governance, not a simple formula.",markdown_or_data_table_until_source_complete,,versioned staging tables/rules or licensed system details,metadata_self_check_only,external source metadata is present but executable formula/rule still requires audit,staging_or_subscription,肿瘤学、放疗与姑息医学,AJCC TNM分期框架,AJCC TNM Staging,AJCC Cancer Staging,https://www.facs.org/quality-programs/cancer-programs/american-joint-committee-on-cancer/
CALC-0460,pending_formula_or_rule_implementation,"Cancer staging/risk-group entries are structured staging systems or subscription/licensed guideline content; need site-specific TNM/risk tables and version governance, not a simple formula.",markdown_or_data_table_until_source_complete,,versioned staging tables/rules or licensed system details,metadata_self_check_only,external source metadata is present but executable formula/rule still requires audit,staging_or_subscription,肿瘤学、放疗与姑息医学,乳腺癌预后分期,Breast Cancer Prognostic Stage,AJCC Cancer Staging,https://www.facs.org/quality-programs/cancer-programs/american-joint-committee-on-cancer/
CALC-0461,pending_formula_or_rule_implementation,"Cancer staging/risk-group entries are structured staging systems or subscription/licensed guideline content; need site-specific TNM/risk tables and version governance, not a simple formula.",markdown_or_data_table_until_source_complete,,versioned staging tables/rules or licensed system details,metadata_self_check_only,external source metadata is present but executable formula/rule still requires audit,staging_or_subscription,肿瘤学、放疗与姑息医学,肺癌TNM分期,Lung Cancer TNM Stage,AJCC Cancer Staging,https://www.facs.org/quality-programs/cancer-programs/american-joint-committee-on-cancer/
CALC-0462,pending_formula_or_rule_implementation,"Cancer staging/risk-group entries are structured staging systems or subscription/licensed guideline content; need site-specific TNM/risk tables and version governance, not a simple formula.",markdown_or_data_table_until_source_complete,,versioned staging tables/rules or licensed system details,metadata_self_check_only,external source metadata is present but executable formula/rule still requires audit,staging_or_subscription,肿瘤学、放疗与姑息医学,结直肠癌TNM分期,Colorectal Cancer TNM Stage,AJCC Cancer Staging,https://www.facs.org/quality-programs/cancer-programs/american-joint-committee-on-cancer/
CALC-0463,implemented,formula logic is linked in Python registry,python_executable,clinical_calculators.calculators.common.renal_endocrine_more,age_years; psa_ng_ml; clinical_t_stage; positive_biopsy_cores; total_biopsy_cores,unit_tests_and_registry_smoke,external source and formula details represented in registry metadata,,肿瘤学、放疗与姑息医学,前列腺癌CAPRA评分,"Cancer of the Prostate Risk Assessment, CAPRA",UCSF-CAPRA Score,https://urology.ucsf.edu/research/cancer/prostate-cancer/capra
CALC-0464,implemented,formula logic is linked in Python registry,python_executable,clinical_calculators.calculators.common.oncology_function_more,karnofsky_less_80; time_from_diagnosis_to_treatment_less_1_year; hemoglobin_below_lln; corrected_calcium_above_uln; neutrophils_above_uln; platelets_above_uln,unit_tests_and_registry_smoke,external source and formula details represented in registry metadata,,肿瘤学、放疗与姑息医学,肾癌IMDC风险模型,International Metastatic RCC Database Consortium Risk Model,MDCalc calculator library,https://www.mdcalc.com/
CALC-0465,pending_formula_or_rule_implementation,No sufficient formula cue in local metadata; needs targeted source search and source-quality decision.,markdown_or_data_table_until_source_complete,,reliable source and formula-level details,metadata_self_check_only,external source metadata is present but executable formula/rule still requires audit,manual_research_needed,肿瘤学、放疗与姑息医学,癌症治疗相关老年毒性风险,CARG Chemotherapy Toxicity Score,Cancer and Aging Research Group,https://www.mycarg.org/
CALC-0466,implemented,formula logic is linked in Python registry,python_executable,clinical_calculators.calculators.common.oncology_function_more,score,unit_tests_and_registry_smoke,external source and formula details represented in registry metadata,,肿瘤学、放疗与姑息医学,姑息体能状态量表,"Palliative Performance Scale, PPS","Palliative Performance Scale, Victoria Hospice",https://victoriahospice.org/health-professionals/clinical-tools/palliative-performance-scale-pps/
CALC-0467,implemented,formula logic is linked in Python registry,python_executable,clinical_calculators.calculators.common.oncology_function_more,dyspnea; anorexia; karnofsky_score; clinical_prediction_weeks; white_blood_cell_count_10e9_l; lymphocyte_percentage,unit_tests_and_registry_smoke,external source and formula details represented in registry metadata,,肿瘤学、放疗与姑息医学,姑息预后评分,"Palliative Prognostic Score, PaP",Palliative Care Network of Wisconsin PaP Fast Fact,https://www.mypcnow.org/fast-fact/the-palliative-prognostic-score/
CALC-0468,implemented,formula logic is linked in Python registry,python_executable,clinical_calculators.calculators.common.oncology_function_more,mean_lung_dose_gy; v20_percent,unit_tests_and_registry_smoke,external source and formula details represented in registry metadata,,肿瘤学、放疗与姑息医学,放射性肺炎风险平均肺剂量约束,Radiation Pneumonitis Dose Constraint Support,QUANTEC lung dose-volume effects,https://pubmed.ncbi.nlm.nih.gov/20171521/
CALC-0469,pending_formula_or_rule_implementation,"External calculators/papers may exist, but executable implementation needs full coefficients, caps/floors, population limits, and validation examples; not safe from title/source alone.",markdown_or_data_table_until_source_complete,,"complete coefficients, transformations, caps, and validation examples",metadata_self_check_only,external source metadata is present but executable formula/rule still requires audit,model_coefficients_needed,移植医学,肾移植候选人预期移植后生存评分,"Estimated Post-Transplant Survival, EPTS",OPTN calculators,https://optn.transplant.hrsa.gov/data/allocation-calculators/
CALC-0470,pending_formula_or_rule_implementation,"External calculators/papers may exist, but executable implementation needs full coefficients, caps/floors, population limits, and validation examples; not safe from title/source alone.",markdown_or_data_table_until_source_complete,,"complete coefficients, transformations, caps, and validation examples",metadata_self_check_only,external source metadata is present but executable formula/rule still requires audit,model_coefficients_needed,移植医学,肾供体概况指数,"Kidney Donor Profile Index, KDPI",OPTN KDPI,https://optn.transplant.hrsa.gov/data/allocation-calculators/
CALC-0471,pending_formula_or_rule_implementation,"External calculators/papers may exist, but executable implementation needs full coefficients, caps/floors, population limits, and validation examples; not safe from title/source alone.",markdown_or_data_table_until_source_complete,,"complete coefficients, transformations, caps, and validation examples",metadata_self_check_only,external source metadata is present but executable formula/rule still requires audit,model_coefficients_needed,移植医学,计算群体反应抗体,"Calculated Panel Reactive Antibody, cPRA",OPTN cPRA,https://optn.transplant.hrsa.gov/data/allocation-calculators/
CALC-0472,pending_formula_or_rule_implementation,"External calculators/papers may exist, but executable implementation needs full coefficients, caps/floors, population limits, and validation examples; not safe from title/source alone.",markdown_or_data_table_until_source_complete,,"complete coefficients, transformations, caps, and validation examples",metadata_self_check_only,external source metadata is present but executable formula/rule still requires audit,model_coefficients_needed,移植医学,肺移植综合分配评分,"Lung Composite Allocation Score, CAS",OPTN lung allocation,https://optn.transplant.hrsa.gov/
CALC-0473,pending_formula_or_rule_implementation,No sufficient formula cue in local metadata; needs targeted source search and source-quality decision.,markdown_or_data_table_until_source_complete,,reliable source and formula-level details,metadata_self_check_only,external source metadata is present but executable formula/rule still requires audit,manual_research_needed,移植医学,心脏移植医学紧急状态分级,Adult Heart Allocation Status,OPTN heart allocation,https://optn.transplant.hrsa.gov/
CALC-0474,implemented,formula logic is linked in Python registry,python_executable,clinical_calculators.calculators.common.heme_rheum_scores,arrhythmia; cardiac; inflammatory_bowel_disease; diabetes; cerebrovascular_disease; psychiatric_disturbance; mild_hepatic; obesity; infection; rheumatologic; peptic_ulcer; moderate_or_severe_renal; moderate_pulmonary; prior_solid_tumor; heart_valve_disease; severe_pulmonary; moderate_or_severe_hepatic,unit_tests_and_registry_smoke,external source and formula details represented in registry metadata,,移植医学,造血细胞移植合并症指数,"Hematopoietic Cell Transplantation-Comorbidity Index, HCT-CI",HCT-CI calculator,https://hctci.org/
CALC-0475,pending_formula_or_rule_implementation,No sufficient formula cue in local metadata; needs targeted source search and source-quality decision.,markdown_or_data_table_until_source_complete,,reliable source and formula-level details,metadata_self_check_only,external source metadata is present but executable formula/rule still requires audit,manual_research_needed,移植医学,EBMT造血干细胞移植风险评分,EBMT Risk Score,EBMT risk score,https://www.ebmt.org/
CALC-0476,pending_formula_or_rule_implementation,No sufficient formula cue in local metadata; needs targeted source search and source-quality decision.,markdown_or_data_table_until_source_complete,,reliable source and formula-level details,metadata_self_check_only,external source metadata is present but executable formula/rule still requires audit,manual_research_needed,移植医学,慢性肺移植物功能障碍分级,Chronic Lung Allograft Dysfunction Grade,ISHLT guidelines,https://www.ishlt.org/ishlt/media/documents/Guidelines/Guidelines-For-Management-Of-CLAD.pdf
CALC-0477,implemented,formula logic is linked in Python registry,python_executable,clinical_calculators.calculators.common.nursing_obstetric_scores,sensory_perception; moisture; activity; mobility; nutrition; friction_shear,unit_tests_and_registry_smoke,external source and formula details represented in registry metadata,,护理、安全与功能评估,Braden压疮风险评分,Braden Scale,Braden Scale,https://www.bradenscale.com/
CALC-0478,implemented,formula logic is linked in Python registry,python_executable,clinical_calculators.calculators.common.nursing_obstetric_scores,history_of_falling; secondary_diagnosis; ambulatory_aid; iv_or_heparin_lock; gait; mental_status,unit_tests_and_registry_smoke,external source and formula details represented in registry metadata,,护理、安全与功能评估,Morse跌倒风险评分,Morse Fall Scale,QxMD Calculate,https://qxmd.com/calculate/
CALC-0479,implemented,published eight-item Hendrich II weights and threshold are linked in Python registry,python_executable,clinical_calculators.calculators.common.source_backed_batch,seven clinical flags; sex; get_up_and_go,source_table_unit_tests_and_registry_smoke,open 2024 validation PMC11895638 and original 2003 model,,护理、安全与功能评估,Hendrich II跌倒风险模型,Hendrich II Fall Risk Model,Hendrich II open validation,https://europepmc.org/articles/PMC11895638
CALC-0480,implemented,formula logic is linked in Python registry,python_executable,clinical_calculators.calculators.common.function_lifestyle_scores,component_points,unit_tests_and_registry_smoke,external source and formula details represented in registry metadata,,护理、安全与功能评估,Waterlow压疮风险评分,Waterlow Pressure Ulcer Risk Assessment,Waterlow Pressure Ulcer Risk Assessment scoring,https://www.cgakit.com/waterlow-score
CALC-0481,implemented,formula logic is linked in Python registry,python_executable,clinical_calculators.calculators.common.function_lifestyle_scores,physical_condition; mental_condition; activity; mobility; incontinence,unit_tests_and_registry_smoke,external source and formula details represented in registry metadata,,护理、安全与功能评估,Norton压疮风险评分,Norton Scale,Norton Scale for Pressure Ulcer Risk,https://qxmd.com/calculate/calculator_290/norton-score
CALC-0482,implemented,formula logic is linked in Python registry,python_executable,clinical_calculators.calculators.common.function_lifestyle_scores,items,unit_tests_and_registry_smoke,external source and formula details represented in registry metadata,,护理、安全与功能评估,Barthel日常生活活动指数,Barthel Index,QxMD Calculate,https://qxmd.com/calculate/
CALC-0483,implemented,formula logic is linked in Python registry,python_executable,clinical_calculators.calculators.common.function_lifestyle_scores,items,unit_tests_and_registry_smoke,external source and formula details represented in registry metadata,,护理、安全与功能评估,功能独立性评定,"Functional Independence Measure, FIM",Uniform Data System for Medical Rehabilitation FIM,https://www.udsmr.org/
CALC-0484,implemented,formula logic is linked in Python registry,python_executable,clinical_calculators.calculators.common.function_lifestyle_scores,items,unit_tests_and_registry_smoke,external source and formula details represented in registry metadata,,护理、安全与功能评估,Berg平衡量表,Berg Balance Scale,Shirley Ryan AbilityLab Berg Balance Scale,https://www.sralab.org/rehabilitation-measures/berg-balance-scale
CALC-0485,implemented,formula logic is linked in Python registry,python_executable,clinical_calculators.calculators.common.function_lifestyle_scores,sex; age_years; height_cm; weight_kg; observed_6mwd_m,unit_tests_and_registry_smoke,external source and formula details represented in registry metadata,,护理、安全与功能评估,6分钟步行距离预测值,Six-Minute Walk Distance Predicted,MDCalc calculator library,https://www.mdcalc.com/
CALC-0486,pending_formula_or_rule_implementation,No sufficient formula cue in local metadata; needs targeted source search and source-quality decision.,markdown_or_data_table_until_source_complete,,reliable source and formula-level details,metadata_self_check_only,external source metadata is present but executable formula/rule still requires audit,manual_research_needed,护理、安全与功能评估,ICU谵妄评估,CAM-ICU,ICU Delirium CAM-ICU,https://www.icudelirium.org/
CALC-0487,implemented,formula logic is linked in Python registry,python_executable,clinical_calculators.calculators.common.function_lifestyle_scores,decayed_teeth; missing_teeth; filled_teeth,unit_tests_and_registry_smoke,external source and formula details represented in registry metadata,,口腔、牙周与颌面医学,龋失补指数,"Decayed, Missing, and Filled Teeth Index, DMFT",WHO Oral Health Surveys: Basic Methods,https://www.who.int/publications/i/item/9789241548649
CALC-0488,implemented,formula logic is linked in Python registry,python_executable,clinical_calculators.calculators.common.function_lifestyle_scores,sextant_codes,unit_tests_and_registry_smoke,external source and formula details represented in registry metadata,,口腔、牙周与颌面医学,社区牙周指数,"Community Periodontal Index, CPI",WHO Oral Health Surveys Community Periodontal Index,https://www.who.int/publications/i/item/9789241548649
CALC-0489,pending_formula_or_rule_implementation,No sufficient formula cue in local metadata; needs targeted source search and source-quality decision.,markdown_or_data_table_until_source_complete,,reliable source and formula-level details,metadata_self_check_only,external source metadata is present but executable formula/rule still requires audit,manual_research_needed,口腔、牙周与颌面医学,牙周炎分期分级,Periodontitis Stage and Grade,AAP/EFP classification,https://www.efp.org/
CALC-0490,pending_formula_or_rule_implementation,No sufficient formula cue in local metadata; needs targeted source search and source-quality decision.,markdown_or_data_table_until_source_complete,,reliable source and formula-level details,metadata_self_check_only,external source metadata is present but executable formula/rule still requires audit,manual_research_needed,口腔、牙周与颌面医学,牙周炎症表面积,"Periodontal Inflamed Surface Area, PISA",Periodontal Inflamed Surface Area,https://www.parsprototo.info/
CALC-0491,implemented,formula logic is linked in Python registry,python_executable,clinical_calculators.calculators.common.function_lifestyle_scores,items,unit_tests_and_registry_smoke,external source and formula details represented in registry metadata,,口腔、牙周与颌面医学,改良牙科焦虑量表,"Modified Dental Anxiety Scale, MDAS",QxMD Calculate,https://qxmd.com/calculate/
CALC-0492,pending_formula_or_rule_implementation,No sufficient formula cue in local metadata; needs targeted source search and source-quality decision.,markdown_or_data_table_until_source_complete,,reliable source and formula-level details,metadata_self_check_only,external source metadata is present but executable formula/rule still requires audit,manual_research_needed,口腔、牙周与颌面医学,口腔健康影响程度14项,"Oral Health Impact Profile-14, OHIP-14",OHIP-14,https://www.adelaide.edu.au/arcpoh/ohip-14
CALC-0493,implemented,formula logic is linked in Python registry,python_executable,clinical_calculators.calculators.common.function_lifestyle_scores,items,unit_tests_and_registry_smoke,external source and formula details represented in registry metadata,,口腔、牙周与颌面医学,颞下颌关节功能限制量表,"Jaw Functional Limitation Scale, JFLS",Jaw Functional Limitation Scale,https://ubwp.buffalo.edu/rdc-tmdinternational/
CALC-0494,pending_formula_or_rule_implementation,No sufficient formula cue in local metadata; needs targeted source search and source-quality decision.,markdown_or_data_table_until_source_complete,,reliable source and formula-level details,metadata_self_check_only,external source metadata is present but executable formula/rule still requires audit,manual_research_needed,放射影像与核医学,乳腺影像报告和数据系统,BI-RADS Category,ACR BI-RADS,https://www.acr.org/Clinical-Resources/Reporting-and-Data-Systems/Bi-Rads
CALC-0495,pending_formula_or_rule_implementation,No sufficient formula cue in local metadata; needs targeted source search and source-quality decision.,markdown_or_data_table_until_source_complete,,reliable source and formula-level details,metadata_self_check_only,external source metadata is present but executable formula/rule still requires audit,manual_research_needed,放射影像与核医学,前列腺影像报告和数据系统,PI-RADS v2.1,ACR PI-RADS,https://www.acr.org/Clinical-Resources/Reporting-and-Data-Systems/PI-RADS
CALC-0496,pending_formula_or_rule_implementation,No sufficient formula cue in local metadata; needs targeted source search and source-quality decision.,markdown_or_data_table_until_source_complete,,reliable source and formula-level details,metadata_self_check_only,external source metadata is present but executable formula/rule still requires audit,manual_research_needed,放射影像与核医学,甲状腺影像报告和数据系统,ACR TI-RADS,ACR TI-RADS,https://www.acr.org/Clinical-Resources/Reporting-and-Data-Systems/TI-RADS
CALC-0497,pending_formula_or_rule_implementation,No sufficient formula cue in local metadata; needs targeted source search and source-quality decision.,markdown_or_data_table_until_source_complete,,reliable source and formula-level details,metadata_self_check_only,external source metadata is present but executable formula/rule still requires audit,manual_research_needed,放射影像与核医学,肺结节筛查报告系统,Lung-RADS,ACR Lung-RADS,https://www.acr.org/Clinical-Resources/Reporting-and-Data-Systems/Lung-Rads
CALC-0498,pending_formula_or_rule_implementation,No sufficient formula cue in local metadata; needs targeted source search and source-quality decision.,markdown_or_data_table_until_source_complete,,reliable source and formula-level details,metadata_self_check_only,external source metadata is present but executable formula/rule still requires audit,manual_research_needed,放射影像与核医学,肝脏影像报告系统,LI-RADS,ACR LI-RADS,https://www.acr.org/Clinical-Resources/Reporting-and-Data-Systems/LI-RADS
CALC-0499,pending_formula_or_rule_implementation,No sufficient formula cue in local metadata; needs targeted source search and source-quality decision.,markdown_or_data_table_until_source_complete,,reliable source and formula-level details,metadata_self_check_only,external source metadata is present but executable formula/rule still requires audit,manual_research_needed,放射影像与核医学,卵巢附件影像报告系统,O-RADS,ACR O-RADS,https://www.acr.org/Clinical-Resources/Reporting-and-Data-Systems/O-Rads
CALC-0500,pending_formula_or_rule_implementation,No sufficient formula cue in local metadata; needs targeted source search and source-quality decision.,markdown_or_data_table_until_source_complete,,reliable source and formula-level details,metadata_self_check_only,external source metadata is present but executable formula/rule still requires audit,manual_research_needed,放射影像与核医学,冠状动脉钙化积分,Agatston Coronary Artery Calcium Score,SCCT CAC scoring,https://scct.org/
CALC-0501,implemented,formula logic is linked in Python registry,python_executable,clinical_calculators.calculators.common.complex_rules_more,noncontrast_hu; enhanced_hu; delayed_hu,unit_tests_and_registry_smoke,external source and formula details represented in registry metadata,,放射影像与核医学,肾上腺腺瘤洗脱率,Adrenal Washout Calculation,MDCalc calculator library,https://www.mdcalc.com/
CALC-0502,implemented,formula logic is linked in Python registry,python_executable,clinical_calculators.calculators.common.oncology_function_more,height_loss_percent,unit_tests_and_registry_smoke,external source and formula details represented in registry metadata,,放射影像与核医学,椎体骨折Genant半定量分级,Genant Semiquantitative Vertebral Fracture Grade,Genant semiquantitative vertebral fracture grade references,https://radiopaedia.org/articles/genant-classification-of-vertebral-fractures
CALC-0503,implemented,formula logic is linked in Python registry,python_executable,clinical_calculators.calculators.common.misc_formula_more,mtv_ml; suv_mean,unit_tests_and_registry_smoke,external source and formula details represented in registry metadata,,放射影像与核医学,PET代谢肿瘤体积和总病灶糖酵解,MTV and TLG,EANM FDG PET/CT guidelines,https://www.eanm.org/publications/guidelines/
CALC-0504,implemented,formula logic is linked in Python registry,python_executable,clinical_calculators.calculators.common.nursing_obstetric_scores,mean_blood_pressure_mm_hg; lowest_temperature_c; pao2_fio2_ratio; lowest_serum_ph; multiple_seizures; urine_output_ml_kg_hr; five_minute_apgar; birth_weight_g; small_for_gestational_age_below_3rd_percentile,unit_tests_and_registry_smoke,external source and formula details represented in registry metadata,,儿科亚专科与新生儿,新生儿急性生理评分围产扩展版,SNAPPE-II,QxMD Calculate,https://qxmd.com/calculate/
CALC-0505,implemented,formula logic is linked in Python registry,python_executable,clinical_calculators.calculators.common.more_scores_and_ratios,chest_abdominal_movement; intercostal_retractions; xiphoid_retractions; nasal_flaring; expiratory_grunt,unit_tests_and_registry_smoke,external source and formula details represented in registry metadata,,儿科亚专科与新生儿,Silverman-Andersen呼吸窘迫评分,Silverman-Andersen Score,QxMD Calculate,https://qxmd.com/calculate/
CALC-0506,implemented,formula logic is linked in Python registry,python_executable,clinical_calculators.calculators.common.nursing_obstetric_scores,respiratory_rate; cyanosis; air_entry; grunting; retractions,unit_tests_and_registry_smoke,external source and formula details represented in registry metadata,,儿科亚专科与新生儿,Downes儿童呼吸窘迫评分,Downes Score,QxMD Calculate,https://qxmd.com/calculate/
CALC-0507,pending_formula_or_rule_implementation,The full Finnegan item wording and weighted response definitions are long-form instrument content; retain metadata until a rights-cleared source and permission-safe input contract are available.,markdown_or_data_table_until_source_complete,,permission-safe coded inputs or licensing clearance,metadata_self_check_only,do not reproduce instrument content from an aggregator,rights_limited_questionnaire,儿科亚专科与新生儿,新生儿阿片戒断评分,Finnegan Neonatal Abstinence Score,QxMD Calculate,https://qxmd.com/calculate/
CALC-0508,implemented,formula logic is linked in Python registry,python_executable,clinical_calculators.calculators.common.questionnaire_and_risk_more,face; legs; activity; cry; consolability,unit_tests_and_registry_smoke,external source and formula details represented in registry metadata,,儿科亚专科与新生儿,FLACC儿童疼痛评分,Face Legs Activity Cry Consolability Scale,QxMD Calculate,https://qxmd.com/calculate/
CALC-0509,implemented,formula logic is linked in Python registry,python_executable,clinical_calculators.calculators.common.emergency_surgery_rules,weight; airway; systolic_bp; central_nervous_system; open_wound; skeletal_injury,unit_tests_and_registry_smoke,external source and formula details represented in registry metadata,,儿科亚专科与新生儿,儿童创伤评分,Pediatric Trauma Score,Pediatric Trauma Score,https://www.mdcalc.com/calc/10240/pediatric-trauma-score-pts
CALC-0510,implemented,formula logic is linked in Python registry,python_executable,clinical_calculators.calculators.common.oncology_function_more,score,unit_tests_and_registry_smoke,external source and formula details represented in registry metadata,,儿科亚专科与新生儿,Lansky儿童体能状态评分,Lansky Play-Performance Scale,Lansky Play-Performance Scale,https://www.mdcalc.com/calc/10096/lansky-play-performance-scale-children
CALC-0511,pending_formula_or_rule_implementation,No sufficient formula cue in local metadata; needs targeted source search and source-quality decision.,markdown_or_data_table_until_source_complete,,reliable source and formula-level details,metadata_self_check_only,external source metadata is present but executable formula/rule still requires audit,manual_research_needed,儿科亚专科与新生儿,儿童肝移植PELD补充分层,PELD Exception Support,OPTN PELD calculator,https://optn.transplant.hrsa.gov/data/allocation-calculators/peld-calculator/
CALC-0512,implemented,formula logic is linked in Python registry,python_executable,clinical_calculators.calculators.common.pediatric_infectious_more,age_months; heart_rate_bpm; systolic_bp_mm_hg; capillary_refill_seconds; respiratory_rate_breaths_min; respiratory_effort; oxygen_saturation_percent; oxygen_therapy,unit_tests_and_registry_smoke,Parshuram 2009 CC BY source table and validation threshold,,儿科亚专科与新生儿,儿童早期预警评分扩展版,Bedside Pediatric Early Warning System,Parshuram et al. Bedside PEWS (2009),https://pmc.ncbi.nlm.nih.gov/articles/PMC2750193/
CALC-0513,implemented,formula logic is linked in Python registry,python_executable,clinical_calculators.calculators.common.more_scores_and_ratios,general_appearance; eyes; mucous_membranes; tears,unit_tests_and_registry_smoke,external source and formula details represented in registry metadata,,儿科亚专科与新生儿,儿童脱水临床评分,Clinical Dehydration Scale,MDCalc calculator library,https://www.mdcalc.com/
CALC-0514,implemented,formula logic is linked in Python registry,python_executable,clinical_calculators.calculators.common.questionnaire_and_risk_more,parity; previous_cesarean; fetal_presentation; fetal_count; gestational_age_weeks; labor_onset,unit_tests_and_registry_smoke,external source and formula details represented in registry metadata,,妇产高危与生殖医学,Robson剖宫产十组分类,Robson Ten-Group Classification,WHO Robson classification,https://www.who.int/
CALC-0515,implemented,formula logic is linked in Python registry,python_executable,clinical_calculators.calculators.common.nursing_obstetric_scores,bpd_cm; hc_cm; ac_cm; fl_cm,unit_tests_and_registry_smoke,external source and formula details represented in registry metadata,,妇产高危与生殖医学,估计胎儿体重Hadlock公式,Hadlock Estimated Fetal Weight,Hadlock fetal weight model,https://obgyn.utoronto.ca/sites/default/files/Hadlock%20Model%20for%20EFW%20AC-FL-HC%20-%20AJOG%201985.pdf
CALC-0516,pending_formula_or_rule_implementation,"Growth percentile calculators need LMS/reference tables by sex/age/measure; external data can fill them, but this is a data-table implementation rather than a compact formula.",markdown_or_data_table_until_source_complete,,official reference tables or LMS parameters,metadata_self_check_only,external source metadata is present but executable formula/rule still requires audit,reference_tables_needed,妇产高危与生殖医学,胎儿生长百分位,Fetal Growth Percentile,INTERGROWTH-21st,https://intergrowth21.tghn.org/
CALC-0517,implemented,formula logic is linked in Python registry,python_executable,clinical_calculators.calculators.common.nursing_obstetric_scores,quadrant_1_cm; quadrant_2_cm; quadrant_3_cm; quadrant_4_cm,unit_tests_and_registry_smoke,external source and formula details represented in registry metadata,,妇产高危与生殖医学,羊水指数,"Amniotic Fluid Index, AFI",StatPearls Amniotic Fluid Index / Polyhydramnios references,https://www.ncbi.nlm.nih.gov/books/NBK562326/
CALC-0518,implemented,formula logic is linked in Python registry,python_executable,clinical_calculators.calculators.common.nursing_obstetric_scores,single_deepest_pocket_cm,unit_tests_and_registry_smoke,external source and formula details represented in registry metadata,,妇产高危与生殖医学,单最大羊水池深度,Single Deepest Pocket,StatPearls Amniotic Fluid Index / Polyhydramnios references,https://www.ncbi.nlm.nih.gov/books/NBK562140/
CALC-0519,implemented,formula logic is linked in Python registry,python_executable,clinical_calculators.calculators.common.more_scores_and_ratios,sflt1_pg_ml; plgf_pg_ml,unit_tests_and_registry_smoke,external source and formula details represented in registry metadata,,妇产高危与生殖医学,sFlt-1/PlGF子痫前期风险比值,sFlt-1 to PlGF Ratio,NICE PlGF-based testing guidance,https://www.nice.org.uk/guidance/dg49
CALC-0520,implemented,formula logic is linked in Python registry,python_executable,clinical_calculators.calculators.common.nursing_obstetric_scores,severe_range_blood_pressure_confirmed; platelets_per_microliter; serum_creatinine_mg_dl; creatinine_doubled_from_baseline; liver_transaminases_twice_normal; severe_persistent_ruq_epigastric_pain; pulmonary_edema; new_onset_headache_unresponsive; visual_symptoms,unit_tests_and_registry_smoke,external source and formula details represented in registry metadata,,妇产高危与生殖医学,子痫前期严重特征判断,Preeclampsia Severe Features Checklist,ACOG Practice Bulletin No. 222 Gestational Hypertension and Preeclampsia,https://www.preeclampsia.org/frontend/assets/img/advocacy_resource/Gestational_Hypertension_and_Preeclampsia_ACOG_Practice_Bulletin%2C_Number_222_1605448006.pdf
CALC-0521,pending_formula_or_rule_implementation,No sufficient formula cue in local metadata; needs targeted source search and source-quality decision.,markdown_or_data_table_until_source_complete,,reliable source and formula-level details,metadata_self_check_only,external source metadata is present but executable formula/rule still requires audit,manual_research_needed,妇产高危与生殖医学,早产风险fFN辅助解释,Fetal Fibronectin Risk Support,NICE preterm labour diagnostics,https://www.nice.org.uk/
CALC-0522,implemented,formula logic is linked in Python registry,python_executable,clinical_calculators.calculators.common.nursing_obstetric_scores,afc; amh_ng_ml,unit_tests_and_registry_smoke,external source and formula details represented in registry metadata,,妇产高危与生殖医学,卵巢储备评估AFC-AMH,Ovarian Reserve Assessment,ASRM committee documents,https://www.asrm.org/practice-guidance/practice-committee-documents/
CALC-0523,pending_formula_or_rule_implementation,No sufficient formula cue in local metadata; needs targeted source search and source-quality decision.,markdown_or_data_table_until_source_complete,,reliable source and formula-level details,metadata_self_check_only,external source metadata is present but executable formula/rule still requires audit,manual_research_needed,妇产高危与生殖医学,OHSS风险评分,Ovarian Hyperstimulation Syndrome Risk,ASRM committee documents,https://www.asrm.org/practice-guidance/practice-committee-documents/
CALC-0524,pending_formula_or_rule_implementation,"External calculators/papers may exist, but executable implementation needs full coefficients, caps/floors, population limits, and validation examples; not safe from title/source alone.",markdown_or_data_table_until_source_complete,,"complete coefficients, transformations, caps, and validation examples",metadata_self_check_only,external source metadata is present but executable formula/rule still requires audit,model_coefficients_needed,心衰、心电与血管医学,西雅图心衰模型,"Seattle Heart Failure Model, SHFM",Seattle Heart Failure Model,https://depts.washington.edu/shfm/
CALC-0525,implemented,formula logic is linked in Python registry,python_executable,clinical_calculators.calculators.common.source_backed_batch,age_years; ejection_fraction_percent; systolic_bp_mm_hg; bmi; serum_creatinine_umol_l; nyha_class; sex; current_smoker; diabetes; copd; heart_failure_diagnosed_at_least_18_months; on_beta_blocker; on_acei_or_arb,source_derived_tests_full_score_table_api_crosscheck_and_registry_smoke,original publication and public complete point table represented in inventory metadata,,心衰、心电与血管医学,MAGGIC心衰死亡风险,MAGGIC Heart Failure Risk Score,MAGGIC Risk Calculator for Heart Failure,https://www.mdcalc.com/calc/3803/maggic-risk-calculator-heart-failure
CALC-0526,pending_formula_or_rule_implementation,No sufficient formula cue in local metadata; needs targeted source search and source-quality decision.,markdown_or_data_table_until_source_complete,,reliable source and formula-level details,metadata_self_check_only,external source metadata is present but executable formula/rule still requires audit,manual_research_needed,心衰、心电与血管医学,MECKI心衰运动预后评分,MECKI Score,MECKI Score,https://www.cardiologicomonzino.it/en/mecki-score/
CALC-0527,implemented,formula logic is linked in Python registry,python_executable,clinical_calculators.calculators.common.cardiac_risk_scores,bmi; antihypertensive_medications_count; atrial_fibrillation; pulmonary_artery_systolic_pressure_mm_hg; age_years; e_over_e_prime,unit_tests_and_registry_smoke,external source and formula details represented in registry metadata,,心衰、心电与血管医学,H2FPEF心衰保留射血分数评分,H2FPEF Score,H2FPEF Score / MDCalc,https://www.mdcalc.com/calc/4034/h2fpef-score-heart-failure-preserved-ejection-fraction
CALC-0528,implemented,formula logic is linked in Python registry,python_executable,clinical_calculators.calculators.common.cardiology_more_scores,functional_domain_points; morphological_domain_points; biomarker_domain_points,unit_tests_and_registry_smoke,external source and formula details represented in registry metadata,,心衰、心电与血管医学,HFA-PEFF诊断评分,HFA-PEFF Score,ESC HF guidelines / HFA-PEFF algorithm,https://www.escardio.org/Guidelines
CALC-0529,implemented,formula logic is linked in Python registry,python_executable,clinical_calculators.calculators.common.obstetric_surgical_scores,class,unit_tests_and_registry_smoke,external source and formula details represented in registry metadata,,心衰、心电与血管医学,NYHA心功能分级,New York Heart Association Functional Class,American Heart Association heart failure classes,https://www.heart.org/
CALC-0530,implemented,formula logic is linked in Python registry,python_executable,clinical_calculators.calculators.common.obstetric_surgical_scores,class,unit_tests_and_registry_smoke,external source and formula details represented in registry metadata,,心衰、心电与血管医学,Killip急性心梗心衰分级,Killip Classification,MDCalc calculator library,https://www.mdcalc.com/
CALC-0531,implemented,formula logic is linked in Python registry,python_executable,clinical_calculators.calculators.common.cardiology_more_scores,history; ecg; age_years; risk_factors_count; known_atherosclerotic_disease; troponin_multiple_of_normal_limit; troponin_0h_positive; troponin_3h_positive; new_ischemic_ecg_changes; known_coronary_artery_disease,unit_tests_and_registry_smoke,external source and formula details represented in registry metadata,,心衰、心电与血管医学,HEART路径低危胸痛判定,HEART Pathway,MDCalc calculator library,https://www.mdcalc.com/
CALC-0532,implemented,formula logic is linked in Python registry,python_executable,clinical_calculators.calculators.common.cardiac_risk_scores,sex; age_years; two_or_more_comorbidities; interacting_drugs; tobacco_use_within_2_years; non_caucasian_race,unit_tests_and_registry_smoke,external source and formula details represented in registry metadata,,心衰、心电与血管医学,SAMe-TT2R2华法林控制预测,SAMe-TT2R2 Score,SAMe-TT2R2 Score / MDCalc,https://www.mdcalc.com/calc/3943/same-tt2r2-score
CALC-0533,implemented,formula logic is linked in Python registry,python_executable,clinical_calculators.calculators.common.cardiovascular_scores,left_dorsalis_pedis_sbp; left_posterior_tibial_sbp; left_brachial_sbp; right_brachial_sbp,unit_tests_and_registry_smoke,external source and formula details represented in registry metadata,,心衰、心电与血管医学,ABI踝肱指数,"Ankle-Brachial Index, ABI",AHA/ACC PAD guideline,https://www.heart.org/
CALC-0534,implemented,formula logic is linked in Python registry,python_executable,clinical_calculators.calculators.common.cardiovascular_scores,category,unit_tests_and_registry_smoke,external source and formula details represented in registry metadata,,心衰、心电与血管医学,Rutherford慢性肢体缺血分级,Rutherford Classification,Society for Vascular Surgery / Rutherford Classification,https://vascular.org/
CALC-0535,pending_formula_or_rule_implementation,No sufficient formula cue in local metadata; needs targeted source search and source-quality decision.,markdown_or_data_table_until_source_complete,,reliable source and formula-level details,metadata_self_check_only,external source metadata is present but executable formula/rule still requires audit,manual_research_needed,心衰、心电与血管医学,WIfI保肢风险分级,Wound Ischemia and foot Infection Classification,SVS WIfI,https://vascular.org/
CALC-0536,implemented,formula logic is linked in Python registry,python_executable,clinical_calculators.calculators.common.gastro_nutrition_more,stool_frequency; rectal_bleeding; endoscopic_findings; physician_global_assessment,unit_tests_and_registry_smoke,external source and formula details represented in registry metadata,,消化内镜、IBD与胰胆疾病,Mayo溃疡性结肠炎评分,Mayo Score for Ulcerative Colitis,MDCalc Mayo Score / UC Disease Activity Index,https://www.mdcalc.com/calc/3675/mayo-score-disease-activity-index-dai-ulcerative-colitis
CALC-0537,implemented,formula logic is linked in Python registry,python_executable,clinical_calculators.calculators.common.gastro_nutrition_more,stool_frequency; rectal_bleeding; physician_global_assessment,unit_tests_and_registry_smoke,external source and formula details represented in registry metadata,,消化内镜、IBD与胰胆疾病,部分Mayo评分,Partial Mayo Score,Partial Mayo Score,https://www.mdcalc.com/calc/10213/partial-mayo-score-ulcerative-colitis-activity
CALC-0538,implemented,formula logic is linked in Python registry,python_executable,clinical_calculators.calculators.common.gastro_nutrition_more,daytime_stool_frequency; nocturnal_stool_frequency; urgency; blood_in_stool; general_wellbeing; extracolonic_manifestations,unit_tests_and_registry_smoke,external source and formula details represented in registry metadata,,消化内镜、IBD与胰胆疾病,简化临床结肠炎活动指数,"Simple Clinical Colitis Activity Index, SCCAI",Walmsley et al. Simple Clinical Colitis Activity Index,https://pubmed.ncbi.nlm.nih.gov/7909786/
CALC-0539,implemented,formula logic is linked in Python registry,python_executable,clinical_calculators.calculators.common.gastro_nutrition_more,vascular_pattern; bleeding; erosions_ulcers,unit_tests_and_registry_smoke,external source and formula details represented in registry metadata,,消化内镜、IBD与胰胆疾病,UC内镜严重度指数,"Ulcerative Colitis Endoscopic Index of Severity, UCEIS",Ulcerative Colitis Endoscopic Index of Severity / QxMD,https://qxmd.com/calculate/
CALC-0540,implemented,formula logic is linked in Python registry,python_executable,clinical_calculators.calculators.common.gastro_nutrition_more,grade,unit_tests_and_registry_smoke,external source and formula details represented in registry metadata,,消化内镜、IBD与胰胆疾病,Baron内镜评分,Baron Score,Baron Endoscopic Score,https://qxmd.com/calculate/calculator_497/baron-score-for-ulcerative-colitis
CALC-0541,implemented,formula logic is linked in Python registry,python_executable,clinical_calculators.calculators.common.gastro_nutrition_more,general_wellbeing; abdominal_pain; liquid_stools_per_day; abdominal_mass; complications_count,unit_tests_and_registry_smoke,external source and formula details represented in registry metadata,,消化内镜、IBD与胰胆疾病,Harvey-Bradshaw克罗恩指数,"Harvey-Bradshaw Index, HBI",MDCalc Harvey-Bradshaw Index for Crohn Disease,https://www.mdcalc.com/calc/3123/harvey-bradshaw-index-hbi-crohns-disease
CALC-0542,implemented,formula logic is linked in Python registry,python_executable,clinical_calculators.calculators.common.gastro_nutrition_more,segments,unit_tests_and_registry_smoke,external source and formula details represented in registry metadata,,消化内镜、IBD与胰胆疾病,简化内镜克罗恩评分,"Simple Endoscopic Score for Crohn's Disease, SES-CD",ECCO Simple Endoscopic Score for Crohn Disease calculator,https://www.e-guide.ecco-ibd.eu/resources/calculator/simple-endoscopic-score-ses-cd
CALC-0543,implemented,formula logic is linked in Python registry,python_executable,clinical_calculators.calculators.common.gastro_nutrition_more,grade,unit_tests_and_registry_smoke,external source and formula details represented in registry metadata,,消化内镜、IBD与胰胆疾病,Rutgeerts术后克罗恩复发评分,Rutgeerts Score,Rutgeerts Score / QxMD,https://qxmd.com/calculate/
CALC-0544,implemented,formula logic is linked in Python registry,python_executable,clinical_calculators.calculators.common.gastro_nutrition_more,pancreatic_inflammation; pancreatic_necrosis_percent; extrapancreatic_complications,unit_tests_and_registry_smoke,external source and formula details represented in registry metadata,,消化内镜、IBD与胰胆疾病,急性胰腺炎改良CT严重指数,"Modified CT Severity Index, MCTSI",Modified CT Severity Index for Acute Pancreatitis,https://www.mdcalc.com/calc/3725/modified-ct-severity-index-ctsi-acute-pancreatitis
CALC-0545,implemented,formula logic is linked in Python registry,python_executable,clinical_calculators.calculators.common.gastro_nutrition_more,organ_failure; local_or_systemic_complications,unit_tests_and_registry_smoke,external source and formula details represented in registry metadata,,消化内镜、IBD与胰胆疾病,Atlanta急性胰腺炎严重度分类,Revised Atlanta Classification,Revised Atlanta Classification for Acute Pancreatitis,https://www.mdcalc.com/calc/10137/revised-atlanta-classification-acute-pancreatitis
CALC-0546,implemented,formula logic is linked in Python registry,python_executable,clinical_calculators.calculators.common.gastro_nutrition_more,cardiovascular_dysfunction; neurologic_dysfunction; respiratory_dysfunction; renal_dysfunction; hepatic_dysfunction; hematologic_dysfunction; wbc_abnormal; fever_39c_or_higher; age_75_or_older; bilirubin_mg_dl_5_or_higher; albumin_low,unit_tests_and_registry_smoke,external source and formula details represented in registry metadata,,消化内镜、IBD与胰胆疾病,东京急性胆管炎严重度分级,Tokyo Guidelines Cholangitis Severity,Tokyo Guidelines,https://www.jshbps.jp/modules/en/index.php?content_id=47
CALC-0547,implemented,formula logic is linked in Python registry,python_executable,clinical_calculators.calculators.common.gastro_nutrition_more,cardiovascular_dysfunction; neurologic_dysfunction; respiratory_dysfunction; renal_dysfunction; hepatic_dysfunction; hematologic_dysfunction; wbc_over_18000; palpable_tender_mass_right_upper_quadrant; symptom_duration_over_72h; marked_local_inflammation,unit_tests_and_registry_smoke,external source and formula details represented in registry metadata,,消化内镜、IBD与胰胆疾病,东京急性胆囊炎严重度分级,Tokyo Guidelines Cholecystitis Severity,Tokyo Guidelines,https://www.jshbps.jp/modules/en/index.php?content_id=47
CALC-0548,implemented,formula logic is linked in Python registry,python_executable,clinical_calculators.calculators.common.surgery_liver_more,bilirubin_umol_l; albumin_g_l,unit_tests_and_registry_smoke,external source and formula details represented in registry metadata,,肝衰竭、门脉高压与脂肪肝,ALBI白蛋白胆红素评分,"Albumin-Bilirubin Grade, ALBI",MDCalc calculator library,https://www.mdcalc.com/
CALC-0549,implemented,formula logic is linked in Python registry,python_executable,clinical_calculators.calculators.common.surgery_liver_more,bilirubin_umol_l; albumin_g_l; platelets_10e9_l,unit_tests_and_registry_smoke,external source and formula details represented in registry metadata,,肝衰竭、门脉高压与脂肪肝,PALBI血小板白蛋白胆红素评分,"Platelet-Albumin-Bilirubin Grade, PALBI",QxMD Calculate,https://qxmd.com/calculate/
CALC-0550,implemented,formula logic is linked in Python registry,python_executable,clinical_calculators.calculators.common.surgery_liver_more,age_years; bmi; impaired_fasting_glucose_or_diabetes; ast_u_l; alt_u_l; platelets_10e9_l; albumin_g_dl,unit_tests_and_registry_smoke,external source and formula details represented in registry metadata,,肝衰竭、门脉高压与脂肪肝,NAFLD纤维化评分,NAFLD Fibrosis Score,MDCalc calculator library,https://www.mdcalc.com/
CALC-0551,implemented,formula logic is linked in Python registry,python_executable,clinical_calculators.calculators.common.surgery_liver_more,bmi; ast_u_l; alt_u_l; diabetes,unit_tests_and_registry_smoke,external source and formula details represented in registry metadata,,肝衰竭、门脉高压与脂肪肝,BARD脂肪肝纤维化评分,BARD Score,MDCalc calculator library,https://www.mdcalc.com/
CALC-0552,implemented,formula logic is linked in Python registry,python_executable,clinical_calculators.calculators.common.gastro_nutrition_more,etiology_group,unit_tests_and_registry_smoke,external source and formula details represented in registry metadata,,肝衰竭、门脉高压与脂肪肝,King学院急性肝衰竭标准,King's College Criteria,King's College Criteria for Acute Liver Failure,https://www.mdcalc.com/calc/1515/kings-college-criteria-acute-liver-failure
CALC-0553,implemented,formula logic is linked in Python registry,python_executable,clinical_calculators.calculators.common.hepatology_advanced,clif_c_of_score; age_years; wbc_10e9_l,unit_tests_and_registry_smoke,external source and formula details represented in registry metadata,,肝衰竭、门脉高压与脂肪肝,CLIF-C ACLF评分,CLIF-C Acute-on-Chronic Liver Failure Score,EF CLIF tools,https://www.efclif.com/
CALC-0554,implemented,formula logic is linked in Python registry,python_executable,clinical_calculators.calculators.common.hepatology_advanced,age_years; creatinine_mg_dl; inr; wbc_10e9_l; sodium_mEq_l,unit_tests_and_registry_smoke,external source and formula details represented in registry metadata,,肝衰竭、门脉高压与脂肪肝,CLIF-C AD评分,CLIF-C Acute Decompensation Score,EF CLIF tools,https://www.efclif.com/
CALC-0555,pending_formula_or_rule_implementation,No sufficient formula cue in local metadata; needs targeted source search and source-quality decision.,markdown_or_data_table_until_source_complete,,reliable source and formula-level details,metadata_self_check_only,external source metadata is present but executable formula/rule still requires audit,manual_research_needed,肝衰竭、门脉高压与脂肪肝,VOCAL-Penn肝硬化围手术风险,VOCAL-Penn Cirrhosis Surgical Risk Score,VOCAL-Penn,https://www.vocalpennscore.com/
CALC-0556,implemented,formula logic is linked in Python registry,python_executable,clinical_calculators.calculators.common.hepatology_advanced,liver_stiffness_kpa; platelets_10e9_l,unit_tests_and_registry_smoke,external source and formula details represented in registry metadata,,肝衰竭、门脉高压与脂肪肝,门脉高压Baveno非侵入性风险,Baveno Criteria for Varices Risk,Baveno consensus,https://www.journal-of-hepatology.eu/
CALC-0557,implemented,formula logic is linked in Python registry,python_executable,clinical_calculators.calculators.common.gastro_nutrition_more,grade,unit_tests_and_registry_smoke,external source and formula details represented in registry metadata,,肝衰竭、门脉高压与脂肪肝,肝性脑病West Haven分级,West Haven Criteria,West Haven Criteria for Hepatic Encephalopathy,https://www.mdcalc.com/calc/10129/west-haven-criteria-hepatic-encephalopathy
CALC-0558,implemented,formula logic is linked in Python registry,python_executable,clinical_calculators.calculators.common.hepatology_scores,age_years; albumin_g_l; bilirubin_day0_umol_l; bilirubin_day7_umol_l; prothrombin_time_seconds; renal_insufficiency,unit_tests_and_registry_smoke,external source and formula details represented in registry metadata,,肝衰竭、门脉高压与脂肪肝,Lille酒精性肝炎治疗反应模型,Lille Model,MDCalc calculator library,https://www.mdcalc.com/
CALC-0559,merged_alias,No distinct rule was identified; the vague sodium-risk support row is represented by the executable MELD-Na calculator.,compatibility_alias,CALC-0111,bilirubin_mg_dl; inr; creatinine_mg_dl; sodium_mEq_l,alias_resolution_and_canonical_tests,canonical MELD-Na implementation and source metadata,,肝衰竭、门脉高压与脂肪肝,肝硬化低钠预后校正,Cirrhosis Sodium Risk Support,MELD-Na / MDCalc calculator library,https://www.mdcalc.com/
CALC-0560,implemented,formula logic is linked in Python registry,python_executable,clinical_calculators.calculators.common.complex_rules_more,baseline_creatinine_mg_dl; current_creatinine_mg_dl; creatinine_increase_mg_dl; urine_output_ml_kg_hr; urine_output_duration_hours; anuria_duration_hours; renal_replacement_therapy,unit_tests_and_registry_smoke,external source and formula details represented in registry metadata,,肾脏AKI、透析充分性与结石,KDIGO急性肾损伤分期,KDIGO AKI Staging,KDIGO guidelines,https://kdigo.org/guidelines/
CALC-0561,implemented,formula logic is linked in Python registry,python_executable,clinical_calculators.calculators.common.critical_care_scores,baseline_creatinine_mg_dl; current_creatinine_mg_dl; urine_output_ml_kg_hr; urine_output_duration_hours; anuria_duration_hours; renal_replacement_therapy,unit_tests_and_registry_smoke,external source and formula details represented in registry metadata,,肾脏AKI、透析充分性与结石,AKIN急性肾损伤分期,AKIN AKI Criteria,KDIGO AKI guideline / AKIN criteria,https://kdigo.org/guidelines/
CALC-0562,implemented,formula logic is linked in Python registry,python_executable,clinical_calculators.calculators.common.critical_care_scores,baseline_creatinine_mg_dl; current_creatinine_mg_dl; urine_output_ml_kg_hr; urine_output_duration_hours; anuria_duration_hours,unit_tests_and_registry_smoke,external source and formula details represented in registry metadata,,肾脏AKI、透析充分性与结石,RIFLE急性肾损伤分类,RIFLE Criteria,KDIGO AKI guideline / RIFLE criteria,https://kdigo.org/guidelines/
CALC-0563,pending_formula_or_rule_implementation,No sufficient formula cue in local metadata; needs targeted source search and source-quality decision.,markdown_or_data_table_until_source_complete,,reliable source and formula-level details,metadata_self_check_only,external source metadata is present but executable formula/rule still requires audit,manual_research_needed,肾脏AKI、透析充分性与结石,肾脏替代治疗启动风险提示,AKI Dialysis Risk Support,KDIGO AKI guideline,https://kdigo.org/guidelines/
CALC-0564,pending_formula_or_rule_implementation,No sufficient formula cue in local metadata; needs targeted source search and source-quality decision.,markdown_or_data_table_until_source_complete,,reliable source and formula-level details,metadata_self_check_only,external source metadata is present but executable formula/rule still requires audit,manual_research_needed,肾脏AKI、透析充分性与结石,标准化Kt/V透析充分性,Standard Kt/V,KDOQI hemodialysis adequacy guideline,https://www.kidney.org/professionals/guidelines
CALC-0565,implemented,formula logic is linked in Python registry,python_executable,clinical_calculators.calculators.common.renal_endocrine_more,serum_urea_mg_dl; dialysate_urea_mg_dl; dialysate_volume_l; urine_urea_mg_dl; urine_volume_l; urea_distribution_volume_l; collection_hours,unit_tests_and_registry_smoke,external source and formula details represented in registry metadata,,肾脏AKI、透析充分性与结石,腹膜透析Kt/V,Peritoneal Dialysis Kt/V,KDOQI dialysis adequacy,https://www.kidney.org/professionals/guidelines
CALC-0566,implemented,formula logic is linked in Python registry,python_executable,clinical_calculators.calculators.common.renal_endocrine_more,dialysate_plasma_creatinine_ratio_4h; dialysate_initial_glucose_ratio_4h,unit_tests_and_registry_smoke,external source and formula details represented in registry metadata,,肾脏AKI、透析充分性与结石,腹膜平衡试验分类,"Peritoneal Equilibration Test, PET",International Society for Peritoneal Dialysis / PET,https://ispd.org/
CALC-0567,implemented,formula logic is linked in Python registry,python_executable,clinical_calculators.calculators.common.renal_endocrine_more,age_years; sex; weight_kg,unit_tests_and_registry_smoke,external source and formula details represented in registry metadata,,肾脏AKI、透析充分性与结石,24小时尿肌酐排泄估算,24-hour Urine Creatinine Excretion Estimate,Merck Manual clinical calculators,https://www.merckmanuals.com/professional/pages-with-widgets/clinical-calculators
CALC-0568,pending_formula_or_rule_implementation,The Tiselius recurrence index requires its exact coefficients variable transforms units and calibration examples.,markdown_or_data_table_until_source_complete,,complete coefficients transformations units and validation examples,metadata_self_check_only,obtain the source model before coding,model_coefficients_needed,肾脏AKI、透析充分性与结石,Tiselius结石复发风险指数,Tiselius Stone Risk Index,QxMD Calculate,https://qxmd.com/calculate/
CALC-0569,implemented,published four-grade Guy's Stone Score table is linked in Python registry,python_executable,clinical_calculators.calculators.common.source_backed_batch,stone_count; location; anatomy; staghorn,source_table_unit_tests_and_registry_smoke,Europe PMC open table PMC12004994,,肾脏AKI、透析充分性与结石,Guy肾结石评分,Guy's Stone Score,Guy's Stone Score published table,https://europepmc.org/articles/PMC12004994
CALC-0570,implemented,formula logic is linked in Python registry,python_executable,clinical_calculators.calculators.common.complex_rules_more,stone_area_mm2; skin_to_stone_distance_mm; obstruction; stone_density_hu,unit_tests_and_registry_smoke,external source and formula details represented in registry metadata,,肾脏AKI、透析充分性与结石,S.T.O.N.E.肾结石评分,S.T.O.N.E. Nephrolithometry,MDCalc calculator library,https://www.mdcalc.com/
CALC-0571,implemented,formula logic is linked in Python registry,python_executable,clinical_calculators.calculators.common.complex_rules_more,radius_cm; exophytic_percent; nearness_to_collecting_system_mm; location_relative_to_polar_lines,unit_tests_and_registry_smoke,external source and formula details represented in registry metadata,,肾脏AKI、透析充分性与结石,R.E.N.A.L.肾肿瘤评分,R.E.N.A.L. Nephrometry Score,MDCalc calculator library,https://www.mdcalc.com/
CALC-0572,pending_formula_or_rule_implementation,No sufficient formula cue in local metadata; needs targeted source search and source-quality decision.,markdown_or_data_table_until_source_complete,,reliable source and formula-level details,metadata_self_check_only,external source metadata is present but executable formula/rule still requires audit,manual_research_needed,感染、HIV/TB与抗菌药管理,VACS HIV死亡风险指数,"Veterans Aging Cohort Study Index, VACS Index",VACS Index,https://vacs.med.yale.edu/
CALC-0573,pending_formula_or_rule_implementation,No sufficient formula cue in local metadata; needs targeted source search and source-quality decision.,markdown_or_data_table_until_source_complete,,reliable source and formula-level details,metadata_self_check_only,external source metadata is present but executable formula/rule still requires audit,manual_research_needed,感染、HIV/TB与抗菌药管理,HIV暴露后PEP适应证辅助,HIV Post-Exposure Prophylaxis Support,CDC HIV PEP guidance,https://www.cdc.gov/hivnexus/hcp/pep/index.html
CALC-0574,pending_formula_or_rule_implementation,"Public-health screening or vaccine rows are eligibility/interval guidelines; implement as date/risk-factor rules after guideline-specific extraction, not as numeric formulas.",markdown_or_data_table_until_source_complete,,age/risk eligibility logic and versioned recommendation details,metadata_self_check_only,external source metadata is present but executable formula/rule still requires audit,prevention_guideline,感染、HIV/TB与抗菌药管理,HIV PrEP适应证筛查,HIV PrEP Eligibility Support,CDC HIV PrEP guidance,https://www.cdc.gov/hivnexus/hcp/prep/index.html
CALC-0575,implemented,formula logic is linked in Python registry,python_executable,clinical_calculators.calculators.common.infection_allergy_more,age_years; blood_wbc_10e9_l; illness_duration_days; csf_wbc_10e6_l; csf_neutrophil_percent,unit_tests_and_registry_smoke,external source and formula details represented in registry metadata,,感染、HIV/TB与抗菌药管理,Thwaites结核性脑膜炎评分,Thwaites Diagnostic Score,MDCalc calculator library,https://www.mdcalc.com/
CALC-0576,implemented,formula logic is linked in Python registry,python_executable,clinical_calculators.calculators.common.infection_allergy_more,induration_mm; risk_threshold_mm,unit_tests_and_registry_smoke,external source and formula details represented in registry metadata,,感染、HIV/TB与抗菌药管理,结核感染TST解释,Tuberculin Skin Test Interpretation,CDC Tuberculin Skin Test interpretation,https://www.cdc.gov/tb/hcp/testing-diagnosis/tuberculin-skin-test.html
CALC-0577,pending_formula_or_rule_implementation,No sufficient formula cue in local metadata; needs targeted source search and source-quality decision.,markdown_or_data_table_until_source_complete,,reliable source and formula-level details,metadata_self_check_only,external source metadata is present but executable formula/rule still requires audit,manual_research_needed,感染、HIV/TB与抗菌药管理,肺结核治疗失败风险提示,Tuberculosis Treatment Risk Support,WHO tuberculosis guidelines,https://www.who.int/teams/global-tuberculosis-programme/guidelines
CALC-0578,implemented,formula logic is linked in Python registry,python_executable,clinical_calculators.calculators.common.infection_allergy_more,wbc_10e9_l; creatinine_mg_dl; hypotension_or_shock; ileus; megacolon,unit_tests_and_registry_smoke,external source and formula details represented in registry metadata,,感染、HIV/TB与抗菌药管理,Clostridioides difficile严重度分级,C. difficile Infection Severity,IDSA/SHEA Clostridioides difficile infection guideline,https://www.idsociety.org/practice-guideline/clostridium-difficile/
CALC-0579,implemented,formula logic is linked in Python registry,python_executable,clinical_calculators.calculators.common.infection_allergy_more,crp_mg_l; wbc_10e9_l; hemoglobin_g_dl; sodium_mEq_l; creatinine_mg_dl; glucose_mg_dl,unit_tests_and_registry_smoke,external source and formula details represented in registry metadata,,感染、HIV/TB与抗菌药管理,皮肤软组织感染坏死性筋膜炎风险,LRINEC Score,MDCalc LRINEC Score,https://www.mdcalc.com/calc/387/lrinec-score-necrotizing-soft-tissue-infection
CALC-0580,pending_formula_or_rule_implementation,"Medication/TDM/pharmacogenomic rows require drug-specific label/guideline rules, target ranges, patient context, and versioning; external sources can supply rules but not one universal formula.",markdown_or_data_table_until_source_complete,,"drug-specific dosing/TDM rules, monitoring conditions, and safety constraints",metadata_self_check_only,external source metadata is present but executable formula/rule still requires audit,drug_rule,感染、HIV/TB与抗菌药管理,抗菌药肾功能剂量调整提示,Renal Antimicrobial Dose Adjustment,IDSA clinical practice guidelines,https://www.idsociety.org/practice-guideline/
CALC-0581,pending_formula_or_rule_implementation,Nomogram requires curve/table digitization or authoritative formula; external source is not enough unless numeric thresholds are available.,markdown_or_data_table_until_source_complete,,digitized nomogram/chart data and validation examples,metadata_self_check_only,external source metadata is present but executable formula/rule still requires audit,chart_digitization_needed,感染、HIV/TB与抗菌药管理,氨基糖苷Hartford间隔列线图,Hartford Aminoglycoside Nomogram,QxMD Calculate,https://qxmd.com/calculate/
CALC-0582,pending_formula_or_rule_implementation,No sufficient formula cue in local metadata; needs targeted source search and source-quality decision.,markdown_or_data_table_until_source_complete,,reliable source and formula-level details,metadata_self_check_only,external source metadata is present but executable formula/rule still requires audit,manual_research_needed,感染、HIV/TB与抗菌药管理,β内酰胺过敏风险分层,Beta-lactam Allergy Risk Stratification,AAAAI drug allergy resources,https://www.aaaai.org/
CALC-0583,implemented,formula logic is linked in Python registry,python_executable,clinical_calculators.calculators.common.infection_allergy_more,reaction_within_5_years; anaphylaxis_or_angioedema; severe_cutaneous_adverse_reaction; treatment_required,unit_tests_and_registry_smoke,external source and formula details represented in registry metadata,,感染、HIV/TB与抗菌药管理,PEN-FAST青霉素过敏评分,PEN-FAST Score,Trubiano et al. PEN-FAST clinical decision rule,https://pmc.ncbi.nlm.nih.gov/articles/PMC7076536/
CALC-0584,pending_formula_or_rule_implementation,Salicylate interpretation depends on exposure pattern symptoms serial concentrations acid-base status renal function and treatment guidance rather than a concentration-only formula.,markdown_or_data_table_until_source_complete,,versioned toxicology management rules serial monitoring and safety constraints,metadata_self_check_only,retain as toxicology guidance rather than a scalar calculator,drug_rule,急诊毒理、环境与高压氧医学,水杨酸中毒严重度解释,Salicylate Toxicity Interpretation,MDCalc calculator library,https://www.mdcalc.com/
CALC-0585,implemented,formula logic is linked in Python registry,python_executable,clinical_calculators.calculators.common.critical_care_scores,lithium_mmol_l; expected_time_to_lithium_below_1_mmol_l_hours; impaired_kidney_function; decreased_level_of_consciousness; seizure; life_threatening_dysrhythmia; significant_confusion,unit_tests_and_registry_smoke,external source and formula details represented in registry metadata,,急诊毒理、环境与高压氧医学,锂中毒EXTRIP透析建议,Lithium Poisoning EXTRIP Support,EXTRIP workgroup lithium poisoning recommendations,https://www.extrip-workgroup.org/
CALC-0586,pending_formula_or_rule_implementation,No sufficient formula cue in local metadata; needs targeted source search and source-quality decision.,markdown_or_data_table_until_source_complete,,reliable source and formula-level details,metadata_self_check_only,external source metadata is present but executable formula/rule still requires audit,manual_research_needed,急诊毒理、环境与高压氧医学,甲醇中毒体外清除建议,Methanol Poisoning EXTRIP Support,EXTRIP,https://www.extrip-workgroup.org/
CALC-0587,pending_formula_or_rule_implementation,No sufficient formula cue in local metadata; needs targeted source search and source-quality decision.,markdown_or_data_table_until_source_complete,,reliable source and formula-level details,metadata_self_check_only,external source metadata is present but executable formula/rule still requires audit,manual_research_needed,急诊毒理、环境与高压氧医学,乙二醇中毒体外清除建议,Ethylene Glycol Poisoning EXTRIP Support,EXTRIP,https://www.extrip-workgroup.org/
CALC-0588,pending_formula_or_rule_implementation,No sufficient formula cue in local metadata; needs targeted source search and source-quality decision.,markdown_or_data_table_until_source_complete,,reliable source and formula-level details,metadata_self_check_only,external source metadata is present but executable formula/rule still requires audit,manual_research_needed,急诊毒理、环境与高压氧医学,一氧化碳中毒高压氧适应证,Carbon Monoxide Hyperbaric Oxygen Support,Undersea and Hyperbaric Medical Society,https://www.uhms.org/
CALC-0589,pending_formula_or_rule_implementation,No sufficient formula cue in local metadata; needs targeted source search and source-quality decision.,markdown_or_data_table_until_source_complete,,reliable source and formula-level details,metadata_self_check_only,external source metadata is present but executable formula/rule still requires audit,manual_research_needed,急诊毒理、环境与高压氧医学,高铁血红蛋白血症严重度,Methemoglobinemia Severity,Merck Manual clinical calculators,https://www.merckmanuals.com/professional/pages-with-widgets/clinical-calculators
CALC-0590,implemented,formula logic is linked in Python registry,python_executable,clinical_calculators.calculators.common.critical_care_scores,pupil_size; respiratory_rate; heart_rate; fasciculations; level_of_consciousness; seizures,unit_tests_and_registry_smoke,external source and formula details represented in registry metadata,,急诊毒理、环境与高压氧医学,有机磷中毒严重度,Organophosphate Poisoning Severity,Merck Manual clinical calculators,https://www.merckmanuals.com/professional/pages-with-widgets/clinical-calculators
CALC-0591,pending_formula_or_rule_implementation,The Snakebite Severity Score requires the complete multi-system weighted point table and boundary definitions from the 1996 source; secondary descriptions are insufficient.,markdown_or_data_table_until_source_complete,,complete authoritative multi-system point table and validation examples,metadata_self_check_only,encode only after the complete source table is obtained,reference_tables_needed,急诊毒理、环境与高压氧医学,蛇咬伤严重度评分,Snakebite Severity Score,QxMD Calculate,https://qxmd.com/calculate/
CALC-0592,pending_formula_or_rule_implementation,No sufficient formula cue in local metadata; needs targeted source search and source-quality decision.,markdown_or_data_table_until_source_complete,,reliable source and formula-level details,metadata_self_check_only,external source metadata is present but executable formula/rule still requires audit,manual_research_needed,急诊毒理、环境与高压氧医学,热射病严重度风险提示,Heat Stroke Severity Support,CDC heat and health,https://www.cdc.gov/heat-health/
CALC-0593,implemented,formula logic is linked in Python registry,python_executable,clinical_calculators.calculators.common.infection_allergy_more,mental_status; shivering; vital_signs_present,unit_tests_and_registry_smoke,external source and formula details represented in registry metadata,,急诊毒理、环境与高压氧医学,低温症分期,Hypothermia Staging,Swiss hypothermia staging / accidental hypothermia review,https://www.acep.org/siteassets/uploads/uploaded-files/acep/continuing-education/moc-resource-center/llsa-articles/nejm-accidental-hypothermia.pdf
CALC-0594,pending_formula_or_rule_implementation,No sufficient formula cue in local metadata; needs targeted source search and source-quality decision.,markdown_or_data_table_until_source_complete,,reliable source and formula-level details,metadata_self_check_only,external source metadata is present but executable formula/rule still requires audit,manual_research_needed,急诊毒理、环境与高压氧医学,潜水减压病严重度提示,Decompression Illness Severity Support,Divers Alert Network,https://dan.org/
CALC-0595,pending_formula_or_rule_implementation,No sufficient formula cue in local metadata; needs targeted source search and source-quality decision.,markdown_or_data_table_until_source_complete,,reliable source and formula-level details,metadata_self_check_only,external source metadata is present but executable formula/rule still requires audit,manual_research_needed,急诊毒理、环境与高压氧医学,辐射暴露淋巴细胞递减估算,Radiation Exposure Lymphocyte Depletion,CDC Radiation Emergencies,https://www.cdc.gov/radiation-emergencies/
CALC-0596,implemented,formula logic is linked in Python registry,python_executable,clinical_calculators.calculators.common.renal_endocrine_more,heart_rate_bpm; cns_effects; gi_hepatic_dysfunction; congestive_heart_failure,unit_tests_and_registry_smoke,external source and formula details represented in registry metadata,,内分泌、糖尿病足与骨代谢,Burch-Wartofsky甲状腺危象评分,Burch-Wartofsky Point Scale,MDCalc calculator library,https://www.mdcalc.com/
CALC-0597,pending_formula_or_rule_implementation,No sufficient formula cue in local metadata; needs targeted source search and source-quality decision.,markdown_or_data_table_until_source_complete,,reliable source and formula-level details,metadata_self_check_only,external source metadata is present but executable formula/rule still requires audit,manual_research_needed,内分泌、糖尿病足与骨代谢,日本甲状腺危象诊断标准,Japanese Thyroid Storm Criteria,Japan Thyroid Association,https://www.japanthyroid.jp/en/
CALC-0598,implemented,formula logic is linked in Python registry,python_executable,clinical_calculators.calculators.common.renal_endocrine_more,beta_hydroxybutyrate_mmol_l; ph; bicarbonate_mmol_l; mental_status,unit_tests_and_registry_smoke,external source and formula details represented in registry metadata,,内分泌、糖尿病足与骨代谢,DKA严重度分级,Diabetic Ketoacidosis Severity,Hyperglycemic crises consensus report DKA severity table,https://link.springer.com/article/10.1007/s00125-024-06183-8/tables/2
CALC-0599,pending_formula_or_rule_implementation,No sufficient formula cue in local metadata; needs targeted source search and source-quality decision.,markdown_or_data_table_until_source_complete,,reliable source and formula-level details,metadata_self_check_only,external source metadata is present but executable formula/rule still requires audit,manual_research_needed,内分泌、糖尿病足与骨代谢,高渗高血糖状态严重度,Hyperosmolar Hyperglycemic State Support,American Diabetes Association Standards of Care,https://diabetesjournals.org/care/issue
CALC-0600,implemented,formula logic is linked in Python registry,python_executable,clinical_calculators.calculators.common.renal_endocrine_more,wound_category,unit_tests_and_registry_smoke,external source and formula details represented in registry metadata,,内分泌、糖尿病足与骨代谢,糖尿病足Wagner分级,Wagner Diabetic Foot Ulcer Classification,MDCalc calculator library,https://www.mdcalc.com/
CALC-0601,implemented,formula logic is linked in Python registry,python_executable,clinical_calculators.calculators.common.renal_endocrine_more,grade,unit_tests_and_registry_smoke,external source and formula details represented in registry metadata,,内分泌、糖尿病足与骨代谢,德州大学糖尿病足分级,University of Texas Diabetic Foot Classification,QxMD Calculate,https://qxmd.com/calculate/
CALC-0602,pending_formula_or_rule_implementation,No sufficient formula cue in local metadata; needs targeted source search and source-quality decision.,markdown_or_data_table_until_source_complete,,reliable source and formula-level details,metadata_self_check_only,external source metadata is present but executable formula/rule still requires audit,manual_research_needed,内分泌、糖尿病足与骨代谢,PEDIS糖尿病足分类,PEDIS Classification,IWGDF guidelines,https://iwgdfguidelines.org/
CALC-0603,implemented,formula logic is linked in Python registry,python_executable,clinical_calculators.calculators.common.function_lifestyle_scores,t_score; fragility_fracture,unit_tests_and_registry_smoke,external source and formula details represented in registry metadata,,内分泌、糖尿病足与骨代谢,骨质疏松T值解释,Bone Mineral Density T-score Interpretation,WHO/ISCD BMD T-score interpretation,https://iscd.org/learn/official-positions/
CALC-0604,pending_formula_or_rule_implementation,No sufficient formula cue in local metadata; needs targeted source search and source-quality decision.,markdown_or_data_table_until_source_complete,,reliable source and formula-level details,metadata_self_check_only,external source metadata is present but executable formula/rule still requires audit,manual_research_needed,内分泌、糖尿病足与骨代谢,继发性甲旁亢风险解释,Secondary Hyperparathyroidism Support,KDIGO CKD-MBD guideline,https://kdigo.org/guidelines/
CALC-0605,implemented,formula logic is linked in Python registry,python_executable,clinical_calculators.calculators.common.renal_endocrine_more,impaired_awareness_responses,unit_tests_and_registry_smoke,external source and formula details represented in registry metadata,,内分泌、糖尿病足与骨代谢,低血糖意识障碍Clarke评分,Clarke Hypoglycemia Awareness Score,Clarke hypoglycemia awareness score references,https://pmc.ncbi.nlm.nih.gov/articles/PMC7336879/
CALC-0606,implemented,formula logic is linked in Python registry,python_executable,clinical_calculators.calculators.common.function_lifestyle_scores,score,unit_tests_and_registry_smoke,external source and formula details represented in registry metadata,,内分泌、糖尿病足与骨代谢,Gold低血糖感知评分,Gold Score,QxMD Calculate,https://qxmd.com/calculate/
CALC-0607,implemented,formula logic is linked in Python registry,python_executable,clinical_calculators.calculators.common.renal_endocrine_more,total_daily_insulin_units; insulin_type,unit_tests_and_registry_smoke,external source and formula details represented in registry metadata,,内分泌、糖尿病足与骨代谢,胰岛素敏感因子估算,Insulin Sensitivity Factor Estimate,Insulin therapy 1800 and 1500 rules,https://diabetesed.net/wp-content/uploads/2023/11/Insulin-Therapy-2023-Slide-Handouts.pdf
CALC-0608,pending_formula_or_rule_implementation,Can implement scoring from pre-coded item scores if scoring rules are public; should not reproduce protected item text or copyrighted instruments without license.,markdown_or_data_table_until_source_complete,,permission-safe scored inputs or licensing clearance,metadata_self_check_only,external source metadata is present but executable formula/rule still requires audit,rights_limited_questionnaire,神经肌病、癫痫、多发性硬化与睡眠,改良疲劳影响量表,"Modified Fatigue Impact Scale, MFIS",Modified Fatigue Impact Scale,https://www.nationalmssociety.org/
CALC-0609,implemented,formula logic is linked in Python registry,python_executable,clinical_calculators.calculators.common.neuro_classification_scores,score,unit_tests_and_registry_smoke,external source and formula details represented in registry metadata,,神经肌病、癫痫、多发性硬化与睡眠,扩展残疾状态量表,"Expanded Disability Status Scale, EDSS",Neurostatus EDSS,https://www.neurostatus.net/
CALC-0610,implemented,formula logic is linked in Python registry,python_executable,clinical_calculators.calculators.common.neuro_classification_scores,timed_25_foot_walk_z; nine_hole_peg_test_z; cognitive_test_z,unit_tests_and_registry_smoke,external source and formula details represented in registry metadata,,神经肌病、癫痫、多发性硬化与睡眠,多发性硬化功能复合评分,"Multiple Sclerosis Functional Composite, MSFC",National Multiple Sclerosis Society,https://www.nationalmssociety.org/
CALC-0611,implemented,formula logic is linked in Python registry,python_executable,clinical_calculators.calculators.common.function_lifestyle_scores,items,unit_tests_and_registry_smoke,external source and formula details represented in registry metadata,,神经肌病、癫痫、多发性硬化与睡眠,ALS功能评定修订量表,"ALS Functional Rating Scale-Revised, ALSFRS-R",ALSFRS-R,https://www.als.org/
CALC-0612,implemented,formula logic is linked in Python registry,python_executable,clinical_calculators.calculators.common.function_lifestyle_scores,items,unit_tests_and_registry_smoke,external source and formula details represented in registry metadata,,神经肌病、癫痫、多发性硬化与睡眠,重症肌无力日常活动评分,"Myasthenia Gravis Activities of Daily Living, MG-ADL",Myasthenia Gravis Foundation of America,https://myasthenia.org/
CALC-0613,implemented,formula logic is linked in Python registry,python_executable,clinical_calculators.calculators.common.neuro_classification_scores,item_scores,unit_tests_and_registry_smoke,external source and formula details represented in registry metadata,,神经肌病、癫痫、多发性硬化与睡眠,重症肌无力量化评分,"Quantitative Myasthenia Gravis Score, QMG",Myasthenia Gravis Foundation of America,https://myasthenia.org/
CALC-0614,implemented,formula logic is linked in Python registry,python_executable,clinical_calculators.calculators.common.neuro_classification_scores,part_scores,unit_tests_and_registry_smoke,external source and formula details represented in registry metadata,,神经肌病、癫痫、多发性硬化与睡眠,UPDRS帕金森病评分,"Unified Parkinson's Disease Rating Scale, UPDRS",MDS-UPDRS,https://www.movementdisorders.org/MDS/MDS-Rating-Scales/MDS-Unified-Parkinsons-Disease-Rating-Scale-MDS-UPDRS.htm
CALC-0615,implemented,formula logic is linked in Python registry,python_executable,clinical_calculators.calculators.common.neuro_classification_scores,stage,unit_tests_and_registry_smoke,external source and formula details represented in registry metadata,,神经肌病、癫痫、多发性硬化与睡眠,Hoehn-Yahr帕金森分期,Hoehn and Yahr Scale,QxMD Calculate,https://qxmd.com/calculate/
CALC-0616,implemented,formula logic is linked in Python registry,python_executable,clinical_calculators.calculators.common.neuro_emergency_scores,tonic_clonic_seizures_last_year; seizures_any_type_last_year; more_than_50_seizures_per_month; duration_epilepsy_years; concurrent_antiseizure_medications; developmental_disability_or_iq_below_70,unit_tests_and_registry_smoke,Novak 2015 open-access SUDEP-7 v2.0 weight table and published case scores,,神经肌病、癫痫、多发性硬化与睡眠,SUDEP-7癫痫猝死风险,SUDEP-7 Inventory,Novak et al. SUDEP-7 Inventory v2.0,https://pmc.ncbi.nlm.nih.gov/articles/PMC4673971/
CALC-0617,pending_formula_or_rule_implementation,Can implement scoring from pre-coded item scores if scoring rules are public; should not reproduce protected item text or copyrighted instruments without license.,markdown_or_data_table_until_source_complete,,permission-safe scored inputs or licensing clearance,metadata_self_check_only,external source metadata is present but executable formula/rule still requires audit,rights_limited_questionnaire,神经肌病、癫痫、多发性硬化与睡眠,Liverpool癫痫发作严重度量表,Liverpool Seizure Severity Scale,QxMD Calculate,https://qxmd.com/calculate/
CALC-0618,implemented,formula logic is linked in Python registry,python_executable,clinical_calculators.calculators.common.behavioral_scores,items,unit_tests_and_registry_smoke,external source and formula details represented in registry metadata,,神经肌病、癫痫、多发性硬化与睡眠,失眠严重度指数,"Insomnia Severity Index, ISI",QxMD Calculate,https://qxmd.com/calculate/
CALC-0619,implemented,formula logic is linked in Python registry,python_executable,clinical_calculators.calculators.common.respiratory_scores,category_1_positive; category_2_positive; category_3_positive,unit_tests_and_registry_smoke,external source and formula details represented in registry metadata,,神经肌病、癫痫、多发性硬化与睡眠,柏林睡眠呼吸暂停问卷,Berlin Questionnaire,Berlin Questionnaire scoring category rule,https://pmc.ncbi.nlm.nih.gov/articles/PMC5337590/
CALC-0620,implemented,formula logic is linked in Python registry,python_executable,clinical_calculators.calculators.common.more_scores_and_ratios,ultrasound_score; menopausal_score; ca125_u_ml,unit_tests_and_registry_smoke,external source and formula details represented in registry metadata,,妇科肿瘤、生殖内分泌与盆底,卵巢恶性肿瘤风险指数,"Risk of Malignancy Index, RMI",MDCalc calculator library,https://www.mdcalc.com/
CALC-0621,implemented,formula logic is linked in Python registry,python_executable,clinical_calculators.calculators.common.nursing_obstetric_scores,irregular_solid_tumor; ascites; at_least_four_papillary_structures; irregular_multilocular_solid_tumor_gt_100mm; very_strong_blood_flow; unilocular_cyst; solid_components_under_7mm; acoustic_shadows; smooth_multilocular_tumor_under_100mm; no_blood_flow,unit_tests_and_registry_smoke,external source and formula details represented in registry metadata,,妇科肿瘤、生殖内分泌与盆底,IOTA简单规则,IOTA Simple Rules,IOTA group,https://www.iotagroup.org/
CALC-0622,pending_formula_or_rule_implementation,No sufficient formula cue in local metadata; needs targeted source search and source-quality decision.,markdown_or_data_table_until_source_complete,,reliable source and formula-level details,metadata_self_check_only,external source metadata is present but executable formula/rule still requires audit,manual_research_needed,妇科肿瘤、生殖内分泌与盆底,ADNEX附件肿瘤模型,IOTA ADNEX Model,IOTA ADNEX,https://www.iotagroup.org/
CALC-0623,implemented,formula logic is linked in Python registry,python_executable,clinical_calculators.calculators.common.nursing_obstetric_scores,menopausal_status; he4_pmol_l; ca125_u_ml,unit_tests_and_registry_smoke,external source and formula details represented in registry metadata,,妇科肿瘤、生殖内分泌与盆底,ROMA卵巢癌风险算法,Risk of Ovarian Malignancy Algorithm,HE4Test ROMA,https://www.he4test.com/
CALC-0624,pending_formula_or_rule_implementation,No sufficient formula cue in local metadata; needs targeted source search and source-quality decision.,markdown_or_data_table_until_source_complete,,reliable source and formula-level details,metadata_self_check_only,external source metadata is present but executable formula/rule still requires audit,manual_research_needed,妇科肿瘤、生殖内分泌与盆底,FIGO宫颈癌分期,FIGO Cervical Cancer Staging,FIGO staging,https://www.figo.org/
CALC-0625,pending_formula_or_rule_implementation,No sufficient formula cue in local metadata; needs targeted source search and source-quality decision.,markdown_or_data_table_until_source_complete,,reliable source and formula-level details,metadata_self_check_only,external source metadata is present but executable formula/rule still requires audit,manual_research_needed,妇科肿瘤、生殖内分泌与盆底,FIGO子宫内膜癌分期,FIGO Endometrial Cancer Staging,FIGO,https://www.figo.org/
CALC-0626,pending_formula_or_rule_implementation,No sufficient formula cue in local metadata; needs targeted source search and source-quality decision.,markdown_or_data_table_until_source_complete,,reliable source and formula-level details,metadata_self_check_only,external source metadata is present but executable formula/rule still requires audit,manual_research_needed,妇科肿瘤、生殖内分泌与盆底,FIGO卵巢输卵管腹膜癌分期,FIGO Ovarian/Fallopian/Peritoneal Cancer Staging,FIGO,https://www.figo.org/
CALC-0627,implemented,formula logic is linked in Python registry,python_executable,clinical_calculators.calculators.common.nursing_obstetric_scores,oligo_or_anovulation; clinical_or_biochemical_hyperandrogenism; polycystic_ovarian_morphology; other_causes_excluded,unit_tests_and_registry_smoke,external source and formula details represented in registry metadata,,妇科肿瘤、生殖内分泌与盆底,Rotterdam多囊卵巢综合征判定,Rotterdam PCOS Criteria,ASRM Rotterdam PCOS criteria,https://www.asrm.org/practice-guidance/practice-committee-documents/
CALC-0628,implemented,formula logic is linked in Python registry,python_executable,clinical_calculators.calculators.common.nursing_obstetric_scores,upper_lip; chin; chest; upper_back; lower_back; upper_abdomen; lower_abdomen; upper_arms; thighs,unit_tests_and_registry_smoke,external source and formula details represented in registry metadata,,妇科肿瘤、生殖内分泌与盆底,多毛症Ferriman-Gallwey评分,Modified Ferriman-Gallwey Score,QxMD Calculate,https://qxmd.com/calculate/
CALC-0629,implemented,formula logic is linked in Python registry,python_executable,clinical_calculators.calculators.common.nursing_obstetric_scores,aa_cm; ba_cm; c_cm; gh_cm; pb_cm; tvl_cm; ap_cm; bp_cm; d_cm,unit_tests_and_registry_smoke,external source and formula details represented in registry metadata,,妇科肿瘤、生殖内分泌与盆底,盆腔器官脱垂POP-Q分期,Pelvic Organ Prolapse Quantification,AUGS POP-Q Tool,https://www.augs.org/clinical-practice/archived-clinical-tools/pop-q-tool/
CALC-0630,implemented,formula logic is linked in Python registry,python_executable,clinical_calculators.calculators.common.questionnaire_and_risk_more,items,unit_tests_and_registry_smoke,external source and formula details represented in registry metadata,,妇科肿瘤、生殖内分泌与盆底,尿失禁影响问卷简版,"Incontinence Impact Questionnaire-7, IIQ-7",IIQ-7,https://eprovide.mapi-trust.org/
CALC-0631,implemented,formula logic is linked in Python registry,python_executable,clinical_calculators.calculators.common.questionnaire_and_risk_more,popdi_6_items; cradi_8_items; udi_6_items,unit_tests_and_registry_smoke,external source and formula details represented in registry metadata,,妇科肿瘤、生殖内分泌与盆底,盆底困扰量表简版,"Pelvic Floor Distress Inventory-20, PFDI-20",PFDI-20,https://eprovide.mapi-trust.org/
CALC-0632,pending_formula_or_rule_implementation,No sufficient formula cue in local metadata; needs targeted source search and source-quality decision.,markdown_or_data_table_until_source_complete,,reliable source and formula-level details,metadata_self_check_only,external source metadata is present but executable formula/rule still requires audit,manual_research_needed,男科、泌尿肿瘤与下尿路功能,SHIM勃起功能简表,"Sexual Health Inventory for Men, SHIM",Sexual Health Inventory for Men,https://www.auanet.org/
CALC-0633,pending_formula_or_rule_implementation,No sufficient formula cue in local metadata; needs targeted source search and source-quality decision.,markdown_or_data_table_until_source_complete,,reliable source and formula-level details,metadata_self_check_only,external source metadata is present but executable formula/rule still requires audit,manual_research_needed,男科、泌尿肿瘤与下尿路功能,NIH慢性前列腺炎症状指数,"NIH Chronic Prostatitis Symptom Index, NIH-CPSI",NIH-CPSI,https://www.niddk.nih.gov/
CALC-0634,implemented,formula logic is linked in Python registry,python_executable,clinical_calculators.calculators.common.renal_endocrine_more,daytime_frequency; nighttime_frequency; urgency; urgency_incontinence,unit_tests_and_registry_smoke,external source and formula details represented in registry metadata,,男科、泌尿肿瘤与下尿路功能,OABSS膀胱过度活动症评分,Overactive Bladder Symptom Score,Overactive Bladder Symptom Score references,https://pmc.ncbi.nlm.nih.gov/articles/PMC6059913/
CALC-0635,implemented,formula logic is linked in Python registry,python_executable,clinical_calculators.calculators.common.renal_endocrine_more,quality_of_life,unit_tests_and_registry_smoke,external source and formula details represented in registry metadata,,男科、泌尿肿瘤与下尿路功能,IPSS生活质量单项,IPSS Quality of Life Item,International Prostate Symptom Score,https://www.uroweb.org/guidelines/
CALC-0636,implemented,formula logic is linked in Python registry,python_executable,clinical_calculators.calculators.common.renal_endocrine_more,psa_ng_ml; clinical_t_stage,unit_tests_and_registry_smoke,external source and formula details represented in registry metadata,,男科、泌尿肿瘤与下尿路功能,前列腺癌D'Amico风险分层,D'Amico Prostate Cancer Risk Classification,MDCalc calculator library,https://www.mdcalc.com/
CALC-0637,pending_formula_or_rule_implementation,"Cancer staging/risk-group entries are structured staging systems or subscription/licensed guideline content; need site-specific TNM/risk tables and version governance, not a simple formula.",markdown_or_data_table_until_source_complete,,versioned staging tables/rules or licensed system details,metadata_self_check_only,external source metadata is present but executable formula/rule still requires audit,staging_or_subscription,男科、泌尿肿瘤与下尿路功能,前列腺癌NCCN风险分层,NCCN Prostate Cancer Risk Group,NCCN guidelines,https://www.nccn.org/
CALC-0638,pending_formula_or_rule_implementation,Nomogram requires curve/table digitization or authoritative formula; external source is not enough unless numeric thresholds are available.,markdown_or_data_table_until_source_complete,,digitized nomogram/chart data and validation examples,metadata_self_check_only,external source metadata is present but executable formula/rule still requires audit,chart_digitization_needed,男科、泌尿肿瘤与下尿路功能,Partin前列腺癌病理分期表,Partin Tables,Johns Hopkins Partin Tables,https://urology.jhu.edu/prostate/partintables.php
CALC-0639,pending_formula_or_rule_implementation,Nomogram requires curve/table digitization or authoritative formula; external source is not enough unless numeric thresholds are available.,markdown_or_data_table_until_source_complete,,digitized nomogram/chart data and validation examples,metadata_self_check_only,external source metadata is present but executable formula/rule still requires audit,chart_digitization_needed,男科、泌尿肿瘤与下尿路功能,Briganti淋巴结侵犯风险,Briganti Nomogram,QxMD Calculate,https://qxmd.com/calculate/
CALC-0640,implemented,formula logic is linked in Python registry,python_executable,clinical_calculators.calculators.common.complex_rules_more,longitudinal_location; rim_location; renal_sinus_involved; collecting_system_involved; tumor_size_cm; exophytic_percent,unit_tests_and_registry_smoke,external source and formula details represented in registry metadata,,男科、泌尿肿瘤与下尿路功能,RENAL之外PADUA肾肿瘤评分,PADUA Nephrometry Score,QxMD Calculate,https://qxmd.com/calculate/
CALC-0641,pending_formula_or_rule_implementation,No sufficient formula cue in local metadata; needs targeted source search and source-quality decision.,markdown_or_data_table_until_source_complete,,reliable source and formula-level details,metadata_self_check_only,external source metadata is present but executable formula/rule still requires audit,manual_research_needed,男科、泌尿肿瘤与下尿路功能,睾丸肿瘤IGCCCG风险分层,IGCCCG Germ Cell Tumor Risk Classification,International Germ Cell Cancer Collaborative Group,https://www.igcccg.org/
CALC-0642,implemented,formula logic is linked in Python registry,python_executable,clinical_calculators.calculators.common.source_backed_batch,tumor_count_category; tumor_size_category; prior_recurrence_rate; t_category; concomitant_cis; who_1973_grade,source_derived_tests_and_registry_smoke,official calculator and original 2006 risk tables represented in inventory metadata,,男科、泌尿肿瘤与下尿路功能,膀胱癌EORTC复发进展风险,EORTC NMIBC Risk Calculator,EORTC 2006 risk tables for Ta T1 bladder cancer,https://www.eortc.be/tools/bladdercalculator/
CALC-0643,pending_formula_or_rule_implementation,"External calculators/papers may exist, but executable implementation needs full coefficients, caps/floors, population limits, and validation examples; not safe from title/source alone.",markdown_or_data_table_until_source_complete,,"complete coefficients, transformations, caps, and validation examples",metadata_self_check_only,external source metadata is present but executable formula/rule still requires audit,model_coefficients_needed,男科、泌尿肿瘤与下尿路功能,CUETO膀胱癌BCG后风险,CUETO NMIBC Risk Calculator,CUETO NMIBC risk calculator,https://www.eortc.be/tools/bladdercalculator/
CALC-0644,implemented,formula logic is linked in Python registry,python_executable,clinical_calculators.calculators.common.heme_rheum_scores,platelets_10e9_l; fibrin_marker_increase; pt_prolongation_seconds; fibrinogen_g_l,unit_tests_and_registry_smoke,external source and formula details represented in registry metadata,,血栓、止血、输血与血液专病,ISTH弥散性血管内凝血评分,ISTH DIC Score,ISTH overt DIC scoring algorithm,https://practical-haemostasis.com/Useful%20information/dic_score.html
CALC-0645,implemented,formula logic is linked in Python registry,python_executable,clinical_calculators.calculators.common.heme_rheum_scores,sirs_criteria_count; platelets_10e9_l; platelet_decrease_percent_24h; fdp_mcg_ml; pt_ratio,unit_tests_and_registry_smoke,external source and formula details represented in registry metadata,,血栓、止血、输血与血液专病,JAAM急性期DIC评分,JAAM DIC Score,QxMD Calculate,https://qxmd.com/calculate/
CALC-0646,implemented,formula logic is linked in Python registry,python_executable,clinical_calculators.calculators.common.vte_scores,previous_vte; known_thrombophilia; lower_limb_paralysis; current_cancer; immobilized_7_days; icu_or_ccu_stay; age_years,unit_tests_and_registry_smoke,external source and formula details represented in registry metadata,,血栓、止血、输血与血液专病,IMPROVE住院VTE风险评分,IMPROVE VTE Risk Score,IMPROVE VTE Risk Score,https://www.mdcalc.com/calc/10200/improve-risk-score-venous-thromboembolism-vte
CALC-0647,implemented,formula logic is linked in Python registry,python_executable,clinical_calculators.calculators.common.vte_scores,active_gastroduodenal_ulcer; bleeding_within_3_months; platelets_10e9_l; age_years; hepatic_failure_inr_gt_1_5; gfr_ml_min; icu_or_ccu_stay; central_venous_catheter; rheumatic_disease; current_cancer; sex,unit_tests_and_registry_smoke,external source and formula details represented in registry metadata,,血栓、止血、输血与血液专病,IMPROVE出血风险评分,IMPROVE Bleeding Risk Score,IMPROVE Bleeding Risk Score,https://www.mdcalc.com/calc/10201/improve-bleeding-risk-score
CALC-0648,implemented,formula logic is linked in Python registry,python_executable,clinical_calculators.calculators.common.vte_scores,active_cancer; male_with_uncontrolled_hypertension; anemia; history_of_bleeding; age_years; renal_dysfunction,unit_tests_and_registry_smoke,external source and formula details represented in registry metadata,,血栓、止血、输血与血液专病,VTE-BLEED抗凝出血风险,VTE-BLEED Score,VTE-BLEED Score / MDCalc,https://www.mdcalc.com/calc/10267/vte-bleed-score
CALC-0649,implemented,formula logic is linked in Python registry,python_executable,clinical_calculators.calculators.common.vte_scores,abnormal_d_dimer_after_anticoagulation; age_years; sex; hormone_associated_vte,unit_tests_and_registry_smoke,external source and formula details represented in registry metadata,,血栓、止血、输血与血液专病,DASH停抗凝后VTE复发风险,DASH Score,DASH Score / MDCalc,https://www.mdcalc.com/
CALC-0650,pending_formula_or_rule_implementation,The Vienna model requires coefficients time-specific D-dimer handling baseline survival and prediction-horizon validation.,markdown_or_data_table_until_source_complete,,complete coefficients baseline survival timing rules and validation examples,metadata_self_check_only,obtain the exact model version before coding,model_coefficients_needed,血栓、止血、输血与血液专病,Vienna VTE复发模型,Vienna Prediction Model,QxMD Calculate,https://qxmd.com/calculate/
CALC-0651,implemented,formula logic is linked in Python registry,python_executable,clinical_calculators.calculators.common.vte_scores,recent_major_bleeding; creatinine_abnormal; anemia; active_cancer; clinically_overt_pulmonary_embolism; age_years,unit_tests_and_registry_smoke,external source and formula details represented in registry metadata,,血栓、止血、输血与血液专病,RIETE肺栓塞出血风险,RIETE Bleeding Score,MDCalc calculator library,https://www.mdcalc.com/
CALC-0652,pending_formula_or_rule_implementation,Transfusion reaction severity is a versioned surveillance and reporting classification with reaction-type definitions rather than one numerical calculator.,markdown_or_data_table_until_source_complete,,versioned hemovigilance definitions and pathway logic,metadata_self_check_only,retain as guidance knowledge until a versioned rule engine is built,guideline_pathway,血栓、止血、输血与血液专病,输血反应严重度分级,Transfusion Reaction Severity Grading,AABB transfusion reaction resources,https://www.aabb.org/
CALC-0653,implemented,formula logic is linked in Python registry,python_executable,clinical_calculators.calculators.common.misc_formula_more,platelet_increment_10e9_l; body_surface_area_m2; platelets_transfused_10e11,unit_tests_and_registry_smoke,external source and formula details represented in registry metadata,,血栓、止血、输血与血液专病,血小板输注校正增量,"Corrected Count Increment, CCI",QxMD Calculate,https://qxmd.com/calculate/
CALC-0654,implemented,formula logic is linked in Python registry,python_executable,clinical_calculators.calculators.common.heme_rheum_scores,age_years; hemoglobin_g_dl; leukocyte_count_10e9_l; circulating_blast_percent; constitutional_symptoms,unit_tests_and_registry_smoke,external source and formula details represented in registry metadata,,血栓、止血、输血与血液专病,骨髓纤维化DIPSS评分,Dynamic International Prognostic Scoring System,MDCalc calculator library,https://www.mdcalc.com/
CALC-0655,implemented,formula logic is linked in Python registry,python_executable,clinical_calculators.calculators.common.heme_rheum_scores,age_years; prior_thrombosis,unit_tests_and_registry_smoke,external source and formula details represented in registry metadata,,血栓、止血、输血与血液专病,真性红细胞增多症血栓风险,Polycythemia Vera Thrombosis Risk,Polycythemia Vera Thrombosis Risk / NCCN Guidelines,https://www.nccn.org/
CALC-0656,implemented,formula logic is linked in Python registry,python_executable,clinical_calculators.calculators.common.basic_formulas_more,sex; weight_kg; height_cm; age_years,unit_tests_and_registry_smoke,external source and formula details represented in registry metadata,,临床营养、肥胖与代谢手术,Harris-Benedict基础能量消耗,Harris-Benedict Equation,MDCalc calculator library,https://www.mdcalc.com/
CALC-0657,implemented,formula logic is linked in Python registry,python_executable,clinical_calculators.calculators.common.misc_formula_more,sex; weight_kg; height_cm; age_years,unit_tests_and_registry_smoke,external source and formula details represented in registry metadata,,临床营养、肥胖与代谢手术,Mifflin-St Jeor静息能量消耗,Mifflin-St Jeor Equation,MDCalc calculator library,https://www.mdcalc.com/
CALC-0658,implemented,formula logic is linked in Python registry,python_executable,clinical_calculators.calculators.common.basic_formulas_more,sex; weight_kg; height_cm; age_years; max_temperature_c; minute_ventilation_l_min,unit_tests_and_registry_smoke,external source and formula details represented in registry metadata,,临床营养、肥胖与代谢手术,Penn State危重症能量公式,Penn State Equation,Penn State Equation / QxMD Calculate,https://qxmd.com/calculate/
CALC-0659,implemented,formula logic is linked in Python registry,python_executable,clinical_calculators.calculators.common.basic_formulas_more,ventilation; age_years; weight_kg,unit_tests_and_registry_smoke,external source and formula details represented in registry metadata,,临床营养、肥胖与代谢手术,Ireton-Jones能量公式,Ireton-Jones Equation,Ireton-Jones Equation / QxMD Calculate,https://qxmd.com/calculate/
CALC-0660,implemented,formula logic is linked in Python registry,python_executable,clinical_calculators.calculators.common.gastro_nutrition_more,albumin_g_dl; current_weight_kg; usual_weight_kg,unit_tests_and_registry_smoke,external source and formula details represented in registry metadata,,临床营养、肥胖与代谢手术,营养风险指数,"Nutritional Risk Index, NRI",Nutrition Risk Index formula reference,https://indianjnephrol.org/validity-of-nutrition-risk-index-as-a-malnutrition-screening-tool-compared-with-subjective-global-assessment-in-end-stage-renal-disease-patients-on-peritoneal-dialysis/
CALC-0661,implemented,formula logic is linked in Python registry,python_executable,clinical_calculators.calculators.common.gastro_nutrition_more,albumin_g_dl; current_weight_kg; ideal_weight_kg,unit_tests_and_registry_smoke,external source and formula details represented in registry metadata,,临床营养、肥胖与代谢手术,老年营养风险指数,"Geriatric Nutritional Risk Index, GNRI",Geriatric Nutritional Risk Index original formula,https://ajcn.nutrition.org/article/S0002-9165(23)29637-9/fulltext
CALC-0662,implemented,formula logic is linked in Python registry,python_executable,clinical_calculators.calculators.common.gastro_nutrition_more,albumin_g_dl; total_lymphocytes_per_mm3; total_cholesterol_mg_dl,unit_tests_and_registry_smoke,external source and formula details represented in registry metadata,,临床营养、肥胖与代谢手术,CONUT营养状态评分,Controlling Nutritional Status Score,CONUT scoring table,https://www.jcancer.org/v10/p3883/jcav10p3883s1.pdf
CALC-0663,implemented,formula logic is linked in Python registry,python_executable,clinical_calculators.calculators.common.gastro_nutrition_more,weight_loss; low_bmi; reduced_muscle_mass; reduced_food_intake_or_assimilation; inflammation_or_disease_burden; severe_phenotypic_criterion,unit_tests_and_registry_smoke,external source and formula details represented in registry metadata,,临床营养、肥胖与代谢手术,GLIM营养不良诊断框架,GLIM Malnutrition Criteria,GLIM malnutrition criteria / ESPEN,https://www.espen.org/
CALC-0664,implemented,formula logic is linked in Python registry,python_executable,clinical_calculators.calculators.common.function_lifestyle_scores,items,unit_tests_and_registry_smoke,external source and formula details represented in registry metadata,,临床营养、肥胖与代谢手术,SARC-F肌少症筛查,SARC-F Questionnaire,SARC-F,https://www.sarcopenia.com/
CALC-0665,implemented,formula logic is linked in Python registry,python_executable,clinical_calculators.calculators.common.surgery_liver_more,bmi; male; hypertension; pulmonary_embolism_risk; age_years,unit_tests_and_registry_smoke,external source and formula details represented in registry metadata,,临床营养、肥胖与代谢手术,代谢手术死亡风险OS-MRS,Obesity Surgery Mortality Risk Score,MDCalc calculator library,https://www.mdcalc.com/
CALC-0666,implemented,formula logic is linked in Python registry,python_executable,clinical_calculators.calculators.common.renal_endocrine_more,preoperative_weight_kg; current_weight_kg; ideal_weight_kg,unit_tests_and_registry_smoke,external source and formula details represented in registry metadata,,临床营养、肥胖与代谢手术,减重手术预期多余体重下降,Percent Excess Weight Loss,ASMBS clinical resources,https://asmbs.org/resources/
CALC-0667,implemented,formula logic is linked in Python registry,python_executable,clinical_calculators.calculators.common.gastro_nutrition_more,bmi; unintentional_weight_loss_percent; little_or_no_nutritional_intake_days; low_potassium_phosphate_or_magnesium_before_feeding; alcohol_misuse_or_relevant_drugs,unit_tests_and_registry_smoke,external source and formula details represented in registry metadata,,临床营养、肥胖与代谢手术,再喂养综合征风险筛查,Refeeding Syndrome Risk,NICE CG32 Nutrition support for adults,https://www.nice.org.uk/guidance/cg32/chapter/Recommendations
CALC-0668,pending_formula_or_rule_implementation,ACMG/AMP classification combines expert-assigned evidence codes and evolving ClinGen specifications; it is a versioned interpretation framework rather than an autonomous calculator.,markdown_or_data_table_until_source_complete,,versioned evidence specifications and expert-curated inputs,metadata_self_check_only,retain as guidance knowledge and do not automate evidence assignment,guideline_pathway,遗传、罕见病与公共卫生筛查,ACMG/AMP变异分类,ACMG/AMP Variant Classification,ACMG/AMP standards,https://www.acmg.net/
CALC-0669,pending_formula_or_rule_implementation,No sufficient formula cue in local metadata; needs targeted source search and source-quality decision.,markdown_or_data_table_until_source_complete,,reliable source and formula-level details,metadata_self_check_only,external source metadata is present but executable formula/rule still requires audit,manual_research_needed,遗传、罕见病与公共卫生筛查,Sherloc遗传变异分类,Sherloc Variant Classification,ACMG/AMP sequence variant interpretation,https://www.acmg.net/
CALC-0670,implemented,formula logic is linked in Python registry,python_executable,clinical_calculators.calculators.common.lab_and_diagnostic_stats_more,score,unit_tests_and_registry_smoke,external source and formula details represented in registry metadata,,遗传、罕见病与公共卫生筛查,CADD变异有害性评分解释,CADD Score Interpretation,CADD,https://cadd.gs.washington.edu/
CALC-0671,implemented,formula logic is linked in Python registry,python_executable,clinical_calculators.calculators.common.lab_and_diagnostic_stats_more,score,unit_tests_and_registry_smoke,external source and formula details represented in registry metadata,,遗传、罕见病与公共卫生筛查,REVEL错义变异预测解释,REVEL Score Interpretation,REVEL score,https://sites.google.com/site/revelgenomics/
CALC-0672,implemented,formula logic is linked in Python registry,python_executable,clinical_calculators.calculators.common.lab_and_diagnostic_stats_more,score,unit_tests_and_registry_smoke,external source and formula details represented in registry metadata,,遗传、罕见病与公共卫生筛查,GERP保守性评分解释,GERP Conservation Score,GERP conservation score,http://mendel.stanford.edu/SidowLab/downloads/gerp/
CALC-0673,pending_formula_or_rule_implementation,The Manchester BRCA system requires a complete versioned family-history cancer-site age sex and bilateral-disease point table.,markdown_or_data_table_until_source_complete,,complete versioned Manchester point table and boundary examples,metadata_self_check_only,encode only after the authoritative complete table is obtained,reference_tables_needed,遗传、罕见病与公共卫生筛查,曼彻斯特BRCA评分,Manchester Scoring System for BRCA,QxMD Calculate,https://qxmd.com/calculate/
CALC-0674,pending_formula_or_rule_implementation,No sufficient formula cue in local metadata; needs targeted source search and source-quality decision.,markdown_or_data_table_until_source_complete,,reliable source and formula-level details,metadata_self_check_only,external source metadata is present but executable formula/rule still requires audit,manual_research_needed,遗传、罕见病与公共卫生筛查,Tyrer-Cuzick乳腺癌风险模型,IBIS/Tyrer-Cuzick Breast Cancer Risk,IBIS risk evaluator,https://ems-trials.org/riskevaluator/
CALC-0675,pending_formula_or_rule_implementation,NCI BCRAT requires race-specific relative-risk coefficients baseline hazards competing mortality tables age integration and model-version constraints.,markdown_or_data_table_until_source_complete,,complete NCI coefficient and hazard tables with validation cases,metadata_self_check_only,do not approximate the Gail model from risk-factor names,model_coefficients_needed,遗传、罕见病与公共卫生筛查,Gail乳腺癌风险模型,Gail Model,NCI BCRAT,https://bcrisktool.cancer.gov/
CALC-0676,pending_formula_or_rule_implementation,No sufficient formula cue in local metadata; needs targeted source search and source-quality decision.,markdown_or_data_table_until_source_complete,,reliable source and formula-level details,metadata_self_check_only,external source metadata is present but executable formula/rule still requires audit,manual_research_needed,遗传、罕见病与公共卫生筛查,Lynch综合征PREMM5模型,PREMM5 Model,PREMM5,https://premm.dfci.harvard.edu/
CALC-0677,pending_formula_or_rule_implementation,"External calculators/papers may exist, but executable implementation needs full coefficients, caps/floors, population limits, and validation examples; not safe from title/source alone.",markdown_or_data_table_until_source_complete,,"complete coefficients, transformations, caps, and validation examples",metadata_self_check_only,external source metadata is present but executable formula/rule still requires audit,model_coefficients_needed,遗传、罕见病与公共卫生筛查,Framingham糖尿病风险,Framingham Diabetes Risk Score,QxMD Calculate,https://qxmd.com/calculate/
CALC-0678,pending_formula_or_rule_implementation,No sufficient formula cue in local metadata; needs targeted source search and source-quality decision.,markdown_or_data_table_until_source_complete,,reliable source and formula-level details,metadata_self_check_only,external source metadata is present but executable formula/rule still requires audit,manual_research_needed,遗传、罕见病与公共卫生筛查,FINDRISC扩展生活方式干预优先级,FINDRISC Intervention Priority,Finnish Diabetes Risk Score,https://www.diabetes.fi/
CALC-0679,pending_formula_or_rule_implementation,No sufficient formula cue in local metadata; needs targeted source search and source-quality decision.,markdown_or_data_table_until_source_complete,,reliable source and formula-level details,metadata_self_check_only,external source metadata is present but executable formula/rule still requires audit,manual_research_needed,遗传、罕见病与公共卫生筛查,QRISK3心血管风险,QRISK3 Cardiovascular Risk,QRISK3,https://qrisk.org/
CALC-0680,implemented,formula logic is linked in Python registry,python_executable,clinical_calculators.calculators.common.cardiac_risk_scores,predisposition_to_vasovagal_syncope; history_of_heart_disease; any_systolic_bp_less_90_or_greater_180; elevated_troponin; abnormal_qrs_axis; qrs_duration_gt_130_ms; qtc_gt_480_ms; ed_diagnosis,unit_tests_and_registry_smoke,external source and formula details represented in registry metadata,,急诊、院前与灾难医学,加拿大晕厥风险评分,Canadian Syncope Risk Score,Canadian Syncope Risk Score / MDCalc,https://www.mdcalc.com/calc/3811/canadian-syncope-risk-score
CALC-0681,implemented,formula logic is linked in Python registry,python_executable,clinical_calculators.calculators.common.neuro_emergency_scores,history_chf; hematocrit_percent; abnormal_ecg; shortness_of_breath; systolic_bp,unit_tests_and_registry_smoke,external source and formula details represented in registry metadata,,急诊、院前与灾难医学,旧金山晕厥规则,San Francisco Syncope Rule,San Francisco Syncope Rule,https://www.mdcalc.com/
CALC-0682,implemented,formula logic is linked in Python registry,python_executable,clinical_calculators.calculators.common.emergency_surgery_rules,pain_malleolar_zone; bone_tenderness_posterior_lateral_malleolus; bone_tenderness_posterior_medial_malleolus; unable_to_bear_weight_4_steps; pain_midfoot_zone; bone_tenderness_navicular; bone_tenderness_base_5th_metatarsal,unit_tests_and_registry_smoke,external source and formula details represented in registry metadata,,急诊、院前与灾难医学,渥太华踝关节规则,Ottawa Ankle Rules,Ottawa Rules,https://www.mdcalc.com/
CALC-0683,implemented,formula logic is linked in Python registry,python_executable,clinical_calculators.calculators.common.emergency_surgery_rules,age_years; isolated_patellar_tenderness; fibular_head_tenderness; cannot_flex_to_90; unable_to_bear_weight_4_steps,unit_tests_and_registry_smoke,external source and formula details represented in registry metadata,,急诊、院前与灾难医学,渥太华膝关节规则,Ottawa Knee Rule,Ottawa Rules,https://www.mdcalc.com/
CALC-0684,implemented,formula logic is linked in Python registry,python_executable,clinical_calculators.calculators.common.emergency_surgery_rules,age_years; gcs_le_14_or_altered_mental_status; severe_mechanism,unit_tests_and_registry_smoke,external source and formula details represented in registry metadata,,急诊、院前与灾难医学,PECARN儿童头部损伤规则,PECARN Pediatric Head Injury Rule,PECARN,https://www.mdcalc.com/
CALC-0685,implemented,formula logic is linked in Python registry,python_executable,clinical_calculators.calculators.common.emergency_surgery_rules,abdominal_wall_trauma_or_seatbelt_sign; gcs_less_than_14; abdominal_tenderness; thoracic_wall_trauma; abdominal_pain; decreased_breath_sounds; vomiting,unit_tests_and_registry_smoke,external source and formula details represented in registry metadata,,急诊、院前与灾难医学,PECARN儿童腹部损伤规则,PECARN Blunt Abdominal Trauma Rule,PECARN,https://www.mdcalc.com/
CALC-0686,implemented,formula logic is linked in Python registry,python_executable,clinical_calculators.calculators.common.emergency_surgery_rules,abnormal_chest_xray; distracting_injury; chest_wall_tenderness; sternal_tenderness; thoracic_spine_tenderness; scapular_tenderness,unit_tests_and_registry_smoke,external source and formula details represented in registry metadata,,急诊、院前与灾难医学,NEXUS胸部CT主要损伤规则,NEXUS Chest CT Major Injury Rule,NEXUS,https://www.mdcalc.com/
CALC-0687,implemented,formula logic is linked in Python registry,python_executable,clinical_calculators.calculators.common.surgery_liver_more,penetrating_mechanism; positive_fast; systolic_bp; heart_rate,unit_tests_and_registry_smoke,external source and formula details represented in registry metadata,,急诊、院前与灾难医学,ABC大量输血评分,Assessment of Blood Consumption Score,ABC Score,https://www.mdcalc.com/
CALC-0688,implemented,formula logic is linked in Python registry,python_executable,clinical_calculators.calculators.common.emergency_surgery_rules,hemoglobin_g_dl; base_excess_mmol_l; systolic_bp_mm_hg; heart_rate; positive_fast; unstable_pelvic_fracture; open_or_dislocated_femur_fracture; male,unit_tests_and_registry_smoke,external source and formula details represented in registry metadata,,急诊、院前与灾难医学,TASH创伤相关严重出血评分,Trauma Associated Severe Hemorrhage Score,TASH Score,https://www.mdcalc.com/
CALC-0689,pending_formula_or_rule_implementation,The 2021 national field-triage guideline is a multi-branch transport and destination pathway with physiologic anatomic risk and special-consideration criteria rather than one score.,markdown_or_data_table_until_source_complete,,versioned pathway logic and local trauma-system policy,metadata_self_check_only,retain as guidance knowledge until a complete pathway engine is built,guideline_pathway,急诊、院前与灾难医学,修订创伤分诊标准,Field Triage Decision Scheme,ACS 2021 National Guideline for Field Triage,https://www.facs.org/quality-programs/trauma/systems/field-triage-guidelines/
CALC-0690,implemented,formula logic is linked in Python registry,python_executable,clinical_calculators.calculators.common.pediatric_infectious_more,age_days; previously_healthy; well_appearing; wbc_10e9_l; absolute_band_count_10e9_l; urine_wbc_per_hpf; stool_wbc_per_hpf,unit_tests_and_registry_smoke,external source and formula details represented in registry metadata,,急诊、院前与灾难医学,罗切斯特婴儿发热低危标准,Rochester Criteria,Rochester Criteria,https://www.mdcalc.com/
CALC-0691,implemented,formula logic is linked in Python registry,python_executable,clinical_calculators.calculators.common.pediatric_infectious_more,age_days; well_appearing; wbc_10e9_l; band_neutrophil_ratio; urinalysis_wbc_per_hpf; csf_wbc_per_mm3; csf_gram_stain_positive; chest_xray_infiltrate; diarrhea_stool_wbc_per_hpf,unit_tests_and_registry_smoke,external source and formula details represented in registry metadata,,急诊、院前与灾难医学,费城婴儿发热标准,Philadelphia Criteria,Philadelphia Criteria,https://www.mdcalc.com/
CALC-0692,pending_formula_or_rule_implementation,"Cancer staging/risk-group entries are structured staging systems or subscription/licensed guideline content; need site-specific TNM/risk tables and version governance, not a simple formula.",markdown_or_data_table_until_source_complete,,versioned staging tables/rules or licensed system details,metadata_self_check_only,external source metadata is present but executable formula/rule still requires audit,staging_or_subscription,外科、围术期与质量评估,ACS NSQIP手术风险计算器,ACS NSQIP Surgical Risk Calculator,ACS NSQIP,https://riskcalculator.facs.org/
CALC-0693,implemented,formula logic is linked in Python registry,python_executable,clinical_calculators.calculators.common.source_backed_batch,age_years; sex; has_disseminated_cancer; has_unintentional_weight_loss; has_poor_appetite; has_renal_failure; has_chronic_or_congestive_heart_failure; has_shortness_of_breath; has_non_independent_residence; has_cognitive_decline; mobility_adl_0_to_4; eating_adl_0_to_4; toileting_adl_0_to_4; hygiene_adl_0_to_4,source_derived_tests_and_registry_smoke,original publication complete revised clinical scoring table represented in inventory metadata,,外科、围术期与质量评估,修订风险分析指数,"Risk Analysis Index, RAI",Recalibration and External Validation of the Risk Analysis Index,https://europepmc.org/articles/PMC8785437
CALC-0694,implemented,formula logic is linked in Python registry,python_executable,clinical_calculators.calculators.common.perioperative_more,death; icu_management; organ_dysfunction; intervention; grade_ii_therapy; disability_at_discharge,unit_tests_and_registry_smoke,external source and formula details represented in registry metadata,,外科、围术期与质量评估,Clavien-Dindo手术并发症分级,Clavien-Dindo Classification,Dindo et al. Annals of Surgery 2004 Clavien-Dindo classification,https://pmc.ncbi.nlm.nih.gov/articles/PMC1360123/
CALC-0695,implemented,formula logic is linked in Python registry,python_executable,clinical_calculators.calculators.common.perioperative_more,complication_grades,unit_tests_and_registry_smoke,external source and formula details represented in registry metadata,,外科、围术期与质量评估,综合并发症指数,"Comprehensive Complication Index, CCI",CCI,https://www.assessurgery.com/
CALC-0696,pending_formula_or_rule_implementation,The Colon Leakage Score is an 11-factor 0-43 point system requiring every categorical boundary and weight from the complete source table.,markdown_or_data_table_until_source_complete,,complete authoritative 11-factor point table and boundary examples,metadata_self_check_only,encode only after the complete table is obtained,reference_tables_needed,外科、围术期与质量评估,结直肠吻合口漏风险评分,Colon Leakage Score,Colon Leakage Score,https://www.mdcalc.com/
CALC-0697,implemented,formula logic is linked in Python registry,python_executable,clinical_calculators.calculators.common.emergency_surgery_rules,vomiting; rlq_pain; rebound_or_muscular_defense; temperature_c; wbc_10e9_l; neutrophil_percent; crp_mg_l,unit_tests_and_registry_smoke,external source and formula details represented in registry metadata,,外科、围术期与质量评估,成人阑尾炎反应评分,"Appendicitis Inflammatory Response Score, AIR",AIR Score,https://www.mdcalc.com/
CALC-0698,implemented,formula logic is linked in Python registry,python_executable,clinical_calculators.calculators.common.emergency_surgery_rules,migration_rlq; anorexia; nausea_vomiting; rlq_tenderness; rebound_tenderness; fever; leukocytosis; left_shift,unit_tests_and_registry_smoke,external source and formula details represented in registry metadata,,外科、围术期与质量评估,Alvarado阑尾炎评分,Alvarado Score,Alvarado Score,https://www.mdcalc.com/
CALC-0699,implemented,formula logic is linked in Python registry,python_executable,clinical_calculators.calculators.common.perioperative_more,items,unit_tests_and_registry_smoke,external source and formula details represented in registry metadata,,外科、围术期与质量评估,ERAS依从性评分,ERAS Compliance Score,ERAS Society,https://erassociety.org/
CALC-0700,pending_formula_or_rule_implementation,No sufficient formula cue in local metadata; needs targeted source search and source-quality decision.,markdown_or_data_table_until_source_complete,,reliable source and formula-level details,metadata_self_check_only,external source metadata is present but executable formula/rule still requires audit,manual_research_needed,外科、围术期与质量评估,腹主动脉瘤破裂风险辅助,Abdominal Aortic Aneurysm Rupture Risk Support,SVS Guidelines,https://vascular.org/
CALC-0701,implemented,formula logic is linked in Python registry,python_executable,clinical_calculators.calculators.common.source_backed_batch,age_years; sex; asa_class; ecog_performance_status; mrc_dyspnea_grade; urgent_or_emergency_surgery; pneumonectomy; malignant_diagnosis; comorbidity_count,source_derived_tests_official_calculator_crosscheck_and_registry_smoke,official SFAR coefficient calculator and original publication represented in inventory metadata,,外科、围术期与质量评估,Thoracoscore胸外科死亡风险,Thoracoscore,Thoracoscore official coefficient calculator,https://sfar.org/scores2/thoracoscore2.php
CALC-0702,pending_formula_or_rule_implementation,O-POSSUM requires complete physiologic and operative score tables logistic coefficients endpoint definition and validation examples.,markdown_or_data_table_until_source_complete,,complete component tables coefficients endpoint definition and validation examples,metadata_self_check_only,do not approximate from POSSUM subtotals alone,model_coefficients_needed,外科、围术期与质量评估,O-POSSUM食管胃手术风险,O-POSSUM,O-POSSUM,https://qxmd.com/calculate/
CALC-0703,implemented,formula logic is linked in Python registry,python_executable,clinical_calculators.calculators.common.surgery_liver_more,age_years; tbsa_burn_percent; inhalation_injury,unit_tests_and_registry_smoke,external source and formula details represented in registry metadata,,外科、围术期与质量评估,修订Baux评分,Revised Baux Score,Revised Baux,https://www.mdcalc.com/
CALC-0704,implemented,formula logic is linked in Python registry,python_executable,clinical_calculators.calculators.common.cardiology_more_scores,egfr_ml_min_1_73m2; who_functional_class; systolic_bp; heart_rate; six_minute_walk_distance_m; etiology; sex; age_years; hospitalization_within_6_months; pericardial_effusion; dlco_percent_predicted; mean_right_atrial_pressure_mm_hg; pvr_wood_units,unit_tests_and_registry_smoke,external source and formula details represented in registry metadata,,心血管医学,REVEAL 2.0肺动脉高压风险评分,REVEAL 2.0 Risk Score,REVEAL 2.0,https://www.mdcalc.com/
CALC-0705,implemented,formula logic is linked in Python registry,python_executable,clinical_calculators.calculators.common.cardiology_more_scores,who_functional_class; six_minute_walk_distance_m,unit_tests_and_registry_smoke,external source and formula details represented in registry metadata,,心血管医学,ESC/ERS肺高压四层风险评估,ESC/ERS PAH Four-Strata Risk Assessment,ESC/ERS Pulmonary Hypertension Guidelines,https://www.escardio.org/Guidelines
CALC-0706,implemented,formula logic is linked in Python registry,python_executable,clinical_calculators.calculators.common.cardiovascular_scores,peak_velocity_m_s; mean_gradient_mm_hg; aortic_valve_area_cm2,unit_tests_and_registry_smoke,external source and formula details represented in registry metadata,,心血管医学,主动脉瓣狭窄严重度,Aortic Stenosis Severity Grading,ACC/AHA/ESC valve guidelines,https://www.escardio.org/Guidelines
CALC-0707,implemented,formula logic is linked in Python registry,python_executable,clinical_calculators.calculators.common.cardiovascular_scores,vena_contracta_width_cm; eroa_cm2; regurgitant_volume_ml; regurgitant_fraction_percent,unit_tests_and_registry_smoke,external source and formula details represented in registry metadata,,心血管医学,二尖瓣反流严重度,Mitral Regurgitation Severity Grading,ESC Valve Guidelines,https://www.escardio.org/Guidelines
CALC-0708,implemented,formula logic is linked in Python registry,python_executable,clinical_calculators.calculators.common.cardiology_more_scores,rs_complex_absent_all_precordial_leads; longest_rs_interval_ms; av_dissociation; vt_morphology_criteria_present,unit_tests_and_registry_smoke,external source and formula details represented in registry metadata,,心血管医学,Brugada室速鉴别算法,Brugada Criteria for Wide Complex Tachycardia,Brugada Criteria,https://www.mdcalc.com/
CALC-0709,implemented,formula logic is linked in Python registry,python_executable,clinical_calculators.calculators.common.cardiology_more_scores,initial_r_wave_present; initial_r_or_q_duration_ms; notching_initial_downstroke; initial_to_terminal_activation_velocity_ratio,unit_tests_and_registry_smoke,external source and formula details represented in registry metadata,,心血管医学,Vereckei aVR室速算法,Vereckei aVR Algorithm,Vereckei Criteria,https://qxmd.com/calculate/
CALC-0710,implemented,formula logic is linked in Python registry,python_executable,clinical_calculators.calculators.common.cardiovascular_scores,class,unit_tests_and_registry_smoke,external source and formula details represented in registry metadata,,心血管医学,EHRA房颤症状评分,EHRA Symptom Scale,EHRA Symptom Scale,https://www.escardio.org/Guidelines
CALC-0711,implemented,formula logic is linked in Python registry,python_executable,clinical_calculators.calculators.common.source_backed_batch,age_years; weight_kg; pulse_bpm; diastolic_bp_mm_hg; race_ethnicity_garfield; sex; history_bleeding; history_heart_failure_or_lvef_below_40; history_stroke; moderate_severe_ckd; history_coronary_or_peripheral_vascular_disease; diabetes; current_smoker; dementia; current_antiplatelet_drug; carotid_occlusive_disease,source_equation_centered_case_full_scenario_case_and_registry_smoke,public calculator and open original study provide complete coefficients baseline survival treatment scenarios population and validation,,心血管医学,GARFIELD-AF死亡和出血风险,GARFIELD-AF Risk Calculator,GARFIELD-AF integrated risk model,https://qxmd.com/calculate/calculator_685/garfield-af-risk-calculator
CALC-0712,implemented,formula logic is linked in Python registry,python_executable,clinical_calculators.calculators.common.source_backed_batch,age_years; maximal_wall_thickness_mm; left_atrial_diameter_mm; maximal_lvot_gradient_mm_hg; family_history_sudden_cardiac_death; nonsustained_ventricular_tachycardia; unexplained_syncope,source_equation_cases_range_tests_and_registry_smoke,public calculator publishes complete coefficients ranges exclusions references and 2014 ESC bands,,心血管医学,HCM猝死风险,HCM Risk-SCD,Original HCM Risk-SCD model and 2014 ESC bands,https://qxmd.com/calculate/calculator_303/hcm-risk-scd
CALC-0713,pending_formula_or_rule_implementation,HCM-AF requires published coefficients baseline survival transformations population constraints and prediction horizon.,markdown_or_data_table_until_source_complete,,complete coefficients baseline survival transformations and validation examples,metadata_self_check_only,obtain and lock the exact model version before coding,model_coefficients_needed,心血管医学,HCM-AF房颤风险,HCM-AF Risk Score,HCM-AF,https://qxmd.com/calculate/
CALC-0714,implemented,published DLCN adult criteria table and group maxima are linked in Python registry,python_executable,clinical_calculators.calculators.common.source_backed_batch,family history flags; clinical history flags; physical findings; ldl_mg_dl; causative mutation,source_table_boundary_tests_and_registry_smoke,EAS consensus Table 1 Europe PMC PMC3844152,,心血管医学,家族性高胆固醇血症DLCN评分,Dutch Lipid Clinic Network Criteria,European Atherosclerosis Society consensus statement,https://europepmc.org/articles/PMC3844152
CALC-0715,implemented,formula logic is linked in Python registry,python_executable,clinical_calculators.calculators.common.cardiovascular_scores,age_years; tendon_xanthomas_patient_or_relative; pathogenic_mutation; family_history_premature_mi; family_history_high_cholesterol,unit_tests_and_registry_smoke,external source and formula details represented in registry metadata,,心血管医学,Simon Broome家族性高胆固醇血症标准,Simon Broome Criteria,Simon Broome,https://qxmd.com/calculate/
CALC-0716,implemented,formula logic is linked in Python registry,python_executable,clinical_calculators.calculators.common.respiratory_scores,items,unit_tests_and_registry_smoke,external source and formula details represented in registry metadata,,呼吸、睡眠与肺血管医学,哮喘控制测试,"Asthma Control Test, ACT","Asthma Control Test, ACT",https://www.asthmacontroltest.com/
CALC-0717,implemented,formula logic is linked in Python registry,python_executable,clinical_calculators.calculators.common.respiratory_scores,items,unit_tests_and_registry_smoke,external source and formula details represented in registry metadata,,呼吸、睡眠与肺血管医学,儿童哮喘控制测试,"Childhood Asthma Control Test, C-ACT",Childhood Asthma Control Test,https://www.asthmacontroltest.com/
CALC-0718,pending_formula_or_rule_implementation,No sufficient formula cue in local metadata; needs targeted source search and source-quality decision.,markdown_or_data_table_until_source_complete,,reliable source and formula-level details,metadata_self_check_only,external source metadata is present but executable formula/rule still requires audit,manual_research_needed,呼吸、睡眠与肺血管医学,成人急性哮喘严重度分层,Acute Asthma Severity Assessment,GINA,https://ginasthma.org/
CALC-0719,pending_formula_or_rule_implementation,No sufficient formula cue in local metadata; needs targeted source search and source-quality decision.,markdown_or_data_table_until_source_complete,,reliable source and formula-level details,metadata_self_check_only,external source metadata is present but executable formula/rule still requires audit,manual_research_needed,呼吸、睡眠与肺血管医学,COPD综合评估,GOLD COPD Group Assessment,GOLD COPD,https://goldcopd.org/
CALC-0720,implemented,formula logic is linked in Python registry,python_executable,clinical_calculators.calculators.common.respiratory_scores,emrcd_grade; eosinophils_10e9_l; consolidation; arterial_ph; atrial_fibrillation,unit_tests_and_registry_smoke,external source and formula details represented in registry metadata,,呼吸、睡眠与肺血管医学,DECAF COPD急性加重死亡风险,DECAF Score,DECAF derivation study,https://www.healthinnovationnenc.org.uk/wp-content/uploads/2021/08/DECAF-Derivation-Thorax.pdf
CALC-0721,implemented,formula logic is linked in Python registry,python_executable,clinical_calculators.calculators.common.respiratory_scores,age_years; sex; fvc_percent_predicted; dlco_percent_predicted; dlco_unable,unit_tests_and_registry_smoke,external source and formula details represented in registry metadata,,呼吸、睡眠与肺血管医学,GAP特发性肺纤维化分期,GAP Index for IPF,GAP Index for IPF / original model,https://www.mdcalc.com/calc/2157/gap-index-idiopathic-pulmonary-fibrosis-ipf-mortality
CALC-0722,implemented,formula logic is linked in Python registry,python_executable,clinical_calculators.calculators.common.more_scores_and_ratios,age_years; history_of_cancer; chronic_cardiopulmonary_disease; heart_rate; systolic_bp; oxygen_saturation_percent,unit_tests_and_registry_smoke,external source and formula details represented in registry metadata,,呼吸、睡眠与肺血管医学,简化PESI肺栓塞风险,"Simplified Pulmonary Embolism Severity Index, sPESI",sPESI,https://www.mdcalc.com/
CALC-0723,implemented,formula logic is linked in Python registry,python_executable,clinical_calculators.calculators.common.vte_scores,systolic_bp; elevated_troponin; right_ventricular_dysfunction; heart_rate,unit_tests_and_registry_smoke,external source and formula details represented in registry metadata,,呼吸、睡眠与肺血管医学,BOVA肺栓塞并发症风险,Bova Score,Bova Score / MDCalc,https://www.mdcalc.com/calc/4004/bova-score-pulmonary-embolism-complications
CALC-0724,implemented,formula logic is linked in Python registry,python_executable,clinical_calculators.calculators.common.behavioral_scores,score,unit_tests_and_registry_smoke,external source and formula details represented in registry metadata,,呼吸、睡眠与肺血管医学,Karolinska嗜睡量表,"Karolinska Sleepiness Scale, KSS",Karolinska Sleepiness Scale,https://qxmd.com/calculate/
CALC-0725,implemented,formula logic is linked in Python registry,python_executable,clinical_calculators.calculators.common.behavioral_scores,component_scores,unit_tests_and_registry_smoke,external source and formula details represented in registry metadata,,呼吸、睡眠与肺血管医学,匹兹堡睡眠质量指数,"Pittsburgh Sleep Quality Index, PSQI",University of Pittsburgh PSQI scoring instructions,https://www.sleep.pitt.edu/psqi
CALC-0726,implemented,formula logic is linked in Python registry,python_executable,clinical_calculators.calculators.common.behavioral_scores,score,unit_tests_and_registry_smoke,external source and formula details represented in registry metadata,,呼吸、睡眠与肺血管医学,MEQ晨晚型问卷,Morningness-Eveningness Questionnaire,American Thoracic Society MEQ scoring description,https://site.thoracic.org/assemblies/srn/sleep-related-questionnaires/meq
CALC-0727,implemented,formula logic is linked in Python registry,python_executable,clinical_calculators.calculators.common.respiratory_measurements_more,respiratory_rate_bpm; tidal_volume_l,unit_tests_and_registry_smoke,external source and formula details represented in registry metadata,,呼吸、睡眠与肺血管医学,浅快呼吸指数,"Rapid Shallow Breathing Index, RSBI",Rapid Shallow Breathing Index,https://www.mdcalc.com/calc/3626/rapid-shallow-breathing-index-rsbi
CALC-0728,implemented,formula logic is linked in Python registry,python_executable,clinical_calculators.calculators.common.gastro_nutrition_more,albumin_g_dl; inr; altered_mental_status; systolic_bp; age_years,unit_tests_and_registry_smoke,external source and formula details represented in registry metadata,,消化、肝胆、内镜与营养,AIMS65上消化道出血评分,AIMS65 Score,AIMS65,https://www.mdcalc.com/
CALC-0729,implemented,formula logic is linked in Python registry,python_executable,clinical_calculators.calculators.common.gastro_nutrition_more,age_years; shock; comorbidity; diagnosis; stigmata,unit_tests_and_registry_smoke,external source and formula details represented in registry metadata,,消化、肝胆、内镜与营养,完整Rockall评分,Full Rockall Score,Rockall,https://www.mdcalc.com/
CALC-0730,implemented,formula logic is linked in Python registry,python_executable,clinical_calculators.calculators.common.gastro_nutrition_more,age_at_diagnosis_years; location; upper_gi_modifier; behavior; perianal_modifier,unit_tests_and_registry_smoke,external source and formula details represented in registry metadata,,消化、肝胆、内镜与营养,蒙特利尔克罗恩病分类,Montreal Classification for Crohn's Disease,Montreal classification for IBD,https://crohnsandcolitis.ca/About-Crohn-s-Colitis/IBD-Journey/Recently-Diagnosed/Classification-of-IBD
CALC-0731,implemented,formula logic is linked in Python registry,python_executable,clinical_calculators.calculators.common.gastro_nutrition_more,extent; severity,unit_tests_and_registry_smoke,external source and formula details represented in registry metadata,,消化、肝胆、内镜与营养,蒙特利尔溃疡性结肠炎分类,Montreal Classification for Ulcerative Colitis,Montreal classification for IBD,https://crohnsandcolitis.ca/About-Crohn-s-Colitis/IBD-Journey/Recently-Diagnosed/Classification-of-IBD
CALC-0732,implemented,formula logic is linked in Python registry,python_executable,clinical_calculators.calculators.common.gastro_nutrition_more,abdominal_pain_severity; abdominal_pain_frequency; abdominal_distension; bowel_habit_dissatisfaction; life_interference,unit_tests_and_registry_smoke,external source and formula details represented in registry metadata,,消化、肝胆、内镜与营养,IBS严重度评分,"IBS Severity Scoring System, IBS-SSS",IBS-SSS,https://qxmd.com/calculate/
CALC-0733,implemented,formula logic is linked in Python registry,python_executable,clinical_calculators.calculators.common.questionnaire_and_risk_more,items,unit_tests_and_registry_smoke,external source and formula details represented in registry metadata,,消化、肝胆、内镜与营养,GERD问卷,"GERD Questionnaire, GERD-Q",Jones et al. GerdQ development and validation,https://pubmed.ncbi.nlm.nih.gov/19440290/
CALC-0734,implemented,formula logic is linked in Python registry,python_executable,clinical_calculators.calculators.common.gastro_nutrition_more,colonoscopies_with_at_least_one_adenoma; total_screening_colonoscopies,unit_tests_and_registry_smoke,external source and formula details represented in registry metadata,,消化、肝胆、内镜与营养,腺瘤检出率,"Adenoma Detection Rate, ADR",ASGE/ACG Quality Indicators for Colonoscopy,https://www.asge.org/docs/default-source/education/practice_guidelines/doc-quality-indicators-for-colonoscopy.pdf
CALC-0735,implemented,formula logic is linked in Python registry,python_executable,clinical_calculators.calculators.common.gastro_nutrition_more,right_colon; transverse_colon; left_colon,unit_tests_and_registry_smoke,external source and formula details represented in registry metadata,,消化、肝胆、内镜与营养,波士顿肠道准备量表,"Boston Bowel Preparation Scale, BBPS",Boston Bowel Preparation Scale,https://www.endoscopy-campus.com/en/classifications/boston-bowel-preparation-scale-bbps/
CALC-0736,implemented,formula logic is linked in Python registry,python_executable,clinical_calculators.calculators.common.gastro_nutrition_more,age_years; ggt_u_l; cholesterol_mg_dl; platelets_10e9_l,unit_tests_and_registry_smoke,external source and formula details represented in registry metadata,,消化、肝胆、内镜与营养,Forns肝纤维化指数,Forns Index,Forns Index for liver fibrosis,https://www.aafp.org/pubs/afp/issues/2011/1215/p1353.html
CALC-0737,implemented,formula logic is linked in Python registry,python_executable,clinical_calculators.calculators.common.lab_and_diagnostic_stats_more,ast_u_l; alt_u_l,unit_tests_and_registry_smoke,external source and formula details represented in registry metadata,,消化、肝胆、内镜与营养,AST/ALT比值,AST to ALT Ratio,MDCalc calculator library,https://www.mdcalc.com/
CALC-0738,implemented,formula logic is linked in Python registry,python_executable,clinical_calculators.calculators.common.gastro_nutrition_more,histology_diagnostic; typical_pancreatic_imaging; elevated_igg4; atypical_pancreatic_imaging_after_negative_malignancy_workup; other_organ_involvement; steroid_response_after_negative_malignancy_workup,unit_tests_and_registry_smoke,external source and formula details represented in registry metadata,,消化、肝胆、内镜与营养,HISORt自身免疫性胰腺炎标准,HISORt Criteria,HISORt,https://qxmd.com/calculate/
CALC-0739,implemented,formula logic is linked in Python registry,python_executable,clinical_calculators.calculators.common.gastro_nutrition_more,ecog_performance_status; child_pugh_class; single_tumor; tumor_count; largest_tumor_cm; portal_invasion; extrahepatic_spread,unit_tests_and_registry_smoke,external source and formula details represented in registry metadata,,消化、肝胆、内镜与营养,BCLC肝癌分期,Barcelona Clinic Liver Cancer Staging,Barcelona Clinic Liver Cancer Staging / EASL,https://www.easl.eu/
CALC-0740,implemented,formula logic is linked in Python registry,python_executable,clinical_calculators.calculators.common.renal_endocrine_more,age_years; serum_creatinine_mg_dl; cystatin_c_mg_l; sex,unit_tests_and_registry_smoke,external source and formula details represented in registry metadata,,肾脏、泌尿与男科,CKD-EPI肌酐-胱抑素C联合方程,CKD-EPI Creatinine-Cystatin C Equation,NKF CKD-EPI creatinine-cystatin equation 2021,https://www.kidney.org/professionals/ckd-epi-creatinine-cystatin-equation-2021
CALC-0741,implemented,formula logic is linked in Python registry,python_executable,clinical_calculators.calculators.common.egfr,urine_protein_mg_dl; urine_creatinine_mg_dl,unit_tests_and_registry_smoke,external source and formula details represented in registry metadata,,肾脏、泌尿与男科,蛋白肌酐比换算,Protein-to-Creatinine Ratio Interpretation,KDIGO CKD,https://kdigo.org/guidelines/
CALC-0742,implemented,formula logic is linked in Python registry,python_executable,clinical_calculators.calculators.common.renal_electrolyte_formulas_more,measured_urine_osmolality_mOsm_kg; urine_sodium_mEq_l; urine_potassium_mEq_l; urine_urea_nitrogen_mg_dl; urine_glucose_mg_dl,unit_tests_and_registry_smoke,external source and formula details represented in registry metadata,,肾脏、泌尿与男科,尿渗透压间隙,Urine Osmolal Gap,Urine osmolal gap and urinary ammonium estimation formula,https://www.nature.com/articles/s41598-025-05249-w
CALC-0743,implemented,formula logic is linked in Python registry,python_executable,clinical_calculators.calculators.common.renal_electrolyte_formulas_more,measured_urine_osmolality_mOsm_kg; urine_sodium_mEq_l; urine_potassium_mEq_l; urine_urea_nitrogen_mg_dl; urine_glucose_mg_dl,unit_tests_and_registry_smoke,external source and formula details represented in registry metadata,,肾脏、泌尿与男科,尿铵估算,Estimated Urinary Ammonium,Urine osmolal gap and urinary ammonium estimation formula,https://www.nature.com/articles/s41598-025-05249-w
CALC-0744,implemented,formula logic is linked in Python registry,python_executable,clinical_calculators.calculators.common.renal_endocrine_more,pre_bun_mg_dl; post_bun_mg_dl; dialysis_hours; ultrafiltration_l; post_weight_kg,unit_tests_and_registry_smoke,external source and formula details represented in registry metadata,,肾脏、泌尿与男科,Daugirdas二代Kt/V,Daugirdas Second-Generation Kt/V,Daugirdas second-generation single-pool Kt/V / KDOQI Hemodialysis Adequacy,https://www.kidney.org/professionals/guidelines
CALC-0745,pending_formula_or_rule_implementation,No sufficient formula cue in local metadata; needs targeted source search and source-quality decision.,markdown_or_data_table_until_source_complete,,reliable source and formula-level details,metadata_self_check_only,external source metadata is present but executable formula/rule still requires audit,manual_research_needed,肾脏、泌尿与男科,透析通路感染风险提示,Dialysis Access Infection Risk Support,KDOQI Vascular Access,https://www.kidney.org/professionals/guidelines
CALC-0746,implemented,formula logic is linked in Python registry,python_executable,clinical_calculators.calculators.common.source_backed_batch,has_nausea_or_vomiting; has_hydronephrosis; has_occult_blood_in_urine; history_kidney_stone; sex; age_years; has_pain_reduction_within_6h,source_derived_tests_and_registry_smoke,open prospective validation item table and threshold represented in inventory metadata,,肾脏、泌尿与男科,CHOKAI输尿管结石预测,CHOKAI Score,Evaluation of STONE modified STONE and CHOKAI scores for predicting ureteric stone disease,https://europepmc.org/articles/PMC12818773
CALC-0747,implemented,formula logic is linked in Python registry,python_executable,clinical_calculators.calculators.common.renal_endocrine_more,symptom_scores; bother_scores,unit_tests_and_registry_smoke,external source and formula details represented in registry metadata,,肾脏、泌尿与男科,丹麦前列腺症状评分,DAN-PSS,DAN-PSS / QxMD Calculate,https://qxmd.com/calculate/
CALC-0748,implemented,formula logic is linked in Python registry,python_executable,clinical_calculators.calculators.common.questionnaire_and_risk_more,frequency; amount; life_impact,unit_tests_and_registry_smoke,external source and formula details represented in registry metadata,,肾脏、泌尿与男科,ICIQ尿失禁简表,ICIQ-UI Short Form,ICIQ-UI Short Form official scoring,https://iciq.net/iciq-ui-sf
CALC-0749,pending_formula_or_rule_implementation,"Cancer staging/risk-group entries are structured staging systems or subscription/licensed guideline content; need site-specific TNM/risk tables and version governance, not a simple formula.",markdown_or_data_table_until_source_complete,,versioned staging tables/rules or licensed system details,metadata_self_check_only,external source metadata is present but executable formula/rule still requires audit,staging_or_subscription,肾脏、泌尿与男科,肌层浸润膀胱癌TNM分期,Bladder Cancer TNM Staging,AJCC,https://www.facs.org/quality-programs/cancer-programs/american-joint-committee-on-cancer/
CALC-0750,pending_formula_or_rule_implementation,"Cancer staging/risk-group entries are structured staging systems or subscription/licensed guideline content; need site-specific TNM/risk tables and version governance, not a simple formula.",markdown_or_data_table_until_source_complete,,versioned staging tables/rules or licensed system details,metadata_self_check_only,external source metadata is present but executable formula/rule still requires audit,staging_or_subscription,肾脏、泌尿与男科,肾细胞癌TNM分期,Renal Cell Carcinoma TNM Staging,AJCC,https://www.facs.org/quality-programs/cancer-programs/american-joint-committee-on-cancer/
CALC-0751,implemented,formula logic is linked in Python registry,python_executable,clinical_calculators.calculators.common.questionnaire_and_risk_more,items,unit_tests_and_registry_smoke,external source and formula details represented in registry metadata,,肾脏、泌尿与男科,早泄诊断工具,"Premature Ejaculation Diagnostic Tool, PEDT",Symonds et al. Premature Ejaculation Diagnostic Tool validation,https://pubmed.ncbi.nlm.nih.gov/17482915/
CALC-0752,implemented,formula logic is linked in Python registry,python_executable,clinical_calculators.calculators.common.infection_allergy_more,community_acquisition; prosthetic_valve; cardiac_device; previous_ie; positive_blood_cultures,unit_tests_and_registry_smoke,external source and formula details represented in registry metadata,,感染、抗菌药与旅行医学,PREDICT心内膜炎风险,PREDICT Score for Infective Endocarditis,PREDICT IE,https://qxmd.com/calculate/
CALC-0753,implemented,formula logic is linked in Python registry,python_executable,clinical_calculators.calculators.common.infection_allergy_more,community_or_healthcare_associated_acquisition; severe_sepsis_or_septic_shock; crp_mg_l; high_risk_cardiac_condition; vertebral_osteomyelitis; persistent_bacteremia_48h; intravenous_drug_use; vascular_phenomena; preexisting_native_valve_disease,unit_tests_and_registry_smoke,external source and formula details represented in registry metadata,,感染、抗菌药与旅行医学,VIRSTA金葡菌菌血症心内膜炎风险,VIRSTA Score,VIRSTA,https://www.mdcalc.com/
CALC-0754,implemented,formula logic is linked in Python registry,python_executable,clinical_calculators.calculators.common.pediatric_infectious_more,csf_gram_stain_positive; csf_absolute_neutrophil_count_1000_or_more; csf_protein_80_or_more_mg_dl; peripheral_absolute_neutrophil_count_10000_or_more; seizure_before_or_at_presentation,unit_tests_and_registry_smoke,external source and formula details represented in registry metadata,,感染、抗菌药与旅行医学,脑膜炎细菌性预测评分,Bacterial Meningitis Score,Bacterial Meningitis Score,https://www.mdcalc.com/
CALC-0755,pending_formula_or_rule_implementation,The Hoen probability rule requires exact laboratory units coefficients intercept threshold and validated population constraints.,markdown_or_data_table_until_source_complete,,complete coefficients intercept units thresholds and validation examples,metadata_self_check_only,obtain the original model equation before coding,model_coefficients_needed,感染、抗菌药与旅行医学,Hoen细菌性脑膜炎评分,Hoen Score,Hoen Score,https://qxmd.com/calculate/
CALC-0756,pending_formula_or_rule_implementation,No sufficient formula cue in local metadata; needs targeted source search and source-quality decision.,markdown_or_data_table_until_source_complete,,reliable source and formula-level details,metadata_self_check_only,external source metadata is present but executable formula/rule still requires audit,manual_research_needed,感染、抗菌药与旅行医学,AIDS机会感染风险按CD4分层,Opportunistic Infection Risk by CD4 Count,NIH HIV OI Guidelines,https://clinicalinfo.hiv.gov/
CALC-0757,pending_formula_or_rule_implementation,No sufficient formula cue in local metadata; needs targeted source search and source-quality decision.,markdown_or_data_table_until_source_complete,,reliable source and formula-level details,metadata_self_check_only,external source metadata is present but executable formula/rule still requires audit,manual_research_needed,感染、抗菌药与旅行医学,HCV治疗前肝硬化失代偿风险提示,HCV Cirrhosis Treatment Risk Support,AASLD-IDSA HCV Guidance,https://www.hcvguidelines.org/
CALC-0758,implemented,formula logic is linked in Python registry,python_executable,clinical_calculators.calculators.common.source_backed_batch,age_years; sex; nosocomial; has_radiographic_infiltrates; on_oxygen_therapy; has_gcs_below_15; respiratory_rate_breaths_min; oxygen_saturation_percent; urea_mmol_l; crp_mg_l; lymphocytes_10e9_l,source_derived_tests_official_calculator_crosscheck_and_registry_smoke,original publication supplementary coefficients and spline knots represented in inventory metadata,,感染、抗菌药与旅行医学,ISARIC 4C恶化评分,ISARIC 4C Deterioration Score,Development and validation of the ISARIC 4C Deterioration model for adults hospitalised with COVID-19,https://europepmc.org/articles/PMC7832571
CALC-0759,implemented,formula logic is linked in Python registry,python_executable,clinical_calculators.calculators.common.pediatric_infectious_more,parasitemia_percent; hemoglobin_g_dl; impaired_consciousness; seizures; shock; pulmonary_edema_or_ards; acidosis; acute_kidney_injury; abnormal_bleeding_or_dic; jaundice,unit_tests_and_registry_smoke,external source and formula details represented in registry metadata,,感染、抗菌药与旅行医学,重症疟疾WHO标准,WHO Severe Malaria Criteria,CDC/WHO Severe Malaria Criteria,https://www.who.int/
CALC-0760,implemented,formula logic is linked in Python registry,python_executable,clinical_calculators.calculators.common.pediatric_infectious_more,abdominal_pain_or_tenderness; persistent_vomiting; clinical_fluid_accumulation; mucosal_bleeding; lethargy_or_restlessness; liver_enlargement_gt_2cm; hematocrit_increase_with_rapid_platelet_decrease,unit_tests_and_registry_smoke,external source and formula details represented in registry metadata,,感染、抗菌药与旅行医学,WHO登革热警示征象,WHO Dengue Warning Signs,WHO Dengue Warning Signs,https://www.who.int/
CALC-0761,implemented,formula logic is linked in Python registry,python_executable,clinical_calculators.calculators.common.pediatric_infectious_more,transdermal_bite_or_scratch; mucous_membrane_saliva_contact; lick_on_broken_skin; bat_exposure; nibbling_uncovered_skin; minor_scratch_or_abrasion_without_bleeding; touching_or_feeding_animals; licks_on_intact_skin,unit_tests_and_registry_smoke,external source and formula details represented in registry metadata,,感染、抗菌药与旅行医学,WHO狂犬病暴露分类,WHO Rabies Exposure Category,WHO Rabies Exposure Category,https://www.who.int/
CALC-0762,pending_formula_or_rule_implementation,No sufficient formula cue in local metadata; needs targeted source search and source-quality decision.,markdown_or_data_table_until_source_complete,,reliable source and formula-level details,metadata_self_check_only,external source metadata is present but executable formula/rule still requires audit,manual_research_needed,感染、抗菌药与旅行医学,抗菌药去阶梯化适宜性检查,Antimicrobial De-escalation Checklist,CDC Core Elements,https://www.cdc.gov/antibiotic-use/core-elements/
CALC-0763,pending_formula_or_rule_implementation,No sufficient formula cue in local metadata; needs targeted source search and source-quality decision.,markdown_or_data_table_until_source_complete,,reliable source and formula-level details,metadata_self_check_only,external source metadata is present but executable formula/rule still requires audit,manual_research_needed,感染、抗菌药与旅行医学,NHSN手术部位感染分类,NHSN Surgical Site Infection Classification,CDC NHSN,https://www.cdc.gov/nhsn/
CALC-0764,pending_formula_or_rule_implementation,No sufficient formula cue in local metadata; needs targeted source search and source-quality decision.,markdown_or_data_table_until_source_complete,,reliable source and formula-level details,metadata_self_check_only,external source metadata is present but executable formula/rule still requires audit,manual_research_needed,妇产、儿科与新生儿,QUiPP早产风险,QUiPP Preterm Birth Risk,QUiPP,https://quipp.org/
CALC-0765,implemented,formula logic is linked in Python registry,python_executable,clinical_calculators.calculators.common.source_backed_batch,gestational_age_weeks; has_chest_pain_or_dyspnea; serum_creatinine_umol_l; platelets_10e9_l; ast_u_l; oxygen_saturation_percent,source_derived_equation_cases_boundary_tests_and_registry_smoke,original model and two open external publications reproduce the complete equation and population limits,,妇产、儿科与新生儿,fullPIERS子痫前期风险模型,fullPIERS Model,fullPIERS original equation and external validation,https://pmc.ncbi.nlm.nih.gov/articles/PMC7643272/
CALC-0766,implemented,formula logic is linked in Python registry,python_executable,clinical_calculators.calculators.common.nursing_obstetric_scores,respiratory_rate; oxygen_saturation_percent; temperature_c; pulse_bpm; systolic_bp_mm_hg; diastolic_bp_mm_hg,unit_tests_and_registry_smoke,external source and formula details represented in registry metadata,,妇产、儿科与新生儿,改良产科早期预警评分,"Modified Obstetric Early Warning Score, MEOWS",MEOWS,https://qxmd.com/calculate/
CALC-0767,pending_formula_or_rule_implementation,No sufficient formula cue in local metadata; needs targeted source search and source-quality decision.,markdown_or_data_table_until_source_complete,,reliable source and formula-level details,metadata_self_check_only,external source metadata is present but executable formula/rule still requires audit,manual_research_needed,妇产、儿科与新生儿,肩难产风险提示,Shoulder Dystocia Risk Support,ACOG Shoulder Dystocia,https://www.acog.org/
CALC-0768,pending_formula_or_rule_implementation,No sufficient formula cue in local metadata; needs targeted source search and source-quality decision.,markdown_or_data_table_until_source_complete,,reliable source and formula-level details,metadata_self_check_only,external source metadata is present but executable formula/rule still requires audit,manual_research_needed,妇产、儿科与新生儿,OASIS风险提示,Obstetric Anal Sphincter Injury Risk Support,RCOG OASIS,https://www.rcog.org.uk/
CALC-0769,implemented,formula logic is linked in Python registry,python_executable,clinical_calculators.calculators.common.nursing_obstetric_scores,age_years; afc; amh_ng_ml,unit_tests_and_registry_smoke,external source and formula details represented in registry metadata,,妇产、儿科与新生儿,POSEIDON低预后分类,POSEIDON Criteria,POSEIDON,https://qxmd.com/calculate/
CALC-0770,implemented,formula logic is linked in Python registry,python_executable,clinical_calculators.calculators.common.nursing_obstetric_scores,expansion_grade; inner_cell_mass_grade; trophectoderm_grade,unit_tests_and_registry_smoke,external source and formula details represented in registry metadata,,妇产、儿科与新生儿,Gardner囊胚评分,Gardner Blastocyst Grading,Gardner Grading,https://qxmd.com/calculate/
CALC-0771,pending_formula_or_rule_implementation,CRIB-II requires the complete sex and gestational-age-specific birth-weight table plus temperature and base-excess point boundaries.,markdown_or_data_table_until_source_complete,,complete authoritative CRIB-II reference and point tables with boundary examples,metadata_self_check_only,encode as a noninterpolating multidimensional table after source extraction,reference_tables_needed,妇产、儿科与新生儿,CRIB-II新生儿风险评分,Clinical Risk Index for Babies II,CRIB-II,https://www.mdcalc.com/
CALC-0772,implemented,formula logic is linked in Python registry,python_executable,clinical_calculators.calculators.common.pediatric_neuro_radiation_more,mean_airway_pressure_cm_h2o; fio2,unit_tests_and_registry_smoke,external source and formula details represented in registry metadata,,妇产、儿科与新生儿,新生儿呼吸支持风险指数,Neonatal Respiratory Severity Score,RSS,https://qxmd.com/calculate/
CALC-0773,implemented,formula logic is linked in Python registry,python_executable,clinical_calculators.calculators.common.pediatric_infectious_more,sodium_mEq_l; days_of_illness_at_initial_treatment; ast_u_l; neutrophil_percent; crp_mg_dl; age_months; platelets_10e9_l,unit_tests_and_registry_smoke,external source and formula details represented in registry metadata,,妇产、儿科与新生儿,Kobayashi IVIG无反应评分,Kobayashi Score,Kobayashi Score,https://www.mdcalc.com/
CALC-0774,implemented,formula logic is linked in Python registry,python_executable,clinical_calculators.calculators.common.pediatric_infectious_more,wbc_10e9_l; platelets_10e9_l; crp_mg_dl; hematocrit_percent; albumin_g_dl; age_months; sex,unit_tests_and_registry_smoke,external source and formula details represented in registry metadata,,妇产、儿科与新生儿,Harada冠脉病变风险评分,Harada Score,Harada Score,https://qxmd.com/calculate/
CALC-0775,implemented,formula logic is linked in Python registry,python_executable,clinical_calculators.calculators.common.more_scores_and_ratios,bmi; bmi_95th_percentile,unit_tests_and_registry_smoke,external source and formula details represented in registry metadata,,妇产、儿科与新生儿,儿童肥胖严重度百分比BMI,Percent of the 95th Percentile BMI,CDC Growth Charts,https://www.cdc.gov/growthcharts/
CALC-0776,implemented,formula logic is linked in Python registry,python_executable,clinical_calculators.calculators.common.behavioral_scores,component_points,unit_tests_and_registry_smoke,external source and formula details represented in registry metadata,,神经、精神、老年与行为医学,Young躁狂量表,"Young Mania Rating Scale, YMRS",Young Mania Rating Scale,https://qxmd.com/calculate/
CALC-0777,implemented,formula logic is linked in Python registry,python_executable,clinical_calculators.calculators.common.behavioral_scores,items,unit_tests_and_registry_smoke,external source and formula details represented in registry metadata,,神经、精神、老年与行为医学,蒙哥马利抑郁评定量表,"Montgomery-Asberg Depression Rating Scale, MADRS",Montgomery-Asberg Depression Rating Scale,https://qxmd.com/calculate/
CALC-0778,implemented,formula logic is linked in Python registry,python_executable,clinical_calculators.calculators.common.behavioral_scores,ideation_severity; suicidal_behavior; recent_behavior,unit_tests_and_registry_smoke,external source and formula details represented in registry metadata,,神经、精神、老年与行为医学,哥伦比亚自杀严重度量表,"Columbia-Suicide Severity Rating Scale, C-SSRS",C-SSRS,https://cssrs.columbia.edu/
CALC-0779,implemented,formula logic is linked in Python registry,python_executable,clinical_calculators.calculators.common.behavioral_scores,positive_items; negative_items; general_items,unit_tests_and_registry_smoke,external source and formula details represented in registry metadata,,神经、精神、老年与行为医学,阳性与阴性症状量表,"Positive and Negative Syndrome Scale, PANSS",Positive and Negative Syndrome Scale,https://qxmd.com/calculate/
CALC-0780,implemented,formula logic is linked in Python registry,python_executable,clinical_calculators.calculators.common.behavioral_scores,items,unit_tests_and_registry_smoke,external source and formula details represented in registry metadata,,神经、精神、老年与行为医学,耶鲁布朗强迫量表,"Yale-Brown Obsessive Compulsive Scale, Y-BOCS",Yale-Brown Obsessive Compulsive Scale,https://qxmd.com/calculate/
CALC-0781,pending_formula_or_rule_implementation,No sufficient formula cue in local metadata; needs targeted source search and source-quality decision.,markdown_or_data_table_until_source_complete,,reliable source and formula-level details,metadata_self_check_only,external source metadata is present but executable formula/rule still requires audit,manual_research_needed,神经、精神、老年与行为医学,蒙特利尔认知评估,"Montreal Cognitive Assessment, MoCA",MoCA,https://mocacognition.com/
CALC-0782,implemented,formula logic is linked in Python registry,python_executable,clinical_calculators.calculators.common.behavioral_scores,score,unit_tests_and_registry_smoke,external source and formula details represented in registry metadata,,神经、精神、老年与行为医学,简易精神状态检查,"Mini-Mental State Examination, MMSE",Mini-Mental State Examination scoring references,https://www.mdcalc.com/calc/1728/mini-mental-state-examination-mmse
CALC-0783,implemented,formula logic is linked in Python registry,python_executable,clinical_calculators.calculators.common.neuro_classification_scores,facial_palsy; arm_motor_function; leg_motor_function; head_and_gaze_deviation; cortical_signs,unit_tests_and_registry_smoke,external source and formula details represented in registry metadata,,神经、精神、老年与行为医学,RACE卒中量表,Rapid Arterial Occlusion Evaluation Scale,RACE Scale,https://www.mdcalc.com/
CALC-0784,implemented,formula logic is linked in Python registry,python_executable,clinical_calculators.calculators.common.more_scores_and_ratios,facial_droop; arm_drift; grip_strength,unit_tests_and_registry_smoke,external source and formula details represented in registry metadata,,神经、精神、老年与行为医学,LAMS洛杉矶运动量表,Los Angeles Motor Scale,LAMS,https://www.mdcalc.com/
CALC-0785,implemented,formula logic is linked in Python registry,python_executable,clinical_calculators.calculators.common.function_lifestyle_scores,grade,unit_tests_and_registry_smoke,external source and formula details represented in registry metadata,,神经、精神、老年与行为医学,临床衰弱量表,"Clinical Frailty Scale, CFS",Clinical Frailty Scale,https://www.dal.ca/sites/gmr/our-tools/clinical-frailty-scale.html
CALC-0786,implemented,formula logic is linked in Python registry,python_executable,clinical_calculators.calculators.common.function_lifestyle_scores,score,unit_tests_and_registry_smoke,external source and formula details represented in registry metadata,,神经、精神、老年与行为医学,埃德蒙顿衰弱量表,Edmonton Frail Scale,Edmonton Frail Scale,https://qxmd.com/calculate/
CALC-0787,implemented,formula logic is linked in Python registry,python_executable,clinical_calculators.calculators.common.function_lifestyle_scores,age_years; myocardial_infarction; congestive_heart_failure; peripheral_vascular_disease; cerebrovascular_disease; dementia; chronic_pulmonary_disease; connective_tissue_disease; peptic_ulcer_disease; mild_liver_disease; diabetes_without_end_organ_damage; hemiplegia; moderate_or_severe_renal_disease; diabetes_with_end_organ_damage; localized_solid_tumor; leukemia; lymphoma; moderate_or_severe_liver_disease; metastatic_solid_tumor; aids,unit_tests_and_registry_smoke,external source and formula details represented in registry metadata,,神经、精神、老年与行为医学,Charlson合并症指数,"Charlson Comorbidity Index, CCI",Charlson Comorbidity Index,https://www.mdcalc.com/calc/3917/charlson-comorbidity-index-cci
CALC-0788,pending_formula_or_rule_implementation,No sufficient formula cue in local metadata; needs targeted source search and source-quality decision.,markdown_or_data_table_until_source_complete,,reliable source and formula-level details,metadata_self_check_only,external source metadata is present but executable formula/rule still requires audit,manual_research_needed,肿瘤、放疗与姑息,PREDICT乳腺癌生存获益模型,PREDICT Breast Cancer,PREDICT Breast,https://breast.predict.nhs.uk/
CALC-0789,implemented,formula logic is linked in Python registry,python_executable,clinical_calculators.calculators.common.oncology_function_more,tumor_size_mm; margin_width_mm; pathologic_classification; age_years,unit_tests_and_registry_smoke,external source and formula details represented in registry metadata,,肿瘤、放疗与姑息,Van Nuys DCIS预后指数,Van Nuys Prognostic Index,Van Nuys Prognostic Index,https://qxmd.com/calculate/
CALC-0790,pending_formula_or_rule_implementation,Nomogram requires curve/table digitization or authoritative formula; external source is not enough unless numeric thresholds are available.,markdown_or_data_table_until_source_complete,,digitized nomogram/chart data and validation examples,metadata_self_check_only,external source metadata is present but executable formula/rule still requires audit,chart_digitization_needed,肿瘤、放疗与姑息,MSKCC结肠癌术后复发列线图,MSKCC Colon Cancer Recurrence Nomogram,MSKCC Nomograms,https://www.mskcc.org/nomograms
CALC-0791,pending_formula_or_rule_implementation,"Cancer staging/risk-group entries are structured staging systems or subscription/licensed guideline content; need site-specific TNM/risk tables and version governance, not a simple formula.",markdown_or_data_table_until_source_complete,,versioned staging tables/rules or licensed system details,metadata_self_check_only,external source metadata is present but executable formula/rule still requires audit,staging_or_subscription,肿瘤、放疗与姑息,黑色素瘤AJCC风险分期,Melanoma AJCC Staging,AJCC,https://www.facs.org/quality-programs/cancer-programs/american-joint-committee-on-cancer/
CALC-0792,pending_formula_or_rule_implementation,"Cancer staging/risk-group entries are structured staging systems or subscription/licensed guideline content; need site-specific TNM/risk tables and version governance, not a simple formula.",markdown_or_data_table_until_source_complete,,versioned staging tables/rules or licensed system details,metadata_self_check_only,external source metadata is present but executable formula/rule still requires audit,staging_or_subscription,肿瘤、放疗与姑息,胃癌TNM分期,Gastric Cancer TNM Staging,AJCC,https://www.facs.org/quality-programs/cancer-programs/american-joint-committee-on-cancer/
CALC-0793,pending_formula_or_rule_implementation,"Cancer staging/risk-group entries are structured staging systems or subscription/licensed guideline content; need site-specific TNM/risk tables and version governance, not a simple formula.",markdown_or_data_table_until_source_complete,,versioned staging tables/rules or licensed system details,metadata_self_check_only,external source metadata is present but executable formula/rule still requires audit,staging_or_subscription,肿瘤、放疗与姑息,食管癌TNM分期,Esophageal Cancer TNM Staging,AJCC,https://www.facs.org/quality-programs/cancer-programs/american-joint-committee-on-cancer/
CALC-0794,pending_formula_or_rule_implementation,"Cancer staging/risk-group entries are structured staging systems or subscription/licensed guideline content; need site-specific TNM/risk tables and version governance, not a simple formula.",markdown_or_data_table_until_source_complete,,versioned staging tables/rules or licensed system details,metadata_self_check_only,external source metadata is present but executable formula/rule still requires audit,staging_or_subscription,肿瘤、放疗与姑息,头颈癌TNM分期,Head and Neck Cancer TNM Staging,AJCC,https://www.facs.org/quality-programs/cancer-programs/american-joint-committee-on-cancer/
CALC-0795,pending_formula_or_rule_implementation,RANO combines imaging change steroid exposure clinical status timing pseudoprogression and expert judgement in a versioned oncology pathway.,markdown_or_data_table_until_source_complete,,versioned RANO criteria imaging definitions and expert-curated inputs,metadata_self_check_only,retain as guidance until a complete response-assessment engine is built,guideline_pathway,肿瘤、放疗与姑息,RANO高级别胶质瘤疗效评价,RANO Criteria for High-Grade Glioma,RANO,https://qxmd.com/calculate/
CALC-0796,pending_formula_or_rule_implementation,Lugano combines PET Deauville scoring CT lesions marrow findings new lesions and versioned lymphoma-specific interpretation rather than one equation.,markdown_or_data_table_until_source_complete,,versioned Lugano criteria imaging definitions and expert-curated inputs,metadata_self_check_only,retain as guidance until a complete response-assessment engine is built,guideline_pathway,肿瘤、放疗与姑息,Lugano淋巴瘤疗效评价,Lugano Response Criteria,Lugano Classification,https://qxmd.com/calculate/
CALC-0797,implemented,formula logic is linked in Python registry,python_executable,clinical_calculators.calculators.common.pediatric_neuro_radiation_more,total_dose_gy; dose_per_fraction_gy; alpha_beta_gy,unit_tests_and_registry_smoke,external source and formula details represented in registry metadata,,肿瘤、放疗与姑息,等效2Gy分割剂量,"Equivalent Dose in 2 Gy Fractions, EQD2",EQD2,https://qxmd.com/calculate/
CALC-0798,implemented,formula logic is linked in Python registry,python_executable,clinical_calculators.calculators.common.pediatric_neuro_radiation_more,total_dose_gy; dose_per_fraction_gy; alpha_beta_gy,unit_tests_and_registry_smoke,external source and formula details represented in registry metadata,,肿瘤、放疗与姑息,生物有效剂量,"Biologically Effective Dose, BED",BED,https://qxmd.com/calculate/
CALC-0799,implemented,formula logic is linked in Python registry,python_executable,clinical_calculators.calculators.common.questionnaire_and_risk_more,severity_items; interference_items,unit_tests_and_registry_smoke,external source and formula details represented in registry metadata,,肿瘤、放疗与姑息,简明疼痛量表,"Brief Pain Inventory, BPI",Brief Pain Inventory scoring,https://qxmd.com/calculate/
CALC-0800,implemented,formula logic is linked in Python registry,python_executable,clinical_calculators.calculators.common.heme_rheum_scores,total_score; pediatric,unit_tests_and_registry_smoke,external source and formula details represented in registry metadata,,血液、免疫、风湿与皮肤,ISTH出血评估工具,"ISTH Bleeding Assessment Tool, ISTH-BAT",ISTH-BAT,https://www.isth.org/
CALC-0801,pending_formula_or_rule_implementation,HJHS depends on the complete joint-assessment response definitions and examiner convention; do not reproduce it from an aggregator without a rights-cleared source.,markdown_or_data_table_until_source_complete,,permission-safe coded inputs examiner convention or licensing clearance,metadata_self_check_only,retain controlled metadata until redistribution rights are clear,rights_limited_questionnaire,血液、免疫、风湿与皮肤,血友病关节健康评分,"Hemophilia Joint Health Score, HJHS",HJHS,https://qxmd.com/calculate/
CALC-0802,implemented,formula logic is linked in Python registry,python_executable,clinical_calculators.calculators.common.heme_rheum_scores,anticardiolipin; anti_beta2_glycoprotein_i; lupus_anticoagulant; hyperlipidemia; arterial_hypertension,unit_tests_and_registry_smoke,external source and formula details represented in registry metadata,,血液、免疫、风湿与皮肤,调整后GAPSS抗磷脂综合征风险,"Adjusted Global APS Score, aGAPSS",aGAPSS,https://qxmd.com/calculate/
CALC-0803,implemented,formula logic is linked in Python registry,python_executable,clinical_calculators.calculators.common.heme_rheum_scores,favorable_recurrent_genetic_abnormality; mutated_npm1; flt3_itd; bzip_in_frame_cebpa; t_9_11; adverse_risk_cytogenetics; adverse_risk_gene_mutation,unit_tests_and_registry_smoke,external source and formula details represented in registry metadata,,血液、免疫、风湿与皮肤,ELN急性髓系白血病风险分层,ELN AML Risk Stratification,European LeukemiaNet AML recommendations,https://www.nature.com/articles/s41375-022-01613-1
CALC-0804,pending_formula_or_rule_implementation,No sufficient formula cue in local metadata; needs targeted source search and source-quality decision.,markdown_or_data_table_until_source_complete,,reliable source and formula-level details,metadata_self_check_only,external source metadata is present but executable formula/rule still requires audit,manual_research_needed,血液、免疫、风湿与皮肤,IPSS-M骨髓增生异常综合征,"Molecular International Prognostic Scoring System, IPSS-M",IPSS-M,https://mds-risk-model.com/
CALC-0805,implemented,formula logic is linked in Python registry,python_executable,clinical_calculators.calculators.common.heme_rheum_scores,tender_joint_count_68; swollen_joint_count_66; patient_global_assessment; patient_pain; crp_mg_dl,unit_tests_and_registry_smoke,external source and formula details represented in registry metadata,,血液、免疫、风湿与皮肤,DAPSA银屑病关节炎活动度,"Disease Activity Index for Psoriatic Arthritis, DAPSA",DAPSA formula and activity cutoffs,https://pmc.ncbi.nlm.nih.gov/articles/PMC6242028/
CALC-0806,implemented,formula logic is linked in Python registry,python_executable,clinical_calculators.calculators.common.dermatology_scores,site_scores,unit_tests_and_registry_smoke,external source and formula details represented in registry metadata,,血液、免疫、风湿与皮肤,改良Rodnan皮肤评分,"Modified Rodnan Skin Score, mRSS",Modified Rodnan Skin Score references,https://pmc.ncbi.nlm.nih.gov/articles/PMC1798331/
CALC-0807,pending_formula_or_rule_implementation,MDAAT depends on complete organ-system definitions and clinician severity anchors; do not reproduce it from an aggregator without a rights-cleared source.,markdown_or_data_table_until_source_complete,,permission-safe coded inputs clinician anchors or licensing clearance,metadata_self_check_only,retain controlled metadata until redistribution rights are clear,rights_limited_questionnaire,血液、免疫、风湿与皮肤,肌炎疾病活动评估,"Myositis Disease Activity Assessment Tool, MDAAT",MDAAT,https://qxmd.com/calculate/
CALC-0808,implemented,formula logic is linked in Python registry,python_executable,clinical_calculators.calculators.common.dermatology_scores,asymmetry; border_irregularity; color_variation; diameter_over_6_mm; evolving,unit_tests_and_registry_smoke,external source and formula details represented in registry metadata,,血液、免疫、风湿与皮肤,ABCDE黑色素瘤警示规则,ABCDE Rule for Melanoma,American Academy of Dermatology ABCDEs of melanoma,https://www.aad.org/public/diseases/skin-cancer/find/at-risk/abcdes
CALC-0809,implemented,formula logic is linked in Python registry,python_executable,clinical_calculators.calculators.common.dermatology_scores,forehead; right_cheek; left_cheek; nose; chin; chest_upper_back,unit_tests_and_registry_smoke,external source and formula details represented in registry metadata,,血液、免疫、风湿与皮肤,全球痤疮分级系统,"Global Acne Grading System, GAGS",Global Acne Grading System references,https://pmc.ncbi.nlm.nih.gov/articles/PMC7532287/
CALC-0810,implemented,formula logic is linked in Python registry,python_executable,clinical_calculators.calculators.common.dermatology_scores,grade,unit_tests_and_registry_smoke,external source and formula details represented in registry metadata,,血液、免疫、风湿与皮肤,研究者总体评估玫瑰痤疮,Investigator Global Assessment for Rosacea,IGA Rosacea,https://qxmd.com/calculate/
CALC-0811,implemented,formula logic is linked in Python registry,python_executable,clinical_calculators.calculators.common.respiratory_scores,items,unit_tests_and_registry_smoke,external source and formula details represented in registry metadata,,血液、免疫、风湿与皮肤,过敏性鼻炎控制测试,"Rhinitis Control Assessment Test, RCAT",Rhinitis Control Assessment Test validation references,https://pubmed.ncbi.nlm.nih.gov/23219170/
CALC-0812,pending_formula_or_rule_implementation,No sufficient formula cue in local metadata; needs targeted source search and source-quality decision.,markdown_or_data_table_until_source_complete,,reliable source and formula-level details,metadata_self_check_only,external source metadata is present but executable formula/rule still requires audit,manual_research_needed,影像、实验室、遗传与公共卫生,Fleischner肺结节随访建议,Fleischner Pulmonary Nodule Follow-up,Fleischner Society,https://pubs.rsna.org/
CALC-0813,pending_formula_or_rule_implementation,No sufficient formula cue in local metadata; needs targeted source search and source-quality decision.,markdown_or_data_table_until_source_complete,,reliable source and formula-level details,metadata_self_check_only,external source metadata is present but executable formula/rule still requires audit,manual_research_needed,影像、实验室、遗传与公共卫生,Bosniak肾囊肿分类2019,Bosniak Classification v2019,Bosniak v2019,https://www.acr.org/Clinical-Resources/Reporting-and-Data-Systems
CALC-0814,implemented,formula logic is linked in Python registry,python_executable,clinical_calculators.calculators.common.neuro_classification_scores,visible_intracranial_pathology; cisterns; midline_shift_mm; high_or_mixed_density_lesion_volume_ml; mass_lesion_evacuated,unit_tests_and_registry_smoke,external source and formula details represented in registry metadata,,影像、实验室、遗传与公共卫生,Marshall CT颅脑损伤分类,Marshall CT Classification,Marshall CT traumatic brain injury classification,https://siren.network/wp-content/uploads/2023/11/BCM-TBI-CDEs-CT-Scoring_Schemes-Refresher.pdf
CALC-0815,implemented,formula logic is linked in Python registry,python_executable,clinical_calculators.calculators.common.neuro_classification_scores,basal_cisterns; midline_shift_mm; epidural_mass_lesion_present; intraventricular_or_traumatic_sah,unit_tests_and_registry_smoke,external source and formula details represented in registry metadata,,影像、实验室、遗传与公共卫生,Rotterdam CT评分,Rotterdam CT Score,Rotterdam CT score for traumatic brain injury,https://pacs.de/term/rotterdam-classification-of-traumatic-brain-injury
CALC-0816,implemented,formula logic is linked in Python registry,python_executable,clinical_calculators.calculators.common.lab_and_diagnostic_stats_more,mcv_fl; rbc_10e12_l,unit_tests_and_registry_smoke,external source and formula details represented in registry metadata,,影像、实验室、遗传与公共卫生,Mentzer指数,Mentzer Index,Mentzer Index,https://www.mdcalc.com/
CALC-0817,implemented,formula logic is linked in Python registry,python_executable,clinical_calculators.calculators.common.lab_and_diagnostic_stats_more,stfr_mg_l; ferritin_ng_ml,unit_tests_and_registry_smoke,external source and formula details represented in registry metadata,,影像、实验室、遗传与公共卫生,可溶性转铁蛋白受体指数,Soluble Transferrin Receptor Index,sTfR Index,https://qxmd.com/calculate/
CALC-0818,pending_formula_or_rule_implementation,"Medication/TDM/pharmacogenomic rows require drug-specific label/guideline rules, target ranges, patient context, and versioning; external sources can supply rules but not one universal formula.",markdown_or_data_table_until_source_complete,,"drug-specific dosing/TDM rules, monitoring conditions, and safety constraints",metadata_self_check_only,external source metadata is present but executable formula/rule still requires audit,drug_rule,影像、实验室、遗传与公共卫生,CPIC药物基因型表型解释,CPIC Pharmacogenomic Phenotype Interpreter,CPIC Guidelines,https://cpicpgx.org/guidelines/
CALC-0819,pending_formula_or_rule_implementation,"Cancer staging/risk-group entries are structured staging systems or subscription/licensed guideline content; need site-specific TNM/risk tables and version governance, not a simple formula.",markdown_or_data_table_until_source_complete,,versioned staging tables/rules or licensed system details,metadata_self_check_only,external source metadata is present but executable formula/rule still requires audit,staging_or_subscription,影像、实验室、遗传与公共卫生,NCCN遗传性癌症检测适应证核对,NCCN Hereditary Cancer Testing Criteria Support,NCCN Genetic/Familial High-Risk Assessment,https://www.nccn.org/
CALC-0820,pending_formula_or_rule_implementation,"Public-health screening or vaccine rows are eligibility/interval guidelines; implement as date/risk-factor rules after guideline-specific extraction, not as numeric formulas.",markdown_or_data_table_until_source_complete,,age/risk eligibility logic and versioned recommendation details,metadata_self_check_only,external source metadata is present but executable formula/rule still requires audit,prevention_guideline,影像、实验室、遗传与公共卫生,成人疫苗适应证核对,Adult Immunization Schedule Support,CDC Adult Immunization Schedule,https://www.cdc.gov/vaccines/schedules/
CALC-0821,pending_formula_or_rule_implementation,"Public-health screening or vaccine rows are eligibility/interval guidelines; implement as date/risk-factor rules after guideline-specific extraction, not as numeric formulas.",markdown_or_data_table_until_source_complete,,age/risk eligibility logic and versioned recommendation details,metadata_self_check_only,external source metadata is present but executable formula/rule still requires audit,prevention_guideline,影像、实验室、遗传与公共卫生,USPSTF癌症筛查资格核对,USPSTF Cancer Screening Eligibility Support,USPSTF,https://www.uspreventiveservicestaskforce.org/
CALC-0822,pending_formula_or_rule_implementation,No sufficient formula cue in local metadata; needs targeted source search and source-quality decision.,markdown_or_data_table_until_source_complete,,reliable source and formula-level details,metadata_self_check_only,external source metadata is present but executable formula/rule still requires audit,manual_research_needed,影像、实验室、遗传与公共卫生,生命简单8项心血管健康评分,Life's Essential 8,AHA Life's Essential 8,https://www.heart.org/
CALC-0823,implemented,formula logic is linked in Python registry,python_executable,clinical_calculators.calculators.common.critical_care_scores,component_points,unit_tests_and_registry_smoke,external source and formula details represented in registry metadata,,重症、麻醉、疼痛与姑息,SAPS II简化急性生理评分,"Simplified Acute Physiology Score II, SAPS II",SAPS II,https://www.mdcalc.com/
CALC-0824,pending_formula_or_rule_implementation,SAPS 3 requires complete admission-variable point tables global and regional mortality equations coefficients and calibration version.,markdown_or_data_table_until_source_complete,,complete point tables regional coefficients calibration and validation examples,metadata_self_check_only,obtain and lock a regional model version before coding,model_coefficients_needed,重症、麻醉、疼痛与姑息,SAPS 3简化急性生理评分,"Simplified Acute Physiology Score 3, SAPS 3",SAPS 3,https://qxmd.com/calculate/
CALC-0825,pending_formula_or_rule_implementation,MPM0-III requires complete admission-variable definitions logistic coefficients intercept exclusions and validated model version.,markdown_or_data_table_until_source_complete,,complete coefficients intercept definitions exclusions and validation examples,metadata_self_check_only,obtain the exact model implementation before coding,model_coefficients_needed,重症、麻醉、疼痛与姑息,MPM0-III死亡概率模型,Mortality Probability Model III at ICU Admission,MPM0-III,https://qxmd.com/calculate/
CALC-0826,implemented,formula logic is linked in Python registry,python_executable,clinical_calculators.calculators.common.critical_care_scores,age_years; apache_ii_score; sofa_score; comorbidities; days_from_hospital_to_icu,unit_tests_and_registry_smoke,external source and formula details represented in registry metadata,,重症、麻醉、疼痛与姑息,NUTRIC营养风险评分,NUTRIC Score,NUTRIC Score,https://www.mdcalc.com/
CALC-0827,implemented,formula logic is linked in Python registry,python_executable,clinical_calculators.calculators.common.more_scores_and_ratios,eye; motor; brainstem; respiration,unit_tests_and_registry_smoke,external source and formula details represented in registry metadata,,重症、麻醉、疼痛与姑息,FOUR昏迷评分,Full Outline of UnResponsiveness Score,FOUR Score,https://www.mdcalc.com/
CALC-0828,implemented,formula logic is linked in Python registry,python_executable,clinical_calculators.calculators.common.critical_care_scores,item_scores,unit_tests_and_registry_smoke,external source and formula details represented in registry metadata,,重症、麻醉、疼痛与姑息,ICU谵妄筛查清单,"Intensive Care Delirium Screening Checklist, ICDSC",ICDSC,https://qxmd.com/calculate/
CALC-0829,implemented,formula logic is linked in Python registry,python_executable,clinical_calculators.calculators.common.perioperative_more,look_external_abnormal; evaluate_332_abnormal; mallampati_ge_3; obstruction_present; neck_mobility_limited,unit_tests_and_registry_smoke,external source and formula details represented in registry metadata,,重症、麻醉、疼痛与姑息,LEMON困难气道评估,LEMON Airway Assessment,LEMON-method airway assessment validation,https://pmc.ncbi.nlm.nih.gov/articles/PMC1726680/
CALC-0830,implemented,formula logic is linked in Python registry,python_executable,clinical_calculators.calculators.common.perioperative_more,grade,unit_tests_and_registry_smoke,external source and formula details represented in registry metadata,,重症、麻醉、疼痛与姑息,Cormack-Lehane喉镜分级,Cormack-Lehane Classification,Cormack-Lehane laryngoscopy classification,https://pubmed.ncbi.nlm.nih.gov/6507827/
CALC-0831,implemented,formula logic is linked in Python registry,python_executable,clinical_calculators.calculators.common.misc_formula_more,mac_at_40; age_years; target_mac_fraction,unit_tests_and_registry_smoke,external source and formula details represented in registry metadata,,重症、麻醉、疼痛与姑息,年龄校正MAC,Age-Adjusted Minimum Alveolar Concentration,Age-adjusted MAC,https://qxmd.com/calculate/
CALC-0832,implemented,formula logic is linked in Python registry,python_executable,clinical_calculators.calculators.common.more_scores_and_ratios,t4_amplitude; t1_amplitude,unit_tests_and_registry_smoke,external source and formula details represented in registry metadata,,重症、麻醉、疼痛与姑息,四个成串比值,Train-of-Four Ratio,Merck Manual clinical calculators,https://www.merckmanuals.com/professional/pages-with-widgets/clinical-calculators
CALC-0833,implemented,formula logic is linked in Python registry,python_executable,clinical_calculators.calculators.common.critical_care_scores,item_scores,unit_tests_and_registry_smoke,external source and formula details represented in registry metadata,,重症、麻醉、疼痛与姑息,DN4神经病理性疼痛问卷,"Douleur Neuropathique 4 Questions, DN4","Douleur Neuropathique 4 Questions, DN4 / MDCalc",https://www.mdcalc.com/
CALC-0834,implemented,formula logic is linked in Python registry,python_executable,clinical_calculators.calculators.common.questionnaire_and_risk_more,component_points,unit_tests_and_registry_smoke,external source and formula details represented in registry metadata,,重症、麻醉、疼痛与姑息,LANSS疼痛量表,Leeds Assessment of Neuropathic Symptoms and Signs,LANSS,https://qxmd.com/calculate/
CALC-0835,implemented,formula logic is linked in Python registry,python_executable,clinical_calculators.calculators.common.questionnaire_and_risk_more,items,unit_tests_and_registry_smoke,external source and formula details represented in registry metadata,,重症、麻醉、疼痛与姑息,疼痛灾难化量表,"Pain Catastrophizing Scale, PCS",PCS,https://qxmd.com/calculate/
CALC-0836,implemented,formula logic is linked in Python registry,python_executable,clinical_calculators.calculators.common.questionnaire_and_risk_more,sex,unit_tests_and_registry_smoke,external source and formula details represented in registry metadata,,重症、麻醉、疼痛与姑息,阿片风险工具,"Opioid Risk Tool, ORT",ORT,https://www.mdcalc.com/
CALC-0837,implemented,formula logic is linked in Python registry,python_executable,clinical_calculators.calculators.common.questionnaire_and_risk_more,symptom_scores,unit_tests_and_registry_smoke,external source and formula details represented in registry metadata,,重症、麻醉、疼痛与姑息,Edmonton症状评估系统,"Edmonton Symptom Assessment System, ESAS",ESAS,https://qxmd.com/calculate/
CALC-0838,implemented,formula logic is linked in Python registry,python_executable,clinical_calculators.calculators.common.oncology_function_more,palliative_performance_scale; oral_intake; edema; dyspnea_at_rest; delirium,unit_tests_and_registry_smoke,external source and formula details represented in registry metadata,,重症、麻醉、疼痛与姑息,姑息预后指数,"Palliative Prognostic Index, PPI",PPI,https://www.mdcalc.com/
CALC-0839,pending_formula_or_rule_implementation,AOFAS ankle-hindfoot scoring depends on the society instrument's domain response content and exact weighting; retain metadata until redistribution and input rights are clear.,markdown_or_data_table_until_source_complete,,permission-safe coded inputs or licensing clearance,metadata_self_check_only,do not reproduce instrument content from an aggregator,rights_limited_questionnaire,骨科、运动医学与康复扩展,AOFAS踝-后足评分,AOFAS Ankle-Hindfoot Score,AOFAS,https://qxmd.com/calculate/
CALC-0840,implemented,formula logic is linked in Python registry,python_executable,clinical_calculators.calculators.common.function_lifestyle_scores,adl_items; sports_items,unit_tests_and_registry_smoke,external source and formula details represented in registry metadata,,骨科、运动医学与康复扩展,足踝能力测量,"Foot and Ankle Ability Measure, FAAM",Foot and Ankle Ability Measure,https://qxmd.com/calculate/
CALC-0841,implemented,formula logic is linked in Python registry,python_executable,clinical_calculators.calculators.common.function_lifestyle_scores,grade,unit_tests_and_registry_smoke,external source and formula details represented in registry metadata,,骨科、运动医学与康复扩展,Tegner活动量表,Tegner Activity Scale,Tegner Activity Scale,https://qxmd.com/calculate/
CALC-0842,implemented,formula logic is linked in Python registry,python_executable,clinical_calculators.calculators.common.function_lifestyle_scores,component_points,unit_tests_and_registry_smoke,external source and formula details represented in registry metadata,,骨科、运动医学与康复扩展,Kujala髌股关节评分,Kujala Anterior Knee Pain Scale,Kujala Anterior Knee Pain Scale,https://qxmd.com/calculate/
CALC-0843,implemented,formula logic is linked in Python registry,python_executable,clinical_calculators.calculators.common.function_lifestyle_scores,items,unit_tests_and_registry_smoke,external source and formula details represented in registry metadata,,骨科、运动医学与康复扩展,VISA-A跟腱病评分,"Victorian Institute of Sport Assessment-Achilles, VISA-A",VISA-A,https://qxmd.com/calculate/
CALC-0844,implemented,formula logic is linked in Python registry,python_executable,clinical_calculators.calculators.common.function_lifestyle_scores,items,unit_tests_and_registry_smoke,external source and formula details represented in registry metadata,,骨科、运动医学与康复扩展,VISA-P髌腱病评分,"Victorian Institute of Sport Assessment-Patella, VISA-P",VISA-P,https://qxmd.com/calculate/
CALC-0845,implemented,formula logic is linked in Python registry,python_executable,clinical_calculators.calculators.common.function_lifestyle_scores,items,unit_tests_and_registry_smoke,external source and formula details represented in registry metadata,,骨科、运动医学与康复扩展,QuickDASH上肢功能简表,QuickDASH,QuickDASH scoring,https://dash.iwh.on.ca/scoring
CALC-0846,pending_formula_or_rule_implementation,Can implement scoring from pre-coded item scores if scoring rules are public; should not reproduce protected item text or copyrighted instruments without license.,markdown_or_data_table_until_source_complete,,permission-safe scored inputs or licensing clearance,metadata_self_check_only,external source metadata is present but executable formula/rule still requires audit,rights_limited_questionnaire,骨科、运动医学与康复扩展,WOSI肩关节不稳指数,Western Ontario Shoulder Instability Index,WOSI,https://qxmd.com/calculate/
CALC-0847,implemented,formula logic is linked in Python registry,python_executable,clinical_calculators.calculators.common.function_lifestyle_scores,pain; stiffness; swelling; stair_climbing; running; jumping; squatting; supports; work_activities,unit_tests_and_registry_smoke,external source and formula details represented in registry metadata,,骨科、运动医学与康复扩展,Olerud-Molander踝关节评分,Olerud-Molander Ankle Score,Olerud-Molander Ankle Score,https://qxmd.com/calculate/
CALC-0848,implemented,formula logic is linked in Python registry,python_executable,clinical_calculators.calculators.common.function_lifestyle_scores,morphology; posterior_ligamentous_complex; neurologic_status,unit_tests_and_registry_smoke,external source and formula details represented in registry metadata,,骨科、运动医学与康复扩展,胸腰椎损伤分类与严重度评分,"Thoracolumbar Injury Classification and Severity Score, TLICS",TLICS scoring references,https://radiopaedia.org/articles/thoracolumbar-injury-classification-and-severity-score-tlics-1
CALC-0849,implemented,formula logic is linked in Python registry,python_executable,clinical_calculators.calculators.common.function_lifestyle_scores,location; pain; bone_lesion; alignment; vertebral_body_collapse; posterolateral_involvement,unit_tests_and_registry_smoke,external source and formula details represented in registry metadata,,骨科、运动医学与康复扩展,脊柱不稳定性肿瘤评分,"Spinal Instability Neoplastic Score, SINS",Spinal Instability Neoplastic Score references,https://radiopaedia.org/articles/spinal-instability-neoplastic-score
CALC-0850,implemented,formula logic is linked in Python registry,python_executable,clinical_calculators.calculators.common.function_lifestyle_scores,grade,unit_tests_and_registry_smoke,external source and formula details represented in registry metadata,,骨科、运动医学与康复扩展,功能性步行分级,"Functional Ambulation Category, FAC",Functional Ambulation Category Holden references,https://pubmed.ncbi.nlm.nih.gov/6691052/
CALC-0851,implemented,formula logic is linked in Python registry,python_executable,clinical_calculators.calculators.common.function_lifestyle_scores,seconds,unit_tests_and_registry_smoke,external source and formula details represented in registry metadata,,骨科、运动医学与康复扩展,计时起立行走测试,"Timed Up and Go Test, TUG",CDC STEADI Timed Up and Go assessment,https://www.cdc.gov/steadi/media/pdfs/STEADI-Assessment-TUG-508.pdf
CALC-0852,implemented,formula logic is linked in Python registry,python_executable,clinical_calculators.calculators.common.function_lifestyle_scores,balance_score; gait_score,unit_tests_and_registry_smoke,external source and formula details represented in registry metadata,,骨科、运动医学与康复扩展,Tinetti平衡与步态评估,Tinetti Performance-Oriented Mobility Assessment,Tinetti Balance and Gait POMA scoring form,https://www.leadingagemn.org/assets/docs/Tinetti-Balance-Gait--POMA.pdf
CALC-0853,implemented,formula logic is linked in Python registry,python_executable,clinical_calculators.calculators.common.questionnaire_and_risk_more,item_scores,unit_tests_and_registry_smoke,external source and formula details represented in registry metadata,,眼耳鼻喉、口腔与头颈扩展,VF-14视觉功能指数,"Visual Function Index-14, VF-14",VF-14,https://qxmd.com/calculate/
CALC-0854,implemented,formula logic is linked in Python registry,python_executable,clinical_calculators.calculators.common.datetime_vision_hearing_more,item_scores,unit_tests_and_registry_smoke,external source and formula details represented in registry metadata,,眼耳鼻喉、口腔与头颈扩展,NEI视觉功能问卷25项,"NEI Visual Function Questionnaire-25, NEI VFQ-25",NEI VFQ-25,https://www.nei.nih.gov/
CALC-0855,implemented,formula logic is linked in Python registry,python_executable,clinical_calculators.calculators.common.questionnaire_and_risk_more,frequency_scores; severity_scores,unit_tests_and_registry_smoke,external source and formula details represented in registry metadata,,眼耳鼻喉、口腔与头颈扩展,SPEED干眼问卷,"Standard Patient Evaluation of Eye Dryness, SPEED",SPEED,https://qxmd.com/calculate/
CALC-0856,implemented,formula logic is linked in Python registry,python_executable,clinical_calculators.calculators.common.questionnaire_and_risk_more,severity; frequency,unit_tests_and_registry_smoke,external source and formula details represented in registry metadata,,眼耳鼻喉、口腔与头颈扩展,Jankovic眼睑痉挛评分,Jankovic Rating Scale,Jankovic Rating Scale,https://qxmd.com/calculate/
CALC-0857,implemented,formula logic is linked in Python registry,python_executable,clinical_calculators.calculators.common.datetime_vision_hearing_more,grade,unit_tests_and_registry_smoke,external source and formula details represented in registry metadata,,眼耳鼻喉、口腔与头颈扩展,House-Brackmann面神经分级,House-Brackmann Facial Nerve Grading System,House-Brackmann facial paralysis scale,https://iowaprotocols.medicine.uiowa.edu/protocols/house-brackmann-facial-paralysis-scale
CALC-0858,implemented,formula logic is linked in Python registry,python_executable,clinical_calculators.calculators.common.datetime_vision_hearing_more,friedman_tongue_position; tonsil_size; bmi; significant_craniofacial_or_anatomic_deformity,unit_tests_and_registry_smoke,external source and formula details represented in registry metadata,,眼耳鼻喉、口腔与头颈扩展,Friedman舌位和扁桃体分期,Friedman Staging System,Friedman staging system,https://doi.org/10.1097/00005537-200404000-00013
CALC-0859,implemented,formula logic is linked in Python registry,python_executable,clinical_calculators.calculators.common.datetime_vision_hearing_more,tonsillar_airway_occupation_percent; tonsils_within_fossa,unit_tests_and_registry_smoke,external source and formula details represented in registry metadata,,眼耳鼻喉、口腔与头颈扩展,Brodsky扁桃体大小分级,Brodsky Tonsil Grading Scale,Brodsky tonsil grading scale,https://jamanetwork.com/journals/jamaotolaryngology/fullarticle/495945
CALC-0860,implemented,formula logic is linked in Python registry,python_executable,clinical_calculators.calculators.common.function_lifestyle_scores,surface_scores,unit_tests_and_registry_smoke,external source and formula details represented in registry metadata,,眼耳鼻喉、口腔与头颈扩展,菌斑指数,Plaque Index,Plaque Index,https://www.who.int/
CALC-0861,implemented,formula logic is linked in Python registry,python_executable,clinical_calculators.calculators.common.function_lifestyle_scores,surface_scores,unit_tests_and_registry_smoke,external source and formula details represented in registry metadata,,眼耳鼻喉、口腔与头颈扩展,牙龈指数,Gingival Index,Gingival Index,https://www.who.int/
CALC-0862,pending_formula_or_rule_implementation,No sufficient formula cue in local metadata; needs targeted source search and source-quality decision.,markdown_or_data_table_until_source_complete,,reliable source and formula-level details,metadata_self_check_only,external source metadata is present but executable formula/rule still requires audit,manual_research_needed,眼耳鼻喉、口腔与头颈扩展,牙外伤IADT分类支持,IADT Dental Trauma Classification Support,IADT Guidelines,https://www.iadt-dentaltrauma.org/
CALC-0863,implemented,formula logic is linked in Python registry,python_executable,clinical_calculators.calculators.common.function_lifestyle_scores,items,unit_tests_and_registry_smoke,external source and formula details represented in registry metadata,,公共卫生、职业医学与生活方式,Fagerstrom尼古丁依赖测试,Fagerstrom Test for Nicotine Dependence,Fagerstrom Test,https://qxmd.com/calculate/
CALC-0864,implemented,formula logic is linked in Python registry,python_executable,clinical_calculators.calculators.common.behavioral_scores,item_scores,unit_tests_and_registry_smoke,external source and formula details represented in registry metadata,,公共卫生、职业医学与生活方式,AUDIT酒精使用障碍识别测试,"Alcohol Use Disorders Identification Test, AUDIT",WHO AUDIT,https://www.who.int/
CALC-0865,implemented,formula logic is linked in Python registry,python_executable,clinical_calculators.calculators.common.questionnaire_and_risk_more,items,unit_tests_and_registry_smoke,external source and formula details represented in registry metadata,,公共卫生、职业医学与生活方式,DAST-10药物滥用筛查,Drug Abuse Screening Test-10,DAST-10,https://qxmd.com/calculate/
CALC-0866,implemented,formula logic is linked in Python registry,python_executable,clinical_calculators.calculators.common.function_lifestyle_scores,items,unit_tests_and_registry_smoke,external source and formula details represented in registry metadata,,公共卫生、职业医学与生活方式,压力知觉量表10项,"Perceived Stress Scale-10, PSS-10",PSS-10,https://qxmd.com/calculate/
CALC-0867,pending_formula_or_rule_implementation,Can implement scoring from pre-coded item scores if scoring rules are public; should not reproduce protected item text or copyrighted instruments without license.,markdown_or_data_table_until_source_complete,,permission-safe scored inputs or licensing clearance,metadata_self_check_only,external source metadata is present but executable formula/rule still requires audit,rights_limited_questionnaire,公共卫生、职业医学与生活方式,国际体力活动问卷,"International Physical Activity Questionnaire, IPAQ",IPAQ,https://sites.google.com/view/ipaq/home
CALC-0868,implemented,formula logic is linked in Python registry,python_executable,clinical_calculators.calculators.common.function_lifestyle_scores,sex; waist_cm; hip_cm,unit_tests_and_registry_smoke,external source and formula details represented in registry metadata,,公共卫生、职业医学与生活方式,腰臀比,Waist-to-Hip Ratio,WHO STEPwise approach anthropometric measurements,https://www.who.int/teams/noncommunicable-diseases/surveillance/systems-tools/steps
CALC-0869,implemented,formula logic is linked in Python registry,python_executable,clinical_calculators.calculators.common.function_lifestyle_scores,waist_cm; height_cm,unit_tests_and_registry_smoke,external source and formula details represented in registry metadata,,公共卫生、职业医学与生活方式,腰高比,Waist-to-Height Ratio,NICE obesity guidance: waist-to-height ratio,https://www.nice.org.uk/guidance/cg189/chapter/Recommendations#identifying-and-assessing-overweight-obesity-and-central-adiposity
CALC-0870,implemented,formula logic is linked in Python registry,python_executable,clinical_calculators.calculators.common.lab_and_diagnostic_stats_more,segments,unit_tests_and_registry_smoke,external source and formula details represented in registry metadata,,公共卫生、职业医学与生活方式,噪声剂量和8小时等效声级,Noise Dose and 8-hour Time-Weighted Average,NIOSH Noise,https://www.cdc.gov/niosh/noise/
CALC-0871,pending_formula_or_rule_implementation,"Medication/TDM/pharmacogenomic rows require drug-specific label/guideline rules, target ranges, patient context, and versioning; external sources can supply rules but not one universal formula.",markdown_or_data_table_until_source_complete,,"drug-specific dosing/TDM rules, monitoring conditions, and safety constraints",metadata_self_check_only,external source metadata is present but executable formula/rule still requires audit,drug_rule,公共卫生、职业医学与生活方式,血铅水平解释,Blood Lead Level Interpretation,CDC Lead,https://www.cdc.gov/lead-prevention/
CALC-0872,pending_formula_or_rule_implementation,"Public-health screening or vaccine rows are eligibility/interval guidelines; implement as date/risk-factor rules after guideline-specific extraction, not as numeric formulas.",markdown_or_data_table_until_source_complete,,age/risk eligibility logic and versioned recommendation details,metadata_self_check_only,external source metadata is present but executable formula/rule still requires audit,prevention_guideline,公共卫生、职业医学与生活方式,职业暴露血源病原体风险评估,Occupational Bloodborne Pathogen Exposure Risk Support,CDC Occupational Exposure,https://www.cdc.gov/
CALC-0873,pending_formula_or_rule_implementation,No sufficient formula cue in local metadata; needs targeted source search and source-quality decision.,markdown_or_data_table_until_source_complete,,reliable source and formula-level details,metadata_self_check_only,external source metadata is present but executable formula/rule still requires audit,manual_research_needed,公共卫生、职业医学与生活方式,长途旅行VTE风险提示,Travel-Associated VTE Risk Support,CDC Yellow Book,https://wwwnc.cdc.gov/travel/page/yellowbook-home
CALC-0874,implemented,formula logic is linked in Python registry,python_executable,clinical_calculators.calculators.common.function_lifestyle_scores,items,unit_tests_and_registry_smoke,external source and formula details represented in registry metadata,,公共卫生、职业医学与生活方式,ACE不良童年经历评分,Adverse Childhood Experiences Score,CDC ACEs,https://www.cdc.gov/aces/
CALC-0875,pending_formula_or_rule_implementation,"Cancer staging/risk-group entries are structured staging systems or subscription/licensed guideline content; need site-specific TNM/risk tables and version governance, not a simple formula.",markdown_or_data_table_until_source_complete,,versioned staging tables/rules or licensed system details,metadata_self_check_only,external source metadata is present but executable formula/rule still requires audit,staging_or_subscription,肿瘤分期与专病路径扩展,唇癌AJCC/NCCN分期与风险分层,Lip Cancer AJCC/NCCN Staging and Risk Stratification,AJCC Cancer Staging / NCCN Guidelines,https://www.facs.org/quality-programs/cancer-programs/american-joint-committee-on-cancer/
CALC-0876,pending_formula_or_rule_implementation,"Cancer staging/risk-group entries are structured staging systems or subscription/licensed guideline content; need site-specific TNM/risk tables and version governance, not a simple formula.",markdown_or_data_table_until_source_complete,,versioned staging tables/rules or licensed system details,metadata_self_check_only,external source metadata is present but executable formula/rule still requires audit,staging_or_subscription,肿瘤分期与专病路径扩展,口腔癌AJCC/NCCN分期与风险分层,Oral Cavity Cancer AJCC/NCCN Staging and Risk Stratification,AJCC Cancer Staging / NCCN Guidelines,https://www.facs.org/quality-programs/cancer-programs/american-joint-committee-on-cancer/
CALC-0877,pending_formula_or_rule_implementation,"Cancer staging/risk-group entries are structured staging systems or subscription/licensed guideline content; need site-specific TNM/risk tables and version governance, not a simple formula.",markdown_or_data_table_until_source_complete,,versioned staging tables/rules or licensed system details,metadata_self_check_only,external source metadata is present but executable formula/rule still requires audit,staging_or_subscription,肿瘤分期与专病路径扩展,口咽癌HPV阳性AJCC/NCCN分期与风险分层,HPV-Mediated Oropharyngeal Cancer AJCC/NCCN Staging and Risk Stratification,AJCC Cancer Staging / NCCN Guidelines,https://www.facs.org/quality-programs/cancer-programs/american-joint-committee-on-cancer/
CALC-0878,pending_formula_or_rule_implementation,"Cancer staging/risk-group entries are structured staging systems or subscription/licensed guideline content; need site-specific TNM/risk tables and version governance, not a simple formula.",markdown_or_data_table_until_source_complete,,versioned staging tables/rules or licensed system details,metadata_self_check_only,external source metadata is present but executable formula/rule still requires audit,staging_or_subscription,肿瘤分期与专病路径扩展,口咽癌HPV阴性AJCC/NCCN分期与风险分层,HPV-Negative Oropharyngeal Cancer AJCC/NCCN Staging and Risk Stratification,AJCC Cancer Staging / NCCN Guidelines,https://www.facs.org/quality-programs/cancer-programs/american-joint-committee-on-cancer/
CALC-0879,pending_formula_or_rule_implementation,"Cancer staging/risk-group entries are structured staging systems or subscription/licensed guideline content; need site-specific TNM/risk tables and version governance, not a simple formula.",markdown_or_data_table_until_source_complete,,versioned staging tables/rules or licensed system details,metadata_self_check_only,external source metadata is present but executable formula/rule still requires audit,staging_or_subscription,肿瘤分期与专病路径扩展,鼻咽癌AJCC/NCCN分期与风险分层,Nasopharyngeal Cancer AJCC/NCCN Staging and Risk Stratification,AJCC Cancer Staging / NCCN Guidelines,https://www.facs.org/quality-programs/cancer-programs/american-joint-committee-on-cancer/
CALC-0880,pending_formula_or_rule_implementation,"Cancer staging/risk-group entries are structured staging systems or subscription/licensed guideline content; need site-specific TNM/risk tables and version governance, not a simple formula.",markdown_or_data_table_until_source_complete,,versioned staging tables/rules or licensed system details,metadata_self_check_only,external source metadata is present but executable formula/rule still requires audit,staging_or_subscription,肿瘤分期与专病路径扩展,下咽癌AJCC/NCCN分期与风险分层,Hypopharyngeal Cancer AJCC/NCCN Staging and Risk Stratification,AJCC Cancer Staging / NCCN Guidelines,https://www.facs.org/quality-programs/cancer-programs/american-joint-committee-on-cancer/
CALC-0881,pending_formula_or_rule_implementation,"Cancer staging/risk-group entries are structured staging systems or subscription/licensed guideline content; need site-specific TNM/risk tables and version governance, not a simple formula.",markdown_or_data_table_until_source_complete,,versioned staging tables/rules or licensed system details,metadata_self_check_only,external source metadata is present but executable formula/rule still requires audit,staging_or_subscription,肿瘤分期与专病路径扩展,喉癌AJCC/NCCN分期与风险分层,Laryngeal Cancer AJCC/NCCN Staging and Risk Stratification,AJCC Cancer Staging / NCCN Guidelines,https://www.facs.org/quality-programs/cancer-programs/american-joint-committee-on-cancer/
CALC-0882,pending_formula_or_rule_implementation,"Cancer staging/risk-group entries are structured staging systems or subscription/licensed guideline content; need site-specific TNM/risk tables and version governance, not a simple formula.",markdown_or_data_table_until_source_complete,,versioned staging tables/rules or licensed system details,metadata_self_check_only,external source metadata is present but executable formula/rule still requires audit,staging_or_subscription,肿瘤分期与专病路径扩展,鼻腔和鼻窦癌AJCC/NCCN分期与风险分层,Nasal Cavity and Paranasal Sinus Cancer AJCC/NCCN Staging and Risk Stratification,AJCC Cancer Staging / NCCN Guidelines,https://www.facs.org/quality-programs/cancer-programs/american-joint-committee-on-cancer/
CALC-0883,pending_formula_or_rule_implementation,"Cancer staging/risk-group entries are structured staging systems or subscription/licensed guideline content; need site-specific TNM/risk tables and version governance, not a simple formula.",markdown_or_data_table_until_source_complete,,versioned staging tables/rules or licensed system details,metadata_self_check_only,external source metadata is present but executable formula/rule still requires audit,staging_or_subscription,肿瘤分期与专病路径扩展,唾液腺癌AJCC/NCCN分期与风险分层,Major Salivary Gland Cancer AJCC/NCCN Staging and Risk Stratification,AJCC Cancer Staging / NCCN Guidelines,https://www.facs.org/quality-programs/cancer-programs/american-joint-committee-on-cancer/
CALC-0884,pending_formula_or_rule_implementation,"Cancer staging/risk-group entries are structured staging systems or subscription/licensed guideline content; need site-specific TNM/risk tables and version governance, not a simple formula.",markdown_or_data_table_until_source_complete,,versioned staging tables/rules or licensed system details,metadata_self_check_only,external source metadata is present but executable formula/rule still requires audit,staging_or_subscription,肿瘤分期与专病路径扩展,甲状腺分化癌AJCC/NCCN分期与风险分层,Differentiated Thyroid Cancer AJCC/NCCN Staging and Risk Stratification,AJCC Cancer Staging / NCCN Guidelines,https://www.facs.org/quality-programs/cancer-programs/american-joint-committee-on-cancer/
CALC-0885,pending_formula_or_rule_implementation,"Cancer staging/risk-group entries are structured staging systems or subscription/licensed guideline content; need site-specific TNM/risk tables and version governance, not a simple formula.",markdown_or_data_table_until_source_complete,,versioned staging tables/rules or licensed system details,metadata_self_check_only,external source metadata is present but executable formula/rule still requires audit,staging_or_subscription,肿瘤分期与专病路径扩展,甲状腺髓样癌AJCC/NCCN分期与风险分层,Medullary Thyroid Cancer AJCC/NCCN Staging and Risk Stratification,AJCC Cancer Staging / NCCN Guidelines,https://www.facs.org/quality-programs/cancer-programs/american-joint-committee-on-cancer/
CALC-0886,pending_formula_or_rule_implementation,"Cancer staging/risk-group entries are structured staging systems or subscription/licensed guideline content; need site-specific TNM/risk tables and version governance, not a simple formula.",markdown_or_data_table_until_source_complete,,versioned staging tables/rules or licensed system details,metadata_self_check_only,external source metadata is present but executable formula/rule still requires audit,staging_or_subscription,肿瘤分期与专病路径扩展,甲状腺未分化癌AJCC/NCCN分期与风险分层,Anaplastic Thyroid Cancer AJCC/NCCN Staging and Risk Stratification,AJCC Cancer Staging / NCCN Guidelines,https://www.facs.org/quality-programs/cancer-programs/american-joint-committee-on-cancer/
CALC-0887,pending_formula_or_rule_implementation,"Cancer staging/risk-group entries are structured staging systems or subscription/licensed guideline content; need site-specific TNM/risk tables and version governance, not a simple formula.",markdown_or_data_table_until_source_complete,,versioned staging tables/rules or licensed system details,metadata_self_check_only,external source metadata is present but executable formula/rule still requires audit,staging_or_subscription,肿瘤分期与专病路径扩展,胸腺上皮肿瘤AJCC/NCCN分期与风险分层,Thymic Epithelial Tumor AJCC/NCCN Staging and Risk Stratification,AJCC Cancer Staging / NCCN Guidelines,https://www.facs.org/quality-programs/cancer-programs/american-joint-committee-on-cancer/
CALC-0888,pending_formula_or_rule_implementation,"Cancer staging/risk-group entries are structured staging systems or subscription/licensed guideline content; need site-specific TNM/risk tables and version governance, not a simple formula.",markdown_or_data_table_until_source_complete,,versioned staging tables/rules or licensed system details,metadata_self_check_only,external source metadata is present but executable formula/rule still requires audit,staging_or_subscription,肿瘤分期与专病路径扩展,恶性胸膜间皮瘤AJCC/NCCN分期与风险分层,Malignant Pleural Mesothelioma AJCC/NCCN Staging and Risk Stratification,AJCC Cancer Staging / NCCN Guidelines,https://www.facs.org/quality-programs/cancer-programs/american-joint-committee-on-cancer/
CALC-0889,pending_formula_or_rule_implementation,"Cancer staging/risk-group entries are structured staging systems or subscription/licensed guideline content; need site-specific TNM/risk tables and version governance, not a simple formula.",markdown_or_data_table_until_source_complete,,versioned staging tables/rules or licensed system details,metadata_self_check_only,external source metadata is present but executable formula/rule still requires audit,staging_or_subscription,肿瘤分期与专病路径扩展,小细胞肺癌AJCC/NCCN分期与风险分层,Small Cell Lung Cancer AJCC/NCCN Staging and Risk Stratification,AJCC Cancer Staging / NCCN Guidelines,https://www.facs.org/quality-programs/cancer-programs/american-joint-committee-on-cancer/
CALC-0890,pending_formula_or_rule_implementation,"Cancer staging/risk-group entries are structured staging systems or subscription/licensed guideline content; need site-specific TNM/risk tables and version governance, not a simple formula.",markdown_or_data_table_until_source_complete,,versioned staging tables/rules or licensed system details,metadata_self_check_only,external source metadata is present but executable formula/rule still requires audit,staging_or_subscription,肿瘤分期与专病路径扩展,胃肠道间质瘤AJCC/NCCN分期与风险分层,Gastrointestinal Stromal Tumor AJCC/NCCN Staging and Risk Stratification,AJCC Cancer Staging / NCCN Guidelines,https://www.facs.org/quality-programs/cancer-programs/american-joint-committee-on-cancer/
CALC-0891,pending_formula_or_rule_implementation,"Cancer staging/risk-group entries are structured staging systems or subscription/licensed guideline content; need site-specific TNM/risk tables and version governance, not a simple formula.",markdown_or_data_table_until_source_complete,,versioned staging tables/rules or licensed system details,metadata_self_check_only,external source metadata is present but executable formula/rule still requires audit,staging_or_subscription,肿瘤分期与专病路径扩展,小肠腺癌AJCC/NCCN分期与风险分层,Small Bowel Adenocarcinoma AJCC/NCCN Staging and Risk Stratification,AJCC Cancer Staging / NCCN Guidelines,https://www.facs.org/quality-programs/cancer-programs/american-joint-committee-on-cancer/
CALC-0892,pending_formula_or_rule_implementation,"Cancer staging/risk-group entries are structured staging systems or subscription/licensed guideline content; need site-specific TNM/risk tables and version governance, not a simple formula.",markdown_or_data_table_until_source_complete,,versioned staging tables/rules or licensed system details,metadata_self_check_only,external source metadata is present but executable formula/rule still requires audit,staging_or_subscription,肿瘤分期与专病路径扩展,阑尾癌AJCC/NCCN分期与风险分层,Appendiceal Carcinoma AJCC/NCCN Staging and Risk Stratification,AJCC Cancer Staging / NCCN Guidelines,https://www.facs.org/quality-programs/cancer-programs/american-joint-committee-on-cancer/
CALC-0893,pending_formula_or_rule_implementation,"Cancer staging/risk-group entries are structured staging systems or subscription/licensed guideline content; need site-specific TNM/risk tables and version governance, not a simple formula.",markdown_or_data_table_until_source_complete,,versioned staging tables/rules or licensed system details,metadata_self_check_only,external source metadata is present but executable formula/rule still requires audit,staging_or_subscription,肿瘤分期与专病路径扩展,肛管癌AJCC/NCCN分期与风险分层,Anal Cancer AJCC/NCCN Staging and Risk Stratification,AJCC Cancer Staging / NCCN Guidelines,https://www.facs.org/quality-programs/cancer-programs/american-joint-committee-on-cancer/
CALC-0894,pending_formula_or_rule_implementation,"Cancer staging/risk-group entries are structured staging systems or subscription/licensed guideline content; need site-specific TNM/risk tables and version governance, not a simple formula.",markdown_or_data_table_until_source_complete,,versioned staging tables/rules or licensed system details,metadata_self_check_only,external source metadata is present but executable formula/rule still requires audit,staging_or_subscription,肿瘤分期与专病路径扩展,肝内胆管癌AJCC/NCCN分期与风险分层,Intrahepatic Cholangiocarcinoma AJCC/NCCN Staging and Risk Stratification,AJCC Cancer Staging / NCCN Guidelines,https://www.facs.org/quality-programs/cancer-programs/american-joint-committee-on-cancer/
CALC-0895,pending_formula_or_rule_implementation,"Cancer staging/risk-group entries are structured staging systems or subscription/licensed guideline content; need site-specific TNM/risk tables and version governance, not a simple formula.",markdown_or_data_table_until_source_complete,,versioned staging tables/rules or licensed system details,metadata_self_check_only,external source metadata is present but executable formula/rule still requires audit,staging_or_subscription,肿瘤分期与专病路径扩展,肝门部胆管癌AJCC/NCCN分期与风险分层,Perihilar Cholangiocarcinoma AJCC/NCCN Staging and Risk Stratification,AJCC Cancer Staging / NCCN Guidelines,https://www.facs.org/quality-programs/cancer-programs/american-joint-committee-on-cancer/
CALC-0896,pending_formula_or_rule_implementation,"Cancer staging/risk-group entries are structured staging systems or subscription/licensed guideline content; need site-specific TNM/risk tables and version governance, not a simple formula.",markdown_or_data_table_until_source_complete,,versioned staging tables/rules or licensed system details,metadata_self_check_only,external source metadata is present but executable formula/rule still requires audit,staging_or_subscription,肿瘤分期与专病路径扩展,远端胆管癌AJCC/NCCN分期与风险分层,Distal Bile Duct Cancer AJCC/NCCN Staging and Risk Stratification,AJCC Cancer Staging / NCCN Guidelines,https://www.facs.org/quality-programs/cancer-programs/american-joint-committee-on-cancer/
CALC-0897,pending_formula_or_rule_implementation,"Cancer staging/risk-group entries are structured staging systems or subscription/licensed guideline content; need site-specific TNM/risk tables and version governance, not a simple formula.",markdown_or_data_table_until_source_complete,,versioned staging tables/rules or licensed system details,metadata_self_check_only,external source metadata is present but executable formula/rule still requires audit,staging_or_subscription,肿瘤分期与专病路径扩展,胆囊癌AJCC/NCCN分期与风险分层,Gallbladder Cancer AJCC/NCCN Staging and Risk Stratification,AJCC Cancer Staging / NCCN Guidelines,https://www.facs.org/quality-programs/cancer-programs/american-joint-committee-on-cancer/
CALC-0898,pending_formula_or_rule_implementation,"Cancer staging/risk-group entries are structured staging systems or subscription/licensed guideline content; need site-specific TNM/risk tables and version governance, not a simple formula.",markdown_or_data_table_until_source_complete,,versioned staging tables/rules or licensed system details,metadata_self_check_only,external source metadata is present but executable formula/rule still requires audit,staging_or_subscription,肿瘤分期与专病路径扩展,壶腹癌AJCC/NCCN分期与风险分层,Ampullary Cancer AJCC/NCCN Staging and Risk Stratification,AJCC Cancer Staging / NCCN Guidelines,https://www.facs.org/quality-programs/cancer-programs/american-joint-committee-on-cancer/
CALC-0899,pending_formula_or_rule_implementation,"Cancer staging/risk-group entries are structured staging systems or subscription/licensed guideline content; need site-specific TNM/risk tables and version governance, not a simple formula.",markdown_or_data_table_until_source_complete,,versioned staging tables/rules or licensed system details,metadata_self_check_only,external source metadata is present but executable formula/rule still requires audit,staging_or_subscription,肿瘤分期与专病路径扩展,胰腺癌AJCC/NCCN分期与风险分层,Pancreatic Cancer AJCC/NCCN Staging and Risk Stratification,AJCC Cancer Staging / NCCN Guidelines,https://www.facs.org/quality-programs/cancer-programs/american-joint-committee-on-cancer/
CALC-0900,pending_formula_or_rule_implementation,"Cancer staging/risk-group entries are structured staging systems or subscription/licensed guideline content; need site-specific TNM/risk tables and version governance, not a simple formula.",markdown_or_data_table_until_source_complete,,versioned staging tables/rules or licensed system details,metadata_self_check_only,external source metadata is present but executable formula/rule still requires audit,staging_or_subscription,肿瘤分期与专病路径扩展,胰腺神经内分泌肿瘤AJCC/NCCN分期与风险分层,Pancreatic Neuroendocrine Tumor AJCC/NCCN Staging and Risk Stratification,AJCC Cancer Staging / NCCN Guidelines,https://www.facs.org/quality-programs/cancer-programs/american-joint-committee-on-cancer/
CALC-0901,pending_formula_or_rule_implementation,"Cancer staging/risk-group entries are structured staging systems or subscription/licensed guideline content; need site-specific TNM/risk tables and version governance, not a simple formula.",markdown_or_data_table_until_source_complete,,versioned staging tables/rules or licensed system details,metadata_self_check_only,external source metadata is present but executable formula/rule still requires audit,staging_or_subscription,肿瘤分期与专病路径扩展,胃神经内分泌肿瘤AJCC/NCCN分期与风险分层,Gastric Neuroendocrine Tumor AJCC/NCCN Staging and Risk Stratification,AJCC Cancer Staging / NCCN Guidelines,https://www.facs.org/quality-programs/cancer-programs/american-joint-committee-on-cancer/
CALC-0902,pending_formula_or_rule_implementation,"Cancer staging/risk-group entries are structured staging systems or subscription/licensed guideline content; need site-specific TNM/risk tables and version governance, not a simple formula.",markdown_or_data_table_until_source_complete,,versioned staging tables/rules or licensed system details,metadata_self_check_only,external source metadata is present but executable formula/rule still requires audit,staging_or_subscription,肿瘤分期与专病路径扩展,小肠神经内分泌肿瘤AJCC/NCCN分期与风险分层,Small Intestinal Neuroendocrine Tumor AJCC/NCCN Staging and Risk Stratification,AJCC Cancer Staging / NCCN Guidelines,https://www.facs.org/quality-programs/cancer-programs/american-joint-committee-on-cancer/
CALC-0903,pending_formula_or_rule_implementation,"Cancer staging/risk-group entries are structured staging systems or subscription/licensed guideline content; need site-specific TNM/risk tables and version governance, not a simple formula.",markdown_or_data_table_until_source_complete,,versioned staging tables/rules or licensed system details,metadata_self_check_only,external source metadata is present but executable formula/rule still requires audit,staging_or_subscription,肿瘤分期与专病路径扩展,结直肠神经内分泌肿瘤AJCC/NCCN分期与风险分层,Colorectal Neuroendocrine Tumor AJCC/NCCN Staging and Risk Stratification,AJCC Cancer Staging / NCCN Guidelines,https://www.facs.org/quality-programs/cancer-programs/american-joint-committee-on-cancer/
CALC-0904,pending_formula_or_rule_implementation,"Cancer staging/risk-group entries are structured staging systems or subscription/licensed guideline content; need site-specific TNM/risk tables and version governance, not a simple formula.",markdown_or_data_table_until_source_complete,,versioned staging tables/rules or licensed system details,metadata_self_check_only,external source metadata is present but executable formula/rule still requires audit,staging_or_subscription,肿瘤分期与专病路径扩展,肾盂输尿管癌AJCC/NCCN分期与风险分层,Renal Pelvis and Ureter Cancer AJCC/NCCN Staging and Risk Stratification,AJCC Cancer Staging / NCCN Guidelines,https://www.facs.org/quality-programs/cancer-programs/american-joint-committee-on-cancer/
CALC-0905,pending_formula_or_rule_implementation,"Cancer staging/risk-group entries are structured staging systems or subscription/licensed guideline content; need site-specific TNM/risk tables and version governance, not a simple formula.",markdown_or_data_table_until_source_complete,,versioned staging tables/rules or licensed system details,metadata_self_check_only,external source metadata is present but executable formula/rule still requires audit,staging_or_subscription,肿瘤分期与专病路径扩展,尿道癌AJCC/NCCN分期与风险分层,Urethral Cancer AJCC/NCCN Staging and Risk Stratification,AJCC Cancer Staging / NCCN Guidelines,https://www.facs.org/quality-programs/cancer-programs/american-joint-committee-on-cancer/
CALC-0906,pending_formula_or_rule_implementation,"Cancer staging/risk-group entries are structured staging systems or subscription/licensed guideline content; need site-specific TNM/risk tables and version governance, not a simple formula.",markdown_or_data_table_until_source_complete,,versioned staging tables/rules or licensed system details,metadata_self_check_only,external source metadata is present but executable formula/rule still requires audit,staging_or_subscription,肿瘤分期与专病路径扩展,阴茎癌AJCC/NCCN分期与风险分层,Penile Cancer AJCC/NCCN Staging and Risk Stratification,AJCC Cancer Staging / NCCN Guidelines,https://www.facs.org/quality-programs/cancer-programs/american-joint-committee-on-cancer/
CALC-0907,pending_formula_or_rule_implementation,"Cancer staging/risk-group entries are structured staging systems or subscription/licensed guideline content; need site-specific TNM/risk tables and version governance, not a simple formula.",markdown_or_data_table_until_source_complete,,versioned staging tables/rules or licensed system details,metadata_self_check_only,external source metadata is present but executable formula/rule still requires audit,staging_or_subscription,肿瘤分期与专病路径扩展,睾丸精原细胞瘤AJCC/NCCN分期与风险分层,Seminoma AJCC/NCCN Staging and Risk Stratification,AJCC Cancer Staging / NCCN Guidelines,https://www.facs.org/quality-programs/cancer-programs/american-joint-committee-on-cancer/
CALC-0908,pending_formula_or_rule_implementation,"Cancer staging/risk-group entries are structured staging systems or subscription/licensed guideline content; need site-specific TNM/risk tables and version governance, not a simple formula.",markdown_or_data_table_until_source_complete,,versioned staging tables/rules or licensed system details,metadata_self_check_only,external source metadata is present but executable formula/rule still requires audit,staging_or_subscription,肿瘤分期与专病路径扩展,睾丸非精原细胞瘤AJCC/NCCN分期与风险分层,Nonseminomatous Germ Cell Tumor AJCC/NCCN Staging and Risk Stratification,AJCC Cancer Staging / NCCN Guidelines,https://www.facs.org/quality-programs/cancer-programs/american-joint-committee-on-cancer/
CALC-0909,pending_formula_or_rule_implementation,"Cancer staging/risk-group entries are structured staging systems or subscription/licensed guideline content; need site-specific TNM/risk tables and version governance, not a simple formula.",markdown_or_data_table_until_source_complete,,versioned staging tables/rules or licensed system details,metadata_self_check_only,external source metadata is present but executable formula/rule still requires audit,staging_or_subscription,肿瘤分期与专病路径扩展,阴道癌AJCC/NCCN分期与风险分层,Vaginal Cancer AJCC/NCCN Staging and Risk Stratification,AJCC Cancer Staging / NCCN Guidelines,https://www.facs.org/quality-programs/cancer-programs/american-joint-committee-on-cancer/
CALC-0910,pending_formula_or_rule_implementation,"Cancer staging/risk-group entries are structured staging systems or subscription/licensed guideline content; need site-specific TNM/risk tables and version governance, not a simple formula.",markdown_or_data_table_until_source_complete,,versioned staging tables/rules or licensed system details,metadata_self_check_only,external source metadata is present but executable formula/rule still requires audit,staging_or_subscription,肿瘤分期与专病路径扩展,外阴癌AJCC/NCCN分期与风险分层,Vulvar Cancer AJCC/NCCN Staging and Risk Stratification,AJCC Cancer Staging / NCCN Guidelines,https://www.facs.org/quality-programs/cancer-programs/american-joint-committee-on-cancer/
CALC-0911,pending_formula_or_rule_implementation,"Cancer staging/risk-group entries are structured staging systems or subscription/licensed guideline content; need site-specific TNM/risk tables and version governance, not a simple formula.",markdown_or_data_table_until_source_complete,,versioned staging tables/rules or licensed system details,metadata_self_check_only,external source metadata is present but executable formula/rule still requires audit,staging_or_subscription,肿瘤分期与专病路径扩展,妊娠滋养细胞肿瘤AJCC/NCCN分期与风险分层,Gestational Trophoblastic Neoplasia AJCC/NCCN Staging and Risk Stratification,AJCC Cancer Staging / NCCN Guidelines,https://www.facs.org/quality-programs/cancer-programs/american-joint-committee-on-cancer/
CALC-0912,pending_formula_or_rule_implementation,"Cancer staging/risk-group entries are structured staging systems or subscription/licensed guideline content; need site-specific TNM/risk tables and version governance, not a simple formula.",markdown_or_data_table_until_source_complete,,versioned staging tables/rules or licensed system details,metadata_self_check_only,external source metadata is present but executable formula/rule still requires audit,staging_or_subscription,肿瘤分期与专病路径扩展,子宫肉瘤AJCC/NCCN分期与风险分层,Uterine Sarcoma AJCC/NCCN Staging and Risk Stratification,AJCC Cancer Staging / NCCN Guidelines,https://www.facs.org/quality-programs/cancer-programs/american-joint-committee-on-cancer/
CALC-0913,pending_formula_or_rule_implementation,"Cancer staging/risk-group entries are structured staging systems or subscription/licensed guideline content; need site-specific TNM/risk tables and version governance, not a simple formula.",markdown_or_data_table_until_source_complete,,versioned staging tables/rules or licensed system details,metadata_self_check_only,external source metadata is present but executable formula/rule still requires audit,staging_or_subscription,肿瘤分期与专病路径扩展,葡萄膜黑色素瘤AJCC/NCCN分期与风险分层,Uveal Melanoma AJCC/NCCN Staging and Risk Stratification,AJCC Cancer Staging / NCCN Guidelines,https://www.facs.org/quality-programs/cancer-programs/american-joint-committee-on-cancer/
CALC-0914,pending_formula_or_rule_implementation,"Cancer staging/risk-group entries are structured staging systems or subscription/licensed guideline content; need site-specific TNM/risk tables and version governance, not a simple formula.",markdown_or_data_table_until_source_complete,,versioned staging tables/rules or licensed system details,metadata_self_check_only,external source metadata is present but executable formula/rule still requires audit,staging_or_subscription,肿瘤分期与专病路径扩展,视网膜母细胞瘤AJCC/NCCN分期与风险分层,Retinoblastoma AJCC/NCCN Staging and Risk Stratification,AJCC Cancer Staging / NCCN Guidelines,https://www.facs.org/quality-programs/cancer-programs/american-joint-committee-on-cancer/
CALC-0915,pending_formula_or_rule_implementation,"Cancer staging/risk-group entries are structured staging systems or subscription/licensed guideline content; need site-specific TNM/risk tables and version governance, not a simple formula.",markdown_or_data_table_until_source_complete,,versioned staging tables/rules or licensed system details,metadata_self_check_only,external source metadata is present but executable formula/rule still requires audit,staging_or_subscription,肿瘤分期与专病路径扩展,Merkel细胞癌AJCC/NCCN分期与风险分层,Merkel Cell Carcinoma AJCC/NCCN Staging and Risk Stratification,AJCC Cancer Staging / NCCN Guidelines,https://www.facs.org/quality-programs/cancer-programs/american-joint-committee-on-cancer/
CALC-0916,pending_formula_or_rule_implementation,"Cancer staging/risk-group entries are structured staging systems or subscription/licensed guideline content; need site-specific TNM/risk tables and version governance, not a simple formula.",markdown_or_data_table_until_source_complete,,versioned staging tables/rules or licensed system details,metadata_self_check_only,external source metadata is present but executable formula/rule still requires audit,staging_or_subscription,肿瘤分期与专病路径扩展,皮肤鳞状细胞癌AJCC/NCCN分期与风险分层,Cutaneous Squamous Cell Carcinoma AJCC/NCCN Staging and Risk Stratification,AJCC Cancer Staging / NCCN Guidelines,https://www.facs.org/quality-programs/cancer-programs/american-joint-committee-on-cancer/
CALC-0917,pending_formula_or_rule_implementation,"Cancer staging/risk-group entries are structured staging systems or subscription/licensed guideline content; need site-specific TNM/risk tables and version governance, not a simple formula.",markdown_or_data_table_until_source_complete,,versioned staging tables/rules or licensed system details,metadata_self_check_only,external source metadata is present but executable formula/rule still requires audit,staging_or_subscription,肿瘤分期与专病路径扩展,基底细胞癌AJCC/NCCN分期与风险分层,Basal Cell Carcinoma AJCC/NCCN Staging and Risk Stratification,AJCC Cancer Staging / NCCN Guidelines,https://www.facs.org/quality-programs/cancer-programs/american-joint-committee-on-cancer/
CALC-0918,pending_formula_or_rule_implementation,"Cancer staging/risk-group entries are structured staging systems or subscription/licensed guideline content; need site-specific TNM/risk tables and version governance, not a simple formula.",markdown_or_data_table_until_source_complete,,versioned staging tables/rules or licensed system details,metadata_self_check_only,external source metadata is present but executable formula/rule still requires audit,staging_or_subscription,肿瘤分期与专病路径扩展,软组织肉瘤AJCC/NCCN分期与风险分层,Soft Tissue Sarcoma AJCC/NCCN Staging and Risk Stratification,AJCC Cancer Staging / NCCN Guidelines,https://www.facs.org/quality-programs/cancer-programs/american-joint-committee-on-cancer/
CALC-0919,pending_formula_or_rule_implementation,"Cancer staging/risk-group entries are structured staging systems or subscription/licensed guideline content; need site-specific TNM/risk tables and version governance, not a simple formula.",markdown_or_data_table_until_source_complete,,versioned staging tables/rules or licensed system details,metadata_self_check_only,external source metadata is present but executable formula/rule still requires audit,staging_or_subscription,肿瘤分期与专病路径扩展,腹膜后肉瘤AJCC/NCCN分期与风险分层,Retroperitoneal Sarcoma AJCC/NCCN Staging and Risk Stratification,AJCC Cancer Staging / NCCN Guidelines,https://www.facs.org/quality-programs/cancer-programs/american-joint-committee-on-cancer/
CALC-0920,pending_formula_or_rule_implementation,"Cancer staging/risk-group entries are structured staging systems or subscription/licensed guideline content; need site-specific TNM/risk tables and version governance, not a simple formula.",markdown_or_data_table_until_source_complete,,versioned staging tables/rules or licensed system details,metadata_self_check_only,external source metadata is present but executable formula/rule still requires audit,staging_or_subscription,肿瘤分期与专病路径扩展,骨肉瘤AJCC/NCCN分期与风险分层,Osteosarcoma AJCC/NCCN Staging and Risk Stratification,AJCC Cancer Staging / NCCN Guidelines,https://www.facs.org/quality-programs/cancer-programs/american-joint-committee-on-cancer/
CALC-0921,pending_formula_or_rule_implementation,"Cancer staging/risk-group entries are structured staging systems or subscription/licensed guideline content; need site-specific TNM/risk tables and version governance, not a simple formula.",markdown_or_data_table_until_source_complete,,versioned staging tables/rules or licensed system details,metadata_self_check_only,external source metadata is present but executable formula/rule still requires audit,staging_or_subscription,肿瘤分期与专病路径扩展,尤文肉瘤AJCC/NCCN分期与风险分层,Ewing Sarcoma AJCC/NCCN Staging and Risk Stratification,AJCC Cancer Staging / NCCN Guidelines,https://www.facs.org/quality-programs/cancer-programs/american-joint-committee-on-cancer/
CALC-0922,pending_formula_or_rule_implementation,"Cancer staging/risk-group entries are structured staging systems or subscription/licensed guideline content; need site-specific TNM/risk tables and version governance, not a simple formula.",markdown_or_data_table_until_source_complete,,versioned staging tables/rules or licensed system details,metadata_self_check_only,external source metadata is present but executable formula/rule still requires audit,staging_or_subscription,肿瘤分期与专病路径扩展,软骨肉瘤AJCC/NCCN分期与风险分层,Chondrosarcoma AJCC/NCCN Staging and Risk Stratification,AJCC Cancer Staging / NCCN Guidelines,https://www.facs.org/quality-programs/cancer-programs/american-joint-committee-on-cancer/
CALC-0923,pending_formula_or_rule_implementation,"Cancer staging/risk-group entries are structured staging systems or subscription/licensed guideline content; need site-specific TNM/risk tables and version governance, not a simple formula.",markdown_or_data_table_until_source_complete,,versioned staging tables/rules or licensed system details,metadata_self_check_only,external source metadata is present but executable formula/rule still requires audit,staging_or_subscription,肿瘤分期与专病路径扩展,中枢神经系统肿瘤AJCC/NCCN分期与风险分层,Central Nervous System Tumor AJCC/NCCN Staging and Risk Stratification,AJCC Cancer Staging / NCCN Guidelines,https://www.facs.org/quality-programs/cancer-programs/american-joint-committee-on-cancer/
CALC-0924,pending_formula_or_rule_implementation,"Cancer staging/risk-group entries are structured staging systems or subscription/licensed guideline content; need site-specific TNM/risk tables and version governance, not a simple formula.",markdown_or_data_table_until_source_complete,,versioned staging tables/rules or licensed system details,metadata_self_check_only,external source metadata is present but executable formula/rule still requires audit,staging_or_subscription,肿瘤分期与专病路径扩展,成人低级别胶质瘤AJCC/NCCN分期与风险分层,Adult Low-Grade Glioma AJCC/NCCN Staging and Risk Stratification,AJCC Cancer Staging / NCCN Guidelines,https://www.facs.org/quality-programs/cancer-programs/american-joint-committee-on-cancer/
CALC-0925,pending_formula_or_rule_implementation,"Cancer staging/risk-group entries are structured staging systems or subscription/licensed guideline content; need site-specific TNM/risk tables and version governance, not a simple formula.",markdown_or_data_table_until_source_complete,,versioned staging tables/rules or licensed system details,metadata_self_check_only,external source metadata is present but executable formula/rule still requires audit,staging_or_subscription,肿瘤分期与专病路径扩展,胶质母细胞瘤AJCC/NCCN分期与风险分层,Glioblastoma AJCC/NCCN Staging and Risk Stratification,AJCC Cancer Staging / NCCN Guidelines,https://www.facs.org/quality-programs/cancer-programs/american-joint-committee-on-cancer/
CALC-0926,pending_formula_or_rule_implementation,"Cancer staging/risk-group entries are structured staging systems or subscription/licensed guideline content; need site-specific TNM/risk tables and version governance, not a simple formula.",markdown_or_data_table_until_source_complete,,versioned staging tables/rules or licensed system details,metadata_self_check_only,external source metadata is present but executable formula/rule still requires audit,staging_or_subscription,肿瘤分期与专病路径扩展,脑膜瘤AJCC/NCCN分期与风险分层,Meningioma AJCC/NCCN Staging and Risk Stratification,AJCC Cancer Staging / NCCN Guidelines,https://www.facs.org/quality-programs/cancer-programs/american-joint-committee-on-cancer/
CALC-0927,pending_formula_or_rule_implementation,"Cancer staging/risk-group entries are structured staging systems or subscription/licensed guideline content; need site-specific TNM/risk tables and version governance, not a simple formula.",markdown_or_data_table_until_source_complete,,versioned staging tables/rules or licensed system details,metadata_self_check_only,external source metadata is present but executable formula/rule still requires audit,staging_or_subscription,肿瘤分期与专病路径扩展,垂体神经内分泌肿瘤AJCC/NCCN分期与风险分层,Pituitary Neuroendocrine Tumor AJCC/NCCN Staging and Risk Stratification,AJCC Cancer Staging / NCCN Guidelines,https://www.facs.org/quality-programs/cancer-programs/american-joint-committee-on-cancer/
CALC-0928,pending_formula_or_rule_implementation,"Cancer staging/risk-group entries are structured staging systems or subscription/licensed guideline content; need site-specific TNM/risk tables and version governance, not a simple formula.",markdown_or_data_table_until_source_complete,,versioned staging tables/rules or licensed system details,metadata_self_check_only,external source metadata is present but executable formula/rule still requires audit,staging_or_subscription,肿瘤分期与专病路径扩展,霍奇金淋巴瘤AJCC/NCCN分期与风险分层,Hodgkin Lymphoma AJCC/NCCN Staging and Risk Stratification,AJCC Cancer Staging / NCCN Guidelines,https://www.facs.org/quality-programs/cancer-programs/american-joint-committee-on-cancer/
CALC-0929,pending_formula_or_rule_implementation,"Cancer staging/risk-group entries are structured staging systems or subscription/licensed guideline content; need site-specific TNM/risk tables and version governance, not a simple formula.",markdown_or_data_table_until_source_complete,,versioned staging tables/rules or licensed system details,metadata_self_check_only,external source metadata is present but executable formula/rule still requires audit,staging_or_subscription,肿瘤分期与专病路径扩展,弥漫大B细胞淋巴瘤AJCC/NCCN分期与风险分层,Diffuse Large B-Cell Lymphoma AJCC/NCCN Staging and Risk Stratification,AJCC Cancer Staging / NCCN Guidelines,https://www.facs.org/quality-programs/cancer-programs/american-joint-committee-on-cancer/
CALC-0930,pending_formula_or_rule_implementation,"Cancer staging/risk-group entries are structured staging systems or subscription/licensed guideline content; need site-specific TNM/risk tables and version governance, not a simple formula.",markdown_or_data_table_until_source_complete,,versioned staging tables/rules or licensed system details,metadata_self_check_only,external source metadata is present but executable formula/rule still requires audit,staging_or_subscription,肿瘤分期与专病路径扩展,套细胞淋巴瘤AJCC/NCCN分期与风险分层,Mantle Cell Lymphoma AJCC/NCCN Staging and Risk Stratification,AJCC Cancer Staging / NCCN Guidelines,https://www.facs.org/quality-programs/cancer-programs/american-joint-committee-on-cancer/
CALC-0931,pending_formula_or_rule_implementation,"Cancer staging/risk-group entries are structured staging systems or subscription/licensed guideline content; need site-specific TNM/risk tables and version governance, not a simple formula.",markdown_or_data_table_until_source_complete,,versioned staging tables/rules or licensed system details,metadata_self_check_only,external source metadata is present but executable formula/rule still requires audit,staging_or_subscription,肿瘤分期与专病路径扩展,边缘区淋巴瘤AJCC/NCCN分期与风险分层,Marginal Zone Lymphoma AJCC/NCCN Staging and Risk Stratification,AJCC Cancer Staging / NCCN Guidelines,https://www.facs.org/quality-programs/cancer-programs/american-joint-committee-on-cancer/
CALC-0932,pending_formula_or_rule_implementation,"Cancer staging/risk-group entries are structured staging systems or subscription/licensed guideline content; need site-specific TNM/risk tables and version governance, not a simple formula.",markdown_or_data_table_until_source_complete,,versioned staging tables/rules or licensed system details,metadata_self_check_only,external source metadata is present but executable formula/rule still requires audit,staging_or_subscription,肿瘤分期与专病路径扩展,外周T细胞淋巴瘤AJCC/NCCN分期与风险分层,Peripheral T-Cell Lymphoma AJCC/NCCN Staging and Risk Stratification,AJCC Cancer Staging / NCCN Guidelines,https://www.facs.org/quality-programs/cancer-programs/american-joint-committee-on-cancer/
CALC-0933,pending_formula_or_rule_implementation,"Cancer staging/risk-group entries are structured staging systems or subscription/licensed guideline content; need site-specific TNM/risk tables and version governance, not a simple formula.",markdown_or_data_table_until_source_complete,,versioned staging tables/rules or licensed system details,metadata_self_check_only,external source metadata is present but executable formula/rule still requires audit,staging_or_subscription,肿瘤分期与专病路径扩展,皮肤T细胞淋巴瘤AJCC/NCCN分期与风险分层,Cutaneous T-Cell Lymphoma AJCC/NCCN Staging and Risk Stratification,AJCC Cancer Staging / NCCN Guidelines,https://www.facs.org/quality-programs/cancer-programs/american-joint-committee-on-cancer/
CALC-0934,pending_formula_or_rule_implementation,"Cancer staging/risk-group entries are structured staging systems or subscription/licensed guideline content; need site-specific TNM/risk tables and version governance, not a simple formula.",markdown_or_data_table_until_source_complete,,versioned staging tables/rules or licensed system details,metadata_self_check_only,external source metadata is present but executable formula/rule still requires audit,staging_or_subscription,肿瘤分期与专病路径扩展,华氏巨球蛋白血症AJCC/NCCN分期与风险分层,Waldenstrom Macroglobulinemia AJCC/NCCN Staging and Risk Stratification,AJCC Cancer Staging / NCCN Guidelines,https://www.facs.org/quality-programs/cancer-programs/american-joint-committee-on-cancer/
CALC-0935,pending_formula_or_rule_implementation,"Cancer staging/risk-group entries are structured staging systems or subscription/licensed guideline content; need site-specific TNM/risk tables and version governance, not a simple formula.",markdown_or_data_table_until_source_complete,,versioned staging tables/rules or licensed system details,metadata_self_check_only,external source metadata is present but executable formula/rule still requires audit,staging_or_subscription,肿瘤分期与专病路径扩展,慢性髓性白血病AJCC/NCCN分期与风险分层,Chronic Myeloid Leukemia AJCC/NCCN Staging and Risk Stratification,AJCC Cancer Staging / NCCN Guidelines,https://www.facs.org/quality-programs/cancer-programs/american-joint-committee-on-cancer/
CALC-0936,pending_formula_or_rule_implementation,"Cancer staging/risk-group entries are structured staging systems or subscription/licensed guideline content; need site-specific TNM/risk tables and version governance, not a simple formula.",markdown_or_data_table_until_source_complete,,versioned staging tables/rules or licensed system details,metadata_self_check_only,external source metadata is present but executable formula/rule still requires audit,staging_or_subscription,肿瘤分期与专病路径扩展,急性淋巴细胞白血病AJCC/NCCN分期与风险分层,Acute Lymphoblastic Leukemia AJCC/NCCN Staging and Risk Stratification,AJCC Cancer Staging / NCCN Guidelines,https://www.facs.org/quality-programs/cancer-programs/american-joint-committee-on-cancer/
CALC-0937,pending_formula_or_rule_implementation,"Cancer staging/risk-group entries are structured staging systems or subscription/licensed guideline content; need site-specific TNM/risk tables and version governance, not a simple formula.",markdown_or_data_table_until_source_complete,,versioned staging tables/rules or licensed system details,metadata_self_check_only,external source metadata is present but executable formula/rule still requires audit,staging_or_subscription,肿瘤分期与专病路径扩展,慢性淋巴细胞白血病AJCC/NCCN分期与风险分层,Chronic Lymphocytic Leukemia AJCC/NCCN Staging and Risk Stratification,AJCC Cancer Staging / NCCN Guidelines,https://www.facs.org/quality-programs/cancer-programs/american-joint-committee-on-cancer/
CALC-0938,pending_formula_or_rule_implementation,"Cancer staging/risk-group entries are structured staging systems or subscription/licensed guideline content; need site-specific TNM/risk tables and version governance, not a simple formula.",markdown_or_data_table_until_source_complete,,versioned staging tables/rules or licensed system details,metadata_self_check_only,external source metadata is present but executable formula/rule still requires audit,staging_or_subscription,肿瘤分期与专病路径扩展,多发性骨髓瘤AJCC/NCCN分期与风险分层,Multiple Myeloma AJCC/NCCN Staging and Risk Stratification,AJCC Cancer Staging / NCCN Guidelines,https://www.facs.org/quality-programs/cancer-programs/american-joint-committee-on-cancer/
CALC-0939,pending_formula_or_rule_implementation,"Cancer staging/risk-group entries are structured staging systems or subscription/licensed guideline content; need site-specific TNM/risk tables and version governance, not a simple formula.",markdown_or_data_table_until_source_complete,,versioned staging tables/rules or licensed system details,metadata_self_check_only,external source metadata is present but executable formula/rule still requires audit,staging_or_subscription,肿瘤分期与专病路径扩展,原发性中枢神经系统淋巴瘤AJCC/NCCN分期与风险分层,Primary CNS Lymphoma AJCC/NCCN Staging and Risk Stratification,AJCC Cancer Staging / NCCN Guidelines,https://www.facs.org/quality-programs/cancer-programs/american-joint-committee-on-cancer/
CALC-0940,pending_formula_or_rule_implementation,"Cancer staging/risk-group entries are structured staging systems or subscription/licensed guideline content; need site-specific TNM/risk tables and version governance, not a simple formula.",markdown_or_data_table_until_source_complete,,versioned staging tables/rules or licensed system details,metadata_self_check_only,external source metadata is present but executable formula/rule still requires audit,staging_or_subscription,肿瘤分期与专病路径扩展,儿童神经母细胞瘤AJCC/NCCN分期与风险分层,Neuroblastoma AJCC/NCCN Staging and Risk Stratification,AJCC Cancer Staging / NCCN Guidelines,https://www.facs.org/quality-programs/cancer-programs/american-joint-committee-on-cancer/
CALC-0941,pending_formula_or_rule_implementation,"Cancer staging/risk-group entries are structured staging systems or subscription/licensed guideline content; need site-specific TNM/risk tables and version governance, not a simple formula.",markdown_or_data_table_until_source_complete,,versioned staging tables/rules or licensed system details,metadata_self_check_only,external source metadata is present but executable formula/rule still requires audit,staging_or_subscription,肿瘤分期与专病路径扩展,Wilms肿瘤AJCC/NCCN分期与风险分层,Wilms Tumor AJCC/NCCN Staging and Risk Stratification,AJCC Cancer Staging / NCCN Guidelines,https://www.facs.org/quality-programs/cancer-programs/american-joint-committee-on-cancer/
CALC-0942,pending_formula_or_rule_implementation,"Cancer staging/risk-group entries are structured staging systems or subscription/licensed guideline content; need site-specific TNM/risk tables and version governance, not a simple formula.",markdown_or_data_table_until_source_complete,,versioned staging tables/rules or licensed system details,metadata_self_check_only,external source metadata is present but executable formula/rule still requires audit,staging_or_subscription,肿瘤分期与专病路径扩展,儿童横纹肌肉瘤AJCC/NCCN分期与风险分层,Rhabdomyosarcoma AJCC/NCCN Staging and Risk Stratification,AJCC Cancer Staging / NCCN Guidelines,https://www.facs.org/quality-programs/cancer-programs/american-joint-committee-on-cancer/
CALC-0943,pending_formula_or_rule_implementation,"Cancer staging/risk-group entries are structured staging systems or subscription/licensed guideline content; need site-specific TNM/risk tables and version governance, not a simple formula.",markdown_or_data_table_until_source_complete,,versioned staging tables/rules or licensed system details,metadata_self_check_only,external source metadata is present but executable formula/rule still requires audit,staging_or_subscription,肿瘤分期与专病路径扩展,儿童肝母细胞瘤AJCC/NCCN分期与风险分层,Hepatoblastoma AJCC/NCCN Staging and Risk Stratification,AJCC Cancer Staging / NCCN Guidelines,https://www.facs.org/quality-programs/cancer-programs/american-joint-committee-on-cancer/
CALC-0944,pending_formula_or_rule_implementation,"ACR imaging appropriateness/incidental-finding entries are rating-table or pathway rules, not single equations; implement as guideline rule tables only after extracting scenario-specific tables from ACR narrative/rating PDFs.",markdown_or_data_table_until_source_complete,,structured pathway logic and versioned guideline rules,metadata_self_check_only,external source metadata is present but executable formula/rule still requires audit,guideline_pathway,影像适宜性与检查路径扩展,ACR 急性头痛影像适宜性评分,ACR Appropriateness Criteria for 急性头痛,ACR Appropriateness Criteria,https://www.acr.org/Clinical-Resources/ACR-Appropriateness-Criteria
CALC-0945,pending_formula_or_rule_implementation,"ACR imaging appropriateness/incidental-finding entries are rating-table or pathway rules, not single equations; implement as guideline rule tables only after extracting scenario-specific tables from ACR narrative/rating PDFs.",markdown_or_data_table_until_source_complete,,structured pathway logic and versioned guideline rules,metadata_self_check_only,external source metadata is present but executable formula/rule still requires audit,guideline_pathway,影像适宜性与检查路径扩展,ACR 慢性头痛影像适宜性评分,ACR Appropriateness Criteria for 慢性头痛,ACR Appropriateness Criteria,https://www.acr.org/Clinical-Resources/ACR-Appropriateness-Criteria
CALC-0946,pending_formula_or_rule_implementation,"ACR imaging appropriateness/incidental-finding entries are rating-table or pathway rules, not single equations; implement as guideline rule tables only after extracting scenario-specific tables from ACR narrative/rating PDFs.",markdown_or_data_table_until_source_complete,,structured pathway logic and versioned guideline rules,metadata_self_check_only,external source metadata is present but executable formula/rule still requires audit,guideline_pathway,影像适宜性与检查路径扩展,ACR 头部外伤影像适宜性评分,ACR Appropriateness Criteria for 头部外伤,ACR Appropriateness Criteria,https://www.acr.org/Clinical-Resources/ACR-Appropriateness-Criteria
CALC-0947,pending_formula_or_rule_implementation,"ACR imaging appropriateness/incidental-finding entries are rating-table or pathway rules, not single equations; implement as guideline rule tables only after extracting scenario-specific tables from ACR narrative/rating PDFs.",markdown_or_data_table_until_source_complete,,structured pathway logic and versioned guideline rules,metadata_self_check_only,external source metadata is present but executable formula/rule still requires audit,guideline_pathway,影像适宜性与检查路径扩展,ACR 癫痫首次发作影像适宜性评分,ACR Appropriateness Criteria for 癫痫首次发作,ACR Appropriateness Criteria,https://www.acr.org/Clinical-Resources/ACR-Appropriateness-Criteria
CALC-0948,pending_formula_or_rule_implementation,"ACR imaging appropriateness/incidental-finding entries are rating-table or pathway rules, not single equations; implement as guideline rule tables only after extracting scenario-specific tables from ACR narrative/rating PDFs.",markdown_or_data_table_until_source_complete,,structured pathway logic and versioned guideline rules,metadata_self_check_only,external source metadata is present but executable formula/rule still requires audit,guideline_pathway,影像适宜性与检查路径扩展,ACR 成人急性神经缺损影像适宜性评分,ACR Appropriateness Criteria for 成人急性神经缺损,ACR Appropriateness Criteria,https://www.acr.org/Clinical-Resources/ACR-Appropriateness-Criteria
CALC-0949,pending_formula_or_rule_implementation,"ACR imaging appropriateness/incidental-finding entries are rating-table or pathway rules, not single equations; implement as guideline rule tables only after extracting scenario-specific tables from ACR narrative/rating PDFs.",markdown_or_data_table_until_source_complete,,structured pathway logic and versioned guideline rules,metadata_self_check_only,external source metadata is present but executable formula/rule still requires audit,guideline_pathway,影像适宜性与检查路径扩展,ACR 儿童癫痫影像适宜性评分,ACR Appropriateness Criteria for 儿童癫痫,ACR Appropriateness Criteria,https://www.acr.org/Clinical-Resources/ACR-Appropriateness-Criteria
CALC-0950,pending_formula_or_rule_implementation,"ACR imaging appropriateness/incidental-finding entries are rating-table or pathway rules, not single equations; implement as guideline rule tables only after extracting scenario-specific tables from ACR narrative/rating PDFs.",markdown_or_data_table_until_source_complete,,structured pathway logic and versioned guideline rules,metadata_self_check_only,external source metadata is present but executable formula/rule still requires audit,guideline_pathway,影像适宜性与检查路径扩展,ACR 眩晕和听力损失影像适宜性评分,ACR Appropriateness Criteria for 眩晕和听力损失,ACR Appropriateness Criteria,https://www.acr.org/Clinical-Resources/ACR-Appropriateness-Criteria
CALC-0951,pending_formula_or_rule_implementation,"ACR imaging appropriateness/incidental-finding entries are rating-table or pathway rules, not single equations; implement as guideline rule tables only after extracting scenario-specific tables from ACR narrative/rating PDFs.",markdown_or_data_table_until_source_complete,,structured pathway logic and versioned guideline rules,metadata_self_check_only,external source metadata is present but executable formula/rule still requires audit,guideline_pathway,影像适宜性与检查路径扩展,ACR 颈痛影像适宜性评分,ACR Appropriateness Criteria for 颈痛,ACR Appropriateness Criteria,https://www.acr.org/Clinical-Resources/ACR-Appropriateness-Criteria
CALC-0952,pending_formula_or_rule_implementation,"ACR imaging appropriateness/incidental-finding entries are rating-table or pathway rules, not single equations; implement as guideline rule tables only after extracting scenario-specific tables from ACR narrative/rating PDFs.",markdown_or_data_table_until_source_complete,,structured pathway logic and versioned guideline rules,metadata_self_check_only,external source metadata is present but executable formula/rule still requires audit,guideline_pathway,影像适宜性与检查路径扩展,ACR 腰痛影像适宜性评分,ACR Appropriateness Criteria for 腰痛,ACR Appropriateness Criteria,https://www.acr.org/Clinical-Resources/ACR-Appropriateness-Criteria
CALC-0953,pending_formula_or_rule_implementation,"ACR imaging appropriateness/incidental-finding entries are rating-table or pathway rules, not single equations; implement as guideline rule tables only after extracting scenario-specific tables from ACR narrative/rating PDFs.",markdown_or_data_table_until_source_complete,,structured pathway logic and versioned guideline rules,metadata_self_check_only,external source metadata is present but executable formula/rule still requires audit,guideline_pathway,影像适宜性与检查路径扩展,ACR 疑似脊髓压迫影像适宜性评分,ACR Appropriateness Criteria for 疑似脊髓压迫,ACR Appropriateness Criteria,https://www.acr.org/Clinical-Resources/ACR-Appropriateness-Criteria
CALC-0954,pending_formula_or_rule_implementation,"ACR imaging appropriateness/incidental-finding entries are rating-table or pathway rules, not single equations; implement as guideline rule tables only after extracting scenario-specific tables from ACR narrative/rating PDFs.",markdown_or_data_table_until_source_complete,,structured pathway logic and versioned guideline rules,metadata_self_check_only,external source metadata is present but executable formula/rule still requires audit,guideline_pathway,影像适宜性与检查路径扩展,ACR 脊柱感染影像适宜性评分,ACR Appropriateness Criteria for 脊柱感染,ACR Appropriateness Criteria,https://www.acr.org/Clinical-Resources/ACR-Appropriateness-Criteria
CALC-0955,pending_formula_or_rule_implementation,"ACR imaging appropriateness/incidental-finding entries are rating-table or pathway rules, not single equations; implement as guideline rule tables only after extracting scenario-specific tables from ACR narrative/rating PDFs.",markdown_or_data_table_until_source_complete,,structured pathway logic and versioned guideline rules,metadata_self_check_only,external source metadata is present but executable formula/rule still requires audit,guideline_pathway,影像适宜性与检查路径扩展,ACR 骨质疏松椎体压缩骨折影像适宜性评分,ACR Appropriateness Criteria for 骨质疏松椎体压缩骨折,ACR Appropriateness Criteria,https://www.acr.org/Clinical-Resources/ACR-Appropriateness-Criteria
CALC-0956,pending_formula_or_rule_implementation,"ACR imaging appropriateness/incidental-finding entries are rating-table or pathway rules, not single equations; implement as guideline rule tables only after extracting scenario-specific tables from ACR narrative/rating PDFs.",markdown_or_data_table_until_source_complete,,structured pathway logic and versioned guideline rules,metadata_self_check_only,external source metadata is present but executable formula/rule still requires audit,guideline_pathway,影像适宜性与检查路径扩展,ACR 肩痛影像适宜性评分,ACR Appropriateness Criteria for 肩痛,ACR Appropriateness Criteria,https://www.acr.org/Clinical-Resources/ACR-Appropriateness-Criteria
CALC-0957,pending_formula_or_rule_implementation,"ACR imaging appropriateness/incidental-finding entries are rating-table or pathway rules, not single equations; implement as guideline rule tables only after extracting scenario-specific tables from ACR narrative/rating PDFs.",markdown_or_data_table_until_source_complete,,structured pathway logic and versioned guideline rules,metadata_self_check_only,external source metadata is present but executable formula/rule still requires audit,guideline_pathway,影像适宜性与检查路径扩展,ACR 肘痛影像适宜性评分,ACR Appropriateness Criteria for 肘痛,ACR Appropriateness Criteria,https://www.acr.org/Clinical-Resources/ACR-Appropriateness-Criteria
CALC-0958,pending_formula_or_rule_implementation,"ACR imaging appropriateness/incidental-finding entries are rating-table or pathway rules, not single equations; implement as guideline rule tables only after extracting scenario-specific tables from ACR narrative/rating PDFs.",markdown_or_data_table_until_source_complete,,structured pathway logic and versioned guideline rules,metadata_self_check_only,external source metadata is present but executable formula/rule still requires audit,guideline_pathway,影像适宜性与检查路径扩展,ACR 腕手痛影像适宜性评分,ACR Appropriateness Criteria for 腕手痛,ACR Appropriateness Criteria,https://www.acr.org/Clinical-Resources/ACR-Appropriateness-Criteria
CALC-0959,pending_formula_or_rule_implementation,"ACR imaging appropriateness/incidental-finding entries are rating-table or pathway rules, not single equations; implement as guideline rule tables only after extracting scenario-specific tables from ACR narrative/rating PDFs.",markdown_or_data_table_until_source_complete,,structured pathway logic and versioned guideline rules,metadata_self_check_only,external source metadata is present but executable formula/rule still requires audit,guideline_pathway,影像适宜性与检查路径扩展,ACR 髋痛影像适宜性评分,ACR Appropriateness Criteria for 髋痛,ACR Appropriateness Criteria,https://www.acr.org/Clinical-Resources/ACR-Appropriateness-Criteria
CALC-0960,pending_formula_or_rule_implementation,"ACR imaging appropriateness/incidental-finding entries are rating-table or pathway rules, not single equations; implement as guideline rule tables only after extracting scenario-specific tables from ACR narrative/rating PDFs.",markdown_or_data_table_until_source_complete,,structured pathway logic and versioned guideline rules,metadata_self_check_only,external source metadata is present but executable formula/rule still requires audit,guideline_pathway,影像适宜性与检查路径扩展,ACR 膝痛影像适宜性评分,ACR Appropriateness Criteria for 膝痛,ACR Appropriateness Criteria,https://www.acr.org/Clinical-Resources/ACR-Appropriateness-Criteria
CALC-0961,pending_formula_or_rule_implementation,"ACR imaging appropriateness/incidental-finding entries are rating-table or pathway rules, not single equations; implement as guideline rule tables only after extracting scenario-specific tables from ACR narrative/rating PDFs.",markdown_or_data_table_until_source_complete,,structured pathway logic and versioned guideline rules,metadata_self_check_only,external source metadata is present but executable formula/rule still requires audit,guideline_pathway,影像适宜性与检查路径扩展,ACR 踝足痛影像适宜性评分,ACR Appropriateness Criteria for 踝足痛,ACR Appropriateness Criteria,https://www.acr.org/Clinical-Resources/ACR-Appropriateness-Criteria
CALC-0962,pending_formula_or_rule_implementation,"ACR imaging appropriateness/incidental-finding entries are rating-table or pathway rules, not single equations; implement as guideline rule tables only after extracting scenario-specific tables from ACR narrative/rating PDFs.",markdown_or_data_table_until_source_complete,,structured pathway logic and versioned guideline rules,metadata_self_check_only,external source metadata is present but executable formula/rule still requires audit,guideline_pathway,影像适宜性与检查路径扩展,ACR 应力性骨折影像适宜性评分,ACR Appropriateness Criteria for 应力性骨折,ACR Appropriateness Criteria,https://www.acr.org/Clinical-Resources/ACR-Appropriateness-Criteria
CALC-0963,pending_formula_or_rule_implementation,"ACR imaging appropriateness/incidental-finding entries are rating-table or pathway rules, not single equations; implement as guideline rule tables only after extracting scenario-specific tables from ACR narrative/rating PDFs.",markdown_or_data_table_until_source_complete,,structured pathway logic and versioned guideline rules,metadata_self_check_only,external source metadata is present but executable formula/rule still requires audit,guideline_pathway,影像适宜性与检查路径扩展,ACR 骨髓炎疑似影像适宜性评分,ACR Appropriateness Criteria for 骨髓炎疑似,ACR Appropriateness Criteria,https://www.acr.org/Clinical-Resources/ACR-Appropriateness-Criteria
CALC-0964,pending_formula_or_rule_implementation,"ACR imaging appropriateness/incidental-finding entries are rating-table or pathway rules, not single equations; implement as guideline rule tables only after extracting scenario-specific tables from ACR narrative/rating PDFs.",markdown_or_data_table_until_source_complete,,structured pathway logic and versioned guideline rules,metadata_self_check_only,external source metadata is present but executable formula/rule still requires audit,guideline_pathway,影像适宜性与检查路径扩展,ACR 软组织肿块影像适宜性评分,ACR Appropriateness Criteria for 软组织肿块,ACR Appropriateness Criteria,https://www.acr.org/Clinical-Resources/ACR-Appropriateness-Criteria
CALC-0965,pending_formula_or_rule_implementation,"ACR imaging appropriateness/incidental-finding entries are rating-table or pathway rules, not single equations; implement as guideline rule tables only after extracting scenario-specific tables from ACR narrative/rating PDFs.",markdown_or_data_table_until_source_complete,,structured pathway logic and versioned guideline rules,metadata_self_check_only,external source metadata is present but executable formula/rule still requires audit,guideline_pathway,影像适宜性与检查路径扩展,ACR 急性胸痛疑似ACS影像适宜性评分,ACR Appropriateness Criteria for 急性胸痛疑似ACS,ACR Appropriateness Criteria,https://www.acr.org/Clinical-Resources/ACR-Appropriateness-Criteria
CALC-0966,pending_formula_or_rule_implementation,"ACR imaging appropriateness/incidental-finding entries are rating-table or pathway rules, not single equations; implement as guideline rule tables only after extracting scenario-specific tables from ACR narrative/rating PDFs.",markdown_or_data_table_until_source_complete,,structured pathway logic and versioned guideline rules,metadata_self_check_only,external source metadata is present but executable formula/rule still requires audit,guideline_pathway,影像适宜性与检查路径扩展,ACR 急性胸痛疑似肺栓塞影像适宜性评分,ACR Appropriateness Criteria for 急性胸痛疑似肺栓塞,ACR Appropriateness Criteria,https://www.acr.org/Clinical-Resources/ACR-Appropriateness-Criteria
CALC-0967,pending_formula_or_rule_implementation,"ACR imaging appropriateness/incidental-finding entries are rating-table or pathway rules, not single equations; implement as guideline rule tables only after extracting scenario-specific tables from ACR narrative/rating PDFs.",markdown_or_data_table_until_source_complete,,structured pathway logic and versioned guideline rules,metadata_self_check_only,external source metadata is present but executable formula/rule still requires audit,guideline_pathway,影像适宜性与检查路径扩展,ACR 胸主动脉急症影像适宜性评分,ACR Appropriateness Criteria for 胸主动脉急症,ACR Appropriateness Criteria,https://www.acr.org/Clinical-Resources/ACR-Appropriateness-Criteria
CALC-0968,pending_formula_or_rule_implementation,"ACR imaging appropriateness/incidental-finding entries are rating-table or pathway rules, not single equations; implement as guideline rule tables only after extracting scenario-specific tables from ACR narrative/rating PDFs.",markdown_or_data_table_until_source_complete,,structured pathway logic and versioned guideline rules,metadata_self_check_only,external source metadata is present but executable formula/rule still requires audit,guideline_pathway,影像适宜性与检查路径扩展,ACR 疑似肺炎影像适宜性评分,ACR Appropriateness Criteria for 疑似肺炎,ACR Appropriateness Criteria,https://www.acr.org/Clinical-Resources/ACR-Appropriateness-Criteria
CALC-0969,pending_formula_or_rule_implementation,"ACR imaging appropriateness/incidental-finding entries are rating-table or pathway rules, not single equations; implement as guideline rule tables only after extracting scenario-specific tables from ACR narrative/rating PDFs.",markdown_or_data_table_until_source_complete,,structured pathway logic and versioned guideline rules,metadata_self_check_only,external source metadata is present but executable formula/rule still requires audit,guideline_pathway,影像适宜性与检查路径扩展,ACR 慢性咳嗽影像适宜性评分,ACR Appropriateness Criteria for 慢性咳嗽,ACR Appropriateness Criteria,https://www.acr.org/Clinical-Resources/ACR-Appropriateness-Criteria
CALC-0970,pending_formula_or_rule_implementation,"ACR imaging appropriateness/incidental-finding entries are rating-table or pathway rules, not single equations; implement as guideline rule tables only after extracting scenario-specific tables from ACR narrative/rating PDFs.",markdown_or_data_table_until_source_complete,,structured pathway logic and versioned guideline rules,metadata_self_check_only,external source metadata is present but executable formula/rule still requires audit,guideline_pathway,影像适宜性与检查路径扩展,ACR 咯血影像适宜性评分,ACR Appropriateness Criteria for 咯血,ACR Appropriateness Criteria,https://www.acr.org/Clinical-Resources/ACR-Appropriateness-Criteria
CALC-0971,pending_formula_or_rule_implementation,"ACR imaging appropriateness/incidental-finding entries are rating-table or pathway rules, not single equations; implement as guideline rule tables only after extracting scenario-specific tables from ACR narrative/rating PDFs.",markdown_or_data_table_until_source_complete,,structured pathway logic and versioned guideline rules,metadata_self_check_only,external source metadata is present but executable formula/rule still requires audit,guideline_pathway,影像适宜性与检查路径扩展,ACR 肺结节影像适宜性评分,ACR Appropriateness Criteria for 肺结节,ACR Appropriateness Criteria,https://www.acr.org/Clinical-Resources/ACR-Appropriateness-Criteria
CALC-0972,pending_formula_or_rule_implementation,"ACR imaging appropriateness/incidental-finding entries are rating-table or pathway rules, not single equations; implement as guideline rule tables only after extracting scenario-specific tables from ACR narrative/rating PDFs.",markdown_or_data_table_until_source_complete,,structured pathway logic and versioned guideline rules,metadata_self_check_only,external source metadata is present but executable formula/rule still requires audit,guideline_pathway,影像适宜性与检查路径扩展,ACR 间质性肺病影像适宜性评分,ACR Appropriateness Criteria for 间质性肺病,ACR Appropriateness Criteria,https://www.acr.org/Clinical-Resources/ACR-Appropriateness-Criteria
CALC-0973,pending_formula_or_rule_implementation,"ACR imaging appropriateness/incidental-finding entries are rating-table or pathway rules, not single equations; implement as guideline rule tables only after extracting scenario-specific tables from ACR narrative/rating PDFs.",markdown_or_data_table_until_source_complete,,structured pathway logic and versioned guideline rules,metadata_self_check_only,external source metadata is present but executable formula/rule still requires audit,guideline_pathway,影像适宜性与检查路径扩展,ACR 纵隔肿块影像适宜性评分,ACR Appropriateness Criteria for 纵隔肿块,ACR Appropriateness Criteria,https://www.acr.org/Clinical-Resources/ACR-Appropriateness-Criteria
CALC-0974,pending_formula_or_rule_implementation,"ACR imaging appropriateness/incidental-finding entries are rating-table or pathway rules, not single equations; implement as guideline rule tables only after extracting scenario-specific tables from ACR narrative/rating PDFs.",markdown_or_data_table_until_source_complete,,structured pathway logic and versioned guideline rules,metadata_self_check_only,external source metadata is present but executable formula/rule still requires audit,guideline_pathway,影像适宜性与检查路径扩展,ACR 乳腺疼痛影像适宜性评分,ACR Appropriateness Criteria for 乳腺疼痛,ACR Appropriateness Criteria,https://www.acr.org/Clinical-Resources/ACR-Appropriateness-Criteria
CALC-0975,pending_formula_or_rule_implementation,"ACR imaging appropriateness/incidental-finding entries are rating-table or pathway rules, not single equations; implement as guideline rule tables only after extracting scenario-specific tables from ACR narrative/rating PDFs.",markdown_or_data_table_until_source_complete,,structured pathway logic and versioned guideline rules,metadata_self_check_only,external source metadata is present but executable formula/rule still requires audit,guideline_pathway,影像适宜性与检查路径扩展,ACR 乳头溢液影像适宜性评分,ACR Appropriateness Criteria for 乳头溢液,ACR Appropriateness Criteria,https://www.acr.org/Clinical-Resources/ACR-Appropriateness-Criteria
CALC-0976,pending_formula_or_rule_implementation,"ACR imaging appropriateness/incidental-finding entries are rating-table or pathway rules, not single equations; implement as guideline rule tables only after extracting scenario-specific tables from ACR narrative/rating PDFs.",markdown_or_data_table_until_source_complete,,structured pathway logic and versioned guideline rules,metadata_self_check_only,external source metadata is present but executable formula/rule still requires audit,guideline_pathway,影像适宜性与检查路径扩展,ACR 可触及乳腺肿块影像适宜性评分,ACR Appropriateness Criteria for 可触及乳腺肿块,ACR Appropriateness Criteria,https://www.acr.org/Clinical-Resources/ACR-Appropriateness-Criteria
CALC-0977,pending_formula_or_rule_implementation,"ACR imaging appropriateness/incidental-finding entries are rating-table or pathway rules, not single equations; implement as guideline rule tables only after extracting scenario-specific tables from ACR narrative/rating PDFs.",markdown_or_data_table_until_source_complete,,structured pathway logic and versioned guideline rules,metadata_self_check_only,external source metadata is present but executable formula/rule still requires audit,guideline_pathway,影像适宜性与检查路径扩展,ACR 乳腺筛查影像适宜性评分,ACR Appropriateness Criteria for 乳腺筛查,ACR Appropriateness Criteria,https://www.acr.org/Clinical-Resources/ACR-Appropriateness-Criteria
CALC-0978,pending_formula_or_rule_implementation,"ACR imaging appropriateness/incidental-finding entries are rating-table or pathway rules, not single equations; implement as guideline rule tables only after extracting scenario-specific tables from ACR narrative/rating PDFs.",markdown_or_data_table_until_source_complete,,structured pathway logic and versioned guideline rules,metadata_self_check_only,external source metadata is present but executable formula/rule still requires audit,guideline_pathway,影像适宜性与检查路径扩展,ACR 腹痛右上腹影像适宜性评分,ACR Appropriateness Criteria for 腹痛右上腹,ACR Appropriateness Criteria,https://www.acr.org/Clinical-Resources/ACR-Appropriateness-Criteria
CALC-0979,pending_formula_or_rule_implementation,"ACR imaging appropriateness/incidental-finding entries are rating-table or pathway rules, not single equations; implement as guideline rule tables only after extracting scenario-specific tables from ACR narrative/rating PDFs.",markdown_or_data_table_until_source_complete,,structured pathway logic and versioned guideline rules,metadata_self_check_only,external source metadata is present but executable formula/rule still requires audit,guideline_pathway,影像适宜性与检查路径扩展,ACR 腹痛右下腹影像适宜性评分,ACR Appropriateness Criteria for 腹痛右下腹,ACR Appropriateness Criteria,https://www.acr.org/Clinical-Resources/ACR-Appropriateness-Criteria
CALC-0980,pending_formula_or_rule_implementation,"ACR imaging appropriateness/incidental-finding entries are rating-table or pathway rules, not single equations; implement as guideline rule tables only after extracting scenario-specific tables from ACR narrative/rating PDFs.",markdown_or_data_table_until_source_complete,,structured pathway logic and versioned guideline rules,metadata_self_check_only,external source metadata is present but executable formula/rule still requires audit,guideline_pathway,影像适宜性与检查路径扩展,ACR 急性非定位腹痛影像适宜性评分,ACR Appropriateness Criteria for 急性非定位腹痛,ACR Appropriateness Criteria,https://www.acr.org/Clinical-Resources/ACR-Appropriateness-Criteria
CALC-0981,pending_formula_or_rule_implementation,"ACR imaging appropriateness/incidental-finding entries are rating-table or pathway rules, not single equations; implement as guideline rule tables only after extracting scenario-specific tables from ACR narrative/rating PDFs.",markdown_or_data_table_until_source_complete,,structured pathway logic and versioned guideline rules,metadata_self_check_only,external source metadata is present but executable formula/rule still requires audit,guideline_pathway,影像适宜性与检查路径扩展,ACR 疑似小肠梗阻影像适宜性评分,ACR Appropriateness Criteria for 疑似小肠梗阻,ACR Appropriateness Criteria,https://www.acr.org/Clinical-Resources/ACR-Appropriateness-Criteria
CALC-0982,pending_formula_or_rule_implementation,"ACR imaging appropriateness/incidental-finding entries are rating-table or pathway rules, not single equations; implement as guideline rule tables only after extracting scenario-specific tables from ACR narrative/rating PDFs.",markdown_or_data_table_until_source_complete,,structured pathway logic and versioned guideline rules,metadata_self_check_only,external source metadata is present but executable formula/rule still requires audit,guideline_pathway,影像适宜性与检查路径扩展,ACR 消化道出血影像适宜性评分,ACR Appropriateness Criteria for 消化道出血,ACR Appropriateness Criteria,https://www.acr.org/Clinical-Resources/ACR-Appropriateness-Criteria
CALC-0983,pending_formula_or_rule_implementation,"ACR imaging appropriateness/incidental-finding entries are rating-table or pathway rules, not single equations; implement as guideline rule tables only after extracting scenario-specific tables from ACR narrative/rating PDFs.",markdown_or_data_table_until_source_complete,,structured pathway logic and versioned guideline rules,metadata_self_check_only,external source metadata is present but executable formula/rule still requires audit,guideline_pathway,影像适宜性与检查路径扩展,ACR 吞咽困难影像适宜性评分,ACR Appropriateness Criteria for 吞咽困难,ACR Appropriateness Criteria,https://www.acr.org/Clinical-Resources/ACR-Appropriateness-Criteria
CALC-0984,pending_formula_or_rule_implementation,"ACR imaging appropriateness/incidental-finding entries are rating-table or pathway rules, not single equations; implement as guideline rule tables only after extracting scenario-specific tables from ACR narrative/rating PDFs.",markdown_or_data_table_until_source_complete,,structured pathway logic and versioned guideline rules,metadata_self_check_only,external source metadata is present but executable formula/rule still requires audit,guideline_pathway,影像适宜性与检查路径扩展,ACR 黄疸影像适宜性评分,ACR Appropriateness Criteria for 黄疸,ACR Appropriateness Criteria,https://www.acr.org/Clinical-Resources/ACR-Appropriateness-Criteria
CALC-0985,pending_formula_or_rule_implementation,"ACR imaging appropriateness/incidental-finding entries are rating-table or pathway rules, not single equations; implement as guideline rule tables only after extracting scenario-specific tables from ACR narrative/rating PDFs.",markdown_or_data_table_until_source_complete,,structured pathway logic and versioned guideline rules,metadata_self_check_only,external source metadata is present but executable formula/rule still requires audit,guideline_pathway,影像适宜性与检查路径扩展,ACR 胰腺炎影像适宜性评分,ACR Appropriateness Criteria for 胰腺炎,ACR Appropriateness Criteria,https://www.acr.org/Clinical-Resources/ACR-Appropriateness-Criteria
CALC-0986,pending_formula_or_rule_implementation,"ACR imaging appropriateness/incidental-finding entries are rating-table or pathway rules, not single equations; implement as guideline rule tables only after extracting scenario-specific tables from ACR narrative/rating PDFs.",markdown_or_data_table_until_source_complete,,structured pathway logic and versioned guideline rules,metadata_self_check_only,external source metadata is present but executable formula/rule still requires audit,guideline_pathway,影像适宜性与检查路径扩展,ACR 肝病灶初评影像适宜性评分,ACR Appropriateness Criteria for 肝病灶初评,ACR Appropriateness Criteria,https://www.acr.org/Clinical-Resources/ACR-Appropriateness-Criteria
CALC-0987,pending_formula_or_rule_implementation,"ACR imaging appropriateness/incidental-finding entries are rating-table or pathway rules, not single equations; implement as guideline rule tables only after extracting scenario-specific tables from ACR narrative/rating PDFs.",markdown_or_data_table_until_source_complete,,structured pathway logic and versioned guideline rules,metadata_self_check_only,external source metadata is present but executable formula/rule still requires audit,guideline_pathway,影像适宜性与检查路径扩展,ACR 肾上腺偶发瘤影像适宜性评分,ACR Appropriateness Criteria for 肾上腺偶发瘤,ACR Appropriateness Criteria,https://www.acr.org/Clinical-Resources/ACR-Appropriateness-Criteria
CALC-0988,pending_formula_or_rule_implementation,"ACR imaging appropriateness/incidental-finding entries are rating-table or pathway rules, not single equations; implement as guideline rule tables only after extracting scenario-specific tables from ACR narrative/rating PDFs.",markdown_or_data_table_until_source_complete,,structured pathway logic and versioned guideline rules,metadata_self_check_only,external source metadata is present but executable formula/rule still requires audit,guideline_pathway,影像适宜性与检查路径扩展,ACR 血尿影像适宜性评分,ACR Appropriateness Criteria for 血尿,ACR Appropriateness Criteria,https://www.acr.org/Clinical-Resources/ACR-Appropriateness-Criteria
CALC-0989,pending_formula_or_rule_implementation,"ACR imaging appropriateness/incidental-finding entries are rating-table or pathway rules, not single equations; implement as guideline rule tables only after extracting scenario-specific tables from ACR narrative/rating PDFs.",markdown_or_data_table_until_source_complete,,structured pathway logic and versioned guideline rules,metadata_self_check_only,external source metadata is present but executable formula/rule still requires audit,guideline_pathway,影像适宜性与检查路径扩展,ACR 急性肾盂肾炎影像适宜性评分,ACR Appropriateness Criteria for 急性肾盂肾炎,ACR Appropriateness Criteria,https://www.acr.org/Clinical-Resources/ACR-Appropriateness-Criteria
CALC-0990,pending_formula_or_rule_implementation,"ACR imaging appropriateness/incidental-finding entries are rating-table or pathway rules, not single equations; implement as guideline rule tables only after extracting scenario-specific tables from ACR narrative/rating PDFs.",markdown_or_data_table_until_source_complete,,structured pathway logic and versioned guideline rules,metadata_self_check_only,external source metadata is present but executable formula/rule still requires audit,guideline_pathway,影像适宜性与检查路径扩展,ACR 尿路结石影像适宜性评分,ACR Appropriateness Criteria for 尿路结石,ACR Appropriateness Criteria,https://www.acr.org/Clinical-Resources/ACR-Appropriateness-Criteria
CALC-0991,pending_formula_or_rule_implementation,"ACR imaging appropriateness/incidental-finding entries are rating-table or pathway rules, not single equations; implement as guideline rule tables only after extracting scenario-specific tables from ACR narrative/rating PDFs.",markdown_or_data_table_until_source_complete,,structured pathway logic and versioned guideline rules,metadata_self_check_only,external source metadata is present but executable formula/rule still requires audit,guideline_pathway,影像适宜性与检查路径扩展,ACR 前列腺癌初始分期影像适宜性评分,ACR Appropriateness Criteria for 前列腺癌初始分期,ACR Appropriateness Criteria,https://www.acr.org/Clinical-Resources/ACR-Appropriateness-Criteria
CALC-0992,pending_formula_or_rule_implementation,"ACR imaging appropriateness/incidental-finding entries are rating-table or pathway rules, not single equations; implement as guideline rule tables only after extracting scenario-specific tables from ACR narrative/rating PDFs.",markdown_or_data_table_until_source_complete,,structured pathway logic and versioned guideline rules,metadata_self_check_only,external source metadata is present but executable formula/rule still requires audit,guideline_pathway,影像适宜性与检查路径扩展,ACR 卵巢附件包块影像适宜性评分,ACR Appropriateness Criteria for 卵巢附件包块,ACR Appropriateness Criteria,https://www.acr.org/Clinical-Resources/ACR-Appropriateness-Criteria
CALC-0993,pending_formula_or_rule_implementation,"ACR imaging appropriateness/incidental-finding entries are rating-table or pathway rules, not single equations; implement as guideline rule tables only after extracting scenario-specific tables from ACR narrative/rating PDFs.",markdown_or_data_table_until_source_complete,,structured pathway logic and versioned guideline rules,metadata_self_check_only,external source metadata is present but executable formula/rule still requires audit,guideline_pathway,影像适宜性与检查路径扩展,ACR 异常子宫出血影像适宜性评分,ACR Appropriateness Criteria for 异常子宫出血,ACR Appropriateness Criteria,https://www.acr.org/Clinical-Resources/ACR-Appropriateness-Criteria
CALC-0994,pending_formula_or_rule_implementation,"ACR imaging appropriateness/incidental-finding entries are rating-table or pathway rules, not single equations; implement as guideline rule tables only after extracting scenario-specific tables from ACR narrative/rating PDFs.",markdown_or_data_table_until_source_complete,,structured pathway logic and versioned guideline rules,metadata_self_check_only,external source metadata is present but executable formula/rule still requires audit,guideline_pathway,影像适宜性与检查路径扩展,ACR 早孕出血影像适宜性评分,ACR Appropriateness Criteria for 早孕出血,ACR Appropriateness Criteria,https://www.acr.org/Clinical-Resources/ACR-Appropriateness-Criteria
CALC-0995,pending_formula_or_rule_implementation,"ACR imaging appropriateness/incidental-finding entries are rating-table or pathway rules, not single equations; implement as guideline rule tables only after extracting scenario-specific tables from ACR narrative/rating PDFs.",markdown_or_data_table_until_source_complete,,structured pathway logic and versioned guideline rules,metadata_self_check_only,external source metadata is present but executable formula/rule still requires audit,guideline_pathway,影像适宜性与检查路径扩展,ACR 盆腔疼痛影像适宜性评分,ACR Appropriateness Criteria for 盆腔疼痛,ACR Appropriateness Criteria,https://www.acr.org/Clinical-Resources/ACR-Appropriateness-Criteria
CALC-0996,pending_formula_or_rule_implementation,"ACR imaging appropriateness/incidental-finding entries are rating-table or pathway rules, not single equations; implement as guideline rule tables only after extracting scenario-specific tables from ACR narrative/rating PDFs.",markdown_or_data_table_until_source_complete,,structured pathway logic and versioned guideline rules,metadata_self_check_only,external source metadata is present but executable formula/rule still requires audit,guideline_pathway,影像适宜性与检查路径扩展,ACR 子宫肌瘤影像适宜性评分,ACR Appropriateness Criteria for 子宫肌瘤,ACR Appropriateness Criteria,https://www.acr.org/Clinical-Resources/ACR-Appropriateness-Criteria
CALC-0997,pending_formula_or_rule_implementation,"ACR imaging appropriateness/incidental-finding entries are rating-table or pathway rules, not single equations; implement as guideline rule tables only after extracting scenario-specific tables from ACR narrative/rating PDFs.",markdown_or_data_table_until_source_complete,,structured pathway logic and versioned guideline rules,metadata_self_check_only,external source metadata is present but executable formula/rule still requires audit,guideline_pathway,影像适宜性与检查路径扩展,ACR 胎儿异常筛查影像适宜性评分,ACR Appropriateness Criteria for 胎儿异常筛查,ACR Appropriateness Criteria,https://www.acr.org/Clinical-Resources/ACR-Appropriateness-Criteria
CALC-0998,pending_formula_or_rule_implementation,"ACR imaging appropriateness/incidental-finding entries are rating-table or pathway rules, not single equations; implement as guideline rule tables only after extracting scenario-specific tables from ACR narrative/rating PDFs.",markdown_or_data_table_until_source_complete,,structured pathway logic and versioned guideline rules,metadata_self_check_only,external source metadata is present but executable formula/rule still requires audit,guideline_pathway,影像适宜性与检查路径扩展,ACR 儿童发热无源影像适宜性评分,ACR Appropriateness Criteria for 儿童发热无源,ACR Appropriateness Criteria,https://www.acr.org/Clinical-Resources/ACR-Appropriateness-Criteria
CALC-0999,pending_formula_or_rule_implementation,"ACR imaging appropriateness/incidental-finding entries are rating-table or pathway rules, not single equations; implement as guideline rule tables only after extracting scenario-specific tables from ACR narrative/rating PDFs.",markdown_or_data_table_until_source_complete,,structured pathway logic and versioned guideline rules,metadata_self_check_only,external source metadata is present but executable formula/rule still requires audit,guideline_pathway,影像适宜性与检查路径扩展,ACR 儿童腹痛影像适宜性评分,ACR Appropriateness Criteria for 儿童腹痛,ACR Appropriateness Criteria,https://www.acr.org/Clinical-Resources/ACR-Appropriateness-Criteria
CALC-1000,pending_formula_or_rule_implementation,"ACR imaging appropriateness/incidental-finding entries are rating-table or pathway rules, not single equations; implement as guideline rule tables only after extracting scenario-specific tables from ACR narrative/rating PDFs.",markdown_or_data_table_until_source_complete,,structured pathway logic and versioned guideline rules,metadata_self_check_only,external source metadata is present but executable formula/rule still requires audit,guideline_pathway,影像适宜性与检查路径扩展,ACR 儿童头痛影像适宜性评分,ACR Appropriateness Criteria for 儿童头痛,ACR Appropriateness Criteria,https://www.acr.org/Clinical-Resources/ACR-Appropriateness-Criteria
CALC-1001,pending_formula_or_rule_implementation,"ACR imaging appropriateness/incidental-finding entries are rating-table or pathway rules, not single equations; implement as guideline rule tables only after extracting scenario-specific tables from ACR narrative/rating PDFs.",markdown_or_data_table_until_source_complete,,structured pathway logic and versioned guideline rules,metadata_self_check_only,external source metadata is present but executable formula/rule still requires audit,guideline_pathway,影像适宜性与检查路径扩展,ACR 儿童跛行影像适宜性评分,ACR Appropriateness Criteria for 儿童跛行,ACR Appropriateness Criteria,https://www.acr.org/Clinical-Resources/ACR-Appropriateness-Criteria
CALC-1002,pending_formula_or_rule_implementation,"ACR imaging appropriateness/incidental-finding entries are rating-table or pathway rules, not single equations; implement as guideline rule tables only after extracting scenario-specific tables from ACR narrative/rating PDFs.",markdown_or_data_table_until_source_complete,,structured pathway logic and versioned guideline rules,metadata_self_check_only,external source metadata is present but executable formula/rule still requires audit,guideline_pathway,影像适宜性与检查路径扩展,ACR 儿童尿路感染影像适宜性评分,ACR Appropriateness Criteria for 儿童尿路感染,ACR Appropriateness Criteria,https://www.acr.org/Clinical-Resources/ACR-Appropriateness-Criteria
CALC-1003,pending_formula_or_rule_implementation,"ACR imaging appropriateness/incidental-finding entries are rating-table or pathway rules, not single equations; implement as guideline rule tables only after extracting scenario-specific tables from ACR narrative/rating PDFs.",markdown_or_data_table_until_source_complete,,structured pathway logic and versioned guideline rules,metadata_self_check_only,external source metadata is present but executable formula/rule still requires audit,guideline_pathway,影像适宜性与检查路径扩展,ACR 儿童肺炎影像适宜性评分,ACR Appropriateness Criteria for 儿童肺炎,ACR Appropriateness Criteria,https://www.acr.org/Clinical-Resources/ACR-Appropriateness-Criteria
CALC-1004,pending_formula_or_rule_implementation,"ACR imaging appropriateness/incidental-finding entries are rating-table or pathway rules, not single equations; implement as guideline rule tables only after extracting scenario-specific tables from ACR narrative/rating PDFs.",markdown_or_data_table_until_source_complete,,structured pathway logic and versioned guideline rules,metadata_self_check_only,external source metadata is present but executable formula/rule still requires audit,guideline_pathway,影像适宜性与检查路径扩展,ACR 免疫低下发热影像适宜性评分,ACR Appropriateness Criteria for 免疫低下发热,ACR Appropriateness Criteria,https://www.acr.org/Clinical-Resources/ACR-Appropriateness-Criteria
CALC-1005,pending_formula_or_rule_implementation,"ACR imaging appropriateness/incidental-finding entries are rating-table or pathway rules, not single equations; implement as guideline rule tables only after extracting scenario-specific tables from ACR narrative/rating PDFs.",markdown_or_data_table_until_source_complete,,structured pathway logic and versioned guideline rules,metadata_self_check_only,external source metadata is present but executable formula/rule still requires audit,guideline_pathway,影像适宜性与检查路径扩展,ACR 癌症骨转移影像适宜性评分,ACR Appropriateness Criteria for 癌症骨转移,ACR Appropriateness Criteria,https://www.acr.org/Clinical-Resources/ACR-Appropriateness-Criteria
CALC-1006,pending_formula_or_rule_implementation,"ACR imaging appropriateness/incidental-finding entries are rating-table or pathway rules, not single equations; implement as guideline rule tables only after extracting scenario-specific tables from ACR narrative/rating PDFs.",markdown_or_data_table_until_source_complete,,structured pathway logic and versioned guideline rules,metadata_self_check_only,external source metadata is present but executable formula/rule still requires audit,guideline_pathway,影像适宜性与检查路径扩展,ACR 肿瘤疗效影像随访影像适宜性评分,ACR Appropriateness Criteria for 肿瘤疗效影像随访,ACR Appropriateness Criteria,https://www.acr.org/Clinical-Resources/ACR-Appropriateness-Criteria
CALC-1007,pending_formula_or_rule_implementation,"ACR imaging appropriateness/incidental-finding entries are rating-table or pathway rules, not single equations; implement as guideline rule tables only after extracting scenario-specific tables from ACR narrative/rating PDFs.",markdown_or_data_table_until_source_complete,,structured pathway logic and versioned guideline rules,metadata_self_check_only,external source metadata is present but executable formula/rule still requires audit,guideline_pathway,影像适宜性与检查路径扩展,ACR 放疗计划影像影像适宜性评分,ACR Appropriateness Criteria for 放疗计划影像,ACR Appropriateness Criteria,https://www.acr.org/Clinical-Resources/ACR-Appropriateness-Criteria
CALC-1008,pending_formula_or_rule_implementation,"ACR imaging appropriateness/incidental-finding entries are rating-table or pathway rules, not single equations; implement as guideline rule tables only after extracting scenario-specific tables from ACR narrative/rating PDFs.",markdown_or_data_table_until_source_complete,,structured pathway logic and versioned guideline rules,metadata_self_check_only,external source metadata is present but executable formula/rule still requires audit,guideline_pathway,影像适宜性与检查路径扩展,ACR 肝癌局部治疗随访影像适宜性评分,ACR Appropriateness Criteria for 肝癌局部治疗随访,ACR Appropriateness Criteria,https://www.acr.org/Clinical-Resources/ACR-Appropriateness-Criteria
CALC-1009,pending_formula_or_rule_implementation,"ACR imaging appropriateness/incidental-finding entries are rating-table or pathway rules, not single equations; implement as guideline rule tables only after extracting scenario-specific tables from ACR narrative/rating PDFs.",markdown_or_data_table_until_source_complete,,structured pathway logic and versioned guideline rules,metadata_self_check_only,external source metadata is present but executable formula/rule still requires audit,guideline_pathway,影像适宜性与检查路径扩展,ACR 肾癌术后随访影像适宜性评分,ACR Appropriateness Criteria for 肾癌术后随访,ACR Appropriateness Criteria,https://www.acr.org/Clinical-Resources/ACR-Appropriateness-Criteria
CALC-1010,pending_formula_or_rule_implementation,"ACR imaging appropriateness/incidental-finding entries are rating-table or pathway rules, not single equations; implement as guideline rule tables only after extracting scenario-specific tables from ACR narrative/rating PDFs.",markdown_or_data_table_until_source_complete,,structured pathway logic and versioned guideline rules,metadata_self_check_only,external source metadata is present but executable formula/rule still requires audit,guideline_pathway,影像适宜性与检查路径扩展,ACR 膀胱癌影像分期影像适宜性评分,ACR Appropriateness Criteria for 膀胱癌影像分期,ACR Appropriateness Criteria,https://www.acr.org/Clinical-Resources/ACR-Appropriateness-Criteria
CALC-1011,pending_formula_or_rule_implementation,"ACR imaging appropriateness/incidental-finding entries are rating-table or pathway rules, not single equations; implement as guideline rule tables only after extracting scenario-specific tables from ACR narrative/rating PDFs.",markdown_or_data_table_until_source_complete,,structured pathway logic and versioned guideline rules,metadata_self_check_only,external source metadata is present but executable formula/rule still requires audit,guideline_pathway,影像适宜性与检查路径扩展,ACR 头颈癌影像分期影像适宜性评分,ACR Appropriateness Criteria for 头颈癌影像分期,ACR Appropriateness Criteria,https://www.acr.org/Clinical-Resources/ACR-Appropriateness-Criteria
CALC-1012,pending_formula_or_rule_implementation,"ACR imaging appropriateness/incidental-finding entries are rating-table or pathway rules, not single equations; implement as guideline rule tables only after extracting scenario-specific tables from ACR narrative/rating PDFs.",markdown_or_data_table_until_source_complete,,structured pathway logic and versioned guideline rules,metadata_self_check_only,external source metadata is present but executable formula/rule still requires audit,guideline_pathway,影像适宜性与检查路径扩展,ACR 甲状腺结节影像影像适宜性评分,ACR Appropriateness Criteria for 甲状腺结节影像,ACR Appropriateness Criteria,https://www.acr.org/Clinical-Resources/ACR-Appropriateness-Criteria
CALC-1013,pending_formula_or_rule_implementation,"ACR imaging appropriateness/incidental-finding entries are rating-table or pathway rules, not single equations; implement as guideline rule tables only after extracting scenario-specific tables from ACR narrative/rating PDFs.",markdown_or_data_table_until_source_complete,,structured pathway logic and versioned guideline rules,metadata_self_check_only,external source metadata is present but executable formula/rule still requires audit,guideline_pathway,影像适宜性与检查路径扩展,ACR 鼻窦炎影像影像适宜性评分,ACR Appropriateness Criteria for 鼻窦炎影像,ACR Appropriateness Criteria,https://www.acr.org/Clinical-Resources/ACR-Appropriateness-Criteria
CALC-1014,pending_formula_or_rule_implementation,"ACR imaging appropriateness/incidental-finding entries are rating-table or pathway rules, not single equations; implement as guideline rule tables only after extracting scenario-specific tables from ACR narrative/rating PDFs.",markdown_or_data_table_until_source_complete,,structured pathway logic and versioned guideline rules,metadata_self_check_only,external source metadata is present but executable formula/rule still requires audit,guideline_pathway,影像适宜性与检查路径扩展,ACR 牙源性感染影像影像适宜性评分,ACR Appropriateness Criteria for 牙源性感染影像,ACR Appropriateness Criteria,https://www.acr.org/Clinical-Resources/ACR-Appropriateness-Criteria
CALC-1015,pending_formula_or_rule_implementation,"ACR imaging appropriateness/incidental-finding entries are rating-table or pathway rules, not single equations; implement as guideline rule tables only after extracting scenario-specific tables from ACR narrative/rating PDFs.",markdown_or_data_table_until_source_complete,,structured pathway logic and versioned guideline rules,metadata_self_check_only,external source metadata is present but executable formula/rule still requires audit,guideline_pathway,影像适宜性与检查路径扩展,ACR 颞下颌关节疼痛影像适宜性评分,ACR Appropriateness Criteria for 颞下颌关节疼痛,ACR Appropriateness Criteria,https://www.acr.org/Clinical-Resources/ACR-Appropriateness-Criteria
CALC-1016,pending_formula_or_rule_implementation,"ACR imaging appropriateness/incidental-finding entries are rating-table or pathway rules, not single equations; implement as guideline rule tables only after extracting scenario-specific tables from ACR narrative/rating PDFs.",markdown_or_data_table_until_source_complete,,structured pathway logic and versioned guideline rules,metadata_self_check_only,external source metadata is present but executable formula/rule still requires audit,guideline_pathway,影像适宜性与检查路径扩展,ACR 眼眶病变影像适宜性评分,ACR Appropriateness Criteria for 眼眶病变,ACR Appropriateness Criteria,https://www.acr.org/Clinical-Resources/ACR-Appropriateness-Criteria
CALC-1017,pending_formula_or_rule_implementation,"ACR imaging appropriateness/incidental-finding entries are rating-table or pathway rules, not single equations; implement as guideline rule tables only after extracting scenario-specific tables from ACR narrative/rating PDFs.",markdown_or_data_table_until_source_complete,,structured pathway logic and versioned guideline rules,metadata_self_check_only,external source metadata is present but executable formula/rule still requires audit,guideline_pathway,影像适宜性与检查路径扩展,ACR 视神经病变影像适宜性评分,ACR Appropriateness Criteria for 视神经病变,ACR Appropriateness Criteria,https://www.acr.org/Clinical-Resources/ACR-Appropriateness-Criteria
CALC-1018,pending_formula_or_rule_implementation,"ACR imaging appropriateness/incidental-finding entries are rating-table or pathway rules, not single equations; implement as guideline rule tables only after extracting scenario-specific tables from ACR narrative/rating PDFs.",markdown_or_data_table_until_source_complete,,structured pathway logic and versioned guideline rules,metadata_self_check_only,external source metadata is present but executable formula/rule still requires audit,guideline_pathway,影像适宜性与检查路径扩展,ACR 创伤全身CT影像适宜性评分,ACR Appropriateness Criteria for 创伤全身CT,ACR Appropriateness Criteria,https://www.acr.org/Clinical-Resources/ACR-Appropriateness-Criteria
CALC-1019,pending_formula_or_rule_implementation,"ACR imaging appropriateness/incidental-finding entries are rating-table or pathway rules, not single equations; implement as guideline rule tables only after extracting scenario-specific tables from ACR narrative/rating PDFs.",markdown_or_data_table_until_source_complete,,structured pathway logic and versioned guideline rules,metadata_self_check_only,external source metadata is present but executable formula/rule still requires audit,guideline_pathway,影像适宜性与检查路径扩展,ACR 儿童非意外伤害影像适宜性评分,ACR Appropriateness Criteria for 儿童非意外伤害,ACR Appropriateness Criteria,https://www.acr.org/Clinical-Resources/ACR-Appropriateness-Criteria
CALC-1020,pending_formula_or_rule_implementation,"ACR imaging appropriateness/incidental-finding entries are rating-table or pathway rules, not single equations; implement as guideline rule tables only after extracting scenario-specific tables from ACR narrative/rating PDFs.",markdown_or_data_table_until_source_complete,,structured pathway logic and versioned guideline rules,metadata_self_check_only,external source metadata is present but executable formula/rule still requires audit,guideline_pathway,影像适宜性与检查路径扩展,ACR 异物摄入影像适宜性评分,ACR Appropriateness Criteria for 异物摄入,ACR Appropriateness Criteria,https://www.acr.org/Clinical-Resources/ACR-Appropriateness-Criteria
CALC-1021,pending_formula_or_rule_implementation,"ACR imaging appropriateness/incidental-finding entries are rating-table or pathway rules, not single equations; implement as guideline rule tables only after extracting scenario-specific tables from ACR narrative/rating PDFs.",markdown_or_data_table_until_source_complete,,structured pathway logic and versioned guideline rules,metadata_self_check_only,external source metadata is present but executable formula/rule still requires audit,guideline_pathway,影像适宜性与检查路径扩展,ACR 术后发热影像适宜性评分,ACR Appropriateness Criteria for 术后发热,ACR Appropriateness Criteria,https://www.acr.org/Clinical-Resources/ACR-Appropriateness-Criteria
CALC-1022,pending_formula_or_rule_implementation,"ACR imaging appropriateness/incidental-finding entries are rating-table or pathway rules, not single equations; implement as guideline rule tables only after extracting scenario-specific tables from ACR narrative/rating PDFs.",markdown_or_data_table_until_source_complete,,structured pathway logic and versioned guideline rules,metadata_self_check_only,external source metadata is present but executable formula/rule still requires audit,guideline_pathway,影像适宜性与检查路径扩展,ACR 血管通路并发症影像适宜性评分,ACR Appropriateness Criteria for 血管通路并发症,ACR Appropriateness Criteria,https://www.acr.org/Clinical-Resources/ACR-Appropriateness-Criteria
CALC-1023,pending_formula_or_rule_implementation,"ACR imaging appropriateness/incidental-finding entries are rating-table or pathway rules, not single equations; implement as guideline rule tables only after extracting scenario-specific tables from ACR narrative/rating PDFs.",markdown_or_data_table_until_source_complete,,structured pathway logic and versioned guideline rules,metadata_self_check_only,external source metadata is present but executable formula/rule still requires audit,guideline_pathway,影像适宜性与检查路径扩展,ACR 透析通路评估影像适宜性评分,ACR Appropriateness Criteria for 透析通路评估,ACR Appropriateness Criteria,https://www.acr.org/Clinical-Resources/ACR-Appropriateness-Criteria
CALC-1024,pending_formula_or_rule_implementation,"ACR imaging appropriateness/incidental-finding entries are rating-table or pathway rules, not single equations; implement as guideline rule tables only after extracting scenario-specific tables from ACR narrative/rating PDFs.",markdown_or_data_table_until_source_complete,,structured pathway logic and versioned guideline rules,metadata_self_check_only,external source metadata is present but executable formula/rule still requires audit,guideline_pathway,影像适宜性与检查路径扩展,ACR 下肢缺血影像适宜性评分,ACR Appropriateness Criteria for 下肢缺血,ACR Appropriateness Criteria,https://www.acr.org/Clinical-Resources/ACR-Appropriateness-Criteria
CALC-1025,pending_formula_or_rule_implementation,"ACR imaging appropriateness/incidental-finding entries are rating-table or pathway rules, not single equations; implement as guideline rule tables only after extracting scenario-specific tables from ACR narrative/rating PDFs.",markdown_or_data_table_until_source_complete,,structured pathway logic and versioned guideline rules,metadata_self_check_only,external source metadata is present but executable formula/rule still requires audit,guideline_pathway,影像适宜性与检查路径扩展,ACR 深静脉血栓影像适宜性评分,ACR Appropriateness Criteria for 深静脉血栓,ACR Appropriateness Criteria,https://www.acr.org/Clinical-Resources/ACR-Appropriateness-Criteria
CALC-1026,pending_formula_or_rule_implementation,"ACR imaging appropriateness/incidental-finding entries are rating-table or pathway rules, not single equations; implement as guideline rule tables only after extracting scenario-specific tables from ACR narrative/rating PDFs.",markdown_or_data_table_until_source_complete,,structured pathway logic and versioned guideline rules,metadata_self_check_only,external source metadata is present but executable formula/rule still requires audit,guideline_pathway,影像适宜性与检查路径扩展,ACR 慢性肝病HCC筛查影像适宜性评分,ACR Appropriateness Criteria for 慢性肝病HCC筛查,ACR Appropriateness Criteria,https://www.acr.org/Clinical-Resources/ACR-Appropriateness-Criteria
CALC-1027,pending_formula_or_rule_implementation,"ACR imaging appropriateness/incidental-finding entries are rating-table or pathway rules, not single equations; implement as guideline rule tables only after extracting scenario-specific tables from ACR narrative/rating PDFs.",markdown_or_data_table_until_source_complete,,structured pathway logic and versioned guideline rules,metadata_self_check_only,external source metadata is present but executable formula/rule still requires audit,guideline_pathway,影像适宜性与检查路径扩展,ACR 胆道梗阻影像适宜性评分,ACR Appropriateness Criteria for 胆道梗阻,ACR Appropriateness Criteria,https://www.acr.org/Clinical-Resources/ACR-Appropriateness-Criteria
CALC-1028,pending_formula_or_rule_implementation,"ACR imaging appropriateness/incidental-finding entries are rating-table or pathway rules, not single equations; implement as guideline rule tables only after extracting scenario-specific tables from ACR narrative/rating PDFs.",markdown_or_data_table_until_source_complete,,structured pathway logic and versioned guideline rules,metadata_self_check_only,external source metadata is present but executable formula/rule still requires audit,guideline_pathway,影像适宜性与检查路径扩展,ACR 肠系膜缺血影像适宜性评分,ACR Appropriateness Criteria for 肠系膜缺血,ACR Appropriateness Criteria,https://www.acr.org/Clinical-Resources/ACR-Appropriateness-Criteria
CALC-1029,pending_formula_or_rule_implementation,"ACR imaging appropriateness/incidental-finding entries are rating-table or pathway rules, not single equations; implement as guideline rule tables only after extracting scenario-specific tables from ACR narrative/rating PDFs.",markdown_or_data_table_until_source_complete,,structured pathway logic and versioned guideline rules,metadata_self_check_only,external source metadata is present but executable formula/rule still requires audit,guideline_pathway,影像适宜性与检查路径扩展,ACR 主动脉瘤随访影像适宜性评分,ACR Appropriateness Criteria for 主动脉瘤随访,ACR Appropriateness Criteria,https://www.acr.org/Clinical-Resources/ACR-Appropriateness-Criteria
CALC-1030,pending_formula_or_rule_implementation,"ACR imaging appropriateness/incidental-finding entries are rating-table or pathway rules, not single equations; implement as guideline rule tables only after extracting scenario-specific tables from ACR narrative/rating PDFs.",markdown_or_data_table_until_source_complete,,structured pathway logic and versioned guideline rules,metadata_self_check_only,external source metadata is present but executable formula/rule still requires audit,guideline_pathway,影像适宜性与检查路径扩展,ACR 冠状动脉钙化筛查影像适宜性评分,ACR Appropriateness Criteria for 冠状动脉钙化筛查,ACR Appropriateness Criteria,https://www.acr.org/Clinical-Resources/ACR-Appropriateness-Criteria
CALC-1031,pending_formula_or_rule_implementation,"ACR imaging appropriateness/incidental-finding entries are rating-table or pathway rules, not single equations; implement as guideline rule tables only after extracting scenario-specific tables from ACR narrative/rating PDFs.",markdown_or_data_table_until_source_complete,,structured pathway logic and versioned guideline rules,metadata_self_check_only,external source metadata is present but executable formula/rule still requires audit,guideline_pathway,影像适宜性与检查路径扩展,ACR 先天性心脏病影像影像适宜性评分,ACR Appropriateness Criteria for 先天性心脏病影像,ACR Appropriateness Criteria,https://www.acr.org/Clinical-Resources/ACR-Appropriateness-Criteria
CALC-1032,pending_formula_or_rule_implementation,"ACR imaging appropriateness/incidental-finding entries are rating-table or pathway rules, not single equations; implement as guideline rule tables only after extracting scenario-specific tables from ACR narrative/rating PDFs.",markdown_or_data_table_until_source_complete,,structured pathway logic and versioned guideline rules,metadata_self_check_only,external source metadata is present but executable formula/rule still requires audit,guideline_pathway,影像适宜性与检查路径扩展,ACR 心肌病影像影像适宜性评分,ACR Appropriateness Criteria for 心肌病影像,ACR Appropriateness Criteria,https://www.acr.org/Clinical-Resources/ACR-Appropriateness-Criteria
CALC-1033,pending_formula_or_rule_implementation,"ACR imaging appropriateness/incidental-finding entries are rating-table or pathway rules, not single equations; implement as guideline rule tables only after extracting scenario-specific tables from ACR narrative/rating PDFs.",markdown_or_data_table_until_source_complete,,structured pathway logic and versioned guideline rules,metadata_self_check_only,external source metadata is present but executable formula/rule still requires audit,guideline_pathway,影像适宜性与检查路径扩展,ACR 心包疾病影像适宜性评分,ACR Appropriateness Criteria for 心包疾病,ACR Appropriateness Criteria,https://www.acr.org/Clinical-Resources/ACR-Appropriateness-Criteria
CALC-1034,pending_formula_or_rule_implementation,"ACR imaging appropriateness/incidental-finding entries are rating-table or pathway rules, not single equations; implement as guideline rule tables only after extracting scenario-specific tables from ACR narrative/rating PDFs.",markdown_or_data_table_until_source_complete,,structured pathway logic and versioned guideline rules,metadata_self_check_only,external source metadata is present but executable formula/rule still requires audit,guideline_pathway,影像适宜性与检查路径扩展,ACR 肺高压影像评估影像适宜性评分,ACR Appropriateness Criteria for 肺高压影像评估,ACR Appropriateness Criteria,https://www.acr.org/Clinical-Resources/ACR-Appropriateness-Criteria
CALC-1035,pending_formula_or_rule_implementation,"ACR imaging appropriateness/incidental-finding entries are rating-table or pathway rules, not single equations; implement as guideline rule tables only after extracting scenario-specific tables from ACR narrative/rating PDFs.",markdown_or_data_table_until_source_complete,,structured pathway logic and versioned guideline rules,metadata_self_check_only,external source metadata is present but executable formula/rule still requires audit,guideline_pathway,影像适宜性与检查路径扩展,ACR 睡眠呼吸暂停影像影像适宜性评分,ACR Appropriateness Criteria for 睡眠呼吸暂停影像,ACR Appropriateness Criteria,https://www.acr.org/Clinical-Resources/ACR-Appropriateness-Criteria
CALC-1036,pending_formula_or_rule_implementation,"ACR imaging appropriateness/incidental-finding entries are rating-table or pathway rules, not single equations; implement as guideline rule tables only after extracting scenario-specific tables from ACR narrative/rating PDFs.",markdown_or_data_table_until_source_complete,,structured pathway logic and versioned guideline rules,metadata_self_check_only,external source metadata is present but executable formula/rule still requires audit,guideline_pathway,影像适宜性与检查路径扩展,ACR 气道异物影像适宜性评分,ACR Appropriateness Criteria for 气道异物,ACR Appropriateness Criteria,https://www.acr.org/Clinical-Resources/ACR-Appropriateness-Criteria
CALC-1037,pending_formula_or_rule_implementation,"ACR imaging appropriateness/incidental-finding entries are rating-table or pathway rules, not single equations; implement as guideline rule tables only after extracting scenario-specific tables from ACR narrative/rating PDFs.",markdown_or_data_table_until_source_complete,,structured pathway logic and versioned guideline rules,metadata_self_check_only,external source metadata is present but executable formula/rule still requires audit,guideline_pathway,影像适宜性与检查路径扩展,ACR 颈部肿块影像适宜性评分,ACR Appropriateness Criteria for 颈部肿块,ACR Appropriateness Criteria,https://www.acr.org/Clinical-Resources/ACR-Appropriateness-Criteria
CALC-1038,pending_formula_or_rule_implementation,"ACR imaging appropriateness/incidental-finding entries are rating-table or pathway rules, not single equations; implement as guideline rule tables only after extracting scenario-specific tables from ACR narrative/rating PDFs.",markdown_or_data_table_until_source_complete,,structured pathway logic and versioned guideline rules,metadata_self_check_only,external source metadata is present but executable formula/rule still requires audit,guideline_pathway,影像适宜性与检查路径扩展,ACR 不明原发癌影像适宜性评分,ACR Appropriateness Criteria for 不明原发癌,ACR Appropriateness Criteria,https://www.acr.org/Clinical-Resources/ACR-Appropriateness-Criteria
CALC-1039,pending_formula_or_rule_implementation,"ACR imaging appropriateness/incidental-finding entries are rating-table or pathway rules, not single equations; implement as guideline rule tables only after extracting scenario-specific tables from ACR narrative/rating PDFs.",markdown_or_data_table_until_source_complete,,structured pathway logic and versioned guideline rules,metadata_self_check_only,external source metadata is present but executable formula/rule still requires audit,guideline_pathway,影像适宜性与检查路径扩展,甲状腺偶发结节随访管理建议,ACR Incidental Thyroid Nodule Follow-up Recommendation Support,ACR Incidental Findings / Specialty Consensus,https://www.acr.org/Clinical-Resources/Reporting-and-Data-Systems
CALC-1040,pending_formula_or_rule_implementation,"ACR imaging appropriateness/incidental-finding entries are rating-table or pathway rules, not single equations; implement as guideline rule tables only after extracting scenario-specific tables from ACR narrative/rating PDFs.",markdown_or_data_table_until_source_complete,,structured pathway logic and versioned guideline rules,metadata_self_check_only,external source metadata is present but executable formula/rule still requires audit,guideline_pathway,影像适宜性与检查路径扩展,肺部偶发结节随访管理建议,Fleischner Pulmonary Nodule Follow-up Recommendation Support,ACR Incidental Findings / Specialty Consensus,https://www.acr.org/Clinical-Resources/Reporting-and-Data-Systems
CALC-1041,pending_formula_or_rule_implementation,"ACR imaging appropriateness/incidental-finding entries are rating-table or pathway rules, not single equations; implement as guideline rule tables only after extracting scenario-specific tables from ACR narrative/rating PDFs.",markdown_or_data_table_until_source_complete,,structured pathway logic and versioned guideline rules,metadata_self_check_only,external source metadata is present but executable formula/rule still requires audit,guideline_pathway,影像适宜性与检查路径扩展,肝脏偶发病灶随访管理建议,ACR Incidental Liver Lesion Follow-up Recommendation Support,ACR Incidental Findings / Specialty Consensus,https://www.acr.org/Clinical-Resources/Reporting-and-Data-Systems
CALC-1042,pending_formula_or_rule_implementation,"ACR imaging appropriateness/incidental-finding entries are rating-table or pathway rules, not single equations; implement as guideline rule tables only after extracting scenario-specific tables from ACR narrative/rating PDFs.",markdown_or_data_table_until_source_complete,,structured pathway logic and versioned guideline rules,metadata_self_check_only,external source metadata is present but executable formula/rule still requires audit,guideline_pathway,影像适宜性与检查路径扩展,胰腺囊性偶发病灶随访管理建议,ACR Incidental Pancreatic Cyst Follow-up Recommendation Support,ACR Incidental Findings / Specialty Consensus,https://www.acr.org/Clinical-Resources/Reporting-and-Data-Systems
CALC-1043,pending_formula_or_rule_implementation,"ACR imaging appropriateness/incidental-finding entries are rating-table or pathway rules, not single equations; implement as guideline rule tables only after extracting scenario-specific tables from ACR narrative/rating PDFs.",markdown_or_data_table_until_source_complete,,structured pathway logic and versioned guideline rules,metadata_self_check_only,external source metadata is present but executable formula/rule still requires audit,guideline_pathway,影像适宜性与检查路径扩展,肾脏偶发肿块随访管理建议,ACR Incidental Renal Mass Follow-up Recommendation Support,ACR Incidental Findings / Specialty Consensus,https://www.acr.org/Clinical-Resources/Reporting-and-Data-Systems
CALC-1044,pending_formula_or_rule_implementation,"ACR imaging appropriateness/incidental-finding entries are rating-table or pathway rules, not single equations; implement as guideline rule tables only after extracting scenario-specific tables from ACR narrative/rating PDFs.",markdown_or_data_table_until_source_complete,,structured pathway logic and versioned guideline rules,metadata_self_check_only,external source metadata is present but executable formula/rule still requires audit,guideline_pathway,影像适宜性与检查路径扩展,肾上腺偶发肿块随访管理建议,ACR Incidental Adrenal Mass Follow-up Recommendation Support,ACR Incidental Findings / Specialty Consensus,https://www.acr.org/Clinical-Resources/Reporting-and-Data-Systems
CALC-1045,pending_formula_or_rule_implementation,"ACR imaging appropriateness/incidental-finding entries are rating-table or pathway rules, not single equations; implement as guideline rule tables only after extracting scenario-specific tables from ACR narrative/rating PDFs.",markdown_or_data_table_until_source_complete,,structured pathway logic and versioned guideline rules,metadata_self_check_only,external source metadata is present but executable formula/rule still requires audit,guideline_pathway,影像适宜性与检查路径扩展,脾脏偶发病灶随访管理建议,ACR Incidental Splenic Lesion Follow-up Recommendation Support,ACR Incidental Findings / Specialty Consensus,https://www.acr.org/Clinical-Resources/Reporting-and-Data-Systems
CALC-1046,pending_formula_or_rule_implementation,"ACR imaging appropriateness/incidental-finding entries are rating-table or pathway rules, not single equations; implement as guideline rule tables only after extracting scenario-specific tables from ACR narrative/rating PDFs.",markdown_or_data_table_until_source_complete,,structured pathway logic and versioned guideline rules,metadata_self_check_only,external source metadata is present but executable formula/rule still requires audit,guideline_pathway,影像适宜性与检查路径扩展,卵巢附件偶发囊肿随访管理建议,ACR Incidental Adnexal Cyst Follow-up Recommendation Support,ACR Incidental Findings / Specialty Consensus,https://www.acr.org/Clinical-Resources/Reporting-and-Data-Systems
CALC-1047,pending_formula_or_rule_implementation,"ACR imaging appropriateness/incidental-finding entries are rating-table or pathway rules, not single equations; implement as guideline rule tables only after extracting scenario-specific tables from ACR narrative/rating PDFs.",markdown_or_data_table_until_source_complete,,structured pathway logic and versioned guideline rules,metadata_self_check_only,external source metadata is present but executable formula/rule still requires audit,guideline_pathway,影像适宜性与检查路径扩展,淋巴结偶发肿大随访管理建议,ACR Incidental Lymph Node Follow-up Recommendation Support,ACR Incidental Findings / Specialty Consensus,https://www.acr.org/Clinical-Resources/Reporting-and-Data-Systems
CALC-1048,pending_formula_or_rule_implementation,"ACR imaging appropriateness/incidental-finding entries are rating-table or pathway rules, not single equations; implement as guideline rule tables only after extracting scenario-specific tables from ACR narrative/rating PDFs.",markdown_or_data_table_until_source_complete,,structured pathway logic and versioned guideline rules,metadata_self_check_only,external source metadata is present but executable formula/rule still requires audit,guideline_pathway,影像适宜性与检查路径扩展,骨偶发病灶随访管理建议,SSR Bone-RADS Follow-up Recommendation Support,ACR Incidental Findings / Specialty Consensus,https://www.acr.org/Clinical-Resources/Reporting-and-Data-Systems
CALC-1049,pending_formula_or_rule_implementation,"ACR imaging appropriateness/incidental-finding entries are rating-table or pathway rules, not single equations; implement as guideline rule tables only after extracting scenario-specific tables from ACR narrative/rating PDFs.",markdown_or_data_table_until_source_complete,,structured pathway logic and versioned guideline rules,metadata_self_check_only,external source metadata is present but executable formula/rule still requires audit,guideline_pathway,影像适宜性与检查路径扩展,脑垂体偶发瘤随访管理建议,Pituitary Incidentaloma Follow-up Recommendation Support,ACR Incidental Findings / Specialty Consensus,https://www.acr.org/Clinical-Resources/Reporting-and-Data-Systems
CALC-1050,pending_formula_or_rule_implementation,"ACR imaging appropriateness/incidental-finding entries are rating-table or pathway rules, not single equations; implement as guideline rule tables only after extracting scenario-specific tables from ACR narrative/rating PDFs.",markdown_or_data_table_until_source_complete,,structured pathway logic and versioned guideline rules,metadata_self_check_only,external source metadata is present but executable formula/rule still requires audit,guideline_pathway,影像适宜性与检查路径扩展,脑白质偶发改变随访管理建议,Incidental White Matter Lesions Follow-up Recommendation Support,ACR Incidental Findings / Specialty Consensus,https://www.acr.org/Clinical-Resources/Reporting-and-Data-Systems
CALC-1051,pending_formula_or_rule_implementation,"ACR imaging appropriateness/incidental-finding entries are rating-table or pathway rules, not single equations; implement as guideline rule tables only after extracting scenario-specific tables from ACR narrative/rating PDFs.",markdown_or_data_table_until_source_complete,,structured pathway logic and versioned guideline rules,metadata_self_check_only,external source metadata is present but executable formula/rule still requires audit,guideline_pathway,影像适宜性与检查路径扩展,冠状动脉钙化偶发发现随访管理建议,Incidental Coronary Artery Calcium Follow-up Recommendation Support,ACR Incidental Findings / Specialty Consensus,https://www.acr.org/Clinical-Resources/Reporting-and-Data-Systems
CALC-1052,pending_formula_or_rule_implementation,"ACR imaging appropriateness/incidental-finding entries are rating-table or pathway rules, not single equations; implement as guideline rule tables only after extracting scenario-specific tables from ACR narrative/rating PDFs.",markdown_or_data_table_until_source_complete,,structured pathway logic and versioned guideline rules,metadata_self_check_only,external source metadata is present but executable formula/rule still requires audit,guideline_pathway,影像适宜性与检查路径扩展,主动脉扩张偶发发现随访管理建议,Incidental Aortic Dilatation Follow-up Recommendation Support,ACR Incidental Findings / Specialty Consensus,https://www.acr.org/Clinical-Resources/Reporting-and-Data-Systems
CALC-1053,pending_formula_or_rule_implementation,"ACR imaging appropriateness/incidental-finding entries are rating-table or pathway rules, not single equations; implement as guideline rule tables only after extracting scenario-specific tables from ACR narrative/rating PDFs.",markdown_or_data_table_until_source_complete,,structured pathway logic and versioned guideline rules,metadata_self_check_only,external source metadata is present but executable formula/rule still requires audit,guideline_pathway,影像适宜性与检查路径扩展,乳腺MRI背景强化随访管理建议,Breast MRI Background Parenchymal Enhancement Follow-up Recommendation Support,ACR Incidental Findings / Specialty Consensus,https://www.acr.org/Clinical-Resources/Reporting-and-Data-Systems
CALC-1054,pending_formula_or_rule_implementation,"ACR imaging appropriateness/incidental-finding entries are rating-table or pathway rules, not single equations; implement as guideline rule tables only after extracting scenario-specific tables from ACR narrative/rating PDFs.",markdown_or_data_table_until_source_complete,,structured pathway logic and versioned guideline rules,metadata_self_check_only,external source metadata is present but executable formula/rule still requires audit,guideline_pathway,影像适宜性与检查路径扩展,前列腺MRI偶发发现随访管理建议,Incidental Prostate MRI Finding Follow-up Recommendation Support,ACR Incidental Findings / Specialty Consensus,https://www.acr.org/Clinical-Resources/Reporting-and-Data-Systems
CALC-1055,pending_formula_or_rule_implementation,"ACR imaging appropriateness/incidental-finding entries are rating-table or pathway rules, not single equations; implement as guideline rule tables only after extracting scenario-specific tables from ACR narrative/rating PDFs.",markdown_or_data_table_until_source_complete,,structured pathway logic and versioned guideline rules,metadata_self_check_only,external source metadata is present but executable formula/rule still requires audit,guideline_pathway,影像适宜性与检查路径扩展,胆囊息肉随访管理建议,Gallbladder Polyp Management Follow-up Recommendation Support,ACR Incidental Findings / Specialty Consensus,https://www.acr.org/Clinical-Resources/Reporting-and-Data-Systems
CALC-1056,pending_formula_or_rule_implementation,"ACR imaging appropriateness/incidental-finding entries are rating-table or pathway rules, not single equations; implement as guideline rule tables only after extracting scenario-specific tables from ACR narrative/rating PDFs.",markdown_or_data_table_until_source_complete,,structured pathway logic and versioned guideline rules,metadata_self_check_only,external source metadata is present but executable formula/rule still requires audit,guideline_pathway,影像适宜性与检查路径扩展,胆管扩张偶发发现随访管理建议,Incidental Bile Duct Dilatation Follow-up Recommendation Support,ACR Incidental Findings / Specialty Consensus,https://www.acr.org/Clinical-Resources/Reporting-and-Data-Systems
CALC-1057,pending_formula_or_rule_implementation,"ACR imaging appropriateness/incidental-finding entries are rating-table or pathway rules, not single equations; implement as guideline rule tables only after extracting scenario-specific tables from ACR narrative/rating PDFs.",markdown_or_data_table_until_source_complete,,structured pathway logic and versioned guideline rules,metadata_self_check_only,external source metadata is present but executable formula/rule still requires audit,guideline_pathway,影像适宜性与检查路径扩展,子宫内膜增厚偶发发现随访管理建议,Incidental Endometrial Thickening Follow-up Recommendation Support,ACR Incidental Findings / Specialty Consensus,https://www.acr.org/Clinical-Resources/Reporting-and-Data-Systems
CALC-1058,pending_formula_or_rule_implementation,"ACR imaging appropriateness/incidental-finding entries are rating-table or pathway rules, not single equations; implement as guideline rule tables only after extracting scenario-specific tables from ACR narrative/rating PDFs.",markdown_or_data_table_until_source_complete,,structured pathway logic and versioned guideline rules,metadata_self_check_only,external source metadata is present but executable formula/rule still requires audit,guideline_pathway,影像适宜性与检查路径扩展,椎体血管瘤偶发发现随访管理建议,Incidental Vertebral Hemangioma Follow-up Recommendation Support,ACR Incidental Findings / Specialty Consensus,https://www.acr.org/Clinical-Resources/Reporting-and-Data-Systems
CALC-1059,pending_formula_or_rule_implementation,"ACR imaging appropriateness/incidental-finding entries are rating-table or pathway rules, not single equations; implement as guideline rule tables only after extracting scenario-specific tables from ACR narrative/rating PDFs.",markdown_or_data_table_until_source_complete,,structured pathway logic and versioned guideline rules,metadata_self_check_only,external source metadata is present but executable formula/rule still requires audit,guideline_pathway,影像适宜性与检查路径扩展,脑动脉瘤偶发发现随访管理建议,Incidental Intracranial Aneurysm Follow-up Recommendation Support,ACR Incidental Findings / Specialty Consensus,https://www.acr.org/Clinical-Resources/Reporting-and-Data-Systems
CALC-1060,pending_formula_or_rule_implementation,"ACR imaging appropriateness/incidental-finding entries are rating-table or pathway rules, not single equations; implement as guideline rule tables only after extracting scenario-specific tables from ACR narrative/rating PDFs.",markdown_or_data_table_until_source_complete,,structured pathway logic and versioned guideline rules,metadata_self_check_only,external source metadata is present but executable formula/rule still requires audit,guideline_pathway,影像适宜性与检查路径扩展,颈动脉狭窄偶发发现随访管理建议,Incidental Carotid Stenosis Follow-up Recommendation Support,ACR Incidental Findings / Specialty Consensus,https://www.acr.org/Clinical-Resources/Reporting-and-Data-Systems
CALC-1061,pending_formula_or_rule_implementation,"ACR imaging appropriateness/incidental-finding entries are rating-table or pathway rules, not single equations; implement as guideline rule tables only after extracting scenario-specific tables from ACR narrative/rating PDFs.",markdown_or_data_table_until_source_complete,,structured pathway logic and versioned guideline rules,metadata_self_check_only,external source metadata is present but executable formula/rule still requires audit,guideline_pathway,影像适宜性与检查路径扩展,肺气肿影像偶发发现随访管理建议,Incidental Emphysema Follow-up Recommendation Support,ACR Incidental Findings / Specialty Consensus,https://www.acr.org/Clinical-Resources/Reporting-and-Data-Systems
CALC-1062,pending_formula_or_rule_implementation,"ACR imaging appropriateness/incidental-finding entries are rating-table or pathway rules, not single equations; implement as guideline rule tables only after extracting scenario-specific tables from ACR narrative/rating PDFs.",markdown_or_data_table_until_source_complete,,structured pathway logic and versioned guideline rules,metadata_self_check_only,external source metadata is present but executable formula/rule still requires audit,guideline_pathway,影像适宜性与检查路径扩展,间质性肺异常随访管理建议,Interstitial Lung Abnormality Follow-up Recommendation Support,ACR Incidental Findings / Specialty Consensus,https://www.acr.org/Clinical-Resources/Reporting-and-Data-Systems
CALC-1063,pending_formula_or_rule_implementation,"ACR imaging appropriateness/incidental-finding entries are rating-table or pathway rules, not single equations; implement as guideline rule tables only after extracting scenario-specific tables from ACR narrative/rating PDFs.",markdown_or_data_table_until_source_complete,,structured pathway logic and versioned guideline rules,metadata_self_check_only,external source metadata is present but executable formula/rule still requires audit,guideline_pathway,影像适宜性与检查路径扩展,肝硬化影像偶发提示随访管理建议,Incidental Imaging Suggestion of Cirrhosis Follow-up Recommendation Support,ACR Incidental Findings / Specialty Consensus,https://www.acr.org/Clinical-Resources/Reporting-and-Data-Systems
CALC-1064,pending_formula_or_rule_implementation,"ACR imaging appropriateness/incidental-finding entries are rating-table or pathway rules, not single equations; implement as guideline rule tables only after extracting scenario-specific tables from ACR narrative/rating PDFs.",markdown_or_data_table_until_source_complete,,structured pathway logic and versioned guideline rules,metadata_self_check_only,external source metadata is present but executable formula/rule still requires audit,guideline_pathway,影像适宜性与检查路径扩展,脂肪肝影像偶发提示随访管理建议,Incidental Hepatic Steatosis Follow-up Recommendation Support,ACR Incidental Findings / Specialty Consensus,https://www.acr.org/Clinical-Resources/Reporting-and-Data-Systems
CALC-1065,pending_formula_or_rule_implementation,"ACR imaging appropriateness/incidental-finding entries are rating-table or pathway rules, not single equations; implement as guideline rule tables only after extracting scenario-specific tables from ACR narrative/rating PDFs.",markdown_or_data_table_until_source_complete,,structured pathway logic and versioned guideline rules,metadata_self_check_only,external source metadata is present but executable formula/rule still requires audit,guideline_pathway,影像适宜性与检查路径扩展,肾积水偶发发现随访管理建议,Incidental Hydronephrosis Follow-up Recommendation Support,ACR Incidental Findings / Specialty Consensus,https://www.acr.org/Clinical-Resources/Reporting-and-Data-Systems
CALC-1066,pending_formula_or_rule_implementation,"ACR imaging appropriateness/incidental-finding entries are rating-table or pathway rules, not single equations; implement as guideline rule tables only after extracting scenario-specific tables from ACR narrative/rating PDFs.",markdown_or_data_table_until_source_complete,,structured pathway logic and versioned guideline rules,metadata_self_check_only,external source metadata is present but executable formula/rule still requires audit,guideline_pathway,影像适宜性与检查路径扩展,膀胱壁增厚偶发发现随访管理建议,Incidental Bladder Wall Thickening Follow-up Recommendation Support,ACR Incidental Findings / Specialty Consensus,https://www.acr.org/Clinical-Resources/Reporting-and-Data-Systems
CALC-1067,pending_formula_or_rule_implementation,"ACR imaging appropriateness/incidental-finding entries are rating-table or pathway rules, not single equations; implement as guideline rule tables only after extracting scenario-specific tables from ACR narrative/rating PDFs.",markdown_or_data_table_until_source_complete,,structured pathway logic and versioned guideline rules,metadata_self_check_only,external source metadata is present but executable formula/rule still requires audit,guideline_pathway,影像适宜性与检查路径扩展,肠壁增厚偶发发现随访管理建议,Incidental Bowel Wall Thickening Follow-up Recommendation Support,ACR Incidental Findings / Specialty Consensus,https://www.acr.org/Clinical-Resources/Reporting-and-Data-Systems
CALC-1068,pending_formula_or_rule_implementation,"ACR imaging appropriateness/incidental-finding entries are rating-table or pathway rules, not single equations; implement as guideline rule tables only after extracting scenario-specific tables from ACR narrative/rating PDFs.",markdown_or_data_table_until_source_complete,,structured pathway logic and versioned guideline rules,metadata_self_check_only,external source metadata is present but executable formula/rule still requires audit,guideline_pathway,影像适宜性与检查路径扩展,腹膜结节偶发发现随访管理建议,Incidental Peritoneal Nodule Follow-up Recommendation Support,ACR Incidental Findings / Specialty Consensus,https://www.acr.org/Clinical-Resources/Reporting-and-Data-Systems
CALC-1069,pending_formula_or_rule_implementation,"Medication/TDM/pharmacogenomic rows require drug-specific label/guideline rules, target ranges, patient context, and versioning; external sources can supply rules but not one universal formula.",markdown_or_data_table_until_source_complete,,"drug-specific dosing/TDM rules, monitoring conditions, and safety constraints",metadata_self_check_only,external source metadata is present but executable formula/rule still requires audit,drug_rule,临床药理、药物剂量与TDM扩展,地高辛剂量和浓度解释,Digoxin Dose and Level Interpretation,CPIC / Lexicomp-style institutional dosing / TDM guidance,https://cpicpgx.org/guidelines/
CALC-1070,implemented,formula logic is linked in Python registry,python_executable,clinical_calculators.calculators.common.clinical_pharmacology_more,measured_total_phenytoin_mcg_ml; albumin_g_dl; renal_failure,unit_tests_and_registry_smoke,external source and formula details represented in registry metadata,,临床药理、药物剂量与TDM扩展,苯妥英校正浓度,Corrected Phenytoin Level,Phenytoin correction calculator,https://www.mdcalc.com/calc/2471/phenytoin-dilantin-correction-calculator
CALC-1071,pending_formula_or_rule_implementation,"Medication/TDM/pharmacogenomic rows require drug-specific label/guideline rules, target ranges, patient context, and versioning; external sources can supply rules but not one universal formula.",markdown_or_data_table_until_source_complete,,"drug-specific dosing/TDM rules, monitoring conditions, and safety constraints",metadata_self_check_only,external source metadata is present but executable formula/rule still requires audit,drug_rule,临床药理、药物剂量与TDM扩展,丙戊酸游离浓度风险解释,Valproate Free Level Risk Support,CPIC / Lexicomp-style institutional dosing / TDM guidance,https://cpicpgx.org/guidelines/
CALC-1072,pending_formula_or_rule_implementation,"Medication/TDM/pharmacogenomic rows require drug-specific label/guideline rules, target ranges, patient context, and versioning; external sources can supply rules but not one universal formula.",markdown_or_data_table_until_source_complete,,"drug-specific dosing/TDM rules, monitoring conditions, and safety constraints",metadata_self_check_only,external source metadata is present but executable formula/rule still requires audit,drug_rule,临床药理、药物剂量与TDM扩展,卡马西平浓度解释,Carbamazepine Level Interpretation,CPIC / Lexicomp-style institutional dosing / TDM guidance,https://cpicpgx.org/guidelines/
CALC-1073,pending_formula_or_rule_implementation,"Medication/TDM/pharmacogenomic rows require drug-specific label/guideline rules, target ranges, patient context, and versioning; external sources can supply rules but not one universal formula.",markdown_or_data_table_until_source_complete,,"drug-specific dosing/TDM rules, monitoring conditions, and safety constraints",metadata_self_check_only,external source metadata is present but executable formula/rule still requires audit,drug_rule,临床药理、药物剂量与TDM扩展,茶碱浓度解释,Theophylline Level Interpretation,CPIC / Lexicomp-style institutional dosing / TDM guidance,https://cpicpgx.org/guidelines/
CALC-1074,pending_formula_or_rule_implementation,"Medication/TDM/pharmacogenomic rows require drug-specific label/guideline rules, target ranges, patient context, and versioning; external sources can supply rules but not one universal formula.",markdown_or_data_table_until_source_complete,,"drug-specific dosing/TDM rules, monitoring conditions, and safety constraints",metadata_self_check_only,external source metadata is present but executable formula/rule still requires audit,drug_rule,临床药理、药物剂量与TDM扩展,他克莫司谷浓度解释,Tacrolimus Trough Interpretation,CPIC / Lexicomp-style institutional dosing / TDM guidance,https://cpicpgx.org/guidelines/
CALC-1075,pending_formula_or_rule_implementation,"Medication/TDM/pharmacogenomic rows require drug-specific label/guideline rules, target ranges, patient context, and versioning; external sources can supply rules but not one universal formula.",markdown_or_data_table_until_source_complete,,"drug-specific dosing/TDM rules, monitoring conditions, and safety constraints",metadata_self_check_only,external source metadata is present but executable formula/rule still requires audit,drug_rule,临床药理、药物剂量与TDM扩展,环孢素浓度解释,Cyclosporine Level Interpretation,CPIC / Lexicomp-style institutional dosing / TDM guidance,https://cpicpgx.org/guidelines/
CALC-1076,pending_formula_or_rule_implementation,"Medication/TDM/pharmacogenomic rows require drug-specific label/guideline rules, target ranges, patient context, and versioning; external sources can supply rules but not one universal formula.",markdown_or_data_table_until_source_complete,,"drug-specific dosing/TDM rules, monitoring conditions, and safety constraints",metadata_self_check_only,external source metadata is present but executable formula/rule still requires audit,drug_rule,临床药理、药物剂量与TDM扩展,西罗莫司浓度解释,Sirolimus Level Interpretation,CPIC / Lexicomp-style institutional dosing / TDM guidance,https://cpicpgx.org/guidelines/
CALC-1077,pending_formula_or_rule_implementation,"Medication/TDM/pharmacogenomic rows require drug-specific label/guideline rules, target ranges, patient context, and versioning; external sources can supply rules but not one universal formula.",markdown_or_data_table_until_source_complete,,"drug-specific dosing/TDM rules, monitoring conditions, and safety constraints",metadata_self_check_only,external source metadata is present but executable formula/rule still requires audit,drug_rule,临床药理、药物剂量与TDM扩展,吗替麦考酚酸暴露解释,Mycophenolic Acid Exposure Support,CPIC / Lexicomp-style institutional dosing / TDM guidance,https://cpicpgx.org/guidelines/
CALC-1078,pending_formula_or_rule_implementation,"Medication/TDM/pharmacogenomic rows require drug-specific label/guideline rules, target ranges, patient context, and versioning; external sources can supply rules but not one universal formula.",markdown_or_data_table_until_source_complete,,"drug-specific dosing/TDM rules, monitoring conditions, and safety constraints",metadata_self_check_only,external source metadata is present but executable formula/rule still requires audit,drug_rule,临床药理、药物剂量与TDM扩展,甲氨蝶呤清除延迟风险,High-Dose Methotrexate Delayed Clearance Support,CPIC / Lexicomp-style institutional dosing / TDM guidance,https://cpicpgx.org/guidelines/
CALC-1079,implemented,formula logic is linked in Python registry,python_executable,clinical_calculators.calculators.common.clinical_pharmacology_more,target_auc_mg_ml_min; gfr_ml_min,unit_tests_and_registry_smoke,external source and formula details represented in registry metadata,,临床药理、药物剂量与TDM扩展,卡铂Calvert剂量,Carboplatin Calvert Formula,CPIC / Lexicomp-style institutional dosing / TDM guidance,https://cpicpgx.org/guidelines/
CALC-1080,pending_formula_or_rule_implementation,"Medication/TDM/pharmacogenomic rows require drug-specific label/guideline rules, target ranges, patient context, and versioning; external sources can supply rules but not one universal formula.",markdown_or_data_table_until_source_complete,,"drug-specific dosing/TDM rules, monitoring conditions, and safety constraints",metadata_self_check_only,external source metadata is present but executable formula/rule still requires audit,drug_rule,临床药理、药物剂量与TDM扩展,紫杉醇体表面积剂量,Paclitaxel BSA Dose,CPIC / Lexicomp-style institutional dosing / TDM guidance,https://cpicpgx.org/guidelines/
CALC-1081,pending_formula_or_rule_implementation,"Medication/TDM/pharmacogenomic rows require drug-specific label/guideline rules, target ranges, patient context, and versioning; external sources can supply rules but not one universal formula.",markdown_or_data_table_until_source_complete,,"drug-specific dosing/TDM rules, monitoring conditions, and safety constraints",metadata_self_check_only,external source metadata is present but executable formula/rule still requires audit,drug_rule,临床药理、药物剂量与TDM扩展,顺铂肾功能剂量调整,Cisplatin Renal Dose Adjustment,CPIC / Lexicomp-style institutional dosing / TDM guidance,https://cpicpgx.org/guidelines/
CALC-1082,pending_formula_or_rule_implementation,"Medication/TDM/pharmacogenomic rows require drug-specific label/guideline rules, target ranges, patient context, and versioning; external sources can supply rules but not one universal formula.",markdown_or_data_table_until_source_complete,,"drug-specific dosing/TDM rules, monitoring conditions, and safety constraints",metadata_self_check_only,external source metadata is present but executable formula/rule still requires audit,drug_rule,临床药理、药物剂量与TDM扩展,伊立替康UGT1A1风险提示,Irinotecan UGT1A1 Toxicity Support,CPIC / Lexicomp-style institutional dosing / TDM guidance,https://cpicpgx.org/guidelines/
CALC-1083,pending_formula_or_rule_implementation,"Medication/TDM/pharmacogenomic rows require drug-specific label/guideline rules, target ranges, patient context, and versioning; external sources can supply rules but not one universal formula.",markdown_or_data_table_until_source_complete,,"drug-specific dosing/TDM rules, monitoring conditions, and safety constraints",metadata_self_check_only,external source metadata is present but executable formula/rule still requires audit,drug_rule,临床药理、药物剂量与TDM扩展,氟尿嘧啶DPYD风险提示,Fluoropyrimidine DPYD Toxicity Support,CPIC / Lexicomp-style institutional dosing / TDM guidance,https://cpicpgx.org/guidelines/
CALC-1084,pending_formula_or_rule_implementation,"Medication/TDM/pharmacogenomic rows require drug-specific label/guideline rules, target ranges, patient context, and versioning; external sources can supply rules but not one universal formula.",markdown_or_data_table_until_source_complete,,"drug-specific dosing/TDM rules, monitoring conditions, and safety constraints",metadata_self_check_only,external source metadata is present but executable formula/rule still requires audit,drug_rule,临床药理、药物剂量与TDM扩展,硫唑嘌呤TPMT/NUDT15剂量提示,Azathioprine TPMT NUDT15 Dose Support,CPIC / Lexicomp-style institutional dosing / TDM guidance,https://cpicpgx.org/guidelines/
CALC-1085,pending_formula_or_rule_implementation,"Medication/TDM/pharmacogenomic rows require drug-specific label/guideline rules, target ranges, patient context, and versioning; external sources can supply rules but not one universal formula.",markdown_or_data_table_until_source_complete,,"drug-specific dosing/TDM rules, monitoring conditions, and safety constraints",metadata_self_check_only,external source metadata is present but executable formula/rule still requires audit,drug_rule,临床药理、药物剂量与TDM扩展,氯吡格雷CYP2C19疗效提示,Clopidogrel CYP2C19 Response Support,CPIC / Lexicomp-style institutional dosing / TDM guidance,https://cpicpgx.org/guidelines/
CALC-1086,pending_formula_or_rule_implementation,"Medication/TDM/pharmacogenomic rows require drug-specific label/guideline rules, target ranges, patient context, and versioning; external sources can supply rules but not one universal formula.",markdown_or_data_table_until_source_complete,,"drug-specific dosing/TDM rules, monitoring conditions, and safety constraints",metadata_self_check_only,external source metadata is present but executable formula/rule still requires audit,drug_rule,临床药理、药物剂量与TDM扩展,阿巴卡韦HLA-B5701安全提示,Abacavir HLA-B5701 Safety Support,CPIC / Lexicomp-style institutional dosing / TDM guidance,https://cpicpgx.org/guidelines/
CALC-1087,pending_formula_or_rule_implementation,"Medication/TDM/pharmacogenomic rows require drug-specific label/guideline rules, target ranges, patient context, and versioning; external sources can supply rules but not one universal formula.",markdown_or_data_table_until_source_complete,,"drug-specific dosing/TDM rules, monitoring conditions, and safety constraints",metadata_self_check_only,external source metadata is present but executable formula/rule still requires audit,drug_rule,临床药理、药物剂量与TDM扩展,别嘌醇HLA-B5801风险提示,Allopurinol HLA-B5801 Safety Support,CPIC / Lexicomp-style institutional dosing / TDM guidance,https://cpicpgx.org/guidelines/
CALC-1088,pending_formula_or_rule_implementation,"Medication/TDM/pharmacogenomic rows require drug-specific label/guideline rules, target ranges, patient context, and versioning; external sources can supply rules but not one universal formula.",markdown_or_data_table_until_source_complete,,"drug-specific dosing/TDM rules, monitoring conditions, and safety constraints",metadata_self_check_only,external source metadata is present but executable formula/rule still requires audit,drug_rule,临床药理、药物剂量与TDM扩展,伏立康唑CYP2C19剂量提示,Voriconazole CYP2C19 Dose Support,CPIC / Lexicomp-style institutional dosing / TDM guidance,https://cpicpgx.org/guidelines/
CALC-1089,pending_formula_or_rule_implementation,"Medication/TDM/pharmacogenomic rows require drug-specific label/guideline rules, target ranges, patient context, and versioning; external sources can supply rules but not one universal formula.",markdown_or_data_table_until_source_complete,,"drug-specific dosing/TDM rules, monitoring conditions, and safety constraints",metadata_self_check_only,external source metadata is present but executable formula/rule still requires audit,drug_rule,临床药理、药物剂量与TDM扩展,肝素抗Xa解释,Heparin Anti-Xa Interpretation,CPIC / Lexicomp-style institutional dosing / TDM guidance,https://cpicpgx.org/guidelines/
CALC-1090,pending_formula_or_rule_implementation,"Medication/TDM/pharmacogenomic rows require drug-specific label/guideline rules, target ranges, patient context, and versioning; external sources can supply rules but not one universal formula.",markdown_or_data_table_until_source_complete,,"drug-specific dosing/TDM rules, monitoring conditions, and safety constraints",metadata_self_check_only,external source metadata is present but executable formula/rule still requires audit,drug_rule,临床药理、药物剂量与TDM扩展,低分子肝素抗Xa解释,LMWH Anti-Xa Interpretation,CPIC / Lexicomp-style institutional dosing / TDM guidance,https://cpicpgx.org/guidelines/
CALC-1091,pending_formula_or_rule_implementation,"Medication/TDM/pharmacogenomic rows require drug-specific label/guideline rules, target ranges, patient context, and versioning; external sources can supply rules but not one universal formula.",markdown_or_data_table_until_source_complete,,"drug-specific dosing/TDM rules, monitoring conditions, and safety constraints",metadata_self_check_only,external source metadata is present but executable formula/rule still requires audit,drug_rule,临床药理、药物剂量与TDM扩展,直接口服抗凝药围手术停药,DOAC Perioperative Interruption Support,CPIC / Lexicomp-style institutional dosing / TDM guidance,https://cpicpgx.org/guidelines/
CALC-1092,pending_formula_or_rule_implementation,"Medication/TDM/pharmacogenomic rows require drug-specific label/guideline rules, target ranges, patient context, and versioning; external sources can supply rules but not one universal formula.",markdown_or_data_table_until_source_complete,,"drug-specific dosing/TDM rules, monitoring conditions, and safety constraints",metadata_self_check_only,external source metadata is present but executable formula/rule still requires audit,drug_rule,临床药理、药物剂量与TDM扩展,DOAC肾功能剂量提示,DOAC Renal Dose Support,CPIC / Lexicomp-style institutional dosing / TDM guidance,https://cpicpgx.org/guidelines/
CALC-1093,pending_formula_or_rule_implementation,"Medication/TDM/pharmacogenomic rows require drug-specific label/guideline rules, target ranges, patient context, and versioning; external sources can supply rules but not one universal formula.",markdown_or_data_table_until_source_complete,,"drug-specific dosing/TDM rules, monitoring conditions, and safety constraints",metadata_self_check_only,external source metadata is present but executable formula/rule still requires audit,drug_rule,临床药理、药物剂量与TDM扩展,华法林围手术桥接风险,Warfarin Perioperative Bridging Risk Support,CPIC / Lexicomp-style institutional dosing / TDM guidance,https://cpicpgx.org/guidelines/
CALC-1094,pending_formula_or_rule_implementation,"Medication/TDM/pharmacogenomic rows require drug-specific label/guideline rules, target ranges, patient context, and versioning; external sources can supply rules but not one universal formula.",markdown_or_data_table_until_source_complete,,"drug-specific dosing/TDM rules, monitoring conditions, and safety constraints",metadata_self_check_only,external source metadata is present but executable formula/rule still requires audit,drug_rule,临床药理、药物剂量与TDM扩展,胰岛素碳水化合物比估算,Insulin-to-Carbohydrate Ratio Estimate,CPIC / Lexicomp-style institutional dosing / TDM guidance,https://cpicpgx.org/guidelines/
CALC-1095,pending_formula_or_rule_implementation,"Medication/TDM/pharmacogenomic rows require drug-specific label/guideline rules, target ranges, patient context, and versioning; external sources can supply rules but not one universal formula.",markdown_or_data_table_until_source_complete,,"drug-specific dosing/TDM rules, monitoring conditions, and safety constraints",metadata_self_check_only,external source metadata is present but executable formula/rule still requires audit,drug_rule,临床药理、药物剂量与TDM扩展,基础胰岛素起始剂量估算,Basal Insulin Starting Dose Estimate,CPIC / Lexicomp-style institutional dosing / TDM guidance,https://cpicpgx.org/guidelines/
CALC-1096,pending_formula_or_rule_implementation,"Medication/TDM/pharmacogenomic rows require drug-specific label/guideline rules, target ranges, patient context, and versioning; external sources can supply rules but not one universal formula.",markdown_or_data_table_until_source_complete,,"drug-specific dosing/TDM rules, monitoring conditions, and safety constraints",metadata_self_check_only,external source metadata is present but executable formula/rule still requires audit,drug_rule,临床药理、药物剂量与TDM扩展,皮质激素等效剂量换算,Corticosteroid Equivalent Dose Conversion,CPIC / Lexicomp-style institutional dosing / TDM guidance,https://cpicpgx.org/guidelines/
CALC-1097,pending_formula_or_rule_implementation,"Medication/TDM/pharmacogenomic rows require drug-specific label/guideline rules, target ranges, patient context, and versioning; external sources can supply rules but not one universal formula.",markdown_or_data_table_until_source_complete,,"drug-specific dosing/TDM rules, monitoring conditions, and safety constraints",metadata_self_check_only,external source metadata is present but executable formula/rule still requires audit,drug_rule,临床药理、药物剂量与TDM扩展,苯二氮卓等效剂量换算,Benzodiazepine Equivalent Dose Conversion,CPIC / Lexicomp-style institutional dosing / TDM guidance,https://cpicpgx.org/guidelines/
CALC-1098,pending_formula_or_rule_implementation,"Medication/TDM/pharmacogenomic rows require drug-specific label/guideline rules, target ranges, patient context, and versioning; external sources can supply rules but not one universal formula.",markdown_or_data_table_until_source_complete,,"drug-specific dosing/TDM rules, monitoring conditions, and safety constraints",metadata_self_check_only,external source metadata is present but executable formula/rule still requires audit,drug_rule,临床药理、药物剂量与TDM扩展,阿片轮换不完全交叉耐受调整,Opioid Rotation Incomplete Cross-Tolerance Support,CPIC / Lexicomp-style institutional dosing / TDM guidance,https://cpicpgx.org/guidelines/
CALC-1099,pending_formula_or_rule_implementation,"Medication/TDM/pharmacogenomic rows require drug-specific label/guideline rules, target ranges, patient context, and versioning; external sources can supply rules but not one universal formula.",markdown_or_data_table_until_source_complete,,"drug-specific dosing/TDM rules, monitoring conditions, and safety constraints",metadata_self_check_only,external source metadata is present but executable formula/rule still requires audit,drug_rule,临床药理、药物剂量与TDM扩展,儿童对乙酰氨基酚剂量,Pediatric Acetaminophen Dose,CPIC / Lexicomp-style institutional dosing / TDM guidance,https://cpicpgx.org/guidelines/
CALC-1100,pending_formula_or_rule_implementation,"Medication/TDM/pharmacogenomic rows require drug-specific label/guideline rules, target ranges, patient context, and versioning; external sources can supply rules but not one universal formula.",markdown_or_data_table_until_source_complete,,"drug-specific dosing/TDM rules, monitoring conditions, and safety constraints",metadata_self_check_only,external source metadata is present but executable formula/rule still requires audit,drug_rule,临床药理、药物剂量与TDM扩展,儿童布洛芬剂量,Pediatric Ibuprofen Dose,CPIC / Lexicomp-style institutional dosing / TDM guidance,https://cpicpgx.org/guidelines/
CALC-1101,pending_formula_or_rule_implementation,"Medication/TDM/pharmacogenomic rows require drug-specific label/guideline rules, target ranges, patient context, and versioning; external sources can supply rules but not one universal formula.",markdown_or_data_table_until_source_complete,,"drug-specific dosing/TDM rules, monitoring conditions, and safety constraints",metadata_self_check_only,external source metadata is present but executable formula/rule still requires audit,drug_rule,临床药理、药物剂量与TDM扩展,儿童阿莫西林剂量,Pediatric Amoxicillin Dose,CPIC / Lexicomp-style institutional dosing / TDM guidance,https://cpicpgx.org/guidelines/
CALC-1102,pending_formula_or_rule_implementation,"Medication/TDM/pharmacogenomic rows require drug-specific label/guideline rules, target ranges, patient context, and versioning; external sources can supply rules but not one universal formula.",markdown_or_data_table_until_source_complete,,"drug-specific dosing/TDM rules, monitoring conditions, and safety constraints",metadata_self_check_only,external source metadata is present but executable formula/rule still requires audit,drug_rule,临床药理、药物剂量与TDM扩展,儿童肾上腺素过敏反应剂量,Pediatric Epinephrine Anaphylaxis Dose,CPIC / Lexicomp-style institutional dosing / TDM guidance,https://cpicpgx.org/guidelines/
CALC-1103,pending_formula_or_rule_implementation,"Medication/TDM/pharmacogenomic rows require drug-specific label/guideline rules, target ranges, patient context, and versioning; external sources can supply rules but not one universal formula.",markdown_or_data_table_until_source_complete,,"drug-specific dosing/TDM rules, monitoring conditions, and safety constraints",metadata_self_check_only,external source metadata is present but executable formula/rule still requires audit,drug_rule,临床药理、药物剂量与TDM扩展,局麻药最大安全剂量,Maximum Local Anesthetic Dose,CPIC / Lexicomp-style institutional dosing / TDM guidance,https://cpicpgx.org/guidelines/
CALC-1104,pending_formula_or_rule_implementation,"Medication/TDM/pharmacogenomic rows require drug-specific label/guideline rules, target ranges, patient context, and versioning; external sources can supply rules but not one universal formula.",markdown_or_data_table_until_source_complete,,"drug-specific dosing/TDM rules, monitoring conditions, and safety constraints",metadata_self_check_only,external source metadata is present but executable formula/rule still requires audit,drug_rule,临床药理、药物剂量与TDM扩展,脂肪乳抢救剂量,Lipid Emulsion Rescue Dose,CPIC / Lexicomp-style institutional dosing / TDM guidance,https://cpicpgx.org/guidelines/
CALC-1105,pending_formula_or_rule_implementation,"Medication/TDM/pharmacogenomic rows require drug-specific label/guideline rules, target ranges, patient context, and versioning; external sources can supply rules but not one universal formula.",markdown_or_data_table_until_source_complete,,"drug-specific dosing/TDM rules, monitoring conditions, and safety constraints",metadata_self_check_only,external source metadata is present but executable formula/rule still requires audit,drug_rule,临床药理、药物剂量与TDM扩展,镁剂补充剂量提示,Magnesium Replacement Dose Support,CPIC / Lexicomp-style institutional dosing / TDM guidance,https://cpicpgx.org/guidelines/
CALC-1106,pending_formula_or_rule_implementation,"Medication/TDM/pharmacogenomic rows require drug-specific label/guideline rules, target ranges, patient context, and versioning; external sources can supply rules but not one universal formula.",markdown_or_data_table_until_source_complete,,"drug-specific dosing/TDM rules, monitoring conditions, and safety constraints",metadata_self_check_only,external source metadata is present but executable formula/rule still requires audit,drug_rule,临床药理、药物剂量与TDM扩展,钾剂补充剂量提示,Potassium Replacement Dose Support,CPIC / Lexicomp-style institutional dosing / TDM guidance,https://cpicpgx.org/guidelines/
CALC-1107,pending_formula_or_rule_implementation,"Medication/TDM/pharmacogenomic rows require drug-specific label/guideline rules, target ranges, patient context, and versioning; external sources can supply rules but not one universal formula.",markdown_or_data_table_until_source_complete,,"drug-specific dosing/TDM rules, monitoring conditions, and safety constraints",metadata_self_check_only,external source metadata is present but executable formula/rule still requires audit,drug_rule,临床药理、药物剂量与TDM扩展,磷剂补充剂量提示,Phosphate Replacement Dose Support,CPIC / Lexicomp-style institutional dosing / TDM guidance,https://cpicpgx.org/guidelines/
CALC-1108,implemented,formula logic is linked in Python registry,python_executable,clinical_calculators.calculators.common.clinical_pharmacology_more,weight_kg; current_bicarbonate_mEq_l; target_bicarbonate_mEq_l,unit_tests_and_registry_smoke,external source and formula details represented in registry metadata,,临床药理、药物剂量与TDM扩展,碳酸氢钠补碱估算,Sodium Bicarbonate Deficit Estimate,CPIC / Lexicomp-style institutional dosing / TDM guidance,https://cpicpgx.org/guidelines/
CALC-1109,pending_formula_or_rule_implementation,"Public-health screening or vaccine rows are eligibility/interval guidelines; implement as date/risk-factor rules after guideline-specific extraction, not as numeric formulas.",markdown_or_data_table_until_source_complete,,age/risk eligibility logic and versioned recommendation details,metadata_self_check_only,external source metadata is present but executable formula/rule still requires audit,prevention_guideline,公共卫生、预防医学与筛查扩展,糖尿病视网膜病变筛查间隔,Diabetic Retinopathy Screening Interval,USPSTF / CDC / ACIP / specialty society recommendations,https://www.uspreventiveservicestaskforce.org/
CALC-1110,pending_formula_or_rule_implementation,"Public-health screening or vaccine rows are eligibility/interval guidelines; implement as date/risk-factor rules after guideline-specific extraction, not as numeric formulas.",markdown_or_data_table_until_source_complete,,age/risk eligibility logic and versioned recommendation details,metadata_self_check_only,external source metadata is present but executable formula/rule still requires audit,prevention_guideline,公共卫生、预防医学与筛查扩展,糖尿病肾病筛查提醒,Diabetic Kidney Disease Screening Reminder,USPSTF / CDC / ACIP / specialty society recommendations,https://www.uspreventiveservicestaskforce.org/
CALC-1111,pending_formula_or_rule_implementation,"Public-health screening or vaccine rows are eligibility/interval guidelines; implement as date/risk-factor rules after guideline-specific extraction, not as numeric formulas.",markdown_or_data_table_until_source_complete,,age/risk eligibility logic and versioned recommendation details,metadata_self_check_only,external source metadata is present but executable formula/rule still requires audit,prevention_guideline,公共卫生、预防医学与筛查扩展,糖尿病足年度筛查,Diabetic Foot Annual Screening,USPSTF / CDC / ACIP / specialty society recommendations,https://www.uspreventiveservicestaskforce.org/
CALC-1112,pending_formula_or_rule_implementation,"Public-health screening or vaccine rows are eligibility/interval guidelines; implement as date/risk-factor rules after guideline-specific extraction, not as numeric formulas.",markdown_or_data_table_until_source_complete,,age/risk eligibility logic and versioned recommendation details,metadata_self_check_only,external source metadata is present but executable formula/rule still requires audit,prevention_guideline,公共卫生、预防医学与筛查扩展,高血压家庭血压平均值解释,Home Blood Pressure Average Interpretation,USPSTF / CDC / ACIP / specialty society recommendations,https://www.uspreventiveservicestaskforce.org/
CALC-1113,pending_formula_or_rule_implementation,"Public-health screening or vaccine rows are eligibility/interval guidelines; implement as date/risk-factor rules after guideline-specific extraction, not as numeric formulas.",markdown_or_data_table_until_source_complete,,age/risk eligibility logic and versioned recommendation details,metadata_self_check_only,external source metadata is present but executable formula/rule still requires audit,prevention_guideline,公共卫生、预防医学与筛查扩展,儿童血压百分位解释,Pediatric Blood Pressure Percentile Interpretation,USPSTF / CDC / ACIP / specialty society recommendations,https://www.uspreventiveservicestaskforce.org/
CALC-1114,implemented,formula logic is linked in Python registry,python_executable,clinical_calculators.calculators.common.cardiovascular_scores,systolic_bp_mm_hg; diastolic_bp_mm_hg,unit_tests_and_registry_smoke,external source and formula details represented in registry metadata,,公共卫生、预防医学与筛查扩展,成人血压分级,Adult Blood Pressure Category,American Heart Association blood pressure categories,https://www.heart.org/en/health-topics/high-blood-pressure/understanding-blood-pressure-readings
CALC-1115,pending_formula_or_rule_implementation,"Public-health screening or vaccine rows are eligibility/interval guidelines; implement as date/risk-factor rules after guideline-specific extraction, not as numeric formulas.",markdown_or_data_table_until_source_complete,,age/risk eligibility logic and versioned recommendation details,metadata_self_check_only,external source metadata is present but executable formula/rule still requires audit,prevention_guideline,公共卫生、预防医学与筛查扩展,脂质筛查适应证核对,Lipid Screening Eligibility Support,USPSTF / CDC / ACIP / specialty society recommendations,https://www.uspreventiveservicestaskforce.org/
CALC-1116,pending_formula_or_rule_implementation,"Public-health screening or vaccine rows are eligibility/interval guidelines; implement as date/risk-factor rules after guideline-specific extraction, not as numeric formulas.",markdown_or_data_table_until_source_complete,,age/risk eligibility logic and versioned recommendation details,metadata_self_check_only,external source metadata is present but executable formula/rule still requires audit,prevention_guideline,公共卫生、预防医学与筛查扩展,骨质疏松筛查适应证核对,Osteoporosis Screening Eligibility Support,USPSTF / CDC / ACIP / specialty society recommendations,https://www.uspreventiveservicestaskforce.org/
CALC-1117,pending_formula_or_rule_implementation,"Public-health screening or vaccine rows are eligibility/interval guidelines; implement as date/risk-factor rules after guideline-specific extraction, not as numeric formulas.",markdown_or_data_table_until_source_complete,,age/risk eligibility logic and versioned recommendation details,metadata_self_check_only,external source metadata is present but executable formula/rule still requires audit,prevention_guideline,公共卫生、预防医学与筛查扩展,腹主动脉瘤筛查资格,Abdominal Aortic Aneurysm Screening Eligibility,USPSTF / CDC / ACIP / specialty society recommendations,https://www.uspreventiveservicestaskforce.org/
CALC-1118,pending_formula_or_rule_implementation,"Public-health screening or vaccine rows are eligibility/interval guidelines; implement as date/risk-factor rules after guideline-specific extraction, not as numeric formulas.",markdown_or_data_table_until_source_complete,,age/risk eligibility logic and versioned recommendation details,metadata_self_check_only,external source metadata is present but executable formula/rule still requires audit,prevention_guideline,公共卫生、预防医学与筛查扩展,抑郁筛查频率提示,Depression Screening Reminder,USPSTF / CDC / ACIP / specialty society recommendations,https://www.uspreventiveservicestaskforce.org/
CALC-1119,pending_formula_or_rule_implementation,"Public-health screening or vaccine rows are eligibility/interval guidelines; implement as date/risk-factor rules after guideline-specific extraction, not as numeric formulas.",markdown_or_data_table_until_source_complete,,age/risk eligibility logic and versioned recommendation details,metadata_self_check_only,external source metadata is present but executable formula/rule still requires audit,prevention_guideline,公共卫生、预防医学与筛查扩展,围产期抑郁筛查,Perinatal Depression Screening Support,USPSTF / CDC / ACIP / specialty society recommendations,https://www.uspreventiveservicestaskforce.org/
CALC-1120,pending_formula_or_rule_implementation,"Public-health screening or vaccine rows are eligibility/interval guidelines; implement as date/risk-factor rules after guideline-specific extraction, not as numeric formulas.",markdown_or_data_table_until_source_complete,,age/risk eligibility logic and versioned recommendation details,metadata_self_check_only,external source metadata is present but executable formula/rule still requires audit,prevention_guideline,公共卫生、预防医学与筛查扩展,亲密伴侣暴力筛查,Intimate Partner Violence Screening Support,USPSTF / CDC / ACIP / specialty society recommendations,https://www.uspreventiveservicestaskforce.org/
CALC-1121,pending_formula_or_rule_implementation,"Public-health screening or vaccine rows are eligibility/interval guidelines; implement as date/risk-factor rules after guideline-specific extraction, not as numeric formulas.",markdown_or_data_table_until_source_complete,,age/risk eligibility logic and versioned recommendation details,metadata_self_check_only,external source metadata is present but executable formula/rule still requires audit,prevention_guideline,公共卫生、预防医学与筛查扩展,HIV筛查资格核对,HIV Screening Eligibility Support,USPSTF / CDC / ACIP / specialty society recommendations,https://www.uspreventiveservicestaskforce.org/
CALC-1122,pending_formula_or_rule_implementation,"Public-health screening or vaccine rows are eligibility/interval guidelines; implement as date/risk-factor rules after guideline-specific extraction, not as numeric formulas.",markdown_or_data_table_until_source_complete,,age/risk eligibility logic and versioned recommendation details,metadata_self_check_only,external source metadata is present but executable formula/rule still requires audit,prevention_guideline,公共卫生、预防医学与筛查扩展,HCV筛查资格核对,HCV Screening Eligibility Support,USPSTF / CDC / ACIP / specialty society recommendations,https://www.uspreventiveservicestaskforce.org/
CALC-1123,pending_formula_or_rule_implementation,"Public-health screening or vaccine rows are eligibility/interval guidelines; implement as date/risk-factor rules after guideline-specific extraction, not as numeric formulas.",markdown_or_data_table_until_source_complete,,age/risk eligibility logic and versioned recommendation details,metadata_self_check_only,external source metadata is present but executable formula/rule still requires audit,prevention_guideline,公共卫生、预防医学与筛查扩展,HBV筛查资格核对,HBV Screening Eligibility Support,USPSTF / CDC / ACIP / specialty society recommendations,https://www.uspreventiveservicestaskforce.org/
CALC-1124,pending_formula_or_rule_implementation,"Public-health screening or vaccine rows are eligibility/interval guidelines; implement as date/risk-factor rules after guideline-specific extraction, not as numeric formulas.",markdown_or_data_table_until_source_complete,,age/risk eligibility logic and versioned recommendation details,metadata_self_check_only,external source metadata is present but executable formula/rule still requires audit,prevention_guideline,公共卫生、预防医学与筛查扩展,潜伏结核筛查资格核对,Latent TB Screening Eligibility Support,USPSTF / CDC / ACIP / specialty society recommendations,https://www.uspreventiveservicestaskforce.org/
CALC-1125,pending_formula_or_rule_implementation,"Public-health screening or vaccine rows are eligibility/interval guidelines; implement as date/risk-factor rules after guideline-specific extraction, not as numeric formulas.",markdown_or_data_table_until_source_complete,,age/risk eligibility logic and versioned recommendation details,metadata_self_check_only,external source metadata is present but executable formula/rule still requires audit,prevention_guideline,公共卫生、预防医学与筛查扩展,宫颈癌筛查间隔,Cervical Cancer Screening Interval,USPSTF / CDC / ACIP / specialty society recommendations,https://www.uspreventiveservicestaskforce.org/
CALC-1126,pending_formula_or_rule_implementation,"Public-health screening or vaccine rows are eligibility/interval guidelines; implement as date/risk-factor rules after guideline-specific extraction, not as numeric formulas.",markdown_or_data_table_until_source_complete,,age/risk eligibility logic and versioned recommendation details,metadata_self_check_only,external source metadata is present but executable formula/rule still requires audit,prevention_guideline,公共卫生、预防医学与筛查扩展,结直肠癌筛查间隔,Colorectal Cancer Screening Interval,USPSTF / CDC / ACIP / specialty society recommendations,https://www.uspreventiveservicestaskforce.org/
CALC-1127,pending_formula_or_rule_implementation,"Public-health screening or vaccine rows are eligibility/interval guidelines; implement as date/risk-factor rules after guideline-specific extraction, not as numeric formulas.",markdown_or_data_table_until_source_complete,,age/risk eligibility logic and versioned recommendation details,metadata_self_check_only,external source metadata is present but executable formula/rule still requires audit,prevention_guideline,公共卫生、预防医学与筛查扩展,肺癌低剂量CT筛查资格,Lung Cancer LDCT Screening Eligibility,USPSTF / CDC / ACIP / specialty society recommendations,https://www.uspreventiveservicestaskforce.org/
CALC-1128,pending_formula_or_rule_implementation,"Public-health screening or vaccine rows are eligibility/interval guidelines; implement as date/risk-factor rules after guideline-specific extraction, not as numeric formulas.",markdown_or_data_table_until_source_complete,,age/risk eligibility logic and versioned recommendation details,metadata_self_check_only,external source metadata is present but executable formula/rule still requires audit,prevention_guideline,公共卫生、预防医学与筛查扩展,乳腺癌筛查间隔,Breast Cancer Screening Interval,USPSTF / CDC / ACIP / specialty society recommendations,https://www.uspreventiveservicestaskforce.org/
CALC-1129,pending_formula_or_rule_implementation,"Public-health screening or vaccine rows are eligibility/interval guidelines; implement as date/risk-factor rules after guideline-specific extraction, not as numeric formulas.",markdown_or_data_table_until_source_complete,,age/risk eligibility logic and versioned recommendation details,metadata_self_check_only,external source metadata is present but executable formula/rule still requires audit,prevention_guideline,公共卫生、预防医学与筛查扩展,前列腺癌筛查讨论资格,Prostate Cancer Screening Discussion Support,USPSTF / CDC / ACIP / specialty society recommendations,https://www.uspreventiveservicestaskforce.org/
CALC-1130,pending_formula_or_rule_implementation,"Public-health screening or vaccine rows are eligibility/interval guidelines; implement as date/risk-factor rules after guideline-specific extraction, not as numeric formulas.",markdown_or_data_table_until_source_complete,,age/risk eligibility logic and versioned recommendation details,metadata_self_check_only,external source metadata is present but executable formula/rule still requires audit,prevention_guideline,公共卫生、预防医学与筛查扩展,新生儿筛查项目核对,Newborn Screening Panel Support,USPSTF / CDC / ACIP / specialty society recommendations,https://www.uspreventiveservicestaskforce.org/
CALC-1131,pending_formula_or_rule_implementation,"Public-health screening or vaccine rows are eligibility/interval guidelines; implement as date/risk-factor rules after guideline-specific extraction, not as numeric formulas.",markdown_or_data_table_until_source_complete,,age/risk eligibility logic and versioned recommendation details,metadata_self_check_only,external source metadata is present but executable formula/rule still requires audit,prevention_guideline,公共卫生、预防医学与筛查扩展,儿童孤独症筛查时间点,Autism Screening Timing Support,USPSTF / CDC / ACIP / specialty society recommendations,https://www.uspreventiveservicestaskforce.org/
CALC-1132,pending_formula_or_rule_implementation,"Public-health screening or vaccine rows are eligibility/interval guidelines; implement as date/risk-factor rules after guideline-specific extraction, not as numeric formulas.",markdown_or_data_table_until_source_complete,,age/risk eligibility logic and versioned recommendation details,metadata_self_check_only,external source metadata is present but executable formula/rule still requires audit,prevention_guideline,公共卫生、预防医学与筛查扩展,儿童发育筛查时间点,Developmental Screening Timing Support,USPSTF / CDC / ACIP / specialty society recommendations,https://www.uspreventiveservicestaskforce.org/
CALC-1133,pending_formula_or_rule_implementation,"Public-health screening or vaccine rows are eligibility/interval guidelines; implement as date/risk-factor rules after guideline-specific extraction, not as numeric formulas.",markdown_or_data_table_until_source_complete,,age/risk eligibility logic and versioned recommendation details,metadata_self_check_only,external source metadata is present but executable formula/rule still requires audit,prevention_guideline,公共卫生、预防医学与筛查扩展,跌倒风险年度筛查,Annual Fall Risk Screening,USPSTF / CDC / ACIP / specialty society recommendations,https://www.uspreventiveservicestaskforce.org/
CALC-1134,pending_formula_or_rule_implementation,"Public-health screening or vaccine rows are eligibility/interval guidelines; implement as date/risk-factor rules after guideline-specific extraction, not as numeric formulas.",markdown_or_data_table_until_source_complete,,age/risk eligibility logic and versioned recommendation details,metadata_self_check_only,external source metadata is present but executable formula/rule still requires audit,prevention_guideline,公共卫生、预防医学与筛查扩展,用药多重用药风险筛查,Polypharmacy Risk Screening,USPSTF / CDC / ACIP / specialty society recommendations,https://www.uspreventiveservicestaskforce.org/
CALC-1135,pending_formula_or_rule_implementation,"Public-health screening or vaccine rows are eligibility/interval guidelines; implement as date/risk-factor rules after guideline-specific extraction, not as numeric formulas.",markdown_or_data_table_until_source_complete,,age/risk eligibility logic and versioned recommendation details,metadata_self_check_only,external source metadata is present but executable formula/rule still requires audit,prevention_guideline,公共卫生、预防医学与筛查扩展,老年驾驶风险筛查,Older Driver Risk Screening,USPSTF / CDC / ACIP / specialty society recommendations,https://www.uspreventiveservicestaskforce.org/
CALC-1136,pending_formula_or_rule_implementation,"Public-health screening or vaccine rows are eligibility/interval guidelines; implement as date/risk-factor rules after guideline-specific extraction, not as numeric formulas.",markdown_or_data_table_until_source_complete,,age/risk eligibility logic and versioned recommendation details,metadata_self_check_only,external source metadata is present but executable formula/rule still requires audit,prevention_guideline,公共卫生、预防医学与筛查扩展,疫苗禁忌和注意事项核对,Vaccine Contraindication Precaution Support,USPSTF / CDC / ACIP / specialty society recommendations,https://www.uspreventiveservicestaskforce.org/
CALC-1137,pending_formula_or_rule_implementation,"Public-health screening or vaccine rows are eligibility/interval guidelines; implement as date/risk-factor rules after guideline-specific extraction, not as numeric formulas.",markdown_or_data_table_until_source_complete,,age/risk eligibility logic and versioned recommendation details,metadata_self_check_only,external source metadata is present but executable formula/rule still requires audit,prevention_guideline,公共卫生、预防医学与筛查扩展,妊娠疫苗建议核对,Pregnancy Immunization Support,USPSTF / CDC / ACIP / specialty society recommendations,https://www.uspreventiveservicestaskforce.org/
CALC-1138,pending_formula_or_rule_implementation,"Public-health screening or vaccine rows are eligibility/interval guidelines; implement as date/risk-factor rules after guideline-specific extraction, not as numeric formulas.",markdown_or_data_table_until_source_complete,,age/risk eligibility logic and versioned recommendation details,metadata_self_check_only,external source metadata is present but executable formula/rule still requires audit,prevention_guideline,公共卫生、预防医学与筛查扩展,旅行疫苗建议核对,Travel Vaccine Recommendation Support,USPSTF / CDC / ACIP / specialty society recommendations,https://www.uspreventiveservicestaskforce.org/
